format,file,rows,blank_symbol_rows,blank_isin_rows,nonblank_isin_rows,distinct_nonblank_isin,isins_extra_duplicate_rows,distinct_nonblank_symbol,distinct_symbol_series_pairs,symbol_series_duplicate_rows,is_d02_target,requested_date,selection,d01_isin_count,d01_symbol_count,d01_isin_eq_distinct_nonblank,d01_isin_eq_nonblank_rows,d01_sym_eq_distinct_nonblank,d01_sym_eq_rows,discriminating_file
LEGACY,cm20SEP2016bhav.csv.zip,1692,0,0,1692,1690,2,1601,1692,0,True,2016-09-20,exact,1690,1601,True,False,True,False,True
LEGACY,cm21SEP2016bhav.csv.zip,1706,0,0,1706,1706,0,1616,1706,0,False,,,1706,1616,True,True,True,False,False
LEGACY,cm22SEP2016bhav.csv.zip,1702,0,0,1702,1702,0,1613,1702,0,False,,,1702,1613,True,True,True,False,False
LEGACY,cm23SEP2016bhav.csv.zip,1694,0,0,1694,1694,0,1612,1694,0,False,,,1694,1612,True,True,True,False,False
LEGACY,cm26SEP2016bhav.csv.zip,1684,0,0,1684,1682,2,1602,1684,0,False,,,1682,1602,True,False,True,False,True
LEGACY,cm27SEP2016bhav.csv.zip,1693,0,0,1693,1693,0,1616,1693,0,False,,,1693,1616,True,True,True,False,False
LEGACY,cm28SEP2016bhav.csv.zip,1700,0,0,1700,1699,1,1616,1700,0,False,,,1699,1616,True,False,True,False,True
LEGACY,cm29SEP2016bhav.csv.zip,1705,0,0,1705,1705,0,1615,1705,0,False,,,1705,1615,True,True,True,False,False
LEGACY,cm30SEP2016bhav.csv.zip,1683,0,0,1683,1681,2,1605,1683,0,False,,,1681,1605,True,False,True,False,True
LEGACY,cm03OCT2016bhav.csv.zip,1708,0,0,1708,1708,0,1612,1708,0,False,,,1708,1612,True,True,True,False,False
LEGACY,cm04OCT2016bhav.csv.zip,1695,0,0,1695,1695,0,1611,1695,0,False,,,1695,1611,True,True,True,False,False
LEGACY,cm05OCT2016bhav.csv.zip,1698,0,0,1698,1698,0,1616,1698,0,False,,,1698,1616,True,True,True,False,False
LEGACY,cm06OCT2016bhav.csv.zip,1701,0,0,1701,1700,1,1618,1701,0,False,,,1700,1618,True,False,True,False,True
LEGACY,cm07OCT2016bhav.csv.zip,1697,0,0,1697,1696,1,1613,1697,0,False,,,1696,1613,True,False,True,False,True
LEGACY,cm10OCT2016bhav.csv.zip,1699,0,0,1699,1699,0,1616,1699,0,False,,,1699,1616,True,True,True,False,False
LEGACY,cm13OCT2016bhav.csv.zip,1697,0,0,1697,1696,1,1618,1697,0,False,,,1696,1618,True,False,True,False,True
LEGACY,cm14OCT2016bhav.csv.zip,1694,0,0,1694,1693,1,1608,1694,0,False,,,1693,1608,True,False,True,False,True
LEGACY,cm17OCT2016bhav.csv.zip,1728,0,0,1728,1727,1,1634,1728,0,False,,,1727,1634,True,False,True,False,True
LEGACY,cm18OCT2016bhav.csv.zip,1714,0,0,1714,1714,0,1621,1714,0,False,,,1714,1621,True,True,True,False,False
LEGACY,cm19OCT2016bhav.csv.zip,1725,0,0,1725,1725,0,1633,1725,0,False,,,1725,1633,True,True,True,False,False
LEGACY,cm20OCT2016bhav.csv.zip,1718,0,0,1718,1718,0,1633,1718,0,False,,,1718,1633,True,True,True,False,False
LEGACY,cm21OCT2016bhav.csv.zip,1718,0,0,1718,1716,2,1624,1718,0,False,,,1716,1624,True,False,True,False,True
LEGACY,cm24OCT2016bhav.csv.zip,1713,0,0,1713,1713,0,1629,1713,0,False,,,1713,1629,True,True,True,False,False
LEGACY,cm25OCT2016bhav.csv.zip,1704,0,0,1704,1704,0,1621,1704,0,False,,,1704,1621,True,True,True,False,False
LEGACY,cm26OCT2016bhav.csv.zip,1709,0,0,1709,1708,1,1628,1709,0,False,,,1708,1628,True,False,True,False,True
LEGACY,cm27OCT2016bhav.csv.zip,1690,0,0,1690,1689,1,1616,1690,0,False,,,1689,1616,True,False,True,False,True
LEGACY,cm28OCT2016bhav.csv.zip,1708,0,0,1708,1708,0,1628,1708,0,False,,,1708,1628,True,True,True,False,False
LEGACY,cm02NOV2016bhav.csv.zip,1702,0,0,1702,1702,0,1611,1702,0,False,,,1702,1611,True,True,True,False,False
LEGACY,cm03NOV2016bhav.csv.zip,1710,0,0,1710,1710,0,1620,1710,0,False,,,1710,1620,True,True,True,False,False
LEGACY,cm04NOV2016bhav.csv.zip,1700,0,0,1700,1699,1,1610,1700,0,False,,,1699,1610,True,False,True,False,True
LEGACY,cm07NOV2016bhav.csv.zip,1704,0,0,1704,1704,0,1615,1704,0,False,,,1704,1615,True,True,True,False,False
LEGACY,cm08NOV2016bhav.csv.zip,1692,0,0,1692,1692,0,1610,1692,0,False,,,1692,1610,True,True,True,False,False
LEGACY,cm09NOV2016bhav.csv.zip,1682,0,0,1682,1682,0,1603,1682,0,False,,,1682,1603,True,True,True,False,False
LEGACY,cm10NOV2016bhav.csv.zip,1688,0,0,1688,1688,0,1614,1688,0,False,,,1688,1614,True,True,True,False,False
LEGACY,cm11NOV2016bhav.csv.zip,1683,0,0,1683,1682,1,1603,1683,0,False,,,1682,1603,True,False,True,False,True
LEGACY,cm15NOV2016bhav.csv.zip,1714,0,0,1714,1713,1,1616,1714,0,False,,,1713,1616,True,False,True,False,True
LEGACY,cm16NOV2016bhav.csv.zip,1681,0,0,1681,1680,1,1598,1681,0,False,,,1680,1598,True,False,True,False,True
LEGACY,cm17NOV2016bhav.csv.zip,1680,0,0,1680,1680,0,1595,1680,0,False,,,1680,1595,True,True,True,False,False
LEGACY,cm18NOV2016bhav.csv.zip,1671,0,0,1671,1671,0,1588,1671,0,False,,,1671,1588,True,True,True,False,False
LEGACY,cm21NOV2016bhav.csv.zip,1708,0,0,1708,1708,0,1607,1708,0,False,,,1708,1607,True,True,True,False,False
LEGACY,cm22NOV2016bhav.csv.zip,1688,0,0,1688,1688,0,1598,1688,0,False,,,1688,1598,True,True,True,False,False
LEGACY,cm23NOV2016bhav.csv.zip,1674,0,0,1674,1674,0,1593,1674,0,False,,,1674,1593,True,True,True,False,False
LEGACY,cm24NOV2016bhav.csv.zip,1665,0,0,1665,1665,0,1590,1665,0,False,,,1665,1590,True,True,True,False,False
LEGACY,cm25NOV2016bhav.csv.zip,1691,0,0,1691,1690,1,1598,1691,0,False,,,1690,1598,True,False,True,False,True
LEGACY,cm28NOV2016bhav.csv.zip,1692,0,0,1692,1692,0,1609,1692,0,False,,,1692,1609,True,True,True,False,False
LEGACY,cm29NOV2016bhav.csv.zip,1678,0,0,1678,1677,1,1595,1678,0,False,,,1677,1595,True,False,True,False,True
LEGACY,cm30NOV2016bhav.csv.zip,1660,0,0,1660,1659,1,1593,1660,0,False,,,1659,1593,True,False,True,False,True
LEGACY,cm01DEC2016bhav.csv.zip,1669,0,0,1669,1669,0,1590,1669,0,False,,,1669,1590,True,True,True,False,False
LEGACY,cm02DEC2016bhav.csv.zip,1680,0,0,1680,1679,1,1591,1680,0,False,,,1679,1591,True,False,True,False,True
LEGACY,cm05DEC2016bhav.csv.zip,1690,0,0,1690,1690,0,1599,1690,0,False,,,1690,1599,True,True,True,False,False
LEGACY,cm06DEC2016bhav.csv.zip,1694,0,0,1694,1691,3,1602,1694,0,False,,,1691,1602,True,False,True,False,True
LEGACY,cm07DEC2016bhav.csv.zip,1679,0,0,1679,1678,1,1600,1679,0,False,,,1678,1600,True,False,True,False,True
LEGACY,cm08DEC2016bhav.csv.zip,1681,0,0,1681,1681,0,1600,1681,0,False,,,1681,1600,True,True,True,False,False
LEGACY,cm09DEC2016bhav.csv.zip,1703,0,0,1703,1702,1,1613,1703,0,False,,,1702,1613,True,False,True,False,True
LEGACY,cm12DEC2016bhav.csv.zip,1663,0,0,1663,1662,1,1599,1663,0,False,,,1662,1599,True,False,True,False,True
LEGACY,cm13DEC2016bhav.csv.zip,1692,0,0,1692,1691,1,1612,1692,0,False,,,1691,1612,True,False,True,False,True
LEGACY,cm14DEC2016bhav.csv.zip,1673,0,0,1673,1672,1,1604,1673,0,False,,,1672,1604,True,False,True,False,True
LEGACY,cm15DEC2016bhav.csv.zip,1674,0,0,1674,1673,1,1598,1674,0,False,,,1673,1598,True,False,True,False,True
LEGACY,cm16DEC2016bhav.csv.zip,1671,0,0,1671,1671,0,1597,1671,0,False,,,1671,1597,True,True,True,False,False
LEGACY,cm19DEC2016bhav.csv.zip,1690,0,0,1690,1690,0,1606,1690,0,False,,,1690,1606,True,True,True,False,False
LEGACY,cm20DEC2016bhav.csv.zip,1685,0,0,1685,1684,1,1608,1685,0,False,,,1684,1608,True,False,True,False,True
LEGACY,cm21DEC2016bhav.csv.zip,1676,0,0,1676,1675,1,1600,1676,0,False,,,1675,1600,True,False,True,False,True
LEGACY,cm22DEC2016bhav.csv.zip,1677,0,0,1677,1676,1,1597,1677,0,False,,,1676,1597,True,False,True,False,True
LEGACY,cm23DEC2016bhav.csv.zip,1688,0,0,1688,1687,1,1610,1688,0,False,,,1687,1610,True,False,True,False,True
LEGACY,cm26DEC2016bhav.csv.zip,1694,0,0,1694,1693,1,1610,1694,0,False,,,1693,1610,True,False,True,False,True
LEGACY,cm27DEC2016bhav.csv.zip,1682,0,0,1682,1682,0,1596,1682,0,False,,,1682,1596,True,True,True,False,False
LEGACY,cm28DEC2016bhav.csv.zip,1672,0,0,1672,1672,0,1599,1672,0,False,,,1672,1599,True,True,True,False,False
LEGACY,cm29DEC2016bhav.csv.zip,1671,0,0,1671,1670,1,1593,1671,0,False,,,1670,1593,True,False,True,False,True
LEGACY,cm30DEC2016bhav.csv.zip,1681,0,0,1681,1681,0,1614,1681,0,False,,,1681,1614,True,True,True,False,False
LEGACY,cm02JAN2017bhav.csv.zip,1692,0,0,1692,1692,0,1612,1692,0,False,,,1692,1612,True,True,True,False,False
LEGACY,cm03JAN2017bhav.csv.zip,1700,0,0,1700,1700,0,1619,1700,0,False,,,1700,1619,True,True,True,False,False
LEGACY,cm04JAN2017bhav.csv.zip,1684,0,0,1684,1684,0,1601,1684,0,False,,,1684,1601,True,True,True,False,False
LEGACY,cm05JAN2017bhav.csv.zip,1703,0,0,1703,1701,2,1608,1703,0,False,,,1701,1608,True,False,True,False,True
LEGACY,cm06JAN2017bhav.csv.zip,1689,0,0,1689,1687,2,1606,1689,0,False,,,1687,1606,True,False,True,False,True
LEGACY,cm09JAN2017bhav.csv.zip,1715,0,0,1715,1715,0,1629,1715,0,False,,,1715,1629,True,True,True,False,False
LEGACY,cm10JAN2017bhav.csv.zip,1698,0,0,1698,1697,1,1609,1698,0,False,,,1697,1609,True,False,True,False,True
LEGACY,cm11JAN2017bhav.csv.zip,1713,0,0,1713,1712,1,1622,1713,0,False,,,1712,1622,True,False,True,False,True
LEGACY,cm12JAN2017bhav.csv.zip,1718,0,0,1718,1716,2,1625,1718,0,False,,,1716,1625,True,False,True,False,True
LEGACY,cm13JAN2017bhav.csv.zip,1699,0,0,1699,1698,1,1616,1699,0,False,,,1698,1616,True,False,True,False,True
LEGACY,cm16JAN2017bhav.csv.zip,1726,0,0,1726,1725,1,1640,1726,0,False,,,1725,1640,True,False,True,False,True
LEGACY,cm17JAN2017bhav.csv.zip,1721,0,0,1721,1719,2,1631,1721,0,False,,,1719,1631,True,False,True,False,True
LEGACY,cm18JAN2017bhav.csv.zip,1706,0,0,1706,1705,1,1622,1706,0,False,,,1705,1622,True,False,True,False,True
LEGACY,cm19JAN2017bhav.csv.zip,1707,0,0,1707,1707,0,1627,1707,0,False,,,1707,1627,True,True,True,False,False
LEGACY,cm20JAN2017bhav.csv.zip,1709,0,0,1709,1709,0,1620,1709,0,False,,,1709,1620,True,True,True,False,False
LEGACY,cm23JAN2017bhav.csv.zip,1725,0,0,1725,1725,0,1636,1725,0,False,,,1725,1636,True,True,True,False,False
LEGACY,cm24JAN2017bhav.csv.zip,1706,0,0,1706,1704,2,1623,1706,0,False,,,1704,1623,True,False,True,False,True
LEGACY,cm25JAN2017bhav.csv.zip,1712,0,0,1712,1709,3,1627,1712,0,False,,,1709,1627,True,False,True,False,True
LEGACY,cm27JAN2017bhav.csv.zip,1722,0,0,1722,1722,0,1643,1722,0,False,,,1722,1643,True,True,True,False,False
LEGACY,cm30JAN2017bhav.csv.zip,1736,0,0,1736,1736,0,1650,1736,0,False,,,1736,1650,True,True,True,False,False
LEGACY,cm31JAN2017bhav.csv.zip,1715,0,0,1715,1715,0,1632,1715,0,False,,,1715,1632,True,True,True,False,False
LEGACY,cm01FEB2017bhav.csv.zip,1704,0,0,1704,1704,0,1622,1704,0,False,,,1704,1622,True,True,True,False,False
LEGACY,cm02FEB2017bhav.csv.zip,1712,0,0,1712,1712,0,1625,1712,0,False,,,1712,1625,True,True,True,False,False
LEGACY,cm03FEB2017bhav.csv.zip,1710,0,0,1710,1709,1,1626,1710,0,False,,,1709,1626,True,False,True,False,True
LEGACY,cm06FEB2017bhav.csv.zip,1739,0,0,1739,1738,1,1648,1739,0,False,,,1738,1648,True,False,True,False,True
LEGACY,cm07FEB2017bhav.csv.zip,1730,0,0,1730,1728,2,1642,1730,0,False,,,1728,1642,True,False,True,False,True
LEGACY,cm08FEB2017bhav.csv.zip,1712,0,0,1712,1712,0,1632,1712,0,False,,,1712,1632,True,True,True,False,False
LEGACY,cm09FEB2017bhav.csv.zip,1729,0,0,1729,1728,1,1638,1729,0,False,,,1728,1638,True,False,True,False,True
LEGACY,cm10FEB2017bhav.csv.zip,1733,0,0,1733,1733,0,1642,1733,0,False,,,1733,1642,True,True,True,False,False
LEGACY,cm13FEB2017bhav.csv.zip,1737,0,0,1737,1737,0,1650,1737,0,False,,,1737,1650,True,True,True,False,False
LEGACY,cm14FEB2017bhav.csv.zip,1724,0,0,1724,1723,1,1634,1724,0,False,,,1723,1634,True,False,True,False,True
LEGACY,cm15FEB2017bhav.csv.zip,1722,0,0,1722,1722,0,1629,1722,0,False,,,1722,1629,True,True,True,False,False
LEGACY,cm16FEB2017bhav.csv.zip,1716,0,0,1716,1714,2,1633,1716,0,False,,,1714,1633,True,False,True,False,True
LEGACY,cm17FEB2017bhav.csv.zip,1715,0,0,1715,1714,1,1632,1715,0,False,,,1714,1632,True,False,True,False,True
LEGACY,cm20FEB2017bhav.csv.zip,1726,0,0,1726,1724,2,1638,1726,0,False,,,1724,1638,True,False,True,False,True
LEGACY,cm21FEB2017bhav.csv.zip,1707,0,0,1707,1707,0,1626,1707,0,False,,,1707,1626,True,True,True,False,False
LEGACY,cm22FEB2017bhav.csv.zip,1713,0,0,1713,1712,1,1628,1713,0,False,,,1712,1628,True,False,True,False,True
LEGACY,cm23FEB2017bhav.csv.zip,1714,0,0,1714,1711,3,1628,1714,0,False,,,1711,1628,True,False,True,False,True
LEGACY,cm27FEB2017bhav.csv.zip,1747,0,0,1747,1746,1,1649,1747,0,False,,,1746,1649,True,False,True,False,True
LEGACY,cm28FEB2017bhav.csv.zip,1727,0,0,1727,1724,3,1634,1727,0,False,,,1724,1634,True,False,True,False,True
LEGACY,cm01MAR2017bhav.csv.zip,1734,0,0,1734,1734,0,1647,1734,0,False,,,1734,1647,True,True,True,False,False
LEGACY,cm02MAR2017bhav.csv.zip,1731,0,0,1731,1731,0,1637,1731,0,False,,,1731,1637,True,True,True,False,False
LEGACY,cm03MAR2017bhav.csv.zip,1729,0,0,1729,1728,1,1642,1729,0,False,,,1728,1642,True,False,True,False,True
LEGACY,cm06MAR2017bhav.csv.zip,1755,0,0,1755,1755,0,1651,1755,0,False,,,1755,1651,True,True,True,False,False
LEGACY,cm07MAR2017bhav.csv.zip,1731,0,0,1731,1731,0,1638,1731,0,False,,,1731,1638,True,True,True,False,False
LEGACY,cm08MAR2017bhav.csv.zip,1725,0,0,1725,1723,2,1636,1725,0,False,,,1723,1636,True,False,True,False,True
LEGACY,cm09MAR2017bhav.csv.zip,1729,0,0,1729,1726,3,1637,1729,0,False,,,1726,1637,True,False,True,False,True
LEGACY,cm10MAR2017bhav.csv.zip,1726,0,0,1726,1725,1,1642,1726,0,False,,,1725,1642,True,False,True,False,True
LEGACY,cm14MAR2017bhav.csv.zip,1756,0,0,1756,1755,1,1656,1756,0,False,,,1755,1656,True,False,True,False,True
LEGACY,cm15MAR2017bhav.csv.zip,1747,0,0,1747,1744,3,1642,1747,0,False,,,1744,1642,True,False,True,False,True
LEGACY,cm16MAR2017bhav.csv.zip,1746,0,0,1746,1745,1,1644,1746,0,False,,,1745,1644,True,False,True,False,True
LEGACY,cm17MAR2017bhav.csv.zip,1751,0,0,1751,1748,3,1642,1751,0,False,,,1748,1642,True,False,True,False,True
LEGACY,cm20MAR2017bhav.csv.zip,1757,0,0,1757,1755,2,1651,1757,0,False,,,1755,1651,True,False,True,False,True
LEGACY,cm21MAR2017bhav.csv.zip,1744,0,0,1744,1741,3,1644,1744,0,False,,,1741,1644,True,False,True,False,True
LEGACY,cm22MAR2017bhav.csv.zip,1746,0,0,1746,1742,4,1641,1746,0,False,,,1742,1641,True,False,True,False,True
LEGACY,cm23MAR2017bhav.csv.zip,1739,0,0,1739,1734,5,1639,1739,0,False,,,1734,1639,True,False,True,False,True
LEGACY,cm24MAR2017bhav.csv.zip,1732,0,0,1732,1723,9,1631,1732,0,False,,,1723,1631,True,False,True,False,True
LEGACY,cm27MAR2017bhav.csv.zip,1759,0,0,1759,1748,11,1651,1759,0,False,,,1748,1651,True,False,True,False,True
LEGACY,cm28MAR2017bhav.csv.zip,1745,0,0,1745,1729,16,1639,1745,0,False,,,1729,1639,True,False,True,False,True
LEGACY,cm29MAR2017bhav.csv.zip,1764,0,0,1764,1745,19,1646,1764,0,False,,,1745,1646,True,False,True,False,True
LEGACY,cm30MAR2017bhav.csv.zip,1719,0,0,1719,1706,13,1633,1719,0,False,,,1706,1633,True,False,True,False,True
LEGACY,cm31MAR2017bhav.csv.zip,1737,0,0,1737,1729,8,1643,1737,0,False,,,1729,1643,True,False,True,False,True
LEGACY,cm03APR2017bhav.csv.zip,1763,0,0,1763,1762,1,1648,1763,0,False,,,1762,1648,True,False,True,False,True
LEGACY,cm05APR2017bhav.csv.zip,1766,0,0,1766,1765,1,1650,1766,0,False,,,1765,1650,True,False,True,False,True
LEGACY,cm06APR2017bhav.csv.zip,1750,0,0,1750,1750,0,1652,1750,0,False,,,1750,1652,True,True,True,False,False
LEGACY,cm07APR2017bhav.csv.zip,1771,0,0,1771,1771,0,1654,1771,0,False,,,1771,1654,True,True,True,False,False
LEGACY,cm10APR2017bhav.csv.zip,1774,0,0,1774,1774,0,1671,1774,0,False,,,1774,1671,True,True,True,False,False
LEGACY,cm11APR2017bhav.csv.zip,1762,0,0,1762,1762,0,1655,1762,0,False,,,1762,1655,True,True,True,False,False
LEGACY,cm12APR2017bhav.csv.zip,1738,0,0,1738,1736,2,1641,1738,0,False,,,1736,1641,True,False,True,False,True
LEGACY,cm13APR2017bhav.csv.zip,1747,0,0,1747,1745,2,1649,1747,0,False,,,1745,1649,True,False,True,False,True
LEGACY,cm17APR2017bhav.csv.zip,1796,0,0,1796,1796,0,1673,1796,0,False,,,1796,1673,True,True,True,False,False
LEGACY,cm18APR2017bhav.csv.zip,1776,0,0,1776,1775,1,1663,1776,0,False,,,1775,1663,True,False,True,False,True
LEGACY,cm19APR2017bhav.csv.zip,1760,0,0,1760,1760,0,1652,1760,0,False,,,1760,1652,True,True,True,False,False
LEGACY,cm20APR2017bhav.csv.zip,1747,0,0,1747,1747,0,1657,1747,0,False,,,1747,1657,True,True,True,False,False
LEGACY,cm21APR2017bhav.csv.zip,1775,0,0,1775,1775,0,1670,1775,0,False,,,1775,1670,True,True,True,False,False
LEGACY,cm24APR2017bhav.csv.zip,1780,0,0,1780,1779,1,1671,1780,0,False,,,1779,1671,True,False,True,False,True
LEGACY,cm25APR2017bhav.csv.zip,1773,0,0,1773,1773,0,1667,1773,0,False,,,1773,1667,True,True,True,False,False
LEGACY,cm26APR2017bhav.csv.zip,1768,0,0,1768,1767,1,1663,1768,0,False,,,1767,1663,True,False,True,False,True
LEGACY,cm27APR2017bhav.csv.zip,1756,0,0,1756,1756,0,1662,1756,0,False,,,1756,1662,True,True,True,False,False
LEGACY,cm28APR2017bhav.csv.zip,1750,0,0,1750,1750,0,1656,1750,0,False,,,1750,1656,True,True,True,False,False
LEGACY,cm02MAY2017bhav.csv.zip,1793,0,0,1793,1792,1,1679,1793,0,False,,,1792,1679,True,False,True,False,True
LEGACY,cm03MAY2017bhav.csv.zip,1769,0,0,1769,1769,0,1663,1769,0,False,,,1769,1663,True,True,True,False,False
LEGACY,cm04MAY2017bhav.csv.zip,1766,0,0,1766,1765,1,1658,1766,0,False,,,1765,1658,True,False,True,False,True
LEGACY,cm05MAY2017bhav.csv.zip,1763,0,0,1763,1763,0,1658,1763,0,False,,,1763,1658,True,True,True,False,False
LEGACY,cm08MAY2017bhav.csv.zip,1767,0,0,1767,1767,0,1662,1767,0,False,,,1767,1662,True,True,True,False,False
LEGACY,cm09MAY2017bhav.csv.zip,1759,0,0,1759,1759,0,1661,1759,0,False,,,1759,1661,True,True,True,False,False
LEGACY,cm10MAY2017bhav.csv.zip,1749,0,0,1749,1748,1,1657,1749,0,False,,,1748,1657,True,False,True,False,True
LEGACY,cm11MAY2017bhav.csv.zip,1750,0,0,1750,1750,0,1656,1750,0,False,,,1750,1656,True,True,True,False,False
LEGACY,cm12MAY2017bhav.csv.zip,1770,0,0,1770,1769,1,1669,1770,0,False,,,1769,1669,True,False,True,False,True
LEGACY,cm15MAY2017bhav.csv.zip,1771,0,0,1771,1770,1,1670,1771,0,False,,,1770,1670,True,False,True,False,True
LEGACY,cm16MAY2017bhav.csv.zip,1758,0,0,1758,1758,0,1662,1758,0,False,,,1758,1662,True,True,True,False,False
LEGACY,cm17MAY2017bhav.csv.zip,1752,0,0,1752,1751,1,1656,1752,0,False,,,1751,1656,True,False,True,False,True
LEGACY,cm18MAY2017bhav.csv.zip,1757,0,0,1757,1756,1,1660,1757,0,False,,,1756,1660,True,False,True,False,True
LEGACY,cm19MAY2017bhav.csv.zip,1762,0,0,1762,1761,1,1661,1762,0,False,,,1761,1661,True,False,True,False,True
LEGACY,cm22MAY2017bhav.csv.zip,1764,0,0,1764,1764,0,1660,1764,0,False,,,1764,1660,True,True,True,False,False
LEGACY,cm23MAY2017bhav.csv.zip,1738,0,0,1738,1737,1,1646,1738,0,False,,,1737,1646,True,False,True,False,True
LEGACY,cm24MAY2017bhav.csv.zip,1737,0,0,1737,1737,0,1639,1737,0,False,,,1737,1639,True,True,True,False,False
LEGACY,cm25MAY2017bhav.csv.zip,1740,0,0,1740,1739,1,1646,1740,0,False,,,1739,1646,True,False,True,False,True
LEGACY,cm26MAY2017bhav.csv.zip,1752,0,0,1752,1751,1,1647,1752,0,False,,,1751,1647,True,False,True,False,True
LEGACY,cm29MAY2017bhav.csv.zip,1758,0,0,1758,1757,1,1655,1758,0,False,,,1757,1655,True,False,True,False,True
LEGACY,cm30MAY2017bhav.csv.zip,1746,0,0,1746,1746,0,1651,1746,0,False,,,1746,1651,True,True,True,False,False
LEGACY,cm31MAY2017bhav.csv.zip,1741,0,0,1741,1741,0,1649,1741,0,False,,,1741,1649,True,True,True,False,False
LEGACY,cm01JUN2017bhav.csv.zip,1747,0,0,1747,1746,1,1642,1747,0,False,,,1746,1642,True,False,True,False,True
LEGACY,cm02JUN2017bhav.csv.zip,1764,0,0,1764,1763,1,1651,1764,0,False,,,1763,1651,True,False,True,False,True
LEGACY,cm05JUN2017bhav.csv.zip,1788,0,0,1788,1786,2,1675,1788,0,False,,,1786,1675,True,False,True,False,True
LEGACY,cm06JUN2017bhav.csv.zip,1740,0,0,1740,1740,0,1650,1740,0,False,,,1740,1650,True,True,True,False,False
LEGACY,cm07JUN2017bhav.csv.zip,1757,0,0,1757,1755,2,1645,1757,0,False,,,1755,1645,True,False,True,False,True
LEGACY,cm08JUN2017bhav.csv.zip,1748,0,0,1748,1748,0,1650,1748,0,False,,,1748,1650,True,True,True,False,False
LEGACY,cm09JUN2017bhav.csv.zip,1746,0,0,1746,1746,0,1651,1746,0,False,,,1746,1651,True,True,True,False,False
LEGACY,cm12JUN2017bhav.csv.zip,1753,0,0,1753,1752,1,1661,1753,0,False,,,1752,1661,True,False,True,False,True
LEGACY,cm13JUN2017bhav.csv.zip,1762,0,0,1762,1762,0,1652,1762,0,False,,,1762,1652,True,True,True,False,False
LEGACY,cm14JUN2017bhav.csv.zip,1751,0,0,1751,1750,1,1647,1751,0,False,,,1750,1647,True,False,True,False,True
LEGACY,cm15JUN2017bhav.csv.zip,1755,0,0,1755,1754,1,1653,1755,0,False,,,1754,1653,True,False,True,False,True
LEGACY,cm16JUN2017bhav.csv.zip,1766,0,0,1766,1765,1,1660,1766,0,False,,,1765,1660,True,False,True,False,True
LEGACY,cm19JUN2017bhav.csv.zip,1771,0,0,1771,1770,1,1661,1771,0,False,,,1770,1661,True,False,True,False,True
LEGACY,cm20JUN2017bhav.csv.zip,1759,0,0,1759,1758,1,1652,1759,0,False,,,1758,1652,True,False,True,False,True
LEGACY,cm21JUN2017bhav.csv.zip,1761,0,0,1761,1759,2,1650,1761,0,False,,,1759,1650,True,False,True,False,True
LEGACY,cm22JUN2017bhav.csv.zip,1758,0,0,1758,1757,1,1653,1758,0,False,,,1757,1653,True,False,True,False,True
LEGACY,cm23JUN2017bhav.csv.zip,1769,0,0,1769,1767,2,1648,1769,0,False,,,1767,1648,True,False,True,False,True
LEGACY,cm27JUN2017bhav.csv.zip,1758,0,0,1758,1757,1,1656,1758,0,False,,,1757,1656,True,False,True,False,True
LEGACY,cm28JUN2017bhav.csv.zip,1738,0,0,1738,1736,2,1632,1738,0,False,,,1736,1632,True,False,True,False,True
LEGACY,cm29JUN2017bhav.csv.zip,1742,0,0,1742,1742,0,1644,1742,0,False,,,1742,1644,True,True,True,False,False
LEGACY,cm30JUN2017bhav.csv.zip,1733,0,0,1733,1733,0,1640,1733,0,False,,,1733,1640,True,True,True,False,False
LEGACY,cm03JUL2017bhav.csv.zip,1764,0,0,1764,1764,0,1653,1764,0,False,,,1764,1653,True,True,True,False,False
LEGACY,cm04JUL2017bhav.csv.zip,1749,0,0,1749,1749,0,1647,1749,0,False,,,1749,1647,True,True,True,False,False
LEGACY,cm05JUL2017bhav.csv.zip,1775,0,0,1775,1772,3,1660,1775,0,False,,,1772,1660,True,False,True,False,True
LEGACY,cm06JUL2017bhav.csv.zip,1781,0,0,1781,1779,2,1659,1781,0,False,,,1779,1659,True,False,True,False,True
LEGACY,cm07JUL2017bhav.csv.zip,1759,0,0,1759,1759,0,1659,1759,0,False,,,1759,1659,True,True,True,False,False
LEGACY,cm10JUL2017bhav.csv.zip,1683,0,0,1683,1683,0,1618,1683,0,False,,,1683,1618,True,True,True,False,False
LEGACY,cm11JUL2017bhav.csv.zip,1767,0,0,1767,1766,1,1659,1767,0,False,,,1766,1659,True,False,True,False,True
LEGACY,cm12JUL2017bhav.csv.zip,1779,0,0,1779,1774,5,1667,1779,0,False,,,1774,1667,True,False,True,False,True
LEGACY,cm13JUL2017bhav.csv.zip,1764,0,0,1764,1763,1,1667,1764,0,False,,,1763,1667,True,False,True,False,True
LEGACY,cm14JUL2017bhav.csv.zip,1786,0,0,1786,1784,2,1664,1786,0,False,,,1784,1664,True,False,True,False,True
LEGACY,cm17JUL2017bhav.csv.zip,1787,0,0,1787,1784,3,1664,1787,0,False,,,1784,1664,True,False,True,False,True
LEGACY,cm18JUL2017bhav.csv.zip,1777,0,0,1777,1776,1,1662,1777,0,False,,,1776,1662,True,False,True,False,True
LEGACY,cm19JUL2017bhav.csv.zip,1757,0,0,1757,1756,1,1662,1757,0,False,,,1756,1662,True,False,True,False,True
LEGACY,cm20JUL2017bhav.csv.zip,1759,0,0,1759,1759,0,1658,1759,0,False,,,1759,1658,True,True,True,False,False
LEGACY,cm21JUL2017bhav.csv.zip,1750,0,0,1750,1748,2,1665,1750,0,False,,,1748,1665,True,False,True,False,True
LEGACY,cm24JUL2017bhav.csv.zip,1769,0,0,1769,1768,1,1673,1769,0,False,,,1768,1673,True,False,True,False,True
LEGACY,cm25JUL2017bhav.csv.zip,1779,0,0,1779,1777,2,1664,1779,0,False,,,1777,1664,True,False,True,False,True
LEGACY,cm26JUL2017bhav.csv.zip,1758,0,0,1758,1756,2,1661,1758,0,False,,,1756,1661,True,False,True,False,True
LEGACY,cm27JUL2017bhav.csv.zip,1755,0,0,1755,1754,1,1663,1755,0,False,,,1754,1663,True,False,True,False,True
LEGACY,cm28JUL2017bhav.csv.zip,1747,0,0,1747,1746,1,1665,1747,0,False,,,1746,1665,True,False,True,False,True
LEGACY,cm31JUL2017bhav.csv.zip,1785,0,0,1785,1784,1,1686,1785,0,False,,,1784,1686,True,False,True,False,True
LEGACY,cm01AUG2017bhav.csv.zip,1771,0,0,1771,1771,0,1668,1771,0,False,,,1771,1668,True,True,True,False,False
LEGACY,cm02AUG2017bhav.csv.zip,1776,0,0,1776,1775,1,1668,1776,0,False,,,1775,1668,True,False,True,False,True
LEGACY,cm03AUG2017bhav.csv.zip,1749,0,0,1749,1749,0,1661,1749,0,False,,,1749,1661,True,True,True,False,False
LEGACY,cm04AUG2017bhav.csv.zip,1752,0,0,1752,1749,3,1655,1752,0,False,,,1749,1655,True,False,True,False,True
LEGACY,cm07AUG2017bhav.csv.zip,1772,0,0,1772,1772,0,1672,1772,0,False,,,1772,1672,True,True,True,False,False
LEGACY,cm08AUG2017bhav.csv.zip,1735,0,0,1735,1734,1,1640,1735,0,False,,,1734,1640,True,False,True,False,True
LEGACY,cm09AUG2017bhav.csv.zip,1745,0,0,1745,1745,0,1641,1745,0,False,,,1745,1641,True,True,True,False,False
LEGACY,cm10AUG2017bhav.csv.zip,1752,0,0,1752,1751,1,1645,1752,0,False,,,1751,1645,True,False,True,False,True
LEGACY,cm11AUG2017bhav.csv.zip,1766,0,0,1766,1764,2,1648,1766,0,False,,,1764,1648,True,False,True,False,True
LEGACY,cm14AUG2017bhav.csv.zip,1767,0,0,1767,1766,1,1654,1767,0,False,,,1766,1654,True,False,True,False,True
LEGACY,cm16AUG2017bhav.csv.zip,1754,0,0,1754,1754,0,1648,1754,0,False,,,1754,1648,True,True,True,False,False
LEGACY,cm17AUG2017bhav.csv.zip,1736,0,0,1736,1736,0,1645,1736,0,False,,,1736,1645,True,True,True,False,False
LEGACY,cm18AUG2017bhav.csv.zip,1752,0,0,1752,1752,0,1637,1752,0,False,,,1752,1637,True,True,True,False,False
LEGACY,cm21AUG2017bhav.csv.zip,1781,0,0,1781,1780,1,1656,1781,0,False,,,1780,1656,True,False,True,False,True
LEGACY,cm22AUG2017bhav.csv.zip,1747,0,0,1747,1747,0,1637,1747,0,False,,,1747,1637,True,True,True,False,False
LEGACY,cm23AUG2017bhav.csv.zip,1758,0,0,1758,1757,1,1640,1758,0,False,,,1757,1640,True,False,True,False,True
LEGACY,cm24AUG2017bhav.csv.zip,1750,0,0,1750,1750,0,1644,1750,0,False,,,1750,1644,True,True,True,False,False
LEGACY,cm28AUG2017bhav.csv.zip,1757,0,0,1757,1755,2,1649,1757,0,False,,,1755,1649,True,False,True,False,True
LEGACY,cm29AUG2017bhav.csv.zip,1748,0,0,1748,1748,0,1646,1748,0,False,,,1748,1646,True,True,True,False,False
LEGACY,cm30AUG2017bhav.csv.zip,1735,0,0,1735,1733,2,1637,1735,0,False,,,1733,1637,True,False,True,False,True
LEGACY,cm31AUG2017bhav.csv.zip,1762,0,0,1762,1761,1,1656,1762,0,False,,,1761,1656,True,False,True,False,True
LEGACY,cm01SEP2017bhav.csv.zip,1748,0,0,1748,1747,1,1651,1748,0,False,,,1747,1651,True,False,True,False,True
LEGACY,cm04SEP2017bhav.csv.zip,1781,0,0,1781,1780,1,1678,1781,0,False,,,1780,1678,True,False,True,False,True
LEGACY,cm05SEP2017bhav.csv.zip,1760,0,0,1760,1760,0,1648,1760,0,False,,,1760,1648,True,True,True,False,False
LEGACY,cm06SEP2017bhav.csv.zip,1758,0,0,1758,1758,0,1652,1758,0,False,,,1758,1652,True,True,True,False,False
LEGACY,cm07SEP2017bhav.csv.zip,1771,0,0,1771,1770,1,1660,1771,0,False,,,1770,1660,True,False,True,False,True
LEGACY,cm08SEP2017bhav.csv.zip,1757,0,0,1757,1756,1,1659,1757,0,False,,,1756,1659,True,False,True,False,True
LEGACY,cm11SEP2017bhav.csv.zip,1777,0,0,1777,1776,1,1659,1777,0,False,,,1776,1659,True,False,True,False,True
LEGACY,cm12SEP2017bhav.csv.zip,1775,0,0,1775,1774,1,1660,1775,0,False,,,1774,1660,True,False,True,False,True
LEGACY,cm13SEP2017bhav.csv.zip,1762,0,0,1762,1760,2,1651,1762,0,False,,,1760,1651,True,False,True,False,True
LEGACY,cm14SEP2017bhav.csv.zip,1749,0,0,1749,1749,0,1647,1749,0,False,,,1749,1647,True,True,True,False,False
LEGACY,cm15SEP2017bhav.csv.zip,1758,0,0,1758,1758,0,1654,1758,0,False,,,1758,1654,True,True,True,False,False
LEGACY,cm18SEP2017bhav.csv.zip,1784,0,0,1784,1784,0,1673,1784,0,False,,,1784,1673,True,True,True,False,False
LEGACY,cm19SEP2017bhav.csv.zip,1769,0,0,1769,1767,2,1654,1769,0,False,,,1767,1654,True,False,True,False,True
LEGACY,cm20SEP2017bhav.csv.zip,1763,0,0,1763,1762,1,1659,1763,0,False,,,1762,1659,True,False,True,False,True
LEGACY,cm21SEP2017bhav.csv.zip,1764,0,0,1764,1762,2,1658,1764,0,False,,,1762,1658,True,False,True,False,True
LEGACY,cm22SEP2017bhav.csv.zip,1763,0,0,1763,1762,1,1659,1763,0,False,,,1762,1659,True,False,True,False,True
LEGACY,cm25SEP2017bhav.csv.zip,1782,0,0,1782,1781,1,1663,1782,0,False,,,1781,1663,True,False,True,False,True
LEGACY,cm26SEP2017bhav.csv.zip,1756,0,0,1756,1756,0,1648,1756,0,False,,,1756,1648,True,True,True,False,False
LEGACY,cm27SEP2017bhav.csv.zip,1754,0,0,1754,1753,1,1659,1754,0,False,,,1753,1659,True,False,True,False,True
LEGACY,cm28SEP2017bhav.csv.zip,1750,0,0,1750,1749,1,1656,1750,0,False,,,1749,1656,True,False,True,False,True
LEGACY,cm29SEP2017bhav.csv.zip,1759,0,0,1759,1756,3,1662,1759,0,False,,,1756,1662,True,False,True,False,True
LEGACY,cm03OCT2017bhav.csv.zip,1786,0,0,1786,1785,1,1683,1786,0,False,,,1785,1683,True,False,True,False,True
LEGACY,cm04OCT2017bhav.csv.zip,1765,0,0,1765,1763,2,1655,1765,0,False,,,1763,1655,True,False,True,False,True
LEGACY,cm05OCT2017bhav.csv.zip,1767,0,0,1767,1766,1,1667,1767,0,False,,,1766,1667,True,False,True,False,True
LEGACY,cm06OCT2017bhav.csv.zip,1780,0,0,1780,1779,1,1675,1780,0,False,,,1779,1675,True,False,True,False,True
LEGACY,cm09OCT2017bhav.csv.zip,1808,0,0,1808,1808,0,1693,1808,0,False,,,1808,1693,True,True,True,False,False
LEGACY,cm10OCT2017bhav.csv.zip,1804,0,0,1804,1803,1,1687,1804,0,False,,,1803,1687,True,False,True,False,True
LEGACY,cm11OCT2017bhav.csv.zip,1789,0,0,1789,1789,0,1678,1789,0,False,,,1789,1678,True,True,True,False,False
LEGACY,cm12OCT2017bhav.csv.zip,1781,0,0,1781,1781,0,1682,1781,0,False,,,1781,1682,True,True,True,False,False
LEGACY,cm13OCT2017bhav.csv.zip,1800,0,0,1800,1799,1,1686,1800,0,False,,,1799,1686,True,False,True,False,True
LEGACY,cm16OCT2017bhav.csv.zip,1809,0,0,1809,1809,0,1707,1809,0,False,,,1809,1707,True,True,True,False,False
LEGACY,cm17OCT2017bhav.csv.zip,1797,0,0,1797,1795,2,1695,1797,0,False,,,1795,1695,True,False,True,False,True
LEGACY,cm18OCT2017bhav.csv.zip,1780,0,0,1780,1779,1,1686,1780,0,False,,,1779,1686,True,False,True,False,True
LEGACY,cm23OCT2017bhav.csv.zip,1817,0,0,1817,1815,2,1707,1817,0,False,,,1815,1707,True,False,True,False,True
LEGACY,cm24OCT2017bhav.csv.zip,1803,0,0,1803,1802,1,1692,1803,0,False,,,1802,1692,True,False,True,False,True
LEGACY,cm25OCT2017bhav.csv.zip,1793,0,0,1793,1793,0,1692,1793,0,False,,,1793,1692,True,True,True,False,False
LEGACY,cm26OCT2017bhav.csv.zip,1786,0,0,1786,1783,3,1682,1786,0,False,,,1783,1682,True,False,True,False,True
LEGACY,cm27OCT2017bhav.csv.zip,1813,0,0,1813,1812,1,1702,1813,0,False,,,1812,1702,True,False,True,False,True
LEGACY,cm30OCT2017bhav.csv.zip,1817,0,0,1817,1817,0,1704,1817,0,False,,,1817,1704,True,True,True,False,False
LEGACY,cm31OCT2017bhav.csv.zip,1811,0,0,1811,1811,0,1707,1811,0,False,,,1811,1707,True,True,True,False,False
LEGACY,cm01NOV2017bhav.csv.zip,1823,0,0,1823,1823,0,1712,1823,0,False,,,1823,1712,True,True,True,False,False
LEGACY,cm02NOV2017bhav.csv.zip,1801,0,0,1801,1801,0,1702,1801,0,False,,,1801,1702,True,True,True,False,False
LEGACY,cm03NOV2017bhav.csv.zip,1802,0,0,1802,1802,0,1700,1802,0,False,,,1802,1700,True,True,True,False,False
LEGACY,cm06NOV2017bhav.csv.zip,1817,0,0,1817,1815,2,1711,1817,0,False,,,1815,1711,True,False,True,False,True
LEGACY,cm07NOV2017bhav.csv.zip,1805,0,0,1805,1801,4,1702,1805,0,False,,,1801,1702,True,False,True,False,True
LEGACY,cm08NOV2017bhav.csv.zip,1797,0,0,1797,1795,2,1693,1797,0,False,,,1795,1693,True,False,True,False,True
LEGACY,cm09NOV2017bhav.csv.zip,1798,0,0,1798,1797,1,1692,1798,0,False,,,1797,1692,True,False,True,False,True
LEGACY,cm10NOV2017bhav.csv.zip,1780,0,0,1780,1778,2,1696,1780,0,False,,,1778,1696,True,False,True,False,True
LEGACY,cm13NOV2017bhav.csv.zip,1795,0,0,1795,1793,2,1706,1795,0,False,,,1793,1706,True,False,True,False,True
LEGACY,cm14NOV2017bhav.csv.zip,1806,0,0,1806,1804,2,1709,1806,0,False,,,1804,1709,True,False,True,False,True
LEGACY,cm15NOV2017bhav.csv.zip,1821,0,0,1821,1820,1,1713,1821,0,False,,,1820,1713,True,False,True,False,True
LEGACY,cm16NOV2017bhav.csv.zip,1795,0,0,1795,1794,1,1699,1795,0,False,,,1794,1699,True,False,True,False,True
LEGACY,cm17NOV2017bhav.csv.zip,1817,0,0,1817,1816,1,1708,1817,0,False,,,1816,1708,True,False,True,False,True
LEGACY,cm20NOV2017bhav.csv.zip,1827,0,0,1827,1827,0,1721,1827,0,False,,,1827,1721,True,True,True,False,False
LEGACY,cm21NOV2017bhav.csv.zip,1814,0,0,1814,1813,1,1703,1814,0,False,,,1813,1703,True,False,True,False,True
LEGACY,cm22NOV2017bhav.csv.zip,1819,0,0,1819,1819,0,1712,1819,0,False,,,1819,1712,True,True,True,False,False
LEGACY,cm23NOV2017bhav.csv.zip,1798,0,0,1798,1798,0,1703,1798,0,False,,,1798,1703,True,True,True,False,False
LEGACY,cm24NOV2017bhav.csv.zip,1830,0,0,1830,1830,0,1723,1830,0,False,,,1830,1723,True,True,True,False,False
LEGACY,cm27NOV2017bhav.csv.zip,1830,0,0,1830,1830,0,1733,1830,0,False,,,1830,1733,True,True,True,False,False
LEGACY,cm28NOV2017bhav.csv.zip,1827,0,0,1827,1827,0,1723,1827,0,False,,,1827,1723,True,True,True,False,False
LEGACY,cm29NOV2017bhav.csv.zip,1813,0,0,1813,1813,0,1713,1813,0,False,,,1813,1713,True,True,True,False,False
LEGACY,cm30NOV2017bhav.csv.zip,1797,0,0,1797,1796,1,1699,1797,0,False,,,1796,1699,True,False,True,False,True
LEGACY,cm01DEC2017bhav.csv.zip,1813,0,0,1813,1813,0,1715,1813,0,False,,,1813,1715,True,True,True,False,False
LEGACY,cm04DEC2017bhav.csv.zip,1824,0,0,1824,1824,0,1727,1824,0,False,,,1824,1727,True,True,True,False,False
LEGACY,cm05DEC2017bhav.csv.zip,1821,0,0,1821,1821,0,1718,1821,0,False,,,1821,1718,True,True,True,False,False
LEGACY,cm06DEC2017bhav.csv.zip,1822,0,0,1822,1822,0,1712,1822,0,False,,,1822,1712,True,True,True,False,False
LEGACY,cm07DEC2017bhav.csv.zip,1807,0,0,1807,1806,1,1708,1807,0,False,,,1806,1708,True,False,True,False,True
LEGACY,cm08DEC2017bhav.csv.zip,1825,0,0,1825,1825,0,1717,1825,0,False,,,1825,1717,True,True,True,False,False
LEGACY,cm11DEC2017bhav.csv.zip,1829,0,0,1829,1828,1,1726,1829,0,False,,,1828,1726,True,False,True,False,True
LEGACY,cm12DEC2017bhav.csv.zip,1828,0,0,1828,1828,0,1718,1828,0,False,,,1828,1718,True,True,True,False,False
LEGACY,cm13DEC2017bhav.csv.zip,1810,0,0,1810,1809,1,1715,1810,0,False,,,1809,1715,True,False,True,False,True
LEGACY,cm14DEC2017bhav.csv.zip,1814,0,0,1814,1814,0,1710,1814,0,False,,,1814,1710,True,True,True,False,False
LEGACY,cm15DEC2017bhav.csv.zip,1808,0,0,1808,1807,1,1711,1808,0,False,,,1807,1711,True,False,True,False,True
LEGACY,cm18DEC2017bhav.csv.zip,1817,0,0,1817,1817,0,1712,1817,0,False,,,1817,1712,True,True,True,False,False
LEGACY,cm19DEC2017bhav.csv.zip,1827,0,0,1827,1827,0,1719,1827,0,False,,,1827,1719,True,True,True,False,False
LEGACY,cm20DEC2017bhav.csv.zip,1818,0,0,1818,1818,0,1720,1818,0,False,,,1818,1720,True,True,True,False,False
LEGACY,cm21DEC2017bhav.csv.zip,1826,0,0,1826,1825,1,1725,1826,0,False,,,1825,1725,True,False,True,False,True
LEGACY,cm22DEC2017bhav.csv.zip,1836,0,0,1836,1836,0,1729,1836,0,False,,,1836,1729,True,True,True,False,False
LEGACY,cm26DEC2017bhav.csv.zip,1860,0,0,1860,1860,0,1749,1860,0,False,,,1860,1749,True,True,True,False,False
LEGACY,cm27DEC2017bhav.csv.zip,1846,0,0,1846,1846,0,1749,1846,0,False,,,1846,1749,True,True,True,False,False
LEGACY,cm28DEC2017bhav.csv.zip,1818,0,0,1818,1818,0,1726,1818,0,False,,,1818,1726,True,True,True,False,False
LEGACY,cm29DEC2017bhav.csv.zip,1850,0,0,1850,1850,0,1746,1850,0,False,,,1850,1746,True,True,True,False,False
LEGACY,cm01JAN2018bhav.csv.zip,1872,0,0,1872,1872,0,1767,1872,0,False,,,1872,1767,True,True,True,False,False
LEGACY,cm02JAN2018bhav.csv.zip,1856,0,0,1856,1855,1,1743,1856,0,False,,,1855,1743,True,False,True,False,True
LEGACY,cm03JAN2018bhav.csv.zip,1852,0,0,1852,1851,1,1745,1852,0,False,,,1851,1745,True,False,True,False,True
LEGACY,cm04JAN2018bhav.csv.zip,1842,0,0,1842,1842,0,1740,1842,0,False,,,1842,1740,True,True,True,False,False
LEGACY,cm05JAN2018bhav.csv.zip,1852,0,0,1852,1850,2,1743,1852,0,False,,,1850,1743,True,False,True,False,True
LEGACY,cm08JAN2018bhav.csv.zip,1891,0,0,1891,1890,1,1778,1891,0,False,,,1890,1778,True,False,True,False,True
LEGACY,cm09JAN2018bhav.csv.zip,1860,0,0,1860,1859,1,1758,1860,0,False,,,1859,1758,True,False,True,False,True
LEGACY,cm10JAN2018bhav.csv.zip,1850,0,0,1850,1849,1,1755,1850,0,False,,,1849,1755,True,False,True,False,True
LEGACY,cm11JAN2018bhav.csv.zip,1850,0,0,1850,1847,3,1748,1850,0,False,,,1847,1748,True,False,True,False,True
LEGACY,cm12JAN2018bhav.csv.zip,1857,0,0,1857,1857,0,1755,1857,0,False,,,1857,1755,True,True,True,False,False
LEGACY,cm15JAN2018bhav.csv.zip,1856,0,0,1856,1853,3,1762,1856,0,False,,,1853,1762,True,False,True,False,True
LEGACY,cm16JAN2018bhav.csv.zip,1872,0,0,1872,1871,1,1771,1872,0,False,,,1871,1771,True,False,True,False,True
LEGACY,cm17JAN2018bhav.csv.zip,1855,0,0,1855,1855,0,1755,1855,0,False,,,1855,1755,True,True,True,False,False
LEGACY,cm18JAN2018bhav.csv.zip,1876,0,0,1876,1875,1,1755,1876,0,False,,,1875,1755,True,False,True,False,True
LEGACY,cm19JAN2018bhav.csv.zip,1848,0,0,1848,1848,0,1753,1848,0,False,,,1848,1753,True,True,True,False,False
LEGACY,cm22JAN2018bhav.csv.zip,1854,0,0,1854,1852,2,1760,1854,0,False,,,1852,1760,True,False,True,False,True
LEGACY,cm23JAN2018bhav.csv.zip,1847,0,0,1847,1847,0,1743,1847,0,False,,,1847,1743,True,True,True,False,False
LEGACY,cm24JAN2018bhav.csv.zip,1856,0,0,1856,1856,0,1748,1856,0,False,,,1856,1748,True,True,True,False,False
LEGACY,cm25JAN2018bhav.csv.zip,1858,0,0,1858,1857,1,1755,1858,0,False,,,1857,1755,True,False,True,False,True
LEGACY,cm29JAN2018bhav.csv.zip,1864,0,0,1864,1864,0,1762,1864,0,False,,,1864,1762,True,True,True,False,False
LEGACY,cm30JAN2018bhav.csv.zip,1854,0,0,1854,1854,0,1749,1854,0,False,,,1854,1749,True,True,True,False,False
LEGACY,cm31JAN2018bhav.csv.zip,1870,0,0,1870,1870,0,1752,1870,0,False,,,1870,1752,True,True,True,False,False
LEGACY,cm01FEB2018bhav.csv.zip,1853,0,0,1853,1853,0,1745,1853,0,False,,,1853,1745,True,True,True,False,False
LEGACY,cm02FEB2018bhav.csv.zip,1882,0,0,1882,1882,0,1760,1882,0,False,,,1882,1760,True,True,True,False,False
LEGACY,cm05FEB2018bhav.csv.zip,1893,0,0,1893,1893,0,1774,1893,0,False,,,1893,1774,True,True,True,False,False
LEGACY,cm06FEB2018bhav.csv.zip,1882,0,0,1882,1881,1,1762,1882,0,False,,,1881,1762,True,False,True,False,True
LEGACY,cm07FEB2018bhav.csv.zip,1838,0,0,1838,1837,1,1750,1838,0,False,,,1837,1750,True,False,True,False,True
LEGACY,cm08FEB2018bhav.csv.zip,1850,0,0,1850,1850,0,1749,1850,0,False,,,1850,1749,True,True,True,False,False
LEGACY,cm09FEB2018bhav.csv.zip,1856,0,0,1856,1855,1,1742,1856,0,False,,,1855,1742,True,False,True,False,True
LEGACY,cm12FEB2018bhav.csv.zip,1861,0,0,1861,1861,0,1767,1861,0,False,,,1861,1767,True,True,True,False,False
LEGACY,cm14FEB2018bhav.csv.zip,1857,0,0,1857,1856,1,1744,1857,0,False,,,1856,1744,True,False,True,False,True
LEGACY,cm15FEB2018bhav.csv.zip,1840,0,0,1840,1840,0,1748,1840,0,False,,,1840,1748,True,True,True,False,False
LEGACY,cm16FEB2018bhav.csv.zip,1831,0,0,1831,1831,0,1734,1831,0,False,,,1831,1734,True,True,True,False,False
LEGACY,cm19FEB2018bhav.csv.zip,1860,0,0,1860,1859,1,1762,1860,0,False,,,1859,1762,True,False,True,False,True
LEGACY,cm20FEB2018bhav.csv.zip,1832,0,0,1832,1832,0,1740,1832,0,False,,,1832,1740,True,True,True,False,False
LEGACY,cm21FEB2018bhav.csv.zip,1848,0,0,1848,1848,0,1741,1848,0,False,,,1848,1741,True,True,True,False,False
LEGACY,cm22FEB2018bhav.csv.zip,1838,0,0,1838,1838,0,1736,1838,0,False,,,1838,1736,True,True,True,False,False
LEGACY,cm23FEB2018bhav.csv.zip,1847,0,0,1847,1847,0,1751,1847,0,False,,,1847,1751,True,True,True,False,False
LEGACY,cm26FEB2018bhav.csv.zip,1874,0,0,1874,1873,1,1764,1874,0,False,,,1873,1764,True,False,True,False,True
LEGACY,cm27FEB2018bhav.csv.zip,1854,0,0,1854,1854,0,1751,1854,0,False,,,1854,1751,True,True,True,False,False
LEGACY,cm28FEB2018bhav.csv.zip,1844,0,0,1844,1844,0,1751,1844,0,False,,,1844,1751,True,True,True,False,False
LEGACY,cm01MAR2018bhav.csv.zip,1840,0,0,1840,1840,0,1747,1840,0,False,,,1840,1747,True,True,True,False,False
LEGACY,cm05MAR2018bhav.csv.zip,1875,0,0,1875,1874,1,1770,1875,0,False,,,1874,1770,True,False,True,False,True
LEGACY,cm06MAR2018bhav.csv.zip,1858,0,0,1858,1857,1,1753,1858,0,False,,,1857,1753,True,False,True,False,True
LEGACY,cm07MAR2018bhav.csv.zip,1866,0,0,1866,1866,0,1758,1866,0,False,,,1866,1758,True,True,True,False,False
LEGACY,cm08MAR2018bhav.csv.zip,1852,0,0,1852,1851,1,1752,1852,0,False,,,1851,1752,True,False,True,False,True
LEGACY,cm09MAR2018bhav.csv.zip,1843,0,0,1843,1842,1,1745,1843,0,False,,,1842,1745,True,False,True,False,True
LEGACY,cm12MAR2018bhav.csv.zip,1874,0,0,1874,1873,1,1767,1874,0,False,,,1873,1767,True,False,True,False,True
LEGACY,cm13MAR2018bhav.csv.zip,1870,0,0,1870,1869,1,1765,1870,0,False,,,1869,1765,True,False,True,False,True
LEGACY,cm14MAR2018bhav.csv.zip,1840,0,0,1840,1840,0,1749,1840,0,False,,,1840,1749,True,True,True,False,False
LEGACY,cm15MAR2018bhav.csv.zip,1854,0,0,1854,1851,3,1751,1854,0,False,,,1851,1751,True,False,True,False,True
LEGACY,cm16MAR2018bhav.csv.zip,1867,0,0,1867,1867,0,1762,1867,0,False,,,1867,1762,True,True,True,False,False
LEGACY,cm19MAR2018bhav.csv.zip,1884,0,0,1884,1883,1,1776,1884,0,False,,,1883,1776,True,False,True,False,True
LEGACY,cm20MAR2018bhav.csv.zip,1866,0,0,1866,1866,0,1761,1866,0,False,,,1866,1761,True,True,True,False,False
LEGACY,cm21MAR2018bhav.csv.zip,1863,0,0,1863,1861,2,1757,1863,0,False,,,1861,1757,True,False,True,False,True
LEGACY,cm22MAR2018bhav.csv.zip,1875,0,0,1875,1873,2,1777,1875,0,False,,,1873,1777,True,False,True,False,True
LEGACY,cm23MAR2018bhav.csv.zip,1881,0,0,1881,1879,2,1780,1881,0,False,,,1879,1780,True,False,True,False,True
LEGACY,cm26MAR2018bhav.csv.zip,1906,0,0,1906,1903,3,1787,1906,0,False,,,1903,1787,True,False,True,False,True
LEGACY,cm27MAR2018bhav.csv.zip,1855,0,0,1855,1855,0,1757,1855,0,False,,,1855,1757,True,True,True,False,False
LEGACY,cm28MAR2018bhav.csv.zip,1872,0,0,1872,1870,2,1770,1872,0,False,,,1870,1770,True,False,True,False,True
LEGACY,cm02APR2018bhav.csv.zip,1861,0,0,1861,1860,1,1746,1861,0,False,,,1860,1746,True,False,True,False,True
LEGACY,cm03APR2018bhav.csv.zip,1865,0,0,1865,1865,0,1746,1865,0,False,,,1865,1746,True,True,True,False,False
LEGACY,cm04APR2018bhav.csv.zip,1862,0,0,1862,1861,1,1760,1862,0,False,,,1861,1760,True,False,True,False,True
LEGACY,cm05APR2018bhav.csv.zip,1868,0,0,1868,1867,1,1766,1868,0,False,,,1867,1766,True,False,True,False,True
LEGACY,cm06APR2018bhav.csv.zip,1869,0,0,1869,1868,1,1763,1869,0,False,,,1868,1763,True,False,True,False,True
LEGACY,cm09APR2018bhav.csv.zip,1880,0,0,1880,1879,1,1777,1880,0,False,,,1879,1777,True,False,True,False,True
LEGACY,cm10APR2018bhav.csv.zip,1869,0,0,1869,1868,1,1766,1869,0,False,,,1868,1766,True,False,True,False,True
LEGACY,cm11APR2018bhav.csv.zip,1858,0,0,1858,1855,3,1761,1858,0,False,,,1855,1761,True,False,True,False,True
LEGACY,cm12APR2018bhav.csv.zip,1862,0,0,1862,1861,1,1765,1862,0,False,,,1861,1765,True,False,True,False,True
LEGACY,cm13APR2018bhav.csv.zip,1888,0,0,1888,1888,0,1784,1888,0,False,,,1888,1784,True,True,True,False,False
LEGACY,cm16APR2018bhav.csv.zip,1898,0,0,1898,1898,0,1785,1898,0,False,,,1898,1785,True,True,True,False,False
LEGACY,cm17APR2018bhav.csv.zip,1881,0,0,1881,1881,0,1772,1881,0,False,,,1881,1772,True,True,True,False,False
LEGACY,cm18APR2018bhav.csv.zip,1879,0,0,1879,1877,2,1767,1879,0,False,,,1877,1767,True,False,True,False,True
LEGACY,cm19APR2018bhav.csv.zip,1880,0,0,1880,1880,0,1770,1880,0,False,,,1880,1770,True,True,True,False,False
LEGACY,cm20APR2018bhav.csv.zip,1870,0,0,1870,1869,1,1771,1870,0,False,,,1869,1771,True,False,True,False,True
LEGACY,cm23APR2018bhav.csv.zip,1883,0,0,1883,1883,0,1783,1883,0,False,,,1883,1783,True,True,True,False,False
LEGACY,cm24APR2018bhav.csv.zip,1875,0,0,1875,1874,1,1764,1875,0,False,,,1874,1764,True,False,True,False,True
LEGACY,cm25APR2018bhav.csv.zip,1882,0,0,1882,1881,1,1778,1882,0,False,,,1881,1778,True,False,True,False,True
LEGACY,cm26APR2018bhav.csv.zip,1856,0,0,1856,1854,2,1769,1856,0,False,,,1854,1769,True,False,True,False,True
LEGACY,cm27APR2018bhav.csv.zip,1879,0,0,1879,1878,1,1782,1879,0,False,,,1878,1782,True,False,True,False,True
LEGACY,cm30APR2018bhav.csv.zip,1890,0,0,1890,1890,0,1783,1890,0,False,,,1890,1783,True,True,True,False,False
LEGACY,cm02MAY2018bhav.csv.zip,1902,0,0,1902,1901,1,1784,1902,0,False,,,1901,1784,True,False,True,False,True
LEGACY,cm03MAY2018bhav.csv.zip,1877,0,0,1877,1877,0,1781,1877,0,False,,,1877,1781,True,True,True,False,False
LEGACY,cm04MAY2018bhav.csv.zip,1884,0,0,1884,1884,0,1792,1884,0,False,,,1884,1792,True,True,True,False,False
LEGACY,cm07MAY2018bhav.csv.zip,1891,0,0,1891,1890,1,1789,1891,0,False,,,1890,1789,True,False,True,False,True
LEGACY,cm08MAY2018bhav.csv.zip,1858,0,0,1858,1857,1,1771,1858,0,False,,,1857,1771,True,False,True,False,True
LEGACY,cm09MAY2018bhav.csv.zip,1860,0,0,1860,1859,1,1773,1860,0,False,,,1859,1773,True,False,True,False,True
LEGACY,cm10MAY2018bhav.csv.zip,1863,0,0,1863,1863,0,1771,1863,0,False,,,1863,1771,True,True,True,False,False
LEGACY,cm11MAY2018bhav.csv.zip,1864,0,0,1864,1863,1,1769,1864,0,False,,,1863,1769,True,False,True,False,True
LEGACY,cm14MAY2018bhav.csv.zip,1877,0,0,1877,1876,1,1781,1877,0,False,,,1876,1781,True,False,True,False,True
LEGACY,cm15MAY2018bhav.csv.zip,1866,0,0,1866,1865,1,1773,1866,0,False,,,1865,1773,True,False,True,False,True
LEGACY,cm16MAY2018bhav.csv.zip,1862,0,0,1862,1861,1,1766,1862,0,False,,,1861,1766,True,False,True,False,True
LEGACY,cm17MAY2018bhav.csv.zip,1861,0,0,1861,1861,0,1770,1861,0,False,,,1861,1770,True,True,True,False,False
LEGACY,cm18MAY2018bhav.csv.zip,1872,0,0,1872,1871,1,1769,1872,0,False,,,1871,1769,True,False,True,False,True
LEGACY,cm21MAY2018bhav.csv.zip,1885,0,0,1885,1884,1,1780,1885,0,False,,,1884,1780,True,False,True,False,True
LEGACY,cm22MAY2018bhav.csv.zip,1868,0,0,1868,1868,0,1770,1868,0,False,,,1868,1770,True,True,True,False,False
LEGACY,cm23MAY2018bhav.csv.zip,1881,0,0,1881,1881,0,1774,1881,0,False,,,1881,1774,True,True,True,False,False
LEGACY,cm24MAY2018bhav.csv.zip,1868,0,0,1868,1868,0,1767,1868,0,False,,,1868,1767,True,True,True,False,False
LEGACY,cm25MAY2018bhav.csv.zip,1865,0,0,1865,1865,0,1774,1865,0,False,,,1865,1774,True,True,True,False,False
LEGACY,cm28MAY2018bhav.csv.zip,1870,0,0,1870,1870,0,1777,1870,0,False,,,1870,1777,True,True,True,False,False
LEGACY,cm29MAY2018bhav.csv.zip,1869,0,0,1869,1869,0,1772,1869,0,False,,,1869,1772,True,True,True,False,False
LEGACY,cm30MAY2018bhav.csv.zip,1863,0,0,1863,1862,1,1772,1863,0,False,,,1862,1772,True,False,True,False,True
LEGACY,cm31MAY2018bhav.csv.zip,1852,0,0,1852,1851,1,1762,1852,0,False,,,1851,1762,True,False,True,False,True
LEGACY,cm01JUN2018bhav.csv.zip,1893,0,0,1893,1892,1,1792,1893,0,True,2018-06-01,exact,1892,1792,True,False,True,False,True
LEGACY,cm04JUN2018bhav.csv.zip,1889,0,0,1889,1888,1,1794,1889,0,False,,,1888,1794,True,False,True,False,True
LEGACY,cm05JUN2018bhav.csv.zip,1891,0,0,1891,1891,0,1795,1891,0,False,,,1891,1795,True,True,True,False,False
LEGACY,cm06JUN2018bhav.csv.zip,1871,0,0,1871,1870,1,1771,1871,0,False,,,1870,1771,True,False,True,False,True
LEGACY,cm07JUN2018bhav.csv.zip,1878,0,0,1878,1878,0,1783,1878,0,False,,,1878,1783,True,True,True,False,False
LEGACY,cm08JUN2018bhav.csv.zip,1873,0,0,1873,1873,0,1762,1873,0,False,,,1873,1762,True,True,True,False,False
LEGACY,cm11JUN2018bhav.csv.zip,1890,0,0,1890,1890,0,1790,1890,0,False,,,1890,1790,True,True,True,False,False
LEGACY,cm12JUN2018bhav.csv.zip,1879,0,0,1879,1879,0,1779,1879,0,False,,,1879,1779,True,True,True,False,False
LEGACY,cm13JUN2018bhav.csv.zip,1877,0,0,1877,1877,0,1778,1877,0,False,,,1877,1778,True,True,True,False,False
LEGACY,cm14JUN2018bhav.csv.zip,1863,0,0,1863,1862,1,1759,1863,0,False,,,1862,1759,True,False,True,False,True
LEGACY,cm15JUN2018bhav.csv.zip,1871,0,0,1871,1871,0,1775,1871,0,False,,,1871,1775,True,True,True,False,False
LEGACY,cm18JUN2018bhav.csv.zip,1878,0,0,1878,1876,2,1778,1878,0,False,,,1876,1778,True,False,True,False,True
LEGACY,cm19JUN2018bhav.csv.zip,1880,0,0,1880,1880,0,1780,1880,0,False,,,1880,1780,True,True,True,False,False
LEGACY,cm20JUN2018bhav.csv.zip,1868,0,0,1868,1868,0,1769,1868,0,False,,,1868,1769,True,True,True,False,False
LEGACY,cm21JUN2018bhav.csv.zip,1864,0,0,1864,1864,0,1760,1864,0,False,,,1864,1760,True,True,True,False,False
LEGACY,cm22JUN2018bhav.csv.zip,1867,0,0,1867,1866,1,1765,1867,0,False,,,1866,1765,True,False,True,False,True
LEGACY,cm25JUN2018bhav.csv.zip,1874,0,0,1874,1873,1,1769,1874,0,False,,,1873,1769,True,False,True,False,True
LEGACY,cm26JUN2018bhav.csv.zip,1874,0,0,1874,1874,0,1766,1874,0,False,,,1874,1766,True,True,True,False,False
LEGACY,cm27JUN2018bhav.csv.zip,1894,0,0,1894,1892,2,1778,1894,0,False,,,1892,1778,True,False,True,False,True
LEGACY,cm28JUN2018bhav.csv.zip,1863,0,0,1863,1863,0,1764,1863,0,False,,,1863,1764,True,True,True,False,False
LEGACY,cm29JUN2018bhav.csv.zip,1881,0,0,1881,1881,0,1777,1881,0,False,,,1881,1777,True,True,True,False,False
LEGACY,cm02JUL2018bhav.csv.zip,1881,0,0,1881,1881,0,1777,1881,0,False,,,1881,1777,True,True,True,False,False
LEGACY,cm03JUL2018bhav.csv.zip,1867,0,0,1867,1867,0,1771,1867,0,False,,,1867,1771,True,True,True,False,False
LEGACY,cm04JUL2018bhav.csv.zip,1876,0,0,1876,1876,0,1771,1876,0,False,,,1876,1771,True,True,True,False,False
LEGACY,cm05JUL2018bhav.csv.zip,1875,0,0,1875,1875,0,1768,1875,0,False,,,1875,1768,True,True,True,False,False
LEGACY,cm06JUL2018bhav.csv.zip,1872,0,0,1872,1872,0,1771,1872,0,False,,,1872,1771,True,True,True,False,False
LEGACY,cm09JUL2018bhav.csv.zip,1891,0,0,1891,1891,0,1785,1891,0,False,,,1891,1785,True,True,True,False,False
LEGACY,cm10JUL2018bhav.csv.zip,1866,0,0,1866,1866,0,1773,1866,0,False,,,1866,1773,True,True,True,False,False
LEGACY,cm11JUL2018bhav.csv.zip,1881,0,0,1881,1881,0,1785,1881,0,False,,,1881,1785,True,True,True,False,False
LEGACY,cm12JUL2018bhav.csv.zip,1885,0,0,1885,1885,0,1784,1885,0,False,,,1885,1784,True,True,True,False,False
LEGACY,cm13JUL2018bhav.csv.zip,1884,0,0,1884,1884,0,1786,1884,0,False,,,1884,1786,True,True,True,False,False
LEGACY,cm16JUL2018bhav.csv.zip,1898,0,0,1898,1898,0,1790,1898,0,False,,,1898,1790,True,True,True,False,False
LEGACY,cm17JUL2018bhav.csv.zip,1899,0,0,1899,1899,0,1777,1899,0,False,,,1899,1777,True,True,True,False,False
LEGACY,cm18JUL2018bhav.csv.zip,1877,0,0,1877,1877,0,1779,1877,0,False,,,1877,1779,True,True,True,False,False
LEGACY,cm19JUL2018bhav.csv.zip,1896,0,0,1896,1896,0,1775,1896,0,False,,,1896,1775,True,True,True,False,False
LEGACY,cm20JUL2018bhav.csv.zip,1872,0,0,1872,1872,0,1762,1872,0,False,,,1872,1762,True,True,True,False,False
LEGACY,cm23JUL2018bhav.csv.zip,1867,0,0,1867,1867,0,1771,1867,0,False,,,1867,1771,True,True,True,False,False
LEGACY,cm24JUL2018bhav.csv.zip,1891,0,0,1891,1891,0,1787,1891,0,False,,,1891,1787,True,True,True,False,False
LEGACY,cm25JUL2018bhav.csv.zip,1894,0,0,1894,1894,0,1791,1894,0,False,,,1894,1791,True,True,True,False,False
LEGACY,cm26JUL2018bhav.csv.zip,1895,0,0,1895,1895,0,1778,1895,0,False,,,1895,1778,True,True,True,False,False
LEGACY,cm27JUL2018bhav.csv.zip,1869,0,0,1869,1869,0,1776,1869,0,False,,,1869,1776,True,True,True,False,False
LEGACY,cm30JUL2018bhav.csv.zip,1888,0,0,1888,1888,0,1786,1888,0,False,,,1888,1786,True,True,True,False,False
LEGACY,cm31JUL2018bhav.csv.zip,1867,0,0,1867,1866,1,1770,1867,0,False,,,1866,1770,True,False,True,False,True
LEGACY,cm01AUG2018bhav.csv.zip,1887,0,0,1887,1886,1,1776,1887,0,False,,,1886,1776,True,False,True,False,True
LEGACY,cm02AUG2018bhav.csv.zip,1915,0,0,1915,1914,1,1792,1915,0,False,,,1914,1792,True,False,True,False,True
LEGACY,cm03AUG2018bhav.csv.zip,1906,0,0,1906,1905,1,1786,1906,0,False,,,1905,1786,True,False,True,False,True
LEGACY,cm06AUG2018bhav.csv.zip,1936,0,0,1936,1935,1,1801,1936,0,False,,,1935,1801,True,False,True,False,True
LEGACY,cm07AUG2018bhav.csv.zip,1898,0,0,1898,1896,2,1788,1898,0,False,,,1896,1788,True,False,True,False,True
LEGACY,cm08AUG2018bhav.csv.zip,1887,0,0,1887,1886,1,1777,1887,0,False,,,1886,1777,True,False,True,False,True
LEGACY,cm09AUG2018bhav.csv.zip,1891,0,0,1891,1891,0,1783,1891,0,False,,,1891,1783,True,True,True,False,False
LEGACY,cm10AUG2018bhav.csv.zip,1894,0,0,1894,1893,1,1778,1894,0,False,,,1893,1778,True,False,True,False,True
LEGACY,cm13AUG2018bhav.csv.zip,1895,0,0,1895,1894,1,1781,1895,0,False,,,1894,1781,True,False,True,False,True
LEGACY,cm14AUG2018bhav.csv.zip,1914,0,0,1914,1912,2,1785,1914,0,False,,,1912,1785,True,False,True,False,True
LEGACY,cm16AUG2018bhav.csv.zip,1894,0,0,1894,1893,1,1782,1894,0,False,,,1893,1782,True,False,True,False,True
LEGACY,cm17AUG2018bhav.csv.zip,1880,0,0,1880,1879,1,1780,1880,0,False,,,1879,1780,True,False,True,False,True
LEGACY,cm20AUG2018bhav.csv.zip,1915,0,0,1915,1915,0,1792,1915,0,False,,,1915,1792,True,True,True,False,False
LEGACY,cm21AUG2018bhav.csv.zip,1908,0,0,1908,1903,5,1793,1908,0,False,,,1903,1793,True,False,True,False,True
LEGACY,cm23AUG2018bhav.csv.zip,1918,0,0,1918,1917,1,1791,1918,0,False,,,1917,1791,True,False,True,False,True
LEGACY,cm24AUG2018bhav.csv.zip,1903,0,0,1903,1902,1,1786,1903,0,False,,,1902,1786,True,False,True,False,True
LEGACY,cm27AUG2018bhav.csv.zip,1912,0,0,1912,1912,0,1797,1912,0,False,,,1912,1797,True,True,True,False,False
LEGACY,cm28AUG2018bhav.csv.zip,1896,0,0,1896,1895,1,1790,1896,0,False,,,1895,1790,True,False,True,False,True
LEGACY,cm29AUG2018bhav.csv.zip,1892,0,0,1892,1891,1,1783,1892,0,False,,,1891,1783,True,False,True,False,True
LEGACY,cm30AUG2018bhav.csv.zip,1901,0,0,1901,1900,1,1785,1901,0,False,,,1900,1785,True,False,True,False,True
LEGACY,cm31AUG2018bhav.csv.zip,1903,0,0,1903,1902,1,1789,1903,0,False,,,1902,1789,True,False,True,False,True
LEGACY,cm03SEP2018bhav.csv.zip,1936,0,0,1936,1936,0,1808,1936,0,False,,,1936,1808,True,True,True,False,False
LEGACY,cm04SEP2018bhav.csv.zip,1914,0,0,1914,1914,0,1798,1914,0,False,,,1914,1798,True,True,True,False,False
LEGACY,cm05SEP2018bhav.csv.zip,1904,0,0,1904,1904,0,1796,1904,0,False,,,1904,1796,True,True,True,False,False
LEGACY,cm06SEP2018bhav.csv.zip,1885,0,0,1885,1884,1,1778,1885,0,False,,,1884,1778,True,False,True,False,True
LEGACY,cm07SEP2018bhav.csv.zip,1917,0,0,1917,1917,0,1798,1917,0,False,,,1917,1798,True,True,True,False,False
LEGACY,cm10SEP2018bhav.csv.zip,1912,0,0,1912,1911,1,1798,1912,0,False,,,1911,1798,True,False,True,False,True
LEGACY,cm11SEP2018bhav.csv.zip,1921,0,0,1921,1921,0,1798,1921,0,False,,,1921,1798,True,True,True,False,False
LEGACY,cm12SEP2018bhav.csv.zip,1890,0,0,1890,1889,1,1788,1890,0,False,,,1889,1788,True,False,True,False,True
LEGACY,cm14SEP2018bhav.csv.zip,1899,0,0,1899,1898,1,1784,1899,0,False,,,1898,1784,True,False,True,False,True
LEGACY,cm17SEP2018bhav.csv.zip,1919,0,0,1919,1917,2,1794,1919,0,False,,,1917,1794,True,False,True,False,True
LEGACY,cm18SEP2018bhav.csv.zip,1907,0,0,1907,1907,0,1787,1907,0,False,,,1907,1787,True,True,True,False,False
LEGACY,cm19SEP2018bhav.csv.zip,1896,0,0,1896,1893,3,1786,1896,0,False,,,1893,1786,True,False,True,False,True
LEGACY,cm21SEP2018bhav.csv.zip,1967,0,0,1967,1967,0,1815,1967,0,False,,,1967,1815,True,True,True,False,False
LEGACY,cm24SEP2018bhav.csv.zip,1971,0,0,1971,1971,0,1820,1971,0,False,,,1971,1820,True,True,True,False,False
LEGACY,cm25SEP2018bhav.csv.zip,1920,0,0,1920,1919,1,1791,1920,0,False,,,1919,1791,True,False,True,False,True
LEGACY,cm26SEP2018bhav.csv.zip,1926,0,0,1926,1926,0,1804,1926,0,False,,,1926,1804,True,True,True,False,False
LEGACY,cm27SEP2018bhav.csv.zip,1935,0,0,1935,1935,0,1793,1935,0,False,,,1935,1793,True,True,True,False,False
LEGACY,cm28SEP2018bhav.csv.zip,1959,0,0,1959,1951,8,1813,1959,0,False,,,1951,1813,True,False,True,False,True
LEGACY,cm01OCT2018bhav.csv.zip,1951,0,0,1951,1950,1,1813,1951,0,False,,,1950,1813,True,False,True,False,True
LEGACY,cm03OCT2018bhav.csv.zip,1932,0,0,1932,1932,0,1796,1932,0,False,,,1932,1796,True,True,True,False,False
LEGACY,cm04OCT2018bhav.csv.zip,1932,0,0,1932,1932,0,1797,1932,0,False,,,1932,1797,True,True,True,False,False
LEGACY,cm05OCT2018bhav.csv.zip,1947,0,0,1947,1947,0,1807,1947,0,False,,,1947,1807,True,True,True,False,False
LEGACY,cm08OCT2018bhav.csv.zip,1956,0,0,1956,1955,1,1817,1956,0,False,,,1955,1817,True,False,True,False,True
LEGACY,cm09OCT2018bhav.csv.zip,1936,0,0,1936,1936,0,1801,1936,0,False,,,1936,1801,True,True,True,False,False
LEGACY,cm10OCT2018bhav.csv.zip,1934,0,0,1934,1934,0,1813,1934,0,False,,,1934,1813,True,True,True,False,False
LEGACY,cm11OCT2018bhav.csv.zip,1910,0,0,1910,1910,0,1797,1910,0,False,,,1910,1797,True,True,True,False,False
LEGACY,cm12OCT2018bhav.csv.zip,1935,0,0,1935,1935,0,1809,1935,0,False,,,1935,1809,True,True,True,False,False
LEGACY,cm15OCT2018bhav.csv.zip,1919,0,0,1919,1919,0,1795,1919,0,False,,,1919,1795,True,True,True,False,False
LEGACY,cm16OCT2018bhav.csv.zip,1915,0,0,1915,1914,1,1797,1915,0,False,,,1914,1797,True,False,True,False,True
LEGACY,cm17OCT2018bhav.csv.zip,1911,0,0,1911,1911,0,1794,1911,0,False,,,1911,1794,True,True,True,False,False
LEGACY,cm19OCT2018bhav.csv.zip,1909,0,0,1909,1909,0,1778,1909,0,False,,,1909,1778,True,True,True,False,False
LEGACY,cm22OCT2018bhav.csv.zip,1932,0,0,1932,1931,1,1800,1932,0,False,,,1931,1800,True,False,True,False,True
LEGACY,cm23OCT2018bhav.csv.zip,1914,0,0,1914,1914,0,1787,1914,0,False,,,1914,1787,True,True,True,False,False
LEGACY,cm24OCT2018bhav.csv.zip,1913,0,0,1913,1913,0,1785,1913,0,False,,,1913,1785,True,True,True,False,False
LEGACY,cm25OCT2018bhav.csv.zip,1882,0,0,1882,1882,0,1774,1882,0,False,,,1882,1774,True,True,True,False,False
LEGACY,cm26OCT2018bhav.csv.zip,1889,0,0,1889,1889,0,1776,1889,0,False,,,1889,1776,True,True,True,False,False
LEGACY,cm29OCT2018bhav.csv.zip,1914,0,0,1914,1914,0,1788,1914,0,False,,,1914,1788,True,True,True,False,False
LEGACY,cm30OCT2018bhav.csv.zip,1881,0,0,1881,1881,0,1769,1881,0,False,,,1881,1769,True,True,True,False,False
LEGACY,cm31OCT2018bhav.csv.zip,1899,0,0,1899,1899,0,1780,1899,0,False,,,1899,1780,True,True,True,False,False
LEGACY,cm01NOV2018bhav.csv.zip,1870,0,0,1870,1870,0,1768,1870,0,False,,,1870,1768,True,True,True,False,False
LEGACY,cm02NOV2018bhav.csv.zip,1916,0,0,1916,1916,0,1791,1916,0,False,,,1916,1791,True,True,True,False,False
LEGACY,cm05NOV2018bhav.csv.zip,1907,0,0,1907,1907,0,1794,1907,0,False,,,1907,1794,True,True,True,False,False
LEGACY,cm06NOV2018bhav.csv.zip,1881,0,0,1881,1881,0,1776,1881,0,False,,,1881,1776,True,True,True,False,False
LEGACY,cm09NOV2018bhav.csv.zip,1870,0,0,1870,1870,0,1768,1870,0,False,,,1870,1768,True,True,True,False,False
LEGACY,cm12NOV2018bhav.csv.zip,1899,0,0,1899,1899,0,1784,1899,0,False,,,1899,1784,True,True,True,False,False
LEGACY,cm13NOV2018bhav.csv.zip,1890,0,0,1890,1890,0,1777,1890,0,False,,,1890,1777,True,True,True,False,False
LEGACY,cm14NOV2018bhav.csv.zip,1884,0,0,1884,1884,0,1777,1884,0,False,,,1884,1777,True,True,True,False,False
LEGACY,cm15NOV2018bhav.csv.zip,1900,0,0,1900,1899,1,1779,1900,0,False,,,1899,1779,True,False,True,False,True
LEGACY,cm16NOV2018bhav.csv.zip,1904,0,0,1904,1904,0,1781,1904,0,False,,,1904,1781,True,True,True,False,False
LEGACY,cm19NOV2018bhav.csv.zip,1899,0,0,1899,1899,0,1789,1899,0,False,,,1899,1789,True,True,True,False,False
LEGACY,cm20NOV2018bhav.csv.zip,1896,0,0,1896,1896,0,1789,1896,0,False,,,1896,1789,True,True,True,False,False
LEGACY,cm21NOV2018bhav.csv.zip,1863,0,0,1863,1863,0,1765,1863,0,False,,,1863,1765,True,True,True,False,False
LEGACY,cm22NOV2018bhav.csv.zip,1880,0,0,1880,1880,0,1774,1880,0,False,,,1880,1774,True,True,True,False,False
LEGACY,cm26NOV2018bhav.csv.zip,1897,0,0,1897,1897,0,1785,1897,0,False,,,1897,1785,True,True,True,False,False
LEGACY,cm27NOV2018bhav.csv.zip,1898,0,0,1898,1897,1,1787,1898,0,False,,,1897,1787,True,False,True,False,True
LEGACY,cm28NOV2018bhav.csv.zip,1884,0,0,1884,1884,0,1773,1884,0,False,,,1884,1773,True,True,True,False,False
LEGACY,cm29NOV2018bhav.csv.zip,1900,0,0,1900,1900,0,1791,1900,0,False,,,1900,1791,True,True,True,False,False
LEGACY,cm30NOV2018bhav.csv.zip,1894,0,0,1894,1894,0,1789,1894,0,False,,,1894,1789,True,True,True,False,False
LEGACY,cm03DEC2018bhav.csv.zip,1916,0,0,1916,1916,0,1794,1916,0,False,,,1916,1794,True,True,True,False,False
LEGACY,cm04DEC2018bhav.csv.zip,1888,0,0,1888,1888,0,1769,1888,0,False,,,1888,1769,True,True,True,False,False
LEGACY,cm05DEC2018bhav.csv.zip,1875,0,0,1875,1875,0,1775,1875,0,False,,,1875,1775,True,True,True,False,False
LEGACY,cm06DEC2018bhav.csv.zip,1880,0,0,1880,1880,0,1760,1880,0,False,,,1880,1760,True,True,True,False,False
LEGACY,cm07DEC2018bhav.csv.zip,1876,0,0,1876,1876,0,1769,1876,0,False,,,1876,1769,True,True,True,False,False
LEGACY,cm10DEC2018bhav.csv.zip,1877,0,0,1877,1877,0,1761,1877,0,False,,,1877,1761,True,True,True,False,False
LEGACY,cm11DEC2018bhav.csv.zip,1845,0,0,1845,1845,0,1740,1845,0,False,,,1845,1740,True,True,True,False,False
LEGACY,cm12DEC2018bhav.csv.zip,1871,0,0,1871,1871,0,1764,1871,0,False,,,1871,1764,True,True,True,False,False
LEGACY,cm13DEC2018bhav.csv.zip,1857,0,0,1857,1856,1,1761,1857,0,False,,,1856,1761,True,False,True,False,True
LEGACY,cm14DEC2018bhav.csv.zip,1876,0,0,1876,1876,0,1763,1876,0,False,,,1876,1763,True,True,True,False,False
LEGACY,cm17DEC2018bhav.csv.zip,1892,0,0,1892,1892,0,1781,1892,0,False,,,1892,1781,True,True,True,False,False
LEGACY,cm18DEC2018bhav.csv.zip,1892,0,0,1892,1892,0,1776,1892,0,False,,,1892,1776,True,True,True,False,False
LEGACY,cm19DEC2018bhav.csv.zip,1876,0,0,1876,1876,0,1772,1876,0,False,,,1876,1772,True,True,True,False,False
LEGACY,cm20DEC2018bhav.csv.zip,1891,0,0,1891,1891,0,1788,1891,0,False,,,1891,1788,True,True,True,False,False
LEGACY,cm21DEC2018bhav.csv.zip,1868,0,0,1868,1868,0,1760,1868,0,False,,,1868,1760,True,True,True,False,False
LEGACY,cm24DEC2018bhav.csv.zip,1879,0,0,1879,1879,0,1772,1879,0,False,,,1879,1772,True,True,True,False,False
LEGACY,cm26DEC2018bhav.csv.zip,1864,0,0,1864,1864,0,1762,1864,0,False,,,1864,1762,True,True,True,False,False
LEGACY,cm27DEC2018bhav.csv.zip,1872,0,0,1872,1872,0,1763,1872,0,False,,,1872,1763,True,True,True,False,False
LEGACY,cm28DEC2018bhav.csv.zip,1897,0,0,1897,1897,0,1786,1897,0,False,,,1897,1786,True,True,True,False,False
LEGACY,cm31DEC2018bhav.csv.zip,1919,0,0,1919,1919,0,1803,1919,0,False,,,1919,1803,True,True,True,False,False
LEGACY,cm01JAN2019bhav.csv.zip,1835,0,0,1835,1835,0,1743,1835,0,False,,,1835,1743,True,True,True,False,False
LEGACY,cm02JAN2019bhav.csv.zip,1874,0,0,1874,1874,0,1766,1874,0,False,,,1874,1766,True,True,True,False,False
LEGACY,cm03JAN2019bhav.csv.zip,1878,0,0,1878,1878,0,1769,1878,0,False,,,1878,1769,True,True,True,False,False
LEGACY,cm04JAN2019bhav.csv.zip,1889,0,0,1889,1889,0,1772,1889,0,False,,,1889,1772,True,True,True,False,False
LEGACY,cm07JAN2019bhav.csv.zip,1928,0,0,1928,1928,0,1795,1928,0,False,,,1928,1795,True,True,True,False,False
LEGACY,cm08JAN2019bhav.csv.zip,1892,0,0,1892,1892,0,1770,1892,0,False,,,1892,1770,True,True,True,False,False
LEGACY,cm09JAN2019bhav.csv.zip,1913,0,0,1913,1913,0,1794,1913,0,False,,,1913,1794,True,True,True,False,False
LEGACY,cm10JAN2019bhav.csv.zip,1883,0,0,1883,1883,0,1775,1883,0,False,,,1883,1775,True,True,True,False,False
LEGACY,cm11JAN2019bhav.csv.zip,1879,0,0,1879,1879,0,1755,1879,0,False,,,1879,1755,True,True,True,False,False
LEGACY,cm14JAN2019bhav.csv.zip,1894,0,0,1894,1894,0,1777,1894,0,False,,,1894,1777,True,True,True,False,False
LEGACY,cm15JAN2019bhav.csv.zip,1892,0,0,1892,1891,1,1779,1892,0,False,,,1891,1779,True,False,True,False,True
LEGACY,cm16JAN2019bhav.csv.zip,1876,0,0,1876,1876,0,1766,1876,0,False,,,1876,1766,True,True,True,False,False
LEGACY,cm17JAN2019bhav.csv.zip,1877,0,0,1877,1877,0,1769,1877,0,False,,,1877,1769,True,True,True,False,False
LEGACY,cm18JAN2019bhav.csv.zip,1875,0,0,1875,1875,0,1772,1875,0,False,,,1875,1772,True,True,True,False,False
LEGACY,cm21JAN2019bhav.csv.zip,1898,0,0,1898,1898,0,1787,1898,0,False,,,1898,1787,True,True,True,False,False
LEGACY,cm22JAN2019bhav.csv.zip,1882,0,0,1882,1882,0,1780,1882,0,False,,,1882,1780,True,True,True,False,False
LEGACY,cm23JAN2019bhav.csv.zip,1862,0,0,1862,1862,0,1764,1862,0,False,,,1862,1764,True,True,True,False,False
LEGACY,cm24JAN2019bhav.csv.zip,1872,0,0,1872,1872,0,1761,1872,0,False,,,1872,1761,True,True,True,False,False
LEGACY,cm25JAN2019bhav.csv.zip,1896,0,0,1896,1896,0,1779,1896,0,False,,,1896,1779,True,True,True,False,False
LEGACY,cm28JAN2019bhav.csv.zip,1904,0,0,1904,1904,0,1790,1904,0,False,,,1904,1790,True,True,True,False,False
LEGACY,cm29JAN2019bhav.csv.zip,1891,0,0,1891,1891,0,1770,1891,0,False,,,1891,1770,True,True,True,False,False
LEGACY,cm30JAN2019bhav.csv.zip,1902,0,0,1902,1900,2,1764,1902,0,False,,,1900,1764,True,False,True,False,True
LEGACY,cm31JAN2019bhav.csv.zip,1894,0,0,1894,1894,0,1763,1894,0,False,,,1894,1763,True,True,True,False,False
LEGACY,cm01FEB2019bhav.csv.zip,1882,0,0,1882,1882,0,1764,1882,0,False,,,1882,1764,True,True,True,False,False
LEGACY,cm04FEB2019bhav.csv.zip,1946,0,0,1946,1944,2,1805,1946,0,False,,,1944,1805,True,False,True,False,True
LEGACY,cm05FEB2019bhav.csv.zip,1910,0,0,1910,1910,0,1777,1910,0,False,,,1910,1777,True,True,True,False,False
LEGACY,cm06FEB2019bhav.csv.zip,1890,0,0,1890,1890,0,1771,1890,0,False,,,1890,1771,True,True,True,False,False
LEGACY,cm07FEB2019bhav.csv.zip,1896,0,0,1896,1896,0,1761,1896,0,False,,,1896,1761,True,True,True,False,False
LEGACY,cm08FEB2019bhav.csv.zip,1914,0,0,1914,1914,0,1781,1914,0,False,,,1914,1781,True,True,True,False,False
LEGACY,cm11FEB2019bhav.csv.zip,1932,0,0,1932,1928,4,1800,1932,0,False,,,1928,1800,True,False,True,False,True
LEGACY,cm12FEB2019bhav.csv.zip,1901,0,0,1901,1901,0,1775,1901,0,False,,,1901,1775,True,True,True,False,False
LEGACY,cm13FEB2019bhav.csv.zip,1889,0,0,1889,1889,0,1767,1889,0,False,,,1889,1767,True,True,True,False,False
LEGACY,cm14FEB2019bhav.csv.zip,1889,0,0,1889,1889,0,1770,1889,0,False,,,1889,1770,True,True,True,False,False
LEGACY,cm15FEB2019bhav.csv.zip,1904,0,0,1904,1904,0,1779,1904,0,False,,,1904,1779,True,True,True,False,False
LEGACY,cm18FEB2019bhav.csv.zip,1906,0,0,1906,1895,11,1783,1906,0,False,,,1895,1783,True,False,True,False,True
LEGACY,cm19FEB2019bhav.csv.zip,1878,0,0,1878,1878,0,1759,1878,0,False,,,1878,1759,True,True,True,False,False
LEGACY,cm20FEB2019bhav.csv.zip,1900,0,0,1900,1900,0,1776,1900,0,False,,,1900,1776,True,True,True,False,False
LEGACY,cm21FEB2019bhav.csv.zip,1886,0,0,1886,1886,0,1767,1886,0,False,,,1886,1767,True,True,True,False,False
LEGACY,cm22FEB2019bhav.csv.zip,1902,0,0,1902,1902,0,1781,1902,0,False,,,1902,1781,True,True,True,False,False
LEGACY,cm25FEB2019bhav.csv.zip,1932,0,0,1932,1911,21,1791,1932,0,False,,,1911,1791,True,False,True,False,True
LEGACY,cm26FEB2019bhav.csv.zip,1886,0,0,1886,1886,0,1778,1886,0,False,,,1886,1778,True,True,True,False,False
LEGACY,cm27FEB2019bhav.csv.zip,1894,0,0,1894,1894,0,1763,1894,0,False,,,1894,1763,True,True,True,False,False
LEGACY,cm28FEB2019bhav.csv.zip,1871,0,0,1871,1870,1,1758,1871,0,False,,,1870,1758,True,False,True,False,True
LEGACY,cm01MAR2019bhav.csv.zip,1895,0,0,1895,1895,0,1772,1895,0,False,,,1895,1772,True,True,True,False,False
LEGACY,cm05MAR2019bhav.csv.zip,1949,0,0,1949,1949,0,1818,1949,0,False,,,1949,1818,True,True,True,False,False
LEGACY,cm06MAR2019bhav.csv.zip,1938,0,0,1938,1938,0,1801,1938,0,False,,,1938,1801,True,True,True,False,False
LEGACY,cm07MAR2019bhav.csv.zip,1908,0,0,1908,1908,0,1778,1908,0,False,,,1908,1778,True,True,True,False,False
LEGACY,cm08MAR2019bhav.csv.zip,1916,0,0,1916,1915,1,1792,1916,0,False,,,1915,1792,True,False,True,False,True
LEGACY,cm11MAR2019bhav.csv.zip,1938,0,0,1938,1937,1,1808,1938,0,False,,,1937,1808,True,False,True,False,True
LEGACY,cm12MAR2019bhav.csv.zip,1933,0,0,1933,1933,0,1806,1933,0,False,,,1933,1806,True,True,True,False,False
LEGACY,cm13MAR2019bhav.csv.zip,1931,0,0,1931,1931,0,1798,1931,0,False,,,1931,1798,True,True,True,False,False
LEGACY,cm14MAR2019bhav.csv.zip,1918,0,0,1918,1917,1,1785,1918,0,False,,,1917,1785,True,False,True,False,True
LEGACY,cm15MAR2019bhav.csv.zip,1947,0,0,1947,1947,0,1811,1947,0,False,,,1947,1811,True,True,True,False,False
LEGACY,cm18MAR2019bhav.csv.zip,1956,0,0,1956,1954,2,1818,1956,0,False,,,1954,1818,True,False,True,False,True
LEGACY,cm19MAR2019bhav.csv.zip,1952,0,0,1952,1951,1,1816,1952,0,False,,,1951,1816,True,False,True,False,True
LEGACY,cm20MAR2019bhav.csv.zip,1948,0,0,1948,1948,0,1810,1948,0,False,,,1948,1810,True,True,True,False,False
LEGACY,cm22MAR2019bhav.csv.zip,1961,0,0,1961,1939,22,1800,1961,0,False,,,1939,1800,True,False,True,False,True
LEGACY,cm25MAR2019bhav.csv.zip,1966,0,0,1966,1950,16,1826,1966,0,False,,,1950,1826,True,False,True,False,True
LEGACY,cm26MAR2019bhav.csv.zip,1962,0,0,1962,1960,2,1822,1962,0,False,,,1960,1822,True,False,True,False,True
LEGACY,cm27MAR2019bhav.csv.zip,1950,0,0,1950,1950,0,1824,1950,0,False,,,1950,1824,True,True,True,False,False
LEGACY,cm28MAR2019bhav.csv.zip,1928,0,0,1928,1928,0,1806,1928,0,False,,,1928,1806,True,True,True,False,False
LEGACY,cm29MAR2019bhav.csv.zip,1932,0,0,1932,1931,1,1799,1932,0,False,,,1931,1799,True,False,True,False,True
LEGACY,cm01APR2019bhav.csv.zip,1948,0,0,1948,1948,0,1809,1948,0,False,,,1948,1809,True,True,True,False,False
LEGACY,cm02APR2019bhav.csv.zip,1906,0,0,1906,1906,0,1776,1906,0,False,,,1906,1776,True,True,True,False,False
LEGACY,cm03APR2019bhav.csv.zip,1933,0,0,1933,1933,0,1788,1933,0,False,,,1933,1788,True,True,True,False,False
LEGACY,cm04APR2019bhav.csv.zip,1916,0,0,1916,1916,0,1775,1916,0,False,,,1916,1775,True,True,True,False,False
LEGACY,cm05APR2019bhav.csv.zip,1910,0,0,1910,1910,0,1775,1910,0,False,,,1910,1775,True,True,True,False,False
LEGACY,cm08APR2019bhav.csv.zip,1922,0,0,1922,1921,1,1792,1922,0,False,,,1921,1792,True,False,True,False,True
LEGACY,cm09APR2019bhav.csv.zip,1912,0,0,1912,1912,0,1781,1912,0,False,,,1912,1781,True,True,True,False,False
LEGACY,cm10APR2019bhav.csv.zip,1909,0,0,1909,1909,0,1789,1909,0,False,,,1909,1789,True,True,True,False,False
LEGACY,cm11APR2019bhav.csv.zip,1895,0,0,1895,1895,0,1771,1895,0,False,,,1895,1771,True,True,True,False,False
LEGACY,cm12APR2019bhav.csv.zip,1913,0,0,1913,1913,0,1780,1913,0,False,,,1913,1780,True,True,True,False,False
LEGACY,cm15APR2019bhav.csv.zip,1917,0,0,1917,1917,0,1795,1917,0,False,,,1917,1795,True,True,True,False,False
LEGACY,cm16APR2019bhav.csv.zip,1920,0,0,1920,1919,1,1801,1920,0,False,,,1919,1801,True,False,True,False,True
LEGACY,cm18APR2019bhav.csv.zip,1943,0,0,1943,1943,0,1796,1943,0,False,,,1943,1796,True,True,True,False,False
LEGACY,cm22APR2019bhav.csv.zip,1949,0,0,1949,1949,0,1806,1949,0,False,,,1949,1806,True,True,True,False,False
LEGACY,cm23APR2019bhav.csv.zip,1930,0,0,1930,1930,0,1796,1930,0,False,,,1930,1796,True,True,True,False,False
LEGACY,cm24APR2019bhav.csv.zip,1911,0,0,1911,1911,0,1780,1911,0,False,,,1911,1780,True,True,True,False,False
LEGACY,cm25APR2019bhav.csv.zip,1913,0,0,1913,1913,0,1782,1913,0,False,,,1913,1782,True,True,True,False,False
LEGACY,cm26APR2019bhav.csv.zip,1910,0,0,1910,1910,0,1782,1910,0,False,,,1910,1782,True,True,True,False,False
LEGACY,cm30APR2019bhav.csv.zip,1958,0,0,1958,1958,0,1810,1958,0,False,,,1958,1810,True,True,True,False,False
LEGACY,cm02MAY2019bhav.csv.zip,1939,0,0,1939,1939,0,1795,1939,0,False,,,1939,1795,True,True,True,False,False
LEGACY,cm03MAY2019bhav.csv.zip,1927,0,0,1927,1927,0,1799,1927,0,False,,,1927,1799,True,True,True,False,False
LEGACY,cm06MAY2019bhav.csv.zip,1923,0,0,1923,1923,0,1794,1923,0,False,,,1923,1794,True,True,True,False,False
LEGACY,cm07MAY2019bhav.csv.zip,1938,0,0,1938,1938,0,1799,1938,0,False,,,1938,1799,True,True,True,False,False
LEGACY,cm08MAY2019bhav.csv.zip,1913,0,0,1913,1913,0,1778,1913,0,False,,,1913,1778,True,True,True,False,False
LEGACY,cm09MAY2019bhav.csv.zip,1906,0,0,1906,1906,0,1772,1906,0,False,,,1906,1772,True,True,True,False,False
LEGACY,cm10MAY2019bhav.csv.zip,1895,0,0,1895,1895,0,1772,1895,0,False,,,1895,1772,True,True,True,False,False
LEGACY,cm13MAY2019bhav.csv.zip,1922,0,0,1922,1922,0,1786,1922,0,False,,,1922,1786,True,True,True,False,False
LEGACY,cm14MAY2019bhav.csv.zip,1917,0,0,1917,1917,0,1780,1917,0,False,,,1917,1780,True,True,True,False,False
LEGACY,cm15MAY2019bhav.csv.zip,1911,0,0,1911,1911,0,1783,1911,0,False,,,1911,1783,True,True,True,False,False
LEGACY,cm16MAY2019bhav.csv.zip,1896,0,0,1896,1896,0,1758,1896,0,False,,,1896,1758,True,True,True,False,False
LEGACY,cm17MAY2019bhav.csv.zip,1908,0,0,1908,1907,1,1776,1908,0,False,,,1907,1776,True,False,True,False,True
LEGACY,cm20MAY2019bhav.csv.zip,1935,0,0,1935,1935,0,1780,1935,0,False,,,1935,1780,True,True,True,False,False
LEGACY,cm21MAY2019bhav.csv.zip,1886,0,0,1886,1886,0,1764,1886,0,False,,,1886,1764,True,True,True,False,False
LEGACY,cm22MAY2019bhav.csv.zip,1915,0,0,1915,1915,0,1785,1915,0,False,,,1915,1785,True,True,True,False,False
LEGACY,cm23MAY2019bhav.csv.zip,1899,0,0,1899,1899,0,1781,1899,0,False,,,1899,1781,True,True,True,False,False
LEGACY,cm24MAY2019bhav.csv.zip,1918,0,0,1918,1918,0,1787,1918,0,False,,,1918,1787,True,True,True,False,False
LEGACY,cm27MAY2019bhav.csv.zip,1942,0,0,1942,1942,0,1803,1942,0,False,,,1942,1803,True,True,True,False,False
LEGACY,cm28MAY2019bhav.csv.zip,1917,0,0,1917,1917,0,1782,1917,0,False,,,1917,1782,True,True,True,False,False
LEGACY,cm29MAY2019bhav.csv.zip,1902,0,0,1902,1902,0,1774,1902,0,False,,,1902,1774,True,True,True,False,False
LEGACY,cm30MAY2019bhav.csv.zip,1924,0,0,1924,1924,0,1788,1924,0,False,,,1924,1788,True,True,True,False,False
LEGACY,cm31MAY2019bhav.csv.zip,1939,0,0,1939,1939,0,1801,1939,0,False,,,1939,1801,True,True,True,False,False
LEGACY,cm03JUN2019bhav.csv.zip,1947,0,0,1947,1946,1,1811,1947,0,False,,,1946,1811,True,False,True,False,True
LEGACY,cm04JUN2019bhav.csv.zip,1951,0,0,1951,1951,0,1792,1951,0,False,,,1951,1792,True,True,True,False,False
LEGACY,cm06JUN2019bhav.csv.zip,1949,0,0,1949,1949,0,1802,1949,0,False,,,1949,1802,True,True,True,False,False
LEGACY,cm07JUN2019bhav.csv.zip,1935,0,0,1935,1935,0,1779,1935,0,False,,,1935,1779,True,True,True,False,False
LEGACY,cm10JUN2019bhav.csv.zip,1942,0,0,1942,1942,0,1806,1942,0,False,,,1942,1806,True,True,True,False,False
LEGACY,cm11JUN2019bhav.csv.zip,1933,0,0,1933,1933,0,1786,1933,0,False,,,1933,1786,True,True,True,False,False
LEGACY,cm12JUN2019bhav.csv.zip,1917,0,0,1917,1917,0,1778,1917,0,False,,,1917,1778,True,True,True,False,False
LEGACY,cm13JUN2019bhav.csv.zip,1916,0,0,1916,1916,0,1767,1916,0,False,,,1916,1767,True,True,True,False,False
LEGACY,cm14JUN2019bhav.csv.zip,1928,0,0,1928,1928,0,1786,1928,0,False,,,1928,1786,True,True,True,False,False
LEGACY,cm17JUN2019bhav.csv.zip,1945,0,0,1945,1945,0,1811,1945,0,False,,,1945,1811,True,True,True,False,False
LEGACY,cm18JUN2019bhav.csv.zip,1931,0,0,1931,1931,0,1793,1931,0,False,,,1931,1793,True,True,True,False,False
LEGACY,cm19JUN2019bhav.csv.zip,1934,0,0,1934,1934,0,1790,1934,0,False,,,1934,1790,True,True,True,False,False
LEGACY,cm20JUN2019bhav.csv.zip,1930,0,0,1930,1930,0,1783,1930,0,False,,,1930,1783,True,True,True,False,False
LEGACY,cm21JUN2019bhav.csv.zip,1932,0,0,1932,1931,1,1783,1932,0,False,,,1931,1783,True,False,True,False,True
LEGACY,cm24JUN2019bhav.csv.zip,1918,0,0,1918,1918,0,1777,1918,0,False,,,1918,1777,True,True,True,False,False
LEGACY,cm25JUN2019bhav.csv.zip,1898,0,0,1898,1898,0,1771,1898,0,False,,,1898,1771,True,True,True,False,False
LEGACY,cm26JUN2019bhav.csv.zip,1907,0,0,1907,1907,0,1775,1907,0,False,,,1907,1775,True,True,True,False,False
LEGACY,cm27JUN2019bhav.csv.zip,1910,0,0,1910,1909,1,1770,1910,0,False,,,1909,1770,True,False,True,False,True
LEGACY,cm28JUN2019bhav.csv.zip,1902,0,0,1902,1902,0,1766,1902,0,False,,,1902,1766,True,True,True,False,False
LEGACY,cm01JUL2019bhav.csv.zip,1927,0,0,1927,1927,0,1787,1927,0,False,,,1927,1787,True,True,True,False,False
LEGACY,cm02JUL2019bhav.csv.zip,1896,0,0,1896,1896,0,1773,1896,0,False,,,1896,1773,True,True,True,False,False
LEGACY,cm03JUL2019bhav.csv.zip,1890,0,0,1890,1890,0,1764,1890,0,False,,,1890,1764,True,True,True,False,False
LEGACY,cm04JUL2019bhav.csv.zip,1910,0,0,1910,1910,0,1777,1910,0,False,,,1910,1777,True,True,True,False,False
LEGACY,cm05JUL2019bhav.csv.zip,1886,0,0,1886,1885,1,1765,1886,0,False,,,1885,1765,True,False,True,False,True
LEGACY,cm08JUL2019bhav.csv.zip,1937,0,0,1937,1937,0,1799,1937,0,False,,,1937,1799,True,True,True,False,False
LEGACY,cm09JUL2019bhav.csv.zip,1902,0,0,1902,1902,0,1767,1902,0,False,,,1902,1767,True,True,True,False,False
LEGACY,cm10JUL2019bhav.csv.zip,1908,0,0,1908,1908,0,1764,1908,0,False,,,1908,1764,True,True,True,False,False
LEGACY,cm11JUL2019bhav.csv.zip,1892,0,0,1892,1892,0,1775,1892,0,False,,,1892,1775,True,True,True,False,False
LEGACY,cm12JUL2019bhav.csv.zip,1901,0,0,1901,1901,0,1778,1901,0,False,,,1901,1778,True,True,True,False,False
LEGACY,cm15JUL2019bhav.csv.zip,1936,0,0,1936,1936,0,1787,1936,0,False,,,1936,1787,True,True,True,False,False
LEGACY,cm16JUL2019bhav.csv.zip,1937,0,0,1937,1937,0,1791,1937,0,False,,,1937,1791,True,True,True,False,False
LEGACY,cm17JUL2019bhav.csv.zip,1933,0,0,1933,1933,0,1777,1933,0,False,,,1933,1777,True,True,True,False,False
LEGACY,cm18JUL2019bhav.csv.zip,1923,0,0,1923,1923,0,1784,1923,0,False,,,1923,1784,True,True,True,False,False
LEGACY,cm19JUL2019bhav.csv.zip,1932,0,0,1932,1932,0,1796,1932,0,False,,,1932,1796,True,True,True,False,False
LEGACY,cm22JUL2019bhav.csv.zip,1927,0,0,1927,1927,0,1794,1927,0,False,,,1927,1794,True,True,True,False,False
LEGACY,cm23JUL2019bhav.csv.zip,1948,0,0,1948,1948,0,1789,1948,0,False,,,1948,1789,True,True,True,False,False
LEGACY,cm24JUL2019bhav.csv.zip,1928,0,0,1928,1928,0,1789,1928,0,False,,,1928,1789,True,True,True,False,False
LEGACY,cm25JUL2019bhav.csv.zip,1940,0,0,1940,1940,0,1788,1940,0,False,,,1940,1788,True,True,True,False,False
LEGACY,cm26JUL2019bhav.csv.zip,1918,0,0,1918,1918,0,1774,1918,0,False,,,1918,1774,True,True,True,False,False
LEGACY,cm29JUL2019bhav.csv.zip,1941,0,0,1941,1940,1,1809,1941,0,False,,,1940,1809,True,False,True,False,True
LEGACY,cm30JUL2019bhav.csv.zip,1937,0,0,1937,1937,0,1777,1937,0,False,,,1937,1777,True,True,True,False,False
LEGACY,cm31JUL2019bhav.csv.zip,1955,0,0,1955,1955,0,1799,1955,0,False,,,1955,1799,True,True,True,False,False
LEGACY,cm01AUG2019bhav.csv.zip,1922,0,0,1922,1922,0,1781,1922,0,False,,,1922,1781,True,True,True,False,False
LEGACY,cm02AUG2019bhav.csv.zip,1916,0,0,1916,1916,0,1778,1916,0,False,,,1916,1778,True,True,True,False,False
LEGACY,cm05AUG2019bhav.csv.zip,1944,0,0,1944,1944,0,1802,1944,0,False,,,1944,1802,True,True,True,False,False
LEGACY,cm06AUG2019bhav.csv.zip,1930,0,0,1930,1930,0,1784,1930,0,False,,,1930,1784,True,True,True,False,False
LEGACY,cm07AUG2019bhav.csv.zip,1937,0,0,1937,1937,0,1791,1937,0,False,,,1937,1791,True,True,True,False,False
LEGACY,cm08AUG2019bhav.csv.zip,1919,0,0,1919,1919,0,1778,1919,0,False,,,1919,1778,True,True,True,False,False
LEGACY,cm09AUG2019bhav.csv.zip,1922,0,0,1922,1922,0,1787,1922,0,False,,,1922,1787,True,True,True,False,False
LEGACY,cm13AUG2019bhav.csv.zip,1934,0,0,1934,1934,0,1797,1934,0,False,,,1934,1797,True,True,True,False,False
LEGACY,cm14AUG2019bhav.csv.zip,1924,0,0,1924,1924,0,1777,1924,0,False,,,1924,1777,True,True,True,False,False
LEGACY,cm16AUG2019bhav.csv.zip,1930,0,0,1930,1930,0,1778,1930,0,False,,,1930,1778,True,True,True,False,False
LEGACY,cm19AUG2019bhav.csv.zip,1965,0,0,1965,1965,0,1818,1965,0,False,,,1965,1818,True,True,True,False,False
LEGACY,cm20AUG2019bhav.csv.zip,1940,0,0,1940,1939,1,1794,1940,0,False,,,1939,1794,True,False,True,False,True
LEGACY,cm21AUG2019bhav.csv.zip,1940,0,0,1940,1939,1,1793,1940,0,False,,,1939,1793,True,False,True,False,True
LEGACY,cm22AUG2019bhav.csv.zip,1951,0,0,1951,1950,1,1796,1951,0,False,,,1950,1796,True,False,True,False,True
LEGACY,cm23AUG2019bhav.csv.zip,1940,0,0,1940,1940,0,1793,1940,0,False,,,1940,1793,True,True,True,False,False
LEGACY,cm26AUG2019bhav.csv.zip,1951,0,0,1951,1951,0,1810,1951,0,False,,,1951,1810,True,True,True,False,False
LEGACY,cm27AUG2019bhav.csv.zip,1933,0,0,1933,1932,1,1794,1933,0,False,,,1932,1794,True,False,True,False,True
LEGACY,cm28AUG2019bhav.csv.zip,1938,0,0,1938,1938,0,1798,1938,0,False,,,1938,1798,True,True,True,False,False
LEGACY,cm29AUG2019bhav.csv.zip,1934,0,0,1934,1934,0,1792,1934,0,False,,,1934,1792,True,True,True,False,False
LEGACY,cm30AUG2019bhav.csv.zip,1928,0,0,1928,1927,1,1793,1928,0,False,,,1927,1793,True,False,True,False,True
LEGACY,cm03SEP2019bhav.csv.zip,1927,0,0,1927,1927,0,1795,1927,0,False,,,1927,1795,True,True,True,False,False
LEGACY,cm04SEP2019bhav.csv.zip,1901,0,0,1901,1901,0,1776,1901,0,False,,,1901,1776,True,True,True,False,False
LEGACY,cm05SEP2019bhav.csv.zip,1912,0,0,1912,1912,0,1785,1912,0,False,,,1912,1785,True,True,True,False,False
LEGACY,cm06SEP2019bhav.csv.zip,1923,0,0,1923,1923,0,1797,1923,0,False,,,1923,1797,True,True,True,False,False
LEGACY,cm09SEP2019bhav.csv.zip,1939,0,0,1939,1939,0,1805,1939,0,False,,,1939,1805,True,True,True,False,False
LEGACY,cm11SEP2019bhav.csv.zip,1964,0,0,1964,1964,0,1815,1964,0,False,,,1964,1815,True,True,True,False,False
LEGACY,cm12SEP2019bhav.csv.zip,1955,0,0,1955,1953,2,1799,1955,0,False,,,1953,1799,True,False,True,False,True
LEGACY,cm13SEP2019bhav.csv.zip,1955,0,0,1955,1955,0,1799,1955,0,False,,,1955,1799,True,True,True,False,False
LEGACY,cm16SEP2019bhav.csv.zip,1955,0,0,1955,1954,1,1819,1955,0,False,,,1954,1819,True,False,True,False,True
LEGACY,cm17SEP2019bhav.csv.zip,1949,0,0,1949,1949,0,1798,1949,0,False,,,1949,1798,True,True,True,False,False
LEGACY,cm18SEP2019bhav.csv.zip,1950,0,0,1950,1949,1,1798,1950,0,False,,,1949,1798,True,False,True,False,True
LEGACY,cm19SEP2019bhav.csv.zip,1930,0,0,1930,1930,0,1796,1930,0,False,,,1930,1796,True,True,True,False,False
LEGACY,cm20SEP2019bhav.csv.zip,1981,0,0,1981,1981,0,1811,1981,0,False,,,1981,1811,True,True,True,False,False
LEGACY,cm23SEP2019bhav.csv.zip,1981,0,0,1981,1980,1,1831,1981,0,False,,,1980,1831,True,False,True,False,True
LEGACY,cm24SEP2019bhav.csv.zip,1948,0,0,1948,1948,0,1813,1948,0,False,,,1948,1813,True,True,True,False,False
LEGACY,cm25SEP2019bhav.csv.zip,1942,0,0,1942,1935,7,1794,1942,0,False,,,1935,1794,True,False,True,False,True
LEGACY,cm26SEP2019bhav.csv.zip,1938,0,0,1938,1938,0,1802,1938,0,False,,,1938,1802,True,True,True,False,False
LEGACY,cm27SEP2019bhav.csv.zip,1947,0,0,1947,1946,1,1802,1947,0,False,,,1946,1802,True,False,True,False,True
LEGACY,cm30SEP2019bhav.csv.zip,1975,0,0,1975,1974,1,1832,1975,0,False,,,1974,1832,True,False,True,False,True
LEGACY,cm01OCT2019bhav.csv.zip,1950,0,0,1950,1950,0,1796,1950,0,False,,,1950,1796,True,True,True,False,False
LEGACY,cm03OCT2019bhav.csv.zip,1958,0,0,1958,1958,0,1791,1958,0,False,,,1958,1791,True,True,True,False,False
LEGACY,cm04OCT2019bhav.csv.zip,1949,0,0,1949,1949,0,1800,1949,0,False,,,1949,1800,True,True,True,False,False
LEGACY,cm07OCT2019bhav.csv.zip,1972,0,0,1972,1972,0,1822,1972,0,False,,,1972,1822,True,True,True,False,False
LEGACY,cm09OCT2019bhav.csv.zip,1950,0,0,1950,1949,1,1804,1950,0,False,,,1949,1804,True,False,True,False,True
LEGACY,cm10OCT2019bhav.csv.zip,1945,0,0,1945,1945,0,1802,1945,0,False,,,1945,1802,True,True,True,False,False
LEGACY,cm11OCT2019bhav.csv.zip,1944,0,0,1944,1944,0,1799,1944,0,False,,,1944,1799,True,True,True,False,False
LEGACY,cm14OCT2019bhav.csv.zip,1939,0,0,1939,1939,0,1802,1939,0,False,,,1939,1802,True,True,True,False,False
LEGACY,cm15OCT2019bhav.csv.zip,1938,0,0,1938,1938,0,1794,1938,0,False,,,1938,1794,True,True,True,False,False
LEGACY,cm16OCT2019bhav.csv.zip,1945,0,0,1945,1945,0,1798,1945,0,False,,,1945,1798,True,True,True,False,False
LEGACY,cm17OCT2019bhav.csv.zip,1960,0,0,1960,1960,0,1802,1960,0,False,,,1960,1802,True,True,True,False,False
LEGACY,cm18OCT2019bhav.csv.zip,1957,0,0,1957,1957,0,1798,1957,0,False,,,1957,1798,True,True,True,False,False
LEGACY,cm22OCT2019bhav.csv.zip,1983,0,0,1983,1983,0,1826,1983,0,False,,,1983,1826,True,True,True,False,False
LEGACY,cm23OCT2019bhav.csv.zip,1951,0,0,1951,1951,0,1797,1951,0,False,,,1951,1797,True,True,True,False,False
LEGACY,cm24OCT2019bhav.csv.zip,1929,0,0,1929,1929,0,1783,1929,0,False,,,1929,1783,True,True,True,False,False
LEGACY,cm25OCT2019bhav.csv.zip,1943,0,0,1943,1943,0,1804,1943,0,False,,,1943,1804,True,True,True,False,False
LEGACY,cm29OCT2019bhav.csv.zip,1952,0,0,1952,1952,0,1806,1952,0,False,,,1952,1806,True,True,True,False,False
LEGACY,cm30OCT2019bhav.csv.zip,1952,0,0,1952,1952,0,1806,1952,0,False,,,1952,1806,True,True,True,False,False
LEGACY,cm31OCT2019bhav.csv.zip,1952,0,0,1952,1952,0,1809,1952,0,False,,,1952,1809,True,True,True,False,False
LEGACY,cm01NOV2019bhav.csv.zip,1967,0,0,1967,1966,1,1804,1967,0,False,,,1966,1804,True,False,True,False,True
LEGACY,cm04NOV2019bhav.csv.zip,1976,0,0,1976,1976,0,1816,1976,0,False,,,1976,1816,True,True,True,False,False
LEGACY,cm05NOV2019bhav.csv.zip,1951,0,0,1951,1951,0,1808,1951,0,False,,,1951,1808,True,True,True,False,False
LEGACY,cm06NOV2019bhav.csv.zip,1949,0,0,1949,1948,1,1798,1949,0,False,,,1948,1798,True,False,True,False,True
LEGACY,cm07NOV2019bhav.csv.zip,1932,0,0,1932,1932,0,1787,1932,0,False,,,1932,1787,True,True,True,False,False
LEGACY,cm08NOV2019bhav.csv.zip,1940,0,0,1940,1940,0,1798,1940,0,False,,,1940,1798,True,True,True,False,False
LEGACY,cm11NOV2019bhav.csv.zip,1960,0,0,1960,1960,0,1814,1960,0,False,,,1960,1814,True,True,True,False,False
LEGACY,cm13NOV2019bhav.csv.zip,1961,0,0,1961,1961,0,1806,1961,0,False,,,1961,1806,True,True,True,False,False
LEGACY,cm14NOV2019bhav.csv.zip,1938,0,0,1938,1938,0,1795,1938,0,False,,,1938,1795,True,True,True,False,False
LEGACY,cm15NOV2019bhav.csv.zip,1984,0,0,1984,1984,0,1817,1984,0,False,,,1984,1817,True,True,True,False,False
LEGACY,cm18NOV2019bhav.csv.zip,1974,0,0,1974,1974,0,1821,1974,0,False,,,1974,1821,True,True,True,False,False
LEGACY,cm19NOV2019bhav.csv.zip,1959,0,0,1959,1959,0,1798,1959,0,False,,,1959,1798,True,True,True,False,False
LEGACY,cm20NOV2019bhav.csv.zip,1969,0,0,1969,1968,1,1806,1969,0,False,,,1968,1806,True,False,True,False,True
LEGACY,cm21NOV2019bhav.csv.zip,1965,0,0,1965,1964,1,1792,1965,0,False,,,1964,1792,True,False,True,False,True
LEGACY,cm22NOV2019bhav.csv.zip,1953,0,0,1953,1953,0,1796,1953,0,False,,,1953,1796,True,True,True,False,False
LEGACY,cm25NOV2019bhav.csv.zip,1996,0,0,1996,1996,0,1828,1996,0,False,,,1996,1828,True,True,True,False,False
LEGACY,cm26NOV2019bhav.csv.zip,1968,0,0,1968,1967,1,1806,1968,0,False,,,1967,1806,True,False,True,False,True
LEGACY,cm27NOV2019bhav.csv.zip,1956,0,0,1956,1956,0,1811,1956,0,False,,,1956,1811,True,True,True,False,False
LEGACY,cm28NOV2019bhav.csv.zip,1958,0,0,1958,1957,1,1808,1958,0,False,,,1957,1808,True,False,True,False,True
LEGACY,cm29NOV2019bhav.csv.zip,1951,0,0,1951,1951,0,1808,1951,0,False,,,1951,1808,True,True,True,False,False
LEGACY,cm02DEC2019bhav.csv.zip,1973,0,0,1973,1973,0,1821,1973,0,False,,,1973,1821,True,True,True,False,False
LEGACY,cm03DEC2019bhav.csv.zip,1956,0,0,1956,1955,1,1788,1956,0,False,,,1955,1788,True,False,True,False,True
LEGACY,cm04DEC2019bhav.csv.zip,1960,0,0,1960,1959,1,1800,1960,0,False,,,1959,1800,True,False,True,False,True
LEGACY,cm05DEC2019bhav.csv.zip,1957,0,0,1957,1957,0,1801,1957,0,False,,,1957,1801,True,True,True,False,False
LEGACY,cm06DEC2019bhav.csv.zip,1954,0,0,1954,1954,0,1803,1954,0,False,,,1954,1803,True,True,True,False,False
LEGACY,cm09DEC2019bhav.csv.zip,1972,0,0,1972,1972,0,1820,1972,0,False,,,1972,1820,True,True,True,False,False
LEGACY,cm10DEC2019bhav.csv.zip,1958,0,0,1958,1958,0,1803,1958,0,False,,,1958,1803,True,True,True,False,False
LEGACY,cm11DEC2019bhav.csv.zip,1937,0,0,1937,1937,0,1785,1937,0,False,,,1937,1785,True,True,True,False,False
LEGACY,cm12DEC2019bhav.csv.zip,1960,0,0,1960,1960,0,1811,1960,0,False,,,1960,1811,True,True,True,False,False
LEGACY,cm13DEC2019bhav.csv.zip,1957,0,0,1957,1957,0,1798,1957,0,False,,,1957,1798,True,True,True,False,False
LEGACY,cm16DEC2019bhav.csv.zip,1975,0,0,1975,1975,0,1819,1975,0,False,,,1975,1819,True,True,True,False,False
LEGACY,cm17DEC2019bhav.csv.zip,1963,0,0,1963,1962,1,1805,1963,0,False,,,1962,1805,True,False,True,False,True
LEGACY,cm18DEC2019bhav.csv.zip,1956,0,0,1956,1956,0,1815,1956,0,False,,,1956,1815,True,True,True,False,False
LEGACY,cm19DEC2019bhav.csv.zip,1926,0,0,1926,1926,0,1796,1926,0,False,,,1926,1796,True,True,True,False,False
LEGACY,cm20DEC2019bhav.csv.zip,1967,0,0,1967,1967,0,1814,1967,0,False,,,1967,1814,True,True,True,False,False
LEGACY,cm23DEC2019bhav.csv.zip,1971,0,0,1971,1970,1,1825,1971,0,False,,,1970,1825,True,False,True,False,True
LEGACY,cm24DEC2019bhav.csv.zip,1970,0,0,1970,1970,0,1804,1970,0,False,,,1970,1804,True,True,True,False,False
LEGACY,cm26DEC2019bhav.csv.zip,1965,0,0,1965,1965,0,1812,1965,0,False,,,1965,1812,True,True,True,False,False
LEGACY,cm27DEC2019bhav.csv.zip,1963,0,0,1963,1963,0,1813,1963,0,False,,,1963,1813,True,True,True,False,False
LEGACY,cm30DEC2019bhav.csv.zip,1980,0,0,1980,1978,2,1814,1980,0,False,,,1978,1814,True,False,True,False,True
LEGACY,cm31DEC2019bhav.csv.zip,1958,0,0,1958,1958,0,1816,1958,0,False,,,1958,1816,True,True,True,False,False
LEGACY,cm01JAN2020bhav.csv.zip,1910,0,0,1910,1910,0,1773,1910,0,False,,,1910,1773,True,True,True,False,False
LEGACY,cm02JAN2020bhav.csv.zip,1956,0,0,1956,1956,0,1801,1956,0,False,,,1956,1801,True,True,True,False,False
LEGACY,cm03JAN2020bhav.csv.zip,1968,0,0,1968,1968,0,1804,1968,0,False,,,1968,1804,True,True,True,False,False
LEGACY,cm06JAN2020bhav.csv.zip,1977,0,0,1977,1977,0,1821,1977,0,False,,,1977,1821,True,True,True,False,False
LEGACY,cm07JAN2020bhav.csv.zip,1971,0,0,1971,1971,0,1805,1971,0,False,,,1971,1805,True,True,True,False,False
LEGACY,cm08JAN2020bhav.csv.zip,1962,0,0,1962,1962,0,1808,1962,0,False,,,1962,1808,True,True,True,False,False
LEGACY,cm09JAN2020bhav.csv.zip,1965,0,0,1965,1964,1,1808,1965,0,False,,,1964,1808,True,False,True,False,True
LEGACY,cm10JAN2020bhav.csv.zip,1970,0,0,1970,1970,0,1806,1970,0,False,,,1970,1806,True,True,True,False,False
LEGACY,cm13JAN2020bhav.csv.zip,1998,0,0,1998,1998,0,1829,1998,0,False,,,1998,1829,True,True,True,False,False
LEGACY,cm14JAN2020bhav.csv.zip,1962,0,0,1962,1962,0,1807,1962,0,False,,,1962,1807,True,True,True,False,False
LEGACY,cm15JAN2020bhav.csv.zip,1964,0,0,1964,1964,0,1801,1964,0,False,,,1964,1801,True,True,True,False,False
LEGACY,cm16JAN2020bhav.csv.zip,1960,0,0,1960,1960,0,1807,1960,0,False,,,1960,1807,True,True,True,False,False
LEGACY,cm17JAN2020bhav.csv.zip,1955,0,0,1955,1955,0,1797,1955,0,False,,,1955,1797,True,True,True,False,False
LEGACY,cm20JAN2020bhav.csv.zip,1983,0,0,1983,1983,0,1832,1983,0,False,,,1983,1832,True,True,True,False,False
LEGACY,cm21JAN2020bhav.csv.zip,1959,0,0,1959,1959,0,1803,1959,0,False,,,1959,1803,True,True,True,False,False
LEGACY,cm22JAN2020bhav.csv.zip,1973,0,0,1973,1973,0,1813,1973,0,False,,,1973,1813,True,True,True,False,False
LEGACY,cm23JAN2020bhav.csv.zip,1971,0,0,1971,1971,0,1818,1971,0,False,,,1971,1818,True,True,True,False,False
LEGACY,cm24JAN2020bhav.csv.zip,1958,0,0,1958,1958,0,1800,1958,0,False,,,1958,1800,True,True,True,False,False
LEGACY,cm27JAN2020bhav.csv.zip,1982,0,0,1982,1982,0,1819,1982,0,False,,,1982,1819,True,True,True,False,False
LEGACY,cm28JAN2020bhav.csv.zip,1962,0,0,1962,1962,0,1800,1962,0,False,,,1962,1800,True,True,True,False,False
LEGACY,cm29JAN2020bhav.csv.zip,1977,0,0,1977,1977,0,1814,1977,0,False,,,1977,1814,True,True,True,False,False
LEGACY,cm30JAN2020bhav.csv.zip,1959,0,0,1959,1959,0,1806,1959,0,False,,,1959,1806,True,True,True,False,False
LEGACY,cm31JAN2020bhav.csv.zip,1930,0,0,1930,1930,0,1798,1930,0,False,,,1930,1798,True,True,True,False,False
LEGACY,cm03FEB2020bhav.csv.zip,1977,0,0,1977,1977,0,1820,1977,0,False,,,1977,1820,True,True,True,False,False
LEGACY,cm04FEB2020bhav.csv.zip,1952,0,0,1952,1951,1,1797,1952,0,False,,,1951,1797,True,False,True,False,True
LEGACY,cm05FEB2020bhav.csv.zip,1952,0,0,1952,1952,0,1802,1952,0,False,,,1952,1802,True,True,True,False,False
LEGACY,cm06FEB2020bhav.csv.zip,1953,0,0,1953,1953,0,1802,1953,0,False,,,1953,1802,True,True,True,False,False
LEGACY,cm07FEB2020bhav.csv.zip,1938,0,0,1938,1938,0,1793,1938,0,False,,,1938,1793,True,True,True,False,False
LEGACY,cm10FEB2020bhav.csv.zip,1990,0,0,1990,1990,0,1834,1990,0,False,,,1990,1834,True,True,True,False,False
LEGACY,cm11FEB2020bhav.csv.zip,1957,0,0,1957,1956,1,1809,1957,0,False,,,1956,1809,True,False,True,False,True
LEGACY,cm12FEB2020bhav.csv.zip,1955,0,0,1955,1955,0,1805,1955,0,False,,,1955,1805,True,True,True,False,False
LEGACY,cm13FEB2020bhav.csv.zip,1942,0,0,1942,1942,0,1799,1942,0,False,,,1942,1799,True,True,True,False,False
LEGACY,cm14FEB2020bhav.csv.zip,1960,0,0,1960,1960,0,1816,1960,0,False,,,1960,1816,True,True,True,False,False
LEGACY,cm17FEB2020bhav.csv.zip,1989,0,0,1989,1989,0,1837,1989,0,False,,,1989,1837,True,True,True,False,False
LEGACY,cm18FEB2020bhav.csv.zip,1983,0,0,1983,1982,1,1825,1983,0,False,,,1982,1825,True,False,True,False,True
LEGACY,cm19FEB2020bhav.csv.zip,1954,0,0,1954,1954,0,1803,1954,0,False,,,1954,1803,True,True,True,False,False
LEGACY,cm20FEB2020bhav.csv.zip,1982,0,0,1982,1982,0,1825,1982,0,False,,,1982,1825,True,True,True,False,False
LEGACY,cm24FEB2020bhav.csv.zip,1997,0,0,1997,1995,2,1834,1997,0,False,,,1995,1834,True,False,True,False,True
LEGACY,cm25FEB2020bhav.csv.zip,1970,0,0,1970,1970,0,1823,1970,0,False,,,1970,1823,True,True,True,False,False
LEGACY,cm26FEB2020bhav.csv.zip,1960,0,0,1960,1960,0,1814,1960,0,False,,,1960,1814,True,True,True,False,False
LEGACY,cm27FEB2020bhav.csv.zip,1966,0,0,1966,1964,2,1801,1966,0,False,,,1964,1801,True,False,True,False,True
LEGACY,cm28FEB2020bhav.csv.zip,1986,0,0,1986,1984,2,1820,1986,0,False,,,1984,1820,True,False,True,False,True
LEGACY,cm02MAR2020bhav.csv.zip,2004,0,0,2004,2003,1,1842,2004,0,False,,,2003,1842,True,False,True,False,True
LEGACY,cm03MAR2020bhav.csv.zip,1974,0,0,1974,1973,1,1818,1974,0,False,,,1973,1818,True,False,True,False,True
LEGACY,cm04MAR2020bhav.csv.zip,1983,0,0,1983,1983,0,1812,1983,0,False,,,1983,1812,True,True,True,False,False
LEGACY,cm05MAR2020bhav.csv.zip,1968,0,0,1968,1968,0,1807,1968,0,False,,,1968,1807,True,True,True,False,False
LEGACY,cm06MAR2020bhav.csv.zip,2002,0,0,2002,2001,1,1835,2002,0,False,,,2001,1835,True,False,True,False,True
LEGACY,cm09MAR2020bhav.csv.zip,2055,0,0,2055,2055,0,1862,2055,0,False,,,2055,1862,True,True,True,False,False
LEGACY,cm11MAR2020bhav.csv.zip,2012,0,0,2012,2012,0,1835,2012,0,False,,,2012,1835,True,True,True,False,False
LEGACY,cm12MAR2020bhav.csv.zip,2059,0,0,2059,2059,0,1848,2059,0,False,,,2059,1848,True,True,True,False,False
LEGACY,cm13MAR2020bhav.csv.zip,2001,0,0,2001,2001,0,1826,2001,0,False,,,2001,1826,True,True,True,False,False
LEGACY,cm16MAR2020bhav.csv.zip,2043,0,0,2043,2043,0,1849,2043,0,False,,,2043,1849,True,True,True,False,False
LEGACY,cm17MAR2020bhav.csv.zip,2006,0,0,2006,2005,1,1823,2006,0,False,,,2005,1823,True,False,True,False,True
LEGACY,cm18MAR2020bhav.csv.zip,2026,0,0,2026,2026,0,1833,2026,0,False,,,2026,1833,True,True,True,False,False
LEGACY,cm19MAR2020bhav.csv.zip,2040,0,0,2040,2040,0,1840,2040,0,False,,,2040,1840,True,True,True,False,False
LEGACY,cm20MAR2020bhav.csv.zip,1993,0,0,1993,1993,0,1814,1993,0,False,,,1993,1814,True,True,True,False,False
LEGACY,cm23MAR2020bhav.csv.zip,1965,0,0,1965,1964,1,1783,1965,0,False,,,1964,1783,True,False,True,False,True
LEGACY,cm24MAR2020bhav.csv.zip,1941,0,0,1941,1941,0,1781,1941,0,False,,,1941,1781,True,True,True,False,False
LEGACY,cm25MAR2020bhav.csv.zip,1918,0,0,1918,1918,0,1776,1918,0,False,,,1918,1776,True,True,True,False,False
LEGACY,cm26MAR2020bhav.csv.zip,1940,0,0,1940,1939,1,1795,1940,0,False,,,1939,1795,True,False,True,False,True
LEGACY,cm27MAR2020bhav.csv.zip,1961,0,0,1961,1961,0,1802,1961,0,False,,,1961,1802,True,True,True,False,False
LEGACY,cm30MAR2020bhav.csv.zip,1966,0,0,1966,1965,1,1807,1966,0,False,,,1965,1807,True,False,True,False,True
LEGACY,cm31MAR2020bhav.csv.zip,1952,0,0,1952,1947,5,1800,1952,0,False,,,1947,1800,True,False,True,False,True
LEGACY,cm01APR2020bhav.csv.zip,1906,0,0,1906,1906,0,1781,1906,0,False,,,1906,1781,True,True,True,False,False
LEGACY,cm03APR2020bhav.csv.zip,1941,0,0,1941,1941,0,1783,1941,0,False,,,1941,1783,True,True,True,False,False
LEGACY,cm07APR2020bhav.csv.zip,1998,0,0,1998,1998,0,1823,1998,0,False,,,1998,1823,True,True,True,False,False
LEGACY,cm08APR2020bhav.csv.zip,1964,0,0,1964,1964,0,1801,1964,0,False,,,1964,1801,True,True,True,False,False
LEGACY,cm09APR2020bhav.csv.zip,1950,0,0,1950,1950,0,1791,1950,0,False,,,1950,1791,True,True,True,False,False
LEGACY,cm13APR2020bhav.csv.zip,1957,0,0,1957,1957,0,1806,1957,0,False,,,1957,1806,True,True,True,False,False
LEGACY,cm15APR2020bhav.csv.zip,1968,0,0,1968,1968,0,1803,1968,0,False,,,1968,1803,True,True,True,False,False
LEGACY,cm16APR2020bhav.csv.zip,1953,0,0,1953,1953,0,1800,1953,0,False,,,1953,1800,True,True,True,False,False
LEGACY,cm17APR2020bhav.csv.zip,1964,0,0,1964,1964,0,1802,1964,0,False,,,1964,1802,True,True,True,False,False
LEGACY,cm20APR2020bhav.csv.zip,1986,0,0,1986,1986,0,1818,1986,0,False,,,1986,1818,True,True,True,False,False
LEGACY,cm21APR2020bhav.csv.zip,1941,0,0,1941,1941,0,1792,1941,0,False,,,1941,1792,True,True,True,False,False
LEGACY,cm22APR2020bhav.csv.zip,1944,0,0,1944,1944,0,1799,1944,0,False,,,1944,1799,True,True,True,False,False
LEGACY,cm23APR2020bhav.csv.zip,1950,0,0,1950,1950,0,1801,1950,0,False,,,1950,1801,True,True,True,False,False
LEGACY,cm24APR2020bhav.csv.zip,1962,0,0,1962,1962,0,1796,1962,0,False,,,1962,1796,True,True,True,False,False
LEGACY,cm27APR2020bhav.csv.zip,1979,0,0,1979,1979,0,1812,1979,0,False,,,1979,1812,True,True,True,False,False
LEGACY,cm28APR2020bhav.csv.zip,1945,0,0,1945,1945,0,1790,1945,0,False,,,1945,1790,True,True,True,False,False
LEGACY,cm29APR2020bhav.csv.zip,1963,0,0,1963,1963,0,1793,1963,0,False,,,1963,1793,True,True,True,False,False
LEGACY,cm30APR2020bhav.csv.zip,1949,0,0,1949,1949,0,1790,1949,0,False,,,1949,1790,True,True,True,False,False
LEGACY,cm04MAY2020bhav.csv.zip,1979,0,0,1979,1979,0,1806,1979,0,False,,,1979,1806,True,True,True,False,False
LEGACY,cm05MAY2020bhav.csv.zip,1939,0,0,1939,1939,0,1781,1939,0,False,,,1939,1781,True,True,True,False,False
LEGACY,cm06MAY2020bhav.csv.zip,1933,0,0,1933,1933,0,1784,1933,0,False,,,1933,1784,True,True,True,False,False
LEGACY,cm07MAY2020bhav.csv.zip,1919,0,0,1919,1919,0,1779,1919,0,False,,,1919,1779,True,True,True,False,False
LEGACY,cm08MAY2020bhav.csv.zip,1934,0,0,1934,1934,0,1771,1934,0,False,,,1934,1771,True,True,True,False,False
LEGACY,cm11MAY2020bhav.csv.zip,1970,0,0,1970,1970,0,1809,1970,0,False,,,1970,1809,True,True,True,False,False
LEGACY,cm12MAY2020bhav.csv.zip,1911,0,0,1911,1911,0,1763,1911,0,False,,,1911,1763,True,True,True,False,False
LEGACY,cm13MAY2020bhav.csv.zip,1923,0,0,1923,1923,0,1786,1923,0,False,,,1923,1786,True,True,True,False,False
LEGACY,cm14MAY2020bhav.csv.zip,1912,0,0,1912,1912,0,1775,1912,0,False,,,1912,1775,True,True,True,False,False
LEGACY,cm15MAY2020bhav.csv.zip,1912,0,0,1912,1912,0,1781,1912,0,False,,,1912,1781,True,True,True,False,False
LEGACY,cm18MAY2020bhav.csv.zip,1956,0,0,1956,1955,1,1809,1956,0,False,,,1955,1809,True,False,True,False,True
LEGACY,cm19MAY2020bhav.csv.zip,1913,0,0,1913,1913,0,1779,1913,0,False,,,1913,1779,True,True,True,False,False
LEGACY,cm20MAY2020bhav.csv.zip,1910,0,0,1910,1910,0,1776,1910,0,False,,,1910,1776,True,True,True,False,False
LEGACY,cm21MAY2020bhav.csv.zip,1898,0,0,1898,1898,0,1776,1898,0,False,,,1898,1776,True,True,True,False,False
LEGACY,cm22MAY2020bhav.csv.zip,1894,0,0,1894,1894,0,1771,1894,0,False,,,1894,1771,True,True,True,False,False
LEGACY,cm26MAY2020bhav.csv.zip,1963,0,0,1963,1963,0,1813,1963,0,False,,,1963,1813,True,True,True,False,False
LEGACY,cm27MAY2020bhav.csv.zip,1916,0,0,1916,1916,0,1781,1916,0,False,,,1916,1781,True,True,True,False,False
LEGACY,cm28MAY2020bhav.csv.zip,1936,0,0,1936,1936,0,1788,1936,0,False,,,1936,1788,True,True,True,False,False
LEGACY,cm29MAY2020bhav.csv.zip,1927,0,0,1927,1927,0,1783,1927,0,False,,,1927,1783,True,True,True,False,False
LEGACY,cm01JUN2020bhav.csv.zip,1981,0,0,1981,1981,0,1826,1981,0,False,,,1981,1826,True,True,True,False,False
LEGACY,cm02JUN2020bhav.csv.zip,1943,0,0,1943,1943,0,1795,1943,0,False,,,1943,1795,True,True,True,False,False
LEGACY,cm03JUN2020bhav.csv.zip,1961,0,0,1961,1961,0,1815,1961,0,False,,,1961,1815,True,True,True,False,False
LEGACY,cm04JUN2020bhav.csv.zip,1929,0,0,1929,1929,0,1798,1929,0,False,,,1929,1798,True,True,True,False,False
LEGACY,cm05JUN2020bhav.csv.zip,1972,0,0,1972,1972,0,1813,1972,0,False,,,1972,1813,True,True,True,False,False
LEGACY,cm08JUN2020bhav.csv.zip,1995,0,0,1995,1995,0,1843,1995,0,False,,,1995,1843,True,True,True,False,False
LEGACY,cm09JUN2020bhav.csv.zip,1992,0,0,1992,1992,0,1837,1992,0,False,,,1992,1837,True,True,True,False,False
LEGACY,cm10JUN2020bhav.csv.zip,1982,0,0,1982,1982,0,1822,1982,0,False,,,1982,1822,True,True,True,False,False
LEGACY,cm11JUN2020bhav.csv.zip,1945,0,0,1945,1945,0,1807,1945,0,False,,,1945,1807,True,True,True,False,False
LEGACY,cm12JUN2020bhav.csv.zip,1941,0,0,1941,1941,0,1807,1941,0,False,,,1941,1807,True,True,True,False,False
LEGACY,cm15JUN2020bhav.csv.zip,1973,0,0,1973,1973,0,1822,1973,0,False,,,1973,1822,True,True,True,False,False
LEGACY,cm16JUN2020bhav.csv.zip,1955,0,0,1955,1953,2,1814,1955,0,False,,,1953,1814,True,False,True,False,True
LEGACY,cm17JUN2020bhav.csv.zip,1950,0,0,1950,1948,2,1805,1950,0,False,,,1948,1805,True,False,True,False,True
LEGACY,cm18JUN2020bhav.csv.zip,1943,0,0,1943,1943,0,1802,1943,0,False,,,1943,1802,True,True,True,False,False
LEGACY,cm19JUN2020bhav.csv.zip,1942,0,0,1942,1942,0,1799,1942,0,False,,,1942,1799,True,True,True,False,False
LEGACY,cm22JUN2020bhav.csv.zip,2020,0,0,2020,2019,1,1844,2020,0,False,,,2019,1844,True,False,True,False,True
LEGACY,cm23JUN2020bhav.csv.zip,1971,0,0,1971,1971,0,1824,1971,0,False,,,1971,1824,True,True,True,False,False
LEGACY,cm24JUN2020bhav.csv.zip,1975,0,0,1975,1975,0,1823,1975,0,False,,,1975,1823,True,True,True,False,False
LEGACY,cm25JUN2020bhav.csv.zip,1956,0,0,1956,1956,0,1805,1956,0,False,,,1956,1805,True,True,True,False,False
LEGACY,cm26JUN2020bhav.csv.zip,1962,0,0,1962,1962,0,1810,1962,0,False,,,1962,1810,True,True,True,False,False
LEGACY,cm29JUN2020bhav.csv.zip,1985,0,0,1985,1985,0,1841,1985,0,False,,,1985,1841,True,True,True,False,False
LEGACY,cm30JUN2020bhav.csv.zip,1953,0,0,1953,1953,0,1807,1953,0,False,,,1953,1807,True,True,True,False,False
LEGACY,cm01JUL2020bhav.csv.zip,1982,0,0,1982,1982,0,1817,1982,0,False,,,1982,1817,True,True,True,False,False
LEGACY,cm02JUL2020bhav.csv.zip,1965,0,0,1965,1964,1,1821,1965,0,False,,,1964,1821,True,False,True,False,True
LEGACY,cm03JUL2020bhav.csv.zip,1980,0,0,1980,1980,0,1819,1980,0,False,,,1980,1819,True,True,True,False,False
LEGACY,cm06JUL2020bhav.csv.zip,2026,0,0,2026,2026,0,1865,2026,0,False,,,2026,1865,True,True,True,False,False
LEGACY,cm07JUL2020bhav.csv.zip,1996,0,0,1996,1996,0,1837,1996,0,False,,,1996,1837,True,True,True,False,False
LEGACY,cm08JUL2020bhav.csv.zip,1985,0,0,1985,1985,0,1828,1985,0,False,,,1985,1828,True,True,True,False,False
LEGACY,cm09JUL2020bhav.csv.zip,1967,0,0,1967,1967,0,1816,1967,0,False,,,1967,1816,True,True,True,False,False
LEGACY,cm10JUL2020bhav.csv.zip,1962,0,0,1962,1962,0,1808,1962,0,False,,,1962,1808,True,True,True,False,False
LEGACY,cm13JUL2020bhav.csv.zip,2001,0,0,2001,2001,0,1844,2001,0,True,2020-07-13,exact,2001,1844,True,True,True,False,False
LEGACY,cm14JUL2020bhav.csv.zip,1968,0,0,1968,1967,1,1822,1968,0,False,,,1967,1822,True,False,True,False,True
LEGACY,cm15JUL2020bhav.csv.zip,1962,0,0,1962,1962,0,1813,1962,0,False,,,1962,1813,True,True,True,False,False
LEGACY,cm16JUL2020bhav.csv.zip,1963,0,0,1963,1963,0,1812,1963,0,False,,,1963,1812,True,True,True,False,False
LEGACY,cm17JUL2020bhav.csv.zip,1955,0,0,1955,1955,0,1806,1955,0,False,,,1955,1806,True,True,True,False,False
LEGACY,cm20JUL2020bhav.csv.zip,2023,0,0,2023,2023,0,1848,2023,0,False,,,2023,1848,True,True,True,False,False
LEGACY,cm21JUL2020bhav.csv.zip,1981,0,0,1981,1981,0,1821,1981,0,False,,,1981,1821,True,True,True,False,False
LEGACY,cm22JUL2020bhav.csv.zip,1976,0,0,1976,1975,1,1820,1976,0,False,,,1975,1820,True,False,True,False,True
LEGACY,cm23JUL2020bhav.csv.zip,1967,0,0,1967,1967,0,1815,1967,0,False,,,1967,1815,True,True,True,False,False
LEGACY,cm24JUL2020bhav.csv.zip,1973,0,0,1973,1973,0,1822,1973,0,False,,,1973,1822,True,True,True,False,False
LEGACY,cm27JUL2020bhav.csv.zip,1984,0,0,1984,1983,1,1837,1984,0,False,,,1983,1837,True,False,True,False,True
LEGACY,cm28JUL2020bhav.csv.zip,1981,0,0,1981,1981,0,1821,1981,0,False,,,1981,1821,True,True,True,False,False
LEGACY,cm29JUL2020bhav.csv.zip,1976,0,0,1976,1976,0,1823,1976,0,False,,,1976,1823,True,True,True,False,False
LEGACY,cm30JUL2020bhav.csv.zip,1984,0,0,1984,1984,0,1830,1984,0,False,,,1984,1830,True,True,True,False,False
LEGACY,cm31JUL2020bhav.csv.zip,1932,0,0,1932,1932,0,1809,1932,0,False,,,1932,1809,True,True,True,False,False
LEGACY,cm03AUG2020bhav.csv.zip,1972,0,0,1972,1972,0,1831,1972,0,False,,,1972,1831,True,True,True,False,False
LEGACY,cm04AUG2020bhav.csv.zip,1961,0,0,1961,1961,0,1820,1961,0,False,,,1961,1820,True,True,True,False,False
LEGACY,cm05AUG2020bhav.csv.zip,1980,0,0,1980,1980,0,1837,1980,0,False,,,1980,1837,True,True,True,False,False
LEGACY,cm06AUG2020bhav.csv.zip,1967,0,0,1967,1967,0,1824,1967,0,False,,,1967,1824,True,True,True,False,False
LEGACY,cm07AUG2020bhav.csv.zip,1976,0,0,1976,1976,0,1831,1976,0,False,,,1976,1831,True,True,True,False,False
LEGACY,cm10AUG2020bhav.csv.zip,2011,0,0,2011,2010,1,1865,2011,0,False,,,2010,1865,True,False,True,False,True
LEGACY,cm11AUG2020bhav.csv.zip,1989,0,0,1989,1989,0,1840,1989,0,False,,,1989,1840,True,True,True,False,False
LEGACY,cm12AUG2020bhav.csv.zip,1992,0,0,1992,1992,0,1840,1992,0,False,,,1992,1840,True,True,True,False,False
LEGACY,cm13AUG2020bhav.csv.zip,1985,0,0,1985,1984,1,1832,1985,0,False,,,1984,1832,True,False,True,False,True
LEGACY,cm14AUG2020bhav.csv.zip,1991,0,0,1991,1991,0,1840,1991,0,False,,,1991,1840,True,True,True,False,False
LEGACY,cm17AUG2020bhav.csv.zip,1991,0,0,1991,1991,0,1847,1991,0,False,,,1991,1847,True,True,True,False,False
LEGACY,cm18AUG2020bhav.csv.zip,1981,0,0,1981,1981,0,1847,1981,0,False,,,1981,1847,True,True,True,False,False
LEGACY,cm19AUG2020bhav.csv.zip,1986,0,0,1986,1982,4,1841,1986,0,False,,,1982,1841,True,False,True,False,True
LEGACY,cm20AUG2020bhav.csv.zip,1985,0,0,1985,1984,1,1841,1985,0,False,,,1984,1841,True,False,True,False,True
LEGACY,cm21AUG2020bhav.csv.zip,1986,0,0,1986,1986,0,1852,1986,0,False,,,1986,1852,True,True,True,False,False
LEGACY,cm24AUG2020bhav.csv.zip,2028,0,0,2028,2028,0,1863,2028,0,False,,,2028,1863,True,True,True,False,False
LEGACY,cm25AUG2020bhav.csv.zip,2001,0,0,2001,2001,0,1852,2001,0,False,,,2001,1852,True,True,True,False,False
LEGACY,cm26AUG2020bhav.csv.zip,2004,0,0,2004,2004,0,1845,2004,0,False,,,2004,1845,True,True,True,False,False
LEGACY,cm27AUG2020bhav.csv.zip,1990,0,0,1990,1989,1,1844,1990,0,False,,,1989,1844,True,False,True,False,True
LEGACY,cm28AUG2020bhav.csv.zip,2001,0,0,2001,2001,0,1846,2001,0,False,,,2001,1846,True,True,True,False,False
LEGACY,cm31AUG2020bhav.csv.zip,2024,0,0,2024,2024,0,1875,2024,0,False,,,2024,1875,True,True,True,False,False
LEGACY,cm01SEP2020bhav.csv.zip,1957,0,0,1957,1957,0,1819,1957,0,False,,,1957,1819,True,True,True,False,False
LEGACY,cm02SEP2020bhav.csv.zip,1980,0,0,1980,1980,0,1840,1980,0,False,,,1980,1840,True,True,True,False,False
LEGACY,cm03SEP2020bhav.csv.zip,1959,0,0,1959,1959,0,1822,1959,0,False,,,1959,1822,True,True,True,False,False
LEGACY,cm04SEP2020bhav.csv.zip,1981,0,0,1981,1980,1,1832,1981,0,False,,,1980,1832,True,False,True,False,True
LEGACY,cm07SEP2020bhav.csv.zip,1977,0,0,1977,1976,1,1837,1977,0,False,,,1976,1837,True,False,True,False,True
LEGACY,cm08SEP2020bhav.csv.zip,1964,0,0,1964,1963,1,1825,1964,0,False,,,1963,1825,True,False,True,False,True
LEGACY,cm09SEP2020bhav.csv.zip,1969,0,0,1969,1969,0,1823,1969,0,False,,,1969,1823,True,True,True,False,False
LEGACY,cm10SEP2020bhav.csv.zip,1958,0,0,1958,1958,0,1825,1958,0,False,,,1958,1825,True,True,True,False,False
LEGACY,cm11SEP2020bhav.csv.zip,1953,0,0,1953,1952,1,1824,1953,0,False,,,1952,1824,True,False,True,False,True
LEGACY,cm14SEP2020bhav.csv.zip,1992,0,0,1992,1991,1,1843,1992,0,False,,,1991,1843,True,False,True,False,True
LEGACY,cm15SEP2020bhav.csv.zip,1972,0,0,1972,1971,1,1831,1972,0,False,,,1971,1831,True,False,True,False,True
LEGACY,cm16SEP2020bhav.csv.zip,1963,0,0,1963,1963,0,1835,1963,0,False,,,1963,1835,True,True,True,False,False
LEGACY,cm17SEP2020bhav.csv.zip,1962,0,0,1962,1962,0,1839,1962,0,False,,,1962,1839,True,True,True,False,False
LEGACY,cm18SEP2020bhav.csv.zip,1964,0,0,1964,1964,0,1836,1964,0,False,,,1964,1836,True,True,True,False,False
LEGACY,cm21SEP2020bhav.csv.zip,2012,0,0,2012,2012,0,1854,2012,0,False,,,2012,1854,True,True,True,False,False
LEGACY,cm22SEP2020bhav.csv.zip,1976,0,0,1976,1975,1,1831,1976,0,False,,,1975,1831,True,False,True,False,True
LEGACY,cm23SEP2020bhav.csv.zip,1981,0,0,1981,1980,1,1834,1981,0,False,,,1980,1834,True,False,True,False,True
LEGACY,cm24SEP2020bhav.csv.zip,1967,0,0,1967,1967,0,1832,1967,0,False,,,1967,1832,True,True,True,False,False
LEGACY,cm25SEP2020bhav.csv.zip,1975,0,0,1975,1975,0,1838,1975,0,False,,,1975,1838,True,True,True,False,False
LEGACY,cm28SEP2020bhav.csv.zip,2003,0,0,2003,2002,1,1856,2003,0,False,,,2002,1856,True,False,True,False,True
LEGACY,cm29SEP2020bhav.csv.zip,1970,0,0,1970,1970,0,1826,1970,0,False,,,1970,1826,True,True,True,False,False
LEGACY,cm30SEP2020bhav.csv.zip,1957,0,0,1957,1957,0,1828,1957,0,False,,,1957,1828,True,True,True,False,False
LEGACY,cm01OCT2020bhav.csv.zip,1971,0,0,1971,1971,0,1835,1971,0,False,,,1971,1835,True,True,True,False,False
LEGACY,cm05OCT2020bhav.csv.zip,2019,0,0,2019,2019,0,1868,2019,0,False,,,2019,1868,True,True,True,False,False
LEGACY,cm06OCT2020bhav.csv.zip,2009,0,0,2009,2009,0,1857,2009,0,False,,,2009,1857,True,True,True,False,False
LEGACY,cm07OCT2020bhav.csv.zip,2018,0,0,2018,2018,0,1866,2018,0,False,,,2018,1866,True,True,True,False,False
LEGACY,cm08OCT2020bhav.csv.zip,2001,0,0,2001,2001,0,1860,2001,0,False,,,2001,1860,True,True,True,False,False
LEGACY,cm09OCT2020bhav.csv.zip,1992,0,0,1992,1992,0,1839,1992,0,False,,,1992,1839,True,True,True,False,False
LEGACY,cm12OCT2020bhav.csv.zip,1997,0,0,1997,1997,0,1859,1997,0,False,,,1997,1859,True,True,True,False,False
LEGACY,cm13OCT2020bhav.csv.zip,1994,0,0,1994,1994,0,1850,1994,0,False,,,1994,1850,True,True,True,False,False
LEGACY,cm14OCT2020bhav.csv.zip,1984,0,0,1984,1984,0,1847,1984,0,False,,,1984,1847,True,True,True,False,False
LEGACY,cm15OCT2020bhav.csv.zip,2009,0,0,2009,2009,0,1854,2009,0,False,,,2009,1854,True,True,True,False,False
LEGACY,cm16OCT2020bhav.csv.zip,2003,0,0,2003,2003,0,1847,2003,0,False,,,2003,1847,True,True,True,False,False
LEGACY,cm19OCT2020bhav.csv.zip,1989,0,0,1989,1989,0,1854,1989,0,False,,,1989,1854,True,True,True,False,False
LEGACY,cm20OCT2020bhav.csv.zip,1991,0,0,1991,1990,1,1846,1991,0,False,,,1990,1846,True,False,True,False,True
LEGACY,cm21OCT2020bhav.csv.zip,1996,0,0,1996,1995,1,1842,1996,0,False,,,1995,1842,True,False,True,False,True
LEGACY,cm22OCT2020bhav.csv.zip,1977,0,0,1977,1977,0,1836,1977,0,False,,,1977,1836,True,True,True,False,False
LEGACY,cm23OCT2020bhav.csv.zip,1998,0,0,1998,1998,0,1852,1998,0,False,,,1998,1852,True,True,True,False,False
LEGACY,cm26OCT2020bhav.csv.zip,2022,0,0,2022,2022,0,1869,2022,0,False,,,2022,1869,True,True,True,False,False
LEGACY,cm27OCT2020bhav.csv.zip,1978,0,0,1978,1978,0,1840,1978,0,False,,,1978,1840,True,True,True,False,False
LEGACY,cm28OCT2020bhav.csv.zip,1979,0,0,1979,1979,0,1844,1979,0,False,,,1979,1844,True,True,True,False,False
LEGACY,cm29OCT2020bhav.csv.zip,1996,0,0,1996,1996,0,1852,1996,0,False,,,1996,1852,True,True,True,False,False
LEGACY,cm30OCT2020bhav.csv.zip,1978,0,0,1978,1978,0,1843,1978,0,False,,,1978,1843,True,True,True,False,False
LEGACY,cm02NOV2020bhav.csv.zip,1984,0,0,1984,1984,0,1850,1984,0,False,,,1984,1850,True,True,True,False,False
LEGACY,cm03NOV2020bhav.csv.zip,1971,0,0,1971,1971,0,1843,1971,0,False,,,1971,1843,True,True,True,False,False
LEGACY,cm04NOV2020bhav.csv.zip,1980,0,0,1980,1978,2,1847,1980,0,False,,,1978,1847,True,False,True,False,True
LEGACY,cm05NOV2020bhav.csv.zip,1995,0,0,1995,1995,0,1859,1995,0,False,,,1995,1859,True,True,True,False,False
LEGACY,cm06NOV2020bhav.csv.zip,1995,0,0,1995,1995,0,1866,1995,0,False,,,1995,1866,True,True,True,False,False
LEGACY,cm09NOV2020bhav.csv.zip,2016,0,0,2016,2016,0,1871,2016,0,False,,,2016,1871,True,True,True,False,False
LEGACY,cm10NOV2020bhav.csv.zip,2018,0,0,2018,2018,0,1863,2018,0,False,,,2018,1863,True,True,True,False,False
LEGACY,cm11NOV2020bhav.csv.zip,1989,0,0,1989,1989,0,1854,1989,0,False,,,1989,1854,True,True,True,False,False
LEGACY,cm12NOV2020bhav.csv.zip,2009,0,0,2009,2008,1,1867,2009,0,False,,,2008,1867,True,False,True,False,True
LEGACY,cm13NOV2020bhav.csv.zip,1994,0,0,1994,1993,1,1857,1994,0,False,,,1993,1857,True,False,True,False,True
LEGACY,cm17NOV2020bhav.csv.zip,2027,0,0,2027,2027,0,1881,2027,0,False,,,2027,1881,True,True,True,False,False
LEGACY,cm18NOV2020bhav.csv.zip,2017,0,0,2017,2016,1,1861,2017,0,False,,,2016,1861,True,False,True,False,True
LEGACY,cm19NOV2020bhav.csv.zip,2012,0,0,2012,2012,0,1873,2012,0,False,,,2012,1873,True,True,True,False,False
LEGACY,cm20NOV2020bhav.csv.zip,2000,0,0,2000,1999,1,1864,2000,0,False,,,1999,1864,True,False,True,False,True
LEGACY,cm23NOV2020bhav.csv.zip,2043,0,0,2043,2043,0,1895,2043,0,False,,,2043,1895,True,True,True,False,False
LEGACY,cm24NOV2020bhav.csv.zip,2025,0,0,2025,2025,0,1878,2025,0,False,,,2025,1878,True,True,True,False,False
LEGACY,cm25NOV2020bhav.csv.zip,2018,0,0,2018,2017,1,1877,2018,0,False,,,2017,1877,True,False,True,False,True
LEGACY,cm26NOV2020bhav.csv.zip,2018,0,0,2018,2018,0,1865,2018,0,False,,,2018,1865,True,True,True,False,False
LEGACY,cm27NOV2020bhav.csv.zip,2031,0,0,2031,2031,0,1879,2031,0,False,,,2031,1879,True,True,True,False,False
LEGACY,cm01DEC2020bhav.csv.zip,2051,0,0,2051,2051,0,1899,2051,0,False,,,2051,1899,True,True,True,False,False
LEGACY,cm02DEC2020bhav.csv.zip,2020,0,0,2020,2020,0,1880,2020,0,False,,,2020,1880,True,True,True,False,False
LEGACY,cm03DEC2020bhav.csv.zip,2049,0,0,2049,2048,1,1890,2049,0,False,,,2048,1890,True,False,True,False,True
LEGACY,cm04DEC2020bhav.csv.zip,2035,0,0,2035,2034,1,1880,2035,0,False,,,2034,1880,True,False,True,False,True
LEGACY,cm07DEC2020bhav.csv.zip,2034,0,0,2034,2033,1,1892,2034,0,False,,,2033,1892,True,False,True,False,True
LEGACY,cm08DEC2020bhav.csv.zip,2036,0,0,2036,2034,2,1885,2036,0,False,,,2034,1885,True,False,True,False,True
LEGACY,cm09DEC2020bhav.csv.zip,2043,0,0,2043,2042,1,1892,2043,0,False,,,2042,1892,True,False,True,False,True
LEGACY,cm10DEC2020bhav.csv.zip,2035,0,0,2035,2035,0,1891,2035,0,False,,,2035,1891,True,True,True,False,False
LEGACY,cm11DEC2020bhav.csv.zip,2016,0,0,2016,2016,0,1876,2016,0,False,,,2016,1876,True,True,True,False,False
LEGACY,cm14DEC2020bhav.csv.zip,2033,0,0,2033,2032,1,1908,2033,0,False,,,2032,1908,True,False,True,False,True
LEGACY,cm15DEC2020bhav.csv.zip,2030,0,0,2030,2029,1,1885,2030,0,False,,,2029,1885,True,False,True,False,True
LEGACY,cm16DEC2020bhav.csv.zip,2035,0,0,2035,2033,2,1887,2035,0,False,,,2033,1887,True,False,True,False,True
LEGACY,cm17DEC2020bhav.csv.zip,2035,0,0,2035,2034,1,1892,2035,0,False,,,2034,1892,True,False,True,False,True
LEGACY,cm18DEC2020bhav.csv.zip,2034,0,0,2034,2033,1,1891,2034,0,False,,,2033,1891,True,False,True,False,True
LEGACY,cm21DEC2020bhav.csv.zip,2048,0,0,2048,2046,2,1898,2048,0,False,,,2046,1898,True,False,True,False,True
LEGACY,cm22DEC2020bhav.csv.zip,2016,0,0,2016,2016,0,1882,2016,0,False,,,2016,1882,True,True,True,False,False
LEGACY,cm23DEC2020bhav.csv.zip,2012,0,0,2012,2012,0,1880,2012,0,False,,,2012,1880,True,True,True,False,False
LEGACY,cm24DEC2020bhav.csv.zip,2028,0,0,2028,2028,0,1882,2028,0,False,,,2028,1882,True,True,True,False,False
LEGACY,cm28DEC2020bhav.csv.zip,2051,0,0,2051,2051,0,1904,2051,0,False,,,2051,1904,True,True,True,False,False
LEGACY,cm29DEC2020bhav.csv.zip,2046,0,0,2046,2046,0,1893,2046,0,False,,,2046,1893,True,True,True,False,False
LEGACY,cm30DEC2020bhav.csv.zip,2016,0,0,2016,2015,1,1879,2016,0,False,,,2015,1879,True,False,True,False,True
LEGACY,cm31DEC2020bhav.csv.zip,2017,0,0,2017,2017,0,1882,2017,0,False,,,2017,1882,True,True,True,False,False
LEGACY,cm01JAN2021bhav.csv.zip,2008,0,0,2008,2008,0,1895,2008,0,False,,,2008,1895,True,True,True,False,False
LEGACY,cm04JAN2021bhav.csv.zip,2074,0,0,2074,2074,0,1921,2074,0,False,,,2074,1921,True,True,True,False,False
LEGACY,cm05JAN2021bhav.csv.zip,2069,0,0,2069,2069,0,1905,2069,0,False,,,2069,1905,True,True,True,False,False
LEGACY,cm06JAN2021bhav.csv.zip,2057,0,0,2057,2057,0,1898,2057,0,False,,,2057,1898,True,True,True,False,False
LEGACY,cm07JAN2021bhav.csv.zip,2034,0,0,2034,2034,0,1885,2034,0,False,,,2034,1885,True,True,True,False,False
LEGACY,cm08JAN2021bhav.csv.zip,2059,0,0,2059,2059,0,1894,2059,0,False,,,2059,1894,True,True,True,False,False
LEGACY,cm11JAN2021bhav.csv.zip,2066,0,0,2066,2066,0,1910,2066,0,False,,,2066,1910,True,True,True,False,False
LEGACY,cm12JAN2021bhav.csv.zip,2028,0,0,2028,2028,0,1881,2028,0,False,,,2028,1881,True,True,True,False,False
LEGACY,cm13JAN2021bhav.csv.zip,2056,0,0,2056,2056,0,1891,2056,0,False,,,2056,1891,True,True,True,False,False
LEGACY,cm14JAN2021bhav.csv.zip,2025,0,0,2025,2025,0,1878,2025,0,False,,,2025,1878,True,True,True,False,False
LEGACY,cm15JAN2021bhav.csv.zip,2041,0,0,2041,2041,0,1887,2041,0,False,,,2041,1887,True,True,True,False,False
LEGACY,cm18JAN2021bhav.csv.zip,2077,0,0,2077,2077,0,1902,2077,0,False,,,2077,1902,True,True,True,False,False
LEGACY,cm19JAN2021bhav.csv.zip,2035,0,0,2035,2035,0,1872,2035,0,False,,,2035,1872,True,True,True,False,False
LEGACY,cm20JAN2021bhav.csv.zip,2030,0,0,2030,2029,1,1872,2030,0,False,,,2029,1872,True,False,True,False,True
LEGACY,cm21JAN2021bhav.csv.zip,2040,0,0,2040,2040,0,1877,2040,0,False,,,2040,1877,True,True,True,False,False
LEGACY,cm22JAN2021bhav.csv.zip,2034,0,0,2034,2034,0,1878,2034,0,False,,,2034,1878,True,True,True,False,False
LEGACY,cm25JAN2021bhav.csv.zip,2034,0,0,2034,2034,0,1883,2034,0,False,,,2034,1883,True,True,True,False,False
LEGACY,cm27JAN2021bhav.csv.zip,2012,0,0,2012,2011,1,1867,2012,0,False,,,2011,1867,True,False,True,False,True
LEGACY,cm28JAN2021bhav.csv.zip,1999,0,0,1999,1999,0,1855,1999,0,False,,,1999,1855,True,True,True,False,False
LEGACY,cm29JAN2021bhav.csv.zip,1996,0,0,1996,1996,0,1854,1996,0,False,,,1996,1854,True,True,True,False,False
LEGACY,cm01FEB2021bhav.csv.zip,2034,0,0,2034,2034,0,1891,2034,0,False,,,2034,1891,True,True,True,False,False
LEGACY,cm02FEB2021bhav.csv.zip,2031,0,0,2031,2031,0,1862,2031,0,False,,,2031,1862,True,True,True,False,False
LEGACY,cm03FEB2021bhav.csv.zip,2018,0,0,2018,2018,0,1870,2018,0,False,,,2018,1870,True,True,True,False,False
LEGACY,cm04FEB2021bhav.csv.zip,2010,0,0,2010,2010,0,1863,2010,0,False,,,2010,1863,True,True,True,False,False
LEGACY,cm05FEB2021bhav.csv.zip,2010,0,0,2010,2009,1,1866,2010,0,False,,,2009,1866,True,False,True,False,True
LEGACY,cm08FEB2021bhav.csv.zip,2066,0,0,2066,2065,1,1906,2066,0,False,,,2065,1906,True,False,True,False,True
LEGACY,cm09FEB2021bhav.csv.zip,2045,0,0,2045,2045,0,1888,2045,0,False,,,2045,1888,True,True,True,False,False
LEGACY,cm10FEB2021bhav.csv.zip,2024,0,0,2024,2024,0,1881,2024,0,False,,,2024,1881,True,True,True,False,False
LEGACY,cm11FEB2021bhav.csv.zip,2044,0,0,2044,2044,0,1890,2044,0,False,,,2044,1890,True,True,True,False,False
LEGACY,cm12FEB2021bhav.csv.zip,2011,0,0,2011,2010,1,1869,2011,0,False,,,2010,1869,True,False,True,False,True
LEGACY,cm15FEB2021bhav.csv.zip,2055,0,0,2055,2054,1,1900,2055,0,False,,,2054,1900,True,False,True,False,True
LEGACY,cm16FEB2021bhav.csv.zip,2026,0,0,2026,2025,1,1871,2026,0,False,,,2025,1871,True,False,True,False,True
LEGACY,cm17FEB2021bhav.csv.zip,2022,0,0,2022,2022,0,1872,2022,0,False,,,2022,1872,True,True,True,False,False
LEGACY,cm18FEB2021bhav.csv.zip,2022,0,0,2022,2022,0,1879,2022,0,False,,,2022,1879,True,True,True,False,False
LEGACY,cm19FEB2021bhav.csv.zip,2014,0,0,2014,2013,1,1876,2014,0,False,,,2013,1876,True,False,True,False,True
LEGACY,cm22FEB2021bhav.csv.zip,2038,0,0,2038,2038,0,1889,2038,0,False,,,2038,1889,True,True,True,False,False
LEGACY,cm23FEB2021bhav.csv.zip,2011,0,0,2011,2011,0,1876,2011,0,False,,,2011,1876,True,True,True,False,False
LEGACY,cm24FEB2021bhav.csv.zip,1922,0,0,1922,1922,0,1840,1922,0,False,,,1922,1840,True,True,True,False,False
LEGACY,cm25FEB2021bhav.csv.zip,2026,0,0,2026,2026,0,1880,2026,0,False,,,2026,1880,True,True,True,False,False
LEGACY,cm26FEB2021bhav.csv.zip,2039,0,0,2039,2039,0,1889,2039,0,False,,,2039,1889,True,True,True,False,False
LEGACY,cm01MAR2021bhav.csv.zip,2077,0,0,2077,2077,0,1925,2077,0,False,,,2077,1925,True,True,True,False,False
LEGACY,cm02MAR2021bhav.csv.zip,2011,0,0,2011,2011,0,1885,2011,0,False,,,2011,1885,True,True,True,False,False
LEGACY,cm03MAR2021bhav.csv.zip,2033,0,0,2033,2032,1,1890,2033,0,False,,,2032,1890,True,False,True,False,True
LEGACY,cm04MAR2021bhav.csv.zip,2033,0,0,2033,2033,0,1898,2033,0,False,,,2033,1898,True,True,True,False,False
LEGACY,cm05MAR2021bhav.csv.zip,2038,0,0,2038,2038,0,1893,2038,0,False,,,2038,1893,True,True,True,False,False
LEGACY,cm08MAR2021bhav.csv.zip,2079,0,0,2079,2078,1,1940,2079,0,False,,,2078,1940,True,False,True,False,True
LEGACY,cm09MAR2021bhav.csv.zip,2032,0,0,2032,2032,0,1902,2032,0,False,,,2032,1902,True,True,True,False,False
LEGACY,cm10MAR2021bhav.csv.zip,2038,0,0,2038,2038,0,1898,2038,0,False,,,2038,1898,True,True,True,False,False
LEGACY,cm12MAR2021bhav.csv.zip,2045,0,0,2045,2045,0,1907,2045,0,False,,,2045,1907,True,True,True,False,False
LEGACY,cm15MAR2021bhav.csv.zip,2084,0,0,2084,2084,0,1941,2084,0,False,,,2084,1941,True,True,True,False,False
LEGACY,cm16MAR2021bhav.csv.zip,2038,0,0,2038,2037,1,1895,2038,0,False,,,2037,1895,True,False,True,False,True
LEGACY,cm17MAR2021bhav.csv.zip,2030,0,0,2030,2030,0,1889,2030,0,False,,,2030,1889,True,True,True,False,False
LEGACY,cm18MAR2021bhav.csv.zip,2053,0,0,2053,2052,1,1894,2053,0,False,,,2052,1894,True,False,True,False,True
LEGACY,cm19MAR2021bhav.csv.zip,2021,0,0,2021,2021,0,1879,2021,0,False,,,2021,1879,True,True,True,False,False
LEGACY,cm22MAR2021bhav.csv.zip,2075,0,0,2075,2075,0,1929,2075,0,False,,,2075,1929,True,True,True,False,False
LEGACY,cm23MAR2021bhav.csv.zip,2033,0,0,2033,2033,0,1883,2033,0,False,,,2033,1883,True,True,True,False,False
LEGACY,cm24MAR2021bhav.csv.zip,2014,0,0,2014,2013,1,1874,2014,0,False,,,2013,1874,True,False,True,False,True
LEGACY,cm25MAR2021bhav.csv.zip,2040,0,0,2040,2039,1,1897,2040,0,False,,,2039,1897,True,False,True,False,True
LEGACY,cm26MAR2021bhav.csv.zip,2025,0,0,2025,2025,0,1895,2025,0,False,,,2025,1895,True,True,True,False,False
LEGACY,cm30MAR2021bhav.csv.zip,2067,0,0,2067,2067,0,1934,2067,0,False,,,2067,1934,True,True,True,False,False
LEGACY,cm31MAR2021bhav.csv.zip,2019,0,0,2019,2019,0,1896,2019,0,False,,,2019,1896,True,True,True,False,False
LEGACY,cm01APR2021bhav.csv.zip,2012,0,0,2012,2012,0,1884,2012,0,False,,,2012,1884,True,True,True,False,False
LEGACY,cm05APR2021bhav.csv.zip,2085,0,0,2085,2085,0,1930,2085,0,False,,,2085,1930,True,True,True,False,False
LEGACY,cm06APR2021bhav.csv.zip,2014,0,0,2014,2014,0,1885,2014,0,False,,,2014,1885,True,True,True,False,False
LEGACY,cm07APR2021bhav.csv.zip,2034,0,0,2034,2033,1,1891,2034,0,False,,,2033,1891,True,False,True,False,True
LEGACY,cm08APR2021bhav.csv.zip,2052,0,0,2052,2039,13,1899,2052,0,False,,,2039,1899,True,False,True,False,True
LEGACY,cm09APR2021bhav.csv.zip,2023,0,0,2023,2022,1,1887,2023,0,False,,,2022,1887,True,False,True,False,True
LEGACY,cm12APR2021bhav.csv.zip,2077,0,0,2077,2077,0,1935,2077,0,False,,,2077,1935,True,True,True,False,False
LEGACY,cm13APR2021bhav.csv.zip,2005,0,0,2005,2001,4,1882,2005,0,False,,,2001,1882,True,False,True,False,True
LEGACY,cm15APR2021bhav.csv.zip,2015,0,0,2015,2014,1,1888,2015,0,False,,,2014,1888,True,False,True,False,True
LEGACY,cm16APR2021bhav.csv.zip,2008,0,0,2008,2008,0,1883,2008,0,False,,,2008,1883,True,True,True,False,False
LEGACY,cm19APR2021bhav.csv.zip,2054,0,0,2054,2054,0,1927,2054,0,False,,,2054,1927,True,True,True,False,False
LEGACY,cm20APR2021bhav.csv.zip,2023,0,0,2023,2022,1,1896,2023,0,False,,,2022,1896,True,False,True,False,True
LEGACY,cm22APR2021bhav.csv.zip,2021,0,0,2021,2021,0,1890,2021,0,False,,,2021,1890,True,True,True,False,False
LEGACY,cm23APR2021bhav.csv.zip,2010,0,0,2010,2010,0,1883,2010,0,False,,,2010,1883,True,True,True,False,False
LEGACY,cm26APR2021bhav.csv.zip,2052,0,0,2052,2051,1,1941,2052,0,False,,,2051,1941,True,False,True,False,True
LEGACY,cm27APR2021bhav.csv.zip,2011,0,0,2011,2011,0,1897,2011,0,False,,,2011,1897,True,True,True,False,False
LEGACY,cm28APR2021bhav.csv.zip,2025,0,0,2025,2025,0,1891,2025,0,False,,,2025,1891,True,True,True,False,False
LEGACY,cm29APR2021bhav.csv.zip,2019,0,0,2019,2019,0,1893,2019,0,False,,,2019,1893,True,True,True,False,False
LEGACY,cm30APR2021bhav.csv.zip,2000,0,0,2000,2000,0,1882,2000,0,False,,,2000,1882,True,True,True,False,False
LEGACY,cm03MAY2021bhav.csv.zip,2069,0,0,2069,2068,1,1937,2069,0,False,,,2068,1937,True,False,True,False,True
LEGACY,cm04MAY2021bhav.csv.zip,2022,0,0,2022,2022,0,1885,2022,0,False,,,2022,1885,True,True,True,False,False
LEGACY,cm05MAY2021bhav.csv.zip,2003,0,0,2003,2003,0,1890,2003,0,False,,,2003,1890,True,True,True,False,False
LEGACY,cm06MAY2021bhav.csv.zip,2001,0,0,2001,2001,0,1881,2001,0,False,,,2001,1881,True,True,True,False,False
LEGACY,cm07MAY2021bhav.csv.zip,2034,0,0,2034,2033,1,1892,2034,0,False,,,2033,1892,True,False,True,False,True
LEGACY,cm10MAY2021bhav.csv.zip,2095,0,0,2095,2093,2,1950,2095,0,False,,,2093,1950,True,False,True,False,True
LEGACY,cm11MAY2021bhav.csv.zip,2039,0,0,2039,2039,0,1894,2039,0,False,,,2039,1894,True,True,True,False,False
LEGACY,cm12MAY2021bhav.csv.zip,2048,0,0,2048,2048,0,1909,2048,0,False,,,2048,1909,True,True,True,False,False
LEGACY,cm14MAY2021bhav.csv.zip,2067,0,0,2067,2067,0,1919,2067,0,False,,,2067,1919,True,True,True,False,False
LEGACY,cm17MAY2021bhav.csv.zip,2095,0,0,2095,2095,0,1956,2095,0,False,,,2095,1956,True,True,True,False,False
LEGACY,cm18MAY2021bhav.csv.zip,2043,0,0,2043,2043,0,1907,2043,0,False,,,2043,1907,True,True,True,False,False
LEGACY,cm19MAY2021bhav.csv.zip,2038,0,0,2038,2038,0,1909,2038,0,False,,,2038,1909,True,True,True,False,False
LEGACY,cm20MAY2021bhav.csv.zip,2035,0,0,2035,2035,0,1901,2035,0,False,,,2035,1901,True,True,True,False,False
LEGACY,cm21MAY2021bhav.csv.zip,2050,0,0,2050,2049,1,1907,2050,0,False,,,2049,1907,True,False,True,False,True
LEGACY,cm24MAY2021bhav.csv.zip,2093,0,0,2093,2093,0,1953,2093,0,False,,,2093,1953,True,True,True,False,False
LEGACY,cm25MAY2021bhav.csv.zip,2057,0,0,2057,2057,0,1914,2057,0,False,,,2057,1914,True,True,True,False,False
LEGACY,cm26MAY2021bhav.csv.zip,2056,0,0,2056,2056,0,1915,2056,0,False,,,2056,1915,True,True,True,False,False
LEGACY,cm27MAY2021bhav.csv.zip,2040,0,0,2040,2039,1,1908,2040,0,False,,,2039,1908,True,False,True,False,True
LEGACY,cm28MAY2021bhav.csv.zip,2052,0,0,2052,2052,0,1916,2052,0,False,,,2052,1916,True,True,True,False,False
LEGACY,cm31MAY2021bhav.csv.zip,2097,0,0,2097,2097,0,1959,2097,0,False,,,2097,1959,True,True,True,False,False
LEGACY,cm01JUN2021bhav.csv.zip,2043,0,0,2043,2043,0,1913,2043,0,False,,,2043,1913,True,True,True,False,False
LEGACY,cm02JUN2021bhav.csv.zip,2033,0,0,2033,2033,0,1905,2033,0,False,,,2033,1905,True,True,True,False,False
LEGACY,cm03JUN2021bhav.csv.zip,2056,0,0,2056,2056,0,1928,2056,0,False,,,2056,1928,True,True,True,False,False
LEGACY,cm04JUN2021bhav.csv.zip,2070,0,0,2070,2070,0,1922,2070,0,False,,,2070,1922,True,True,True,False,False
LEGACY,cm07JUN2021bhav.csv.zip,2131,0,0,2131,2130,1,1972,2131,0,False,,,2130,1972,True,False,True,False,True
LEGACY,cm08JUN2021bhav.csv.zip,2044,0,0,2044,2044,0,1911,2044,0,False,,,2044,1911,True,True,True,False,False
LEGACY,cm09JUN2021bhav.csv.zip,2053,0,0,2053,2052,1,1921,2053,0,False,,,2052,1921,True,False,True,False,True
LEGACY,cm10JUN2021bhav.csv.zip,2074,0,0,2074,2074,0,1922,2074,0,False,,,2074,1922,True,True,True,False,False
LEGACY,cm11JUN2021bhav.csv.zip,2064,0,0,2064,2062,2,1917,2064,0,False,,,2062,1917,True,False,True,False,True
LEGACY,cm14JUN2021bhav.csv.zip,2108,0,0,2108,2106,2,1962,2108,0,False,,,2106,1962,True,False,True,False,True
LEGACY,cm15JUN2021bhav.csv.zip,2072,0,0,2072,2071,1,1927,2072,0,False,,,2071,1927,True,False,True,False,True
LEGACY,cm16JUN2021bhav.csv.zip,2075,0,0,2075,2075,0,1926,2075,0,False,,,2075,1926,True,True,True,False,False
LEGACY,cm17JUN2021bhav.csv.zip,2068,0,0,2068,2067,1,1930,2068,0,False,,,2067,1930,True,False,True,False,True
LEGACY,cm18JUN2021bhav.csv.zip,2070,0,0,2070,2069,1,1933,2070,0,False,,,2069,1933,True,False,True,False,True
LEGACY,cm21JUN2021bhav.csv.zip,2096,0,0,2096,2095,1,1959,2096,0,False,,,2095,1959,True,False,True,False,True
LEGACY,cm22JUN2021bhav.csv.zip,2068,0,0,2068,2067,1,1927,2068,0,False,,,2067,1927,True,False,True,False,True
LEGACY,cm23JUN2021bhav.csv.zip,2052,0,0,2052,2049,3,1917,2052,0,False,,,2049,1917,True,False,True,False,True
LEGACY,cm24JUN2021bhav.csv.zip,2035,0,0,2035,2034,1,1911,2035,0,False,,,2034,1911,True,False,True,False,True
LEGACY,cm25JUN2021bhav.csv.zip,2045,0,0,2045,2045,0,1914,2045,0,False,,,2045,1914,True,True,True,False,False
LEGACY,cm28JUN2021bhav.csv.zip,2089,0,0,2089,2085,4,1961,2089,0,False,,,2085,1961,True,False,True,False,True
LEGACY,cm29JUN2021bhav.csv.zip,2057,0,0,2057,2056,1,1917,2057,0,False,,,2056,1917,True,False,True,False,True
LEGACY,cm30JUN2021bhav.csv.zip,2055,0,0,2055,2055,0,1924,2055,0,False,,,2055,1924,True,True,True,False,False
LEGACY,cm01JUL2021bhav.csv.zip,2053,0,0,2053,2053,0,1920,2053,0,True,2021-07-01,exact,2053,1920,True,True,True,False,False
LEGACY,cm02JUL2021bhav.csv.zip,2034,0,0,2034,2033,1,1911,2034,0,False,,,2033,1911,True,False,True,False,True
LEGACY,cm05JUL2021bhav.csv.zip,2112,0,0,2112,2112,0,1967,2112,0,False,,,2112,1967,True,True,True,False,False
LEGACY,cm06JUL2021bhav.csv.zip,2050,0,0,2050,2050,0,1916,2050,0,False,,,2050,1916,True,True,True,False,False
LEGACY,cm07JUL2021bhav.csv.zip,2051,0,0,2051,2051,0,1920,2051,0,False,,,2051,1920,True,True,True,False,False
LEGACY,cm08JUL2021bhav.csv.zip,2048,0,0,2048,2048,0,1922,2048,0,False,,,2048,1922,True,True,True,False,False
LEGACY,cm09JUL2021bhav.csv.zip,2033,0,0,2033,2033,0,1906,2033,0,False,,,2033,1906,True,True,True,False,False
LEGACY,cm12JUL2021bhav.csv.zip,2103,0,0,2103,2103,0,1964,2103,0,False,,,2103,1964,True,True,True,False,False
LEGACY,cm13JUL2021bhav.csv.zip,2056,0,0,2056,2056,0,1919,2056,0,False,,,2056,1919,True,True,True,False,False
LEGACY,cm14JUL2021bhav.csv.zip,2058,0,0,2058,2058,0,1933,2058,0,False,,,2058,1933,True,True,True,False,False
LEGACY,cm15JUL2021bhav.csv.zip,2069,0,0,2069,2069,0,1923,2069,0,False,,,2069,1923,True,True,True,False,False
LEGACY,cm16JUL2021bhav.csv.zip,2054,0,0,2054,2054,0,1908,2054,0,False,,,2054,1908,True,True,True,False,False
LEGACY,cm19JUL2021bhav.csv.zip,2109,0,0,2109,2108,1,1965,2109,0,False,,,2108,1965,True,False,True,False,True
LEGACY,cm20JUL2021bhav.csv.zip,2065,0,0,2065,2055,10,1916,2065,0,False,,,2055,1916,True,False,True,False,True
LEGACY,cm22JUL2021bhav.csv.zip,2064,0,0,2064,2064,0,1923,2064,0,False,,,2064,1923,True,True,True,False,False
LEGACY,cm23JUL2021bhav.csv.zip,2074,0,0,2074,2063,11,1936,2074,0,False,,,2063,1936,True,False,True,False,True
LEGACY,cm26JUL2021bhav.csv.zip,2112,0,0,2112,2112,0,1979,2112,0,False,,,2112,1979,True,True,True,False,False
LEGACY,cm27JUL2021bhav.csv.zip,2084,0,0,2084,2074,10,1938,2084,0,False,,,2074,1938,True,False,True,False,True
LEGACY,cm28JUL2021bhav.csv.zip,2045,0,0,2045,2045,0,1919,2045,0,False,,,2045,1919,True,True,True,False,False
LEGACY,cm29JUL2021bhav.csv.zip,2057,0,0,2057,2057,0,1927,2057,0,False,,,2057,1927,True,True,True,False,False
LEGACY,cm30JUL2021bhav.csv.zip,2039,0,0,2039,2039,0,1924,2039,0,False,,,2039,1924,True,True,True,False,False
LEGACY,cm02AUG2021bhav.csv.zip,2114,0,0,2114,2113,1,1986,2114,0,False,,,2113,1986,True,False,True,False,True
LEGACY,cm03AUG2021bhav.csv.zip,2081,0,0,2081,2081,0,1938,2081,0,False,,,2081,1938,True,True,True,False,False
LEGACY,cm04AUG2021bhav.csv.zip,2057,0,0,2057,2057,0,1928,2057,0,False,,,2057,1928,True,True,True,False,False
LEGACY,cm05AUG2021bhav.csv.zip,2072,0,0,2072,2072,0,1932,2072,0,False,,,2072,1932,True,True,True,False,False
LEGACY,cm06AUG2021bhav.csv.zip,2052,0,0,2052,2052,0,1921,2052,0,False,,,2052,1921,True,True,True,False,False
LEGACY,cm09AUG2021bhav.csv.zip,2113,0,0,2113,2112,1,1980,2113,0,False,,,2112,1980,True,False,True,False,True
LEGACY,cm10AUG2021bhav.csv.zip,2069,0,0,2069,2068,1,1939,2069,0,False,,,2068,1939,True,False,True,False,True
LEGACY,cm11AUG2021bhav.csv.zip,2065,0,0,2065,2063,2,1942,2065,0,False,,,2063,1942,True,False,True,False,True
LEGACY,cm12AUG2021bhav.csv.zip,2062,0,0,2062,2061,1,1937,2062,0,False,,,2061,1937,True,False,True,False,True
LEGACY,cm13AUG2021bhav.csv.zip,2053,0,0,2053,2053,0,1936,2053,0,False,,,2053,1936,True,True,True,False,False
LEGACY,cm16AUG2021bhav.csv.zip,2091,0,0,2091,2091,0,1970,2091,0,False,,,2091,1970,True,True,True,False,False
LEGACY,cm17AUG2021bhav.csv.zip,2054,0,0,2054,2054,0,1934,2054,0,False,,,2054,1934,True,True,True,False,False
LEGACY,cm18AUG2021bhav.csv.zip,2068,0,0,2068,2068,0,1930,2068,0,False,,,2068,1930,True,True,True,False,False
LEGACY,cm20AUG2021bhav.csv.zip,2076,0,0,2076,2076,0,1935,2076,0,False,,,2076,1935,True,True,True,False,False
LEGACY,cm23AUG2021bhav.csv.zip,2129,0,0,2129,2129,0,1975,2129,0,False,,,2129,1975,True,True,True,False,False
LEGACY,cm24AUG2021bhav.csv.zip,2059,0,0,2059,2059,0,1932,2059,0,False,,,2059,1932,True,True,True,False,False
LEGACY,cm25AUG2021bhav.csv.zip,2061,0,0,2061,2060,1,1939,2061,0,False,,,2060,1939,True,False,True,False,True
LEGACY,cm26AUG2021bhav.csv.zip,2074,0,0,2074,2071,3,1944,2074,0,False,,,2071,1944,True,False,True,False,True
LEGACY,cm27AUG2021bhav.csv.zip,2078,0,0,2078,2078,0,1947,2078,0,False,,,2078,1947,True,True,True,False,False
LEGACY,cm30AUG2021bhav.csv.zip,2128,0,0,2128,2128,0,1990,2128,0,False,,,2128,1990,True,True,True,False,False
LEGACY,cm31AUG2021bhav.csv.zip,2083,0,0,2083,2083,0,1946,2083,0,False,,,2083,1946,True,True,True,False,False
LEGACY,cm01SEP2021bhav.csv.zip,2068,0,0,2068,2068,0,1935,2068,0,False,,,2068,1935,True,True,True,False,False
LEGACY,cm02SEP2021bhav.csv.zip,2076,0,0,2076,2076,0,1948,2076,0,False,,,2076,1948,True,True,True,False,False
LEGACY,cm03SEP2021bhav.csv.zip,2067,0,0,2067,2067,0,1952,2067,0,False,,,2067,1952,True,True,True,False,False
LEGACY,cm06SEP2021bhav.csv.zip,2130,0,0,2130,2130,0,1995,2130,0,False,,,2130,1995,True,True,True,False,False
LEGACY,cm07SEP2021bhav.csv.zip,2076,0,0,2076,2075,1,1947,2076,0,False,,,2075,1947,True,False,True,False,True
LEGACY,cm08SEP2021bhav.csv.zip,2083,0,0,2083,2082,1,1952,2083,0,False,,,2082,1952,True,False,True,False,True
LEGACY,cm09SEP2021bhav.csv.zip,2082,0,0,2082,2082,0,1966,2082,0,False,,,2082,1966,True,True,True,False,False
LEGACY,cm13SEP2021bhav.csv.zip,2129,0,0,2129,2129,0,1984,2129,0,False,,,2129,1984,True,True,True,False,False
LEGACY,cm14SEP2021bhav.csv.zip,2098,0,0,2098,2098,0,1970,2098,0,False,,,2098,1970,True,True,True,False,False
LEGACY,cm15SEP2021bhav.csv.zip,2101,0,0,2101,2101,0,1978,2101,0,False,,,2101,1978,True,True,True,False,False
LEGACY,cm16SEP2021bhav.csv.zip,2093,0,0,2093,2092,1,1972,2093,0,False,,,2092,1972,True,False,True,False,True
LEGACY,cm17SEP2021bhav.csv.zip,2090,0,0,2090,2089,1,1972,2090,0,False,,,2089,1972,True,False,True,False,True
LEGACY,cm20SEP2021bhav.csv.zip,2139,0,0,2139,2139,0,2011,2139,0,False,,,2139,2011,True,True,True,False,False
LEGACY,cm21SEP2021bhav.csv.zip,2096,0,0,2096,2096,0,1974,2096,0,False,,,2096,1974,True,True,True,False,False
LEGACY,cm22SEP2021bhav.csv.zip,2090,0,0,2090,2089,1,1977,2090,0,False,,,2089,1977,True,False,True,False,True
LEGACY,cm23SEP2021bhav.csv.zip,2114,0,0,2114,2113,1,1976,2114,0,False,,,2113,1976,True,False,True,False,True
LEGACY,cm24SEP2021bhav.csv.zip,2115,0,0,2115,2115,0,1984,2115,0,False,,,2115,1984,True,True,True,False,False
LEGACY,cm27SEP2021bhav.csv.zip,2140,0,0,2140,2138,2,2008,2140,0,False,,,2138,2008,True,False,True,False,True
LEGACY,cm28SEP2021bhav.csv.zip,2118,0,0,2118,2117,1,1987,2118,0,False,,,2117,1987,True,False,True,False,True
LEGACY,cm29SEP2021bhav.csv.zip,2116,0,0,2116,2116,0,1973,2116,0,False,,,2116,1973,True,True,True,False,False
LEGACY,cm30SEP2021bhav.csv.zip,2120,0,0,2120,2120,0,1979,2120,0,False,,,2120,1979,True,True,True,False,False
LEGACY,cm01OCT2021bhav.csv.zip,2115,0,0,2115,2114,1,1985,2115,0,False,,,2114,1985,True,False,True,False,True
LEGACY,cm04OCT2021bhav.csv.zip,2245,0,0,2245,2150,95,1993,2245,0,False,,,2150,1993,True,False,True,False,True
LEGACY,cm05OCT2021bhav.csv.zip,2138,0,0,2138,2132,6,1982,2138,0,False,,,2132,1982,True,False,True,False,True
LEGACY,cm06OCT2021bhav.csv.zip,2126,0,0,2126,2126,0,1979,2126,0,False,,,2126,1979,True,True,True,False,False
LEGACY,cm07OCT2021bhav.csv.zip,2114,0,0,2114,2114,0,1980,2114,0,False,,,2114,1980,True,True,True,False,False
LEGACY,cm08OCT2021bhav.csv.zip,2134,0,0,2134,2134,0,1988,2134,0,False,,,2134,1988,True,True,True,False,False
LEGACY,cm11OCT2021bhav.csv.zip,2163,0,0,2163,2163,0,2008,2163,0,False,,,2163,2008,True,True,True,False,False
LEGACY,cm12OCT2021bhav.csv.zip,2131,0,0,2131,2131,0,1993,2131,0,False,,,2131,1993,True,True,True,False,False
LEGACY,cm13OCT2021bhav.csv.zip,2147,0,0,2147,2147,0,1997,2147,0,False,,,2147,1997,True,True,True,False,False
LEGACY,cm14OCT2021bhav.csv.zip,2133,0,0,2133,2132,1,1997,2133,0,False,,,2132,1997,True,False,True,False,True
LEGACY,cm18OCT2021bhav.csv.zip,2172,0,0,2172,2172,0,2006,2172,0,False,,,2172,2006,True,True,True,False,False
LEGACY,cm19OCT2021bhav.csv.zip,2138,0,0,2138,2138,0,1997,2138,0,False,,,2138,1997,True,True,True,False,False
LEGACY,cm20OCT2021bhav.csv.zip,2120,0,0,2120,2120,0,1984,2120,0,False,,,2120,1984,True,True,True,False,False
LEGACY,cm21OCT2021bhav.csv.zip,2117,0,0,2117,2117,0,1975,2117,0,False,,,2117,1975,True,True,True,False,False
LEGACY,cm22OCT2021bhav.csv.zip,2113,0,0,2113,2113,0,1985,2113,0,False,,,2113,1985,True,True,True,False,False
LEGACY,cm25OCT2021bhav.csv.zip,2137,0,0,2137,2137,0,2001,2137,0,False,,,2137,2001,True,True,True,False,False
LEGACY,cm26OCT2021bhav.csv.zip,2118,0,0,2118,2118,0,1984,2118,0,False,,,2118,1984,True,True,True,False,False
LEGACY,cm27OCT2021bhav.csv.zip,2112,0,0,2112,2112,0,1983,2112,0,False,,,2112,1983,True,True,True,False,False
LEGACY,cm28OCT2021bhav.csv.zip,2110,0,0,2110,2110,0,1978,2110,0,False,,,2110,1978,True,True,True,False,False
LEGACY,cm29OCT2021bhav.csv.zip,2096,0,0,2096,2096,0,1974,2096,0,False,,,2096,1974,True,True,True,False,False
LEGACY,cm01NOV2021bhav.csv.zip,2127,0,0,2127,2127,0,1991,2127,0,False,,,2127,1991,True,True,True,False,False
LEGACY,cm02NOV2021bhav.csv.zip,2123,0,0,2123,2123,0,1985,2123,0,False,,,2123,1985,True,True,True,False,False
LEGACY,cm03NOV2021bhav.csv.zip,2105,0,0,2105,2105,0,1974,2105,0,False,,,2105,1974,True,True,True,False,False
LEGACY,cm08NOV2021bhav.csv.zip,2175,0,0,2175,2175,0,2009,2175,0,False,,,2175,2009,True,True,True,False,False
LEGACY,cm09NOV2021bhav.csv.zip,2129,0,0,2129,2129,0,1996,2129,0,False,,,2129,1996,True,True,True,False,False
LEGACY,cm10NOV2021bhav.csv.zip,2103,0,0,2103,2102,1,1984,2103,0,False,,,2102,1984,True,False,True,False,True
LEGACY,cm11NOV2021bhav.csv.zip,2142,0,0,2142,2142,0,1995,2142,0,False,,,2142,1995,True,True,True,False,False
LEGACY,cm12NOV2021bhav.csv.zip,2121,0,0,2121,2121,0,1987,2121,0,False,,,2121,1987,True,True,True,False,False
LEGACY,cm15NOV2021bhav.csv.zip,2168,0,0,2168,2168,0,2029,2168,0,False,,,2168,2029,True,True,True,False,False
LEGACY,cm16NOV2021bhav.csv.zip,2155,0,0,2155,2155,0,2006,2155,0,False,,,2155,2006,True,True,True,False,False
LEGACY,cm17NOV2021bhav.csv.zip,2123,0,0,2123,2123,0,2007,2123,0,False,,,2123,2007,True,True,True,False,False
LEGACY,cm18NOV2021bhav.csv.zip,2130,0,0,2130,2129,1,1999,2130,0,False,,,2129,1999,True,False,True,False,True
LEGACY,cm22NOV2021bhav.csv.zip,2176,0,0,2176,2175,1,2024,2176,0,False,,,2175,2024,True,False,True,False,True
LEGACY,cm23NOV2021bhav.csv.zip,2122,0,0,2122,2122,0,1998,2122,0,False,,,2122,1998,True,True,True,False,False
LEGACY,cm24NOV2021bhav.csv.zip,2110,0,0,2110,2110,0,1993,2110,0,False,,,2110,1993,True,True,True,False,False
LEGACY,cm25NOV2021bhav.csv.zip,2115,0,0,2115,2115,0,1995,2115,0,False,,,2115,1995,True,True,True,False,False
LEGACY,cm26NOV2021bhav.csv.zip,2140,0,0,2140,2140,0,2014,2140,0,False,,,2140,2014,True,True,True,False,False
LEGACY,cm29NOV2021bhav.csv.zip,2169,0,0,2169,2169,0,2035,2169,0,False,,,2169,2035,True,True,True,False,False
LEGACY,cm30NOV2021bhav.csv.zip,2140,0,0,2140,2140,0,2012,2140,0,False,,,2140,2012,True,True,True,False,False
LEGACY,cm01DEC2021bhav.csv.zip,2136,0,0,2136,2136,0,2007,2136,0,False,,,2136,2007,True,True,True,False,False
LEGACY,cm02DEC2021bhav.csv.zip,2141,0,0,2141,2141,0,2000,2141,0,False,,,2141,2000,True,True,True,False,False
LEGACY,cm03DEC2021bhav.csv.zip,2141,0,0,2141,2141,0,2004,2141,0,False,,,2141,2004,True,True,True,False,False
LEGACY,cm06DEC2021bhav.csv.zip,2184,0,0,2184,2184,0,2036,2184,0,False,,,2184,2036,True,True,True,False,False
LEGACY,cm07DEC2021bhav.csv.zip,2138,0,0,2138,2138,0,2000,2138,0,False,,,2138,2000,True,True,True,False,False
LEGACY,cm08DEC2021bhav.csv.zip,2151,0,0,2151,2151,0,2008,2151,0,False,,,2151,2008,True,True,True,False,False
LEGACY,cm09DEC2021bhav.csv.zip,2136,0,0,2136,2135,1,1996,2136,0,False,,,2135,1996,True,False,True,False,True
LEGACY,cm10DEC2021bhav.csv.zip,2129,0,0,2129,2129,0,1997,2129,0,False,,,2129,1997,True,True,True,False,False
LEGACY,cm13DEC2021bhav.csv.zip,2190,0,0,2190,2190,0,2049,2190,0,False,,,2190,2049,True,True,True,False,False
LEGACY,cm14DEC2021bhav.csv.zip,2148,0,0,2148,2148,0,2008,2148,0,False,,,2148,2008,True,True,True,False,False
LEGACY,cm15DEC2021bhav.csv.zip,2149,0,0,2149,2149,0,2011,2149,0,False,,,2149,2011,True,True,True,False,False
LEGACY,cm16DEC2021bhav.csv.zip,2128,0,0,2128,2126,2,2002,2128,0,False,,,2126,2002,True,False,True,False,True
LEGACY,cm17DEC2021bhav.csv.zip,2157,0,0,2157,2156,1,2015,2157,0,False,,,2156,2015,True,False,True,False,True
LEGACY,cm20DEC2021bhav.csv.zip,2200,0,0,2200,2200,0,2051,2200,0,False,,,2200,2051,True,True,True,False,False
LEGACY,cm21DEC2021bhav.csv.zip,2150,0,0,2150,2149,1,2015,2150,0,False,,,2149,2015,True,False,True,False,True
LEGACY,cm22DEC2021bhav.csv.zip,2140,0,0,2140,2140,0,2008,2140,0,False,,,2140,2008,True,True,True,False,False
LEGACY,cm23DEC2021bhav.csv.zip,2152,0,0,2152,2152,0,2015,2152,0,False,,,2152,2015,True,True,True,False,False
LEGACY,cm24DEC2021bhav.csv.zip,2150,0,0,2150,2149,1,2017,2150,0,False,,,2149,2017,True,False,True,False,True
LEGACY,cm27DEC2021bhav.csv.zip,2188,0,0,2188,2187,1,2054,2188,0,False,,,2187,2054,True,False,True,False,True
LEGACY,cm28DEC2021bhav.csv.zip,2145,0,0,2145,2144,1,2021,2145,0,False,,,2144,2021,True,False,True,False,True
LEGACY,cm29DEC2021bhav.csv.zip,2153,0,0,2153,2153,0,2020,2153,0,False,,,2153,2020,True,True,True,False,False
LEGACY,cm30DEC2021bhav.csv.zip,2159,0,0,2159,2159,0,2028,2159,0,False,,,2159,2028,True,True,True,False,False
LEGACY,cm31DEC2021bhav.csv.zip,2175,0,0,2175,2175,0,2034,2175,0,False,,,2175,2034,True,True,True,False,False
LEGACY,cm03JAN2022bhav.csv.zip,2227,0,0,2227,2227,0,2082,2227,0,False,,,2227,2082,True,True,True,False,False
LEGACY,cm04JAN2022bhav.csv.zip,2183,0,0,2183,2183,0,2032,2183,0,False,,,2183,2032,True,True,True,False,False
LEGACY,cm05JAN2022bhav.csv.zip,2187,0,0,2187,2187,0,2025,2187,0,False,,,2187,2025,True,True,True,False,False
LEGACY,cm06JAN2022bhav.csv.zip,2181,0,0,2181,2181,0,2034,2181,0,False,,,2181,2034,True,True,True,False,False
LEGACY,cm07JAN2022bhav.csv.zip,2172,0,0,2172,2172,0,2030,2172,0,False,,,2172,2030,True,True,True,False,False
LEGACY,cm10JAN2022bhav.csv.zip,2225,0,0,2225,2225,0,2085,2225,0,False,,,2225,2085,True,True,True,False,False
LEGACY,cm11JAN2022bhav.csv.zip,2197,0,0,2197,2196,1,2046,2197,0,False,,,2196,2046,True,False,True,False,True
LEGACY,cm12JAN2022bhav.csv.zip,2170,0,0,2170,2169,1,2032,2170,0,False,,,2169,2032,True,False,True,False,True
LEGACY,cm13JAN2022bhav.csv.zip,2168,0,0,2168,2168,0,2032,2168,0,False,,,2168,2032,True,True,True,False,False
LEGACY,cm14JAN2022bhav.csv.zip,2146,0,0,2146,2146,0,2029,2146,0,False,,,2146,2029,True,True,True,False,False
LEGACY,cm17JAN2022bhav.csv.zip,2235,0,0,2235,2235,0,2093,2235,0,False,,,2235,2093,True,True,True,False,False
LEGACY,cm18JAN2022bhav.csv.zip,2191,0,0,2191,2191,0,2048,2191,0,False,,,2191,2048,True,True,True,False,False
LEGACY,cm19JAN2022bhav.csv.zip,2174,0,0,2174,2174,0,2030,2174,0,False,,,2174,2030,True,True,True,False,False
LEGACY,cm20JAN2022bhav.csv.zip,2170,0,0,2170,2169,1,2037,2170,0,False,,,2169,2037,True,False,True,False,True
LEGACY,cm21JAN2022bhav.csv.zip,2184,0,0,2184,2184,0,2041,2184,0,False,,,2184,2041,True,True,True,False,False
LEGACY,cm24JAN2022bhav.csv.zip,2239,0,0,2239,2239,0,2087,2239,0,False,,,2239,2087,True,True,True,False,False
LEGACY,cm25JAN2022bhav.csv.zip,2177,0,0,2177,2177,0,2034,2177,0,False,,,2177,2034,True,True,True,False,False
LEGACY,cm27JAN2022bhav.csv.zip,2184,0,0,2184,2184,0,2032,2184,0,False,,,2184,2032,True,True,True,False,False
LEGACY,cm28JAN2022bhav.csv.zip,2181,0,0,2181,2180,1,2033,2181,0,False,,,2180,2033,True,False,True,False,True
LEGACY,cm31JAN2022bhav.csv.zip,2227,0,0,2227,2227,0,2088,2227,0,False,,,2227,2088,True,True,True,False,False
LEGACY,cm01FEB2022bhav.csv.zip,2171,0,0,2171,2170,1,2027,2171,0,False,,,2170,2027,True,False,True,False,True
LEGACY,cm02FEB2022bhav.csv.zip,2203,0,0,2203,2203,0,2042,2203,0,False,,,2203,2042,True,True,True,False,False
LEGACY,cm03FEB2022bhav.csv.zip,2190,0,0,2190,2190,0,2042,2190,0,False,,,2190,2042,True,True,True,False,False
LEGACY,cm04FEB2022bhav.csv.zip,2177,0,0,2177,2177,0,2040,2177,0,False,,,2177,2040,True,True,True,False,False
LEGACY,cm07FEB2022bhav.csv.zip,2220,0,0,2220,2220,0,2089,2220,0,False,,,2220,2089,True,True,True,False,False
LEGACY,cm08FEB2022bhav.csv.zip,2177,0,0,2177,2177,0,2033,2177,0,False,,,2177,2033,True,True,True,False,False
LEGACY,cm09FEB2022bhav.csv.zip,2183,0,0,2183,2183,0,2035,2183,0,False,,,2183,2035,True,True,True,False,False
LEGACY,cm10FEB2022bhav.csv.zip,2157,0,0,2157,2156,1,2024,2157,0,False,,,2156,2024,True,False,True,False,True
LEGACY,cm11FEB2022bhav.csv.zip,2158,0,0,2158,2158,0,2030,2158,0,False,,,2158,2030,True,True,True,False,False
LEGACY,cm14FEB2022bhav.csv.zip,2211,0,0,2211,2210,1,2082,2211,0,False,,,2210,2082,True,False,True,False,True
LEGACY,cm15FEB2022bhav.csv.zip,2189,0,0,2189,2187,2,2041,2189,0,False,,,2187,2041,True,False,True,False,True
LEGACY,cm16FEB2022bhav.csv.zip,2178,0,0,2178,2178,0,2047,2178,0,False,,,2178,2047,True,True,True,False,False
LEGACY,cm17FEB2022bhav.csv.zip,2164,0,0,2164,2164,0,2032,2164,0,False,,,2164,2032,True,True,True,False,False
LEGACY,cm18FEB2022bhav.csv.zip,2179,0,0,2179,2179,0,2043,2179,0,False,,,2179,2043,True,True,True,False,False
LEGACY,cm21FEB2022bhav.csv.zip,2230,0,0,2230,2230,0,2080,2230,0,False,,,2230,2080,True,True,True,False,False
LEGACY,cm22FEB2022bhav.csv.zip,2190,0,0,2190,2190,0,2044,2190,0,False,,,2190,2044,True,True,True,False,False
LEGACY,cm23FEB2022bhav.csv.zip,2180,0,0,2180,2180,0,2049,2180,0,False,,,2180,2049,True,True,True,False,False
LEGACY,cm24FEB2022bhav.csv.zip,2226,0,0,2226,2226,0,2060,2226,0,False,,,2226,2060,True,True,True,False,False
LEGACY,cm25FEB2022bhav.csv.zip,2168,0,0,2168,2168,0,2042,2168,0,False,,,2168,2042,True,True,True,False,False
LEGACY,cm28FEB2022bhav.csv.zip,2192,0,0,2192,2192,0,2070,2192,0,False,,,2192,2070,True,True,True,False,False
LEGACY,cm02MAR2022bhav.csv.zip,2198,0,0,2198,2198,0,2046,2198,0,False,,,2198,2046,True,True,True,False,False
LEGACY,cm03MAR2022bhav.csv.zip,2172,0,0,2172,2172,0,2042,2172,0,False,,,2172,2042,True,True,True,False,False
LEGACY,cm04MAR2022bhav.csv.zip,2186,0,0,2186,2186,0,2045,2186,0,False,,,2186,2045,True,True,True,False,False
LEGACY,cm07MAR2022bhav.csv.zip,2243,0,0,2243,2242,1,2086,2243,0,False,,,2242,2086,True,False,True,False,True
LEGACY,cm08MAR2022bhav.csv.zip,2188,0,0,2188,2188,0,2048,2188,0,False,,,2188,2048,True,True,True,False,False
LEGACY,cm09MAR2022bhav.csv.zip,2191,0,0,2191,2190,1,2060,2191,0,False,,,2190,2060,True,False,True,False,True
LEGACY,cm10MAR2022bhav.csv.zip,2194,0,0,2194,2193,1,2047,2194,0,False,,,2193,2047,True,False,True,False,True
LEGACY,cm11MAR2022bhav.csv.zip,2175,0,0,2175,2174,1,2053,2175,0,False,,,2174,2053,True,False,True,False,True
LEGACY,cm14MAR2022bhav.csv.zip,2194,0,0,2194,2194,0,2076,2194,0,False,,,2194,2076,True,True,True,False,False
LEGACY,cm15MAR2022bhav.csv.zip,2175,0,0,2175,2172,3,2045,2175,0,False,,,2172,2045,True,False,True,False,True
LEGACY,cm16MAR2022bhav.csv.zip,2179,0,0,2179,2179,0,2055,2179,0,False,,,2179,2055,True,True,True,False,False
LEGACY,cm17MAR2022bhav.csv.zip,2204,0,0,2204,2202,2,2069,2204,0,False,,,2202,2069,True,False,True,False,True
LEGACY,cm21MAR2022bhav.csv.zip,2232,0,0,2232,2230,2,2091,2232,0,False,,,2230,2091,True,False,True,False,True
LEGACY,cm22MAR2022bhav.csv.zip,2190,0,0,2190,2190,0,2068,2190,0,False,,,2190,2068,True,True,True,False,False
LEGACY,cm23MAR2022bhav.csv.zip,2174,0,0,2174,2173,1,2056,2174,0,False,,,2173,2056,True,False,True,False,True
LEGACY,cm24MAR2022bhav.csv.zip,2192,0,0,2192,2192,0,2061,2192,0,False,,,2192,2061,True,True,True,False,False
LEGACY,cm25MAR2022bhav.csv.zip,2192,0,0,2192,2191,1,2065,2192,0,False,,,2191,2065,True,False,True,False,True
LEGACY,cm28MAR2022bhav.csv.zip,2236,0,0,2236,2236,0,2109,2236,0,False,,,2236,2109,True,True,True,False,False
LEGACY,cm29MAR2022bhav.csv.zip,2226,0,0,2226,2225,1,2082,2226,0,False,,,2225,2082,True,False,True,False,True
LEGACY,cm30MAR2022bhav.csv.zip,2188,0,0,2188,2188,0,2066,2188,0,False,,,2188,2066,True,True,True,False,False
LEGACY,cm31MAR2022bhav.csv.zip,2172,0,0,2172,2172,0,2061,2172,0,False,,,2172,2061,True,True,True,False,False
LEGACY,cm01APR2022bhav.csv.zip,2187,0,0,2187,2187,0,2069,2187,0,False,,,2187,2069,True,True,True,False,False
LEGACY,cm04APR2022bhav.csv.zip,2224,0,0,2224,2224,0,2095,2224,0,False,,,2224,2095,True,True,True,False,False
LEGACY,cm05APR2022bhav.csv.zip,2198,0,0,2198,2198,0,2068,2198,0,False,,,2198,2068,True,True,True,False,False
LEGACY,cm06APR2022bhav.csv.zip,2210,0,0,2210,2209,1,2073,2210,0,False,,,2209,2073,True,False,True,False,True
LEGACY,cm07APR2022bhav.csv.zip,2206,0,0,2206,2206,0,2074,2206,0,False,,,2206,2074,True,True,True,False,False
LEGACY,cm08APR2022bhav.csv.zip,2212,0,0,2212,2212,0,2072,2212,0,False,,,2212,2072,True,True,True,False,False
LEGACY,cm11APR2022bhav.csv.zip,2252,0,0,2252,2252,0,2112,2252,0,False,,,2252,2112,True,True,True,False,False
LEGACY,cm12APR2022bhav.csv.zip,2216,0,0,2216,2216,0,2083,2216,0,False,,,2216,2083,True,True,True,False,False
LEGACY,cm13APR2022bhav.csv.zip,2214,0,0,2214,2214,0,2084,2214,0,False,,,2214,2084,True,True,True,False,False
LEGACY,cm18APR2022bhav.csv.zip,2279,0,0,2279,2279,0,2133,2279,0,False,,,2279,2133,True,True,True,False,False
LEGACY,cm19APR2022bhav.csv.zip,2209,0,0,2209,2209,0,2090,2209,0,False,,,2209,2090,True,True,True,False,False
LEGACY,cm20APR2022bhav.csv.zip,2242,0,0,2242,2242,0,2087,2242,0,False,,,2242,2087,True,True,True,False,False
LEGACY,cm21APR2022bhav.csv.zip,2194,0,0,2194,2193,1,2079,2194,0,False,,,2193,2079,True,False,True,False,True
LEGACY,cm22APR2022bhav.csv.zip,2208,0,0,2208,2208,0,2087,2208,0,False,,,2208,2087,True,True,True,False,False
LEGACY,cm25APR2022bhav.csv.zip,2230,0,0,2230,2230,0,2110,2230,0,False,,,2230,2110,True,True,True,False,False
LEGACY,cm26APR2022bhav.csv.zip,2210,0,0,2210,2210,0,2087,2210,0,False,,,2210,2087,True,True,True,False,False
LEGACY,cm27APR2022bhav.csv.zip,2202,0,0,2202,2202,0,2088,2202,0,False,,,2202,2088,True,True,True,False,False
LEGACY,cm28APR2022bhav.csv.zip,2208,0,0,2208,2208,0,2092,2208,0,False,,,2208,2092,True,True,True,False,False
LEGACY,cm29APR2022bhav.csv.zip,2186,0,0,2186,2186,0,2077,2186,0,False,,,2186,2077,True,True,True,False,False
LEGACY,cm02MAY2022bhav.csv.zip,2233,0,0,2233,2233,0,2109,2233,0,False,,,2233,2109,True,True,True,False,False
LEGACY,cm04MAY2022bhav.csv.zip,2233,0,0,2233,2232,1,2095,2233,0,False,,,2232,2095,True,False,True,False,True
LEGACY,cm05MAY2022bhav.csv.zip,2218,0,0,2218,2218,0,2092,2218,0,False,,,2218,2092,True,True,True,False,False
LEGACY,cm06MAY2022bhav.csv.zip,2203,0,0,2203,2203,0,2068,2203,0,False,,,2203,2068,True,True,True,False,False
LEGACY,cm09MAY2022bhav.csv.zip,2231,0,0,2231,2231,0,2111,2231,0,False,,,2231,2111,True,True,True,False,False
LEGACY,cm10MAY2022bhav.csv.zip,2213,0,0,2213,2213,0,2090,2213,0,False,,,2213,2090,True,True,True,False,False
LEGACY,cm11MAY2022bhav.csv.zip,2215,0,0,2215,2215,0,2091,2215,0,False,,,2215,2091,True,True,True,False,False
LEGACY,cm12MAY2022bhav.csv.zip,2225,0,0,2225,2225,0,2087,2225,0,False,,,2225,2087,True,True,True,False,False
LEGACY,cm13MAY2022bhav.csv.zip,2193,0,0,2193,2193,0,2081,2193,0,False,,,2193,2081,True,True,True,False,False
LEGACY,cm16MAY2022bhav.csv.zip,2224,0,0,2224,2224,0,2100,2224,0,False,,,2224,2100,True,True,True,False,False
LEGACY,cm17MAY2022bhav.csv.zip,2207,0,0,2207,2207,0,2088,2207,0,False,,,2207,2088,True,True,True,False,False
LEGACY,cm18MAY2022bhav.csv.zip,2210,0,0,2210,2210,0,2096,2210,0,False,,,2210,2096,True,True,True,False,False
LEGACY,cm19MAY2022bhav.csv.zip,2214,0,0,2214,2214,0,2091,2214,0,False,,,2214,2091,True,True,True,False,False
LEGACY,cm20MAY2022bhav.csv.zip,2201,0,0,2201,2200,1,2091,2201,0,False,,,2200,2091,True,False,True,False,True
LEGACY,cm23MAY2022bhav.csv.zip,2242,0,0,2242,2242,0,2122,2242,0,False,,,2242,2122,True,True,True,False,False
LEGACY,cm24MAY2022bhav.csv.zip,2213,0,0,2213,2212,1,2104,2213,0,False,,,2212,2104,True,False,True,False,True
LEGACY,cm25MAY2022bhav.csv.zip,2209,0,0,2209,2209,0,2104,2209,0,False,,,2209,2104,True,True,True,False,False
LEGACY,cm26MAY2022bhav.csv.zip,2207,0,0,2207,2207,0,2093,2207,0,False,,,2207,2093,True,True,True,False,False
LEGACY,cm27MAY2022bhav.csv.zip,2218,0,0,2218,2218,0,2097,2218,0,False,,,2218,2097,True,True,True,False,False
LEGACY,cm30MAY2022bhav.csv.zip,2242,0,0,2242,2242,0,2124,2242,0,False,,,2242,2124,True,True,True,False,False
LEGACY,cm31MAY2022bhav.csv.zip,2204,0,0,2204,2204,0,2093,2204,0,False,,,2204,2093,True,True,True,False,False
LEGACY,cm01JUN2022bhav.csv.zip,2209,0,0,2209,2208,1,2103,2209,0,False,,,2208,2103,True,False,True,False,True
LEGACY,cm02JUN2022bhav.csv.zip,2208,0,0,2208,2207,1,2092,2208,0,False,,,2207,2092,True,False,True,False,True
LEGACY,cm03JUN2022bhav.csv.zip,2216,0,0,2216,2215,1,2095,2216,0,False,,,2215,2095,True,False,True,False,True
LEGACY,cm06JUN2022bhav.csv.zip,2243,0,0,2243,2243,0,2121,2243,0,False,,,2243,2121,True,True,True,False,False
LEGACY,cm07JUN2022bhav.csv.zip,2214,0,0,2214,2213,1,2088,2214,0,False,,,2213,2088,True,False,True,False,True
LEGACY,cm08JUN2022bhav.csv.zip,2213,0,0,2213,2212,1,2091,2213,0,False,,,2212,2091,True,False,True,False,True
LEGACY,cm09JUN2022bhav.csv.zip,2197,0,0,2197,2197,0,2076,2197,0,False,,,2197,2076,True,True,True,False,False
LEGACY,cm10JUN2022bhav.csv.zip,2212,0,0,2212,2211,1,2091,2212,0,False,,,2211,2091,True,False,True,False,True
LEGACY,cm13JUN2022bhav.csv.zip,2235,0,0,2235,2234,1,2115,2235,0,False,,,2234,2115,True,False,True,False,True
LEGACY,cm14JUN2022bhav.csv.zip,2204,0,0,2204,2204,0,2083,2204,0,False,,,2204,2083,True,True,True,False,False
LEGACY,cm15JUN2022bhav.csv.zip,2211,0,0,2211,2210,1,2086,2211,0,False,,,2210,2086,True,False,True,False,True
LEGACY,cm16JUN2022bhav.csv.zip,2222,0,0,2222,2222,0,2095,2222,0,False,,,2222,2095,True,True,True,False,False
LEGACY,cm17JUN2022bhav.csv.zip,2197,0,0,2197,2197,0,2081,2197,0,False,,,2197,2081,True,True,True,False,False
LEGACY,cm20JUN2022bhav.csv.zip,2252,0,0,2252,2252,0,2124,2252,0,False,,,2252,2124,True,True,True,False,False
LEGACY,cm21JUN2022bhav.csv.zip,2232,0,0,2232,2232,0,2096,2232,0,False,,,2232,2096,True,True,True,False,False
LEGACY,cm22JUN2022bhav.csv.zip,2212,0,0,2212,2212,0,2088,2212,0,False,,,2212,2088,True,True,True,False,False
LEGACY,cm23JUN2022bhav.csv.zip,2197,0,0,2197,2196,1,2082,2197,0,False,,,2196,2082,True,False,True,False,True
LEGACY,cm24JUN2022bhav.csv.zip,2199,0,0,2199,2199,0,2085,2199,0,False,,,2199,2085,True,True,True,False,False
LEGACY,cm27JUN2022bhav.csv.zip,2222,0,0,2222,2222,0,2113,2222,0,False,,,2222,2113,True,True,True,False,False
LEGACY,cm28JUN2022bhav.csv.zip,2197,0,0,2197,2197,0,2085,2197,0,False,,,2197,2085,True,True,True,False,False
LEGACY,cm29JUN2022bhav.csv.zip,2190,0,0,2190,2190,0,2082,2190,0,False,,,2190,2082,True,True,True,False,False
LEGACY,cm30JUN2022bhav.csv.zip,2191,0,0,2191,2191,0,2077,2191,0,False,,,2191,2077,True,True,True,False,False
LEGACY,cm01JUL2022bhav.csv.zip,2210,0,0,2210,2210,0,2091,2210,0,False,,,2210,2091,True,True,True,False,False
LEGACY,cm04JUL2022bhav.csv.zip,2251,0,0,2251,2251,0,2122,2251,0,False,,,2251,2122,True,True,True,False,False
LEGACY,cm05JUL2022bhav.csv.zip,2210,0,0,2210,2210,0,2091,2210,0,False,,,2210,2091,True,True,True,False,False
LEGACY,cm06JUL2022bhav.csv.zip,2195,0,0,2195,2195,0,2079,2195,0,False,,,2195,2079,True,True,True,False,False
LEGACY,cm07JUL2022bhav.csv.zip,2194,0,0,2194,2194,0,2089,2194,0,False,,,2194,2089,True,True,True,False,False
LEGACY,cm08JUL2022bhav.csv.zip,2210,0,0,2210,2210,0,2088,2210,0,False,,,2210,2088,True,True,True,False,False
LEGACY,cm11JUL2022bhav.csv.zip,2232,0,0,2232,2232,0,2108,2232,0,False,,,2232,2108,True,True,True,False,False
LEGACY,cm12JUL2022bhav.csv.zip,2210,0,0,2210,2210,0,2092,2210,0,False,,,2210,2092,True,True,True,False,False
LEGACY,cm13JUL2022bhav.csv.zip,2223,0,0,2223,2223,0,2102,2223,0,False,,,2223,2102,True,True,True,False,False
LEGACY,cm14JUL2022bhav.csv.zip,2195,0,0,2195,2195,0,2087,2195,0,False,,,2195,2087,True,True,True,False,False
LEGACY,cm15JUL2022bhav.csv.zip,2209,0,0,2209,2209,0,2094,2209,0,False,,,2209,2094,True,True,True,False,False
LEGACY,cm18JUL2022bhav.csv.zip,2254,0,0,2254,2254,0,2134,2254,0,False,,,2254,2134,True,True,True,False,False
LEGACY,cm19JUL2022bhav.csv.zip,2215,0,0,2215,2215,0,2101,2215,0,False,,,2215,2101,True,True,True,False,False
LEGACY,cm20JUL2022bhav.csv.zip,2235,0,0,2235,2235,0,2111,2235,0,False,,,2235,2111,True,True,True,False,False
LEGACY,cm21JUL2022bhav.csv.zip,2217,0,0,2217,2217,0,2108,2217,0,False,,,2217,2108,True,True,True,False,False
LEGACY,cm22JUL2022bhav.csv.zip,2218,0,0,2218,2218,0,2116,2218,0,False,,,2218,2116,True,True,True,False,False
LEGACY,cm25JUL2022bhav.csv.zip,2366,0,0,2366,2256,110,2131,2366,0,False,,,2256,2131,True,False,True,False,True
LEGACY,cm26JUL2022bhav.csv.zip,2211,0,0,2211,2211,0,2103,2211,0,False,,,2211,2103,True,True,True,False,False
LEGACY,cm27JUL2022bhav.csv.zip,2215,0,0,2215,2215,0,2107,2215,0,False,,,2215,2107,True,True,True,False,False
LEGACY,cm28JUL2022bhav.csv.zip,2222,0,0,2222,2222,0,2107,2222,0,False,,,2222,2107,True,True,True,False,False
LEGACY,cm29JUL2022bhav.csv.zip,2224,0,0,2224,2224,0,2105,2224,0,False,,,2224,2105,True,True,True,False,False
LEGACY,cm01AUG2022bhav.csv.zip,2279,0,0,2279,2279,0,2148,2279,0,False,,,2279,2148,True,True,True,False,False
LEGACY,cm02AUG2022bhav.csv.zip,2220,0,0,2220,2220,0,2107,2220,0,False,,,2220,2107,True,True,True,False,False
LEGACY,cm03AUG2022bhav.csv.zip,2224,0,0,2224,2224,0,2114,2224,0,False,,,2224,2114,True,True,True,False,False
LEGACY,cm04AUG2022bhav.csv.zip,2216,0,0,2216,2216,0,2103,2216,0,False,,,2216,2103,True,True,True,False,False
LEGACY,cm05AUG2022bhav.csv.zip,2216,0,0,2216,2216,0,2109,2216,0,False,,,2216,2109,True,True,True,False,False
LEGACY,cm08AUG2022bhav.csv.zip,2377,0,0,2377,2269,108,2136,2377,0,False,,,2269,2136,True,False,True,False,True
LEGACY,cm10AUG2022bhav.csv.zip,2244,0,0,2244,2244,0,2117,2244,0,False,,,2244,2117,True,True,True,False,False
LEGACY,cm11AUG2022bhav.csv.zip,2227,0,0,2227,2227,0,2110,2227,0,False,,,2227,2110,True,True,True,False,False
LEGACY,cm12AUG2022bhav.csv.zip,2246,0,0,2246,2246,0,2114,2246,0,False,,,2246,2114,True,True,True,False,False
LEGACY,cm16AUG2022bhav.csv.zip,2309,0,0,2309,2309,0,2163,2309,0,False,,,2309,2163,True,True,True,False,False
LEGACY,cm17AUG2022bhav.csv.zip,2259,0,0,2259,2259,0,2129,2259,0,False,,,2259,2129,True,True,True,False,False
LEGACY,cm18AUG2022bhav.csv.zip,2241,0,0,2241,2241,0,2113,2241,0,False,,,2241,2113,True,True,True,False,False
LEGACY,cm19AUG2022bhav.csv.zip,2247,0,0,2247,2247,0,2127,2247,0,False,,,2247,2127,True,True,True,False,False
LEGACY,cm22AUG2022bhav.csv.zip,2280,0,0,2280,2280,0,2157,2280,0,False,,,2280,2157,True,True,True,False,False
LEGACY,cm23AUG2022bhav.csv.zip,2228,0,0,2228,2228,0,2127,2228,0,False,,,2228,2127,True,True,True,False,False
LEGACY,cm24AUG2022bhav.csv.zip,2251,0,0,2251,2251,0,2129,2251,0,False,,,2251,2129,True,True,True,False,False
LEGACY,cm25AUG2022bhav.csv.zip,2240,0,0,2240,2240,0,2124,2240,0,False,,,2240,2124,True,True,True,False,False
LEGACY,cm26AUG2022bhav.csv.zip,2254,0,0,2254,2254,0,2136,2254,0,False,,,2254,2136,True,True,True,False,False
LEGACY,cm29AUG2022bhav.csv.zip,2301,0,0,2301,2301,0,2162,2301,0,False,,,2301,2162,True,True,True,False,False
LEGACY,cm30AUG2022bhav.csv.zip,2273,0,0,2273,2273,0,2138,2273,0,False,,,2273,2138,True,True,True,False,False
LEGACY,cm01SEP2022bhav.csv.zip,2270,0,0,2270,2269,1,2148,2270,0,False,,,2269,2148,True,False,True,False,True
LEGACY,cm02SEP2022bhav.csv.zip,2291,0,0,2291,2291,0,2157,2291,0,False,,,2291,2157,True,True,True,False,False
LEGACY,cm05SEP2022bhav.csv.zip,2311,0,0,2311,2311,0,2171,2311,0,False,,,2311,2171,True,True,True,False,False
LEGACY,cm06SEP2022bhav.csv.zip,2291,0,0,2291,2291,0,2152,2291,0,False,,,2291,2152,True,True,True,False,False
LEGACY,cm07SEP2022bhav.csv.zip,2271,0,0,2271,2271,0,2148,2271,0,False,,,2271,2148,True,True,True,False,False
LEGACY,cm08SEP2022bhav.csv.zip,2287,0,0,2287,2287,0,2153,2287,0,False,,,2287,2153,True,True,True,False,False
LEGACY,cm09SEP2022bhav.csv.zip,2282,0,0,2282,2282,0,2138,2282,0,False,,,2282,2138,True,True,True,False,False
LEGACY,cm12SEP2022bhav.csv.zip,2329,0,0,2329,2329,0,2188,2329,0,False,,,2329,2188,True,True,True,False,False
LEGACY,cm13SEP2022bhav.csv.zip,2283,0,0,2283,2283,0,2154,2283,0,False,,,2283,2154,True,True,True,False,False
LEGACY,cm14SEP2022bhav.csv.zip,2258,0,0,2258,2258,0,2152,2258,0,False,,,2258,2152,True,True,True,False,False
LEGACY,cm15SEP2022bhav.csv.zip,2243,0,0,2243,2243,0,2140,2243,0,False,,,2243,2140,True,True,True,False,False
LEGACY,cm16SEP2022bhav.csv.zip,2269,0,0,2269,2269,0,2147,2269,0,False,,,2269,2147,True,True,True,False,False
LEGACY,cm19SEP2022bhav.csv.zip,2305,0,0,2305,2302,3,2183,2305,0,False,,,2302,2183,True,False,True,False,True
LEGACY,cm20SEP2022bhav.csv.zip,2269,0,0,2269,2269,0,2152,2269,0,False,,,2269,2152,True,True,True,False,False
LEGACY,cm21SEP2022bhav.csv.zip,2265,0,0,2265,2263,2,2146,2265,0,False,,,2263,2146,True,False,True,False,True
LEGACY,cm22SEP2022bhav.csv.zip,2271,0,0,2271,2270,1,2152,2271,0,False,,,2270,2152,True,False,True,False,True
LEGACY,cm23SEP2022bhav.csv.zip,2276,0,0,2276,2276,0,2142,2276,0,False,,,2276,2142,True,True,True,False,False
LEGACY,cm26SEP2022bhav.csv.zip,2320,0,0,2320,2320,0,2182,2320,0,False,,,2320,2182,True,True,True,False,False
LEGACY,cm27SEP2022bhav.csv.zip,2255,0,0,2255,2253,2,2137,2255,0,False,,,2253,2137,True,False,True,False,True
LEGACY,cm28SEP2022bhav.csv.zip,2248,0,0,2248,2248,0,2135,2248,0,False,,,2248,2135,True,True,True,False,False
LEGACY,cm29SEP2022bhav.csv.zip,2259,0,0,2259,2259,0,2133,2259,0,False,,,2259,2133,True,True,True,False,False
LEGACY,cm30SEP2022bhav.csv.zip,2273,0,0,2273,2271,2,2150,2273,0,False,,,2271,2150,True,False,True,False,True
LEGACY,cm03OCT2022bhav.csv.zip,2616,0,0,2616,2303,313,2183,2616,0,True,2022-10-03,exact,2303,2183,True,False,True,False,True
LEGACY,cm04OCT2022bhav.csv.zip,2281,0,0,2281,2279,2,2155,2281,0,False,,,2279,2155,True,False,True,False,True
LEGACY,cm06OCT2022bhav.csv.zip,2304,0,0,2304,2304,0,2172,2304,0,False,,,2304,2172,True,True,True,False,False
LEGACY,cm07OCT2022bhav.csv.zip,2271,0,0,2271,2271,0,2154,2271,0,False,,,2271,2154,True,True,True,False,False
LEGACY,cm10OCT2022bhav.csv.zip,2323,0,0,2323,2323,0,2192,2323,0,False,,,2323,2192,True,True,True,False,False
LEGACY,cm11OCT2022bhav.csv.zip,2310,0,0,2310,2297,13,2162,2310,0,False,,,2297,2162,True,False,True,False,True
LEGACY,cm12OCT2022bhav.csv.zip,2271,0,0,2271,2271,0,2157,2271,0,False,,,2271,2157,True,True,True,False,False
LEGACY,cm13OCT2022bhav.csv.zip,2294,0,0,2294,2294,0,2166,2294,0,False,,,2294,2166,True,True,True,False,False
LEGACY,cm14OCT2022bhav.csv.zip,2266,0,0,2266,2266,0,2152,2266,0,False,,,2266,2152,True,True,True,False,False
LEGACY,cm17OCT2022bhav.csv.zip,2363,0,0,2363,2328,35,2198,2363,0,False,,,2328,2198,True,False,True,False,True
LEGACY,cm18OCT2022bhav.csv.zip,2282,0,0,2282,2281,1,2159,2282,0,False,,,2281,2159,True,False,True,False,True
LEGACY,cm19OCT2022bhav.csv.zip,2275,0,0,2275,2275,0,2153,2275,0,False,,,2275,2153,True,True,True,False,False
LEGACY,cm20OCT2022bhav.csv.zip,2263,0,0,2263,2263,0,2153,2263,0,False,,,2263,2153,True,True,True,False,False
LEGACY,cm21OCT2022bhav.csv.zip,2279,0,0,2279,2279,0,2159,2279,0,False,,,2279,2159,True,True,True,False,False
LEGACY,cm25OCT2022bhav.csv.zip,2285,0,0,2285,2253,32,2142,2285,0,False,,,2253,2142,True,False,True,False,True
LEGACY,cm27OCT2022bhav.csv.zip,2298,0,0,2298,2298,0,2166,2298,0,False,,,2298,2166,True,True,True,False,False
LEGACY,cm28OCT2022bhav.csv.zip,2292,0,0,2292,2292,0,2165,2292,0,False,,,2292,2165,True,True,True,False,False
LEGACY,cm31OCT2022bhav.csv.zip,2350,0,0,2350,2350,0,2202,2350,0,False,,,2350,2202,True,True,True,False,False
LEGACY,cm01NOV2022bhav.csv.zip,2323,0,0,2323,2323,0,2184,2323,0,False,,,2323,2184,True,True,True,False,False
LEGACY,cm02NOV2022bhav.csv.zip,2301,0,0,2301,2300,1,2175,2301,0,False,,,2300,2175,True,False,True,False,True
LEGACY,cm03NOV2022bhav.csv.zip,2402,0,0,2402,2287,115,2170,2402,0,False,,,2287,2170,True,False,True,False,True
LEGACY,cm04NOV2022bhav.csv.zip,2310,0,0,2310,2310,0,2179,2310,0,False,,,2310,2179,True,True,True,False,False
LEGACY,cm07NOV2022bhav.csv.zip,2343,0,0,2343,2343,0,2214,2343,0,False,,,2343,2214,True,True,True,False,False
LEGACY,cm09NOV2022bhav.csv.zip,2323,0,0,2323,2323,0,2185,2323,0,False,,,2323,2185,True,True,True,False,False
LEGACY,cm10NOV2022bhav.csv.zip,2292,0,0,2292,2292,0,2177,2292,0,False,,,2292,2177,True,True,True,False,False
LEGACY,cm11NOV2022bhav.csv.zip,2290,0,0,2290,2290,0,2172,2290,0,False,,,2290,2172,True,True,True,False,False
LEGACY,cm14NOV2022bhav.csv.zip,2479,0,0,2479,2345,134,2213,2479,0,False,,,2345,2213,True,False,True,False,True
LEGACY,cm15NOV2022bhav.csv.zip,2320,0,0,2320,2320,0,2198,2320,0,False,,,2320,2198,True,True,True,False,False
LEGACY,cm16NOV2022bhav.csv.zip,2304,0,0,2304,2304,0,2188,2304,0,False,,,2304,2188,True,True,True,False,False
LEGACY,cm17NOV2022bhav.csv.zip,2291,0,0,2291,2291,0,2178,2291,0,False,,,2291,2178,True,True,True,False,False
LEGACY,cm18NOV2022bhav.csv.zip,2299,0,0,2299,2298,1,2178,2299,0,False,,,2298,2178,True,False,True,False,True
LEGACY,cm21NOV2022bhav.csv.zip,2338,0,0,2338,2338,0,2221,2338,0,False,,,2338,2221,True,True,True,False,False
LEGACY,cm22NOV2022bhav.csv.zip,2325,0,0,2325,2325,0,2200,2325,0,False,,,2325,2200,True,True,True,False,False
LEGACY,cm23NOV2022bhav.csv.zip,2297,0,0,2297,2297,0,2179,2297,0,False,,,2297,2179,True,True,True,False,False
LEGACY,cm24NOV2022bhav.csv.zip,2302,0,0,2302,2300,2,2189,2302,0,False,,,2300,2189,True,False,True,False,True
LEGACY,cm25NOV2022bhav.csv.zip,2309,0,0,2309,2309,0,2199,2309,0,False,,,2309,2199,True,True,True,False,False
LEGACY,cm28NOV2022bhav.csv.zip,2380,0,0,2380,2379,1,2240,2380,0,False,,,2379,2240,True,False,True,False,True
LEGACY,cm29NOV2022bhav.csv.zip,2315,0,0,2315,2315,0,2201,2315,0,False,,,2315,2201,True,True,True,False,False
LEGACY,cm30NOV2022bhav.csv.zip,2311,0,0,2311,2311,0,2202,2311,0,False,,,2311,2202,True,True,True,False,False
LEGACY,cm01DEC2022bhav.csv.zip,2339,0,0,2339,2339,0,2218,2339,0,False,,,2339,2218,True,True,True,False,False
LEGACY,cm02DEC2022bhav.csv.zip,2338,0,0,2338,2337,1,2204,2338,0,False,,,2337,2204,True,False,True,False,True
LEGACY,cm05DEC2022bhav.csv.zip,2366,0,0,2366,2366,0,2242,2366,0,False,,,2366,2242,True,True,True,False,False
LEGACY,cm06DEC2022bhav.csv.zip,2333,0,0,2333,2333,0,2205,2333,0,False,,,2333,2205,True,True,True,False,False
LEGACY,cm07DEC2022bhav.csv.zip,2328,0,0,2328,2325,3,2207,2328,0,False,,,2325,2207,True,False,True,False,True
LEGACY,cm08DEC2022bhav.csv.zip,2318,0,0,2318,2318,0,2197,2318,0,False,,,2318,2197,True,True,True,False,False
LEGACY,cm09DEC2022bhav.csv.zip,2324,0,0,2324,2324,0,2207,2324,0,False,,,2324,2207,True,True,True,False,False
LEGACY,cm12DEC2022bhav.csv.zip,2335,0,0,2335,2334,1,2226,2335,0,False,,,2334,2226,True,False,True,False,True
LEGACY,cm13DEC2022bhav.csv.zip,2326,0,0,2326,2326,0,2208,2326,0,False,,,2326,2208,True,True,True,False,False
LEGACY,cm14DEC2022bhav.csv.zip,2330,0,0,2330,2330,0,2211,2330,0,False,,,2330,2211,True,True,True,False,False
LEGACY,cm15DEC2022bhav.csv.zip,2313,0,0,2313,2312,1,2199,2313,0,False,,,2312,2199,True,False,True,False,True
LEGACY,cm16DEC2022bhav.csv.zip,2318,0,0,2318,2318,0,2202,2318,0,False,,,2318,2202,True,True,True,False,False
LEGACY,cm19DEC2022bhav.csv.zip,2354,0,0,2354,2352,2,2237,2354,0,False,,,2352,2237,True,False,True,False,True
LEGACY,cm20DEC2022bhav.csv.zip,2348,0,0,2348,2348,0,2216,2348,0,False,,,2348,2216,True,True,True,False,False
LEGACY,cm21DEC2022bhav.csv.zip,2325,0,0,2325,2325,0,2206,2325,0,False,,,2325,2206,True,True,True,False,False
LEGACY,cm22DEC2022bhav.csv.zip,2329,0,0,2329,2328,1,2215,2329,0,False,,,2328,2215,True,False,True,False,True
LEGACY,cm23DEC2022bhav.csv.zip,2360,0,0,2360,2360,0,2222,2360,0,False,,,2360,2222,True,True,True,False,False
LEGACY,cm26DEC2022bhav.csv.zip,2377,0,0,2377,2377,0,2256,2377,0,False,,,2377,2256,True,True,True,False,False
LEGACY,cm27DEC2022bhav.csv.zip,2339,0,0,2339,2338,1,2208,2339,0,False,,,2338,2208,True,False,True,False,True
LEGACY,cm28DEC2022bhav.csv.zip,2316,0,0,2316,2315,1,2193,2316,0,False,,,2315,2193,True,False,True,False,True
LEGACY,cm29DEC2022bhav.csv.zip,2311,0,0,2311,2311,0,2204,2311,0,False,,,2311,2204,True,True,True,False,False
LEGACY,cm30DEC2022bhav.csv.zip,2335,0,0,2335,2334,1,2217,2335,0,False,,,2334,2217,True,False,True,False,True
LEGACY,cm02JAN2023bhav.csv.zip,2383,0,0,2383,2382,1,2255,2383,0,False,,,2382,2255,True,False,True,False,True
LEGACY,cm03JAN2023bhav.csv.zip,2382,0,0,2382,2382,0,2242,2382,0,False,,,2382,2242,True,True,True,False,False
LEGACY,cm04JAN2023bhav.csv.zip,2383,0,0,2383,2383,0,2245,2383,0,False,,,2383,2245,True,True,True,False,False
LEGACY,cm05JAN2023bhav.csv.zip,2350,0,0,2350,2350,0,2230,2350,0,False,,,2350,2230,True,True,True,False,False
LEGACY,cm06JAN2023bhav.csv.zip,2381,0,0,2381,2381,0,2252,2381,0,False,,,2381,2252,True,True,True,False,False
LEGACY,cm09JAN2023bhav.csv.zip,2388,0,0,2388,2388,0,2267,2388,0,False,,,2388,2267,True,True,True,False,False
LEGACY,cm10JAN2023bhav.csv.zip,2354,0,0,2354,2353,1,2229,2354,0,False,,,2353,2229,True,False,True,False,True
LEGACY,cm11JAN2023bhav.csv.zip,2343,0,0,2343,2343,0,2230,2343,0,False,,,2343,2230,True,True,True,False,False
LEGACY,cm12JAN2023bhav.csv.zip,2349,0,0,2349,2348,1,2221,2349,0,False,,,2348,2221,True,False,True,False,True
LEGACY,cm13JAN2023bhav.csv.zip,2335,0,0,2335,2335,0,2225,2335,0,False,,,2335,2225,True,True,True,False,False
LEGACY,cm16JAN2023bhav.csv.zip,2390,0,0,2390,2390,0,2261,2390,0,False,,,2390,2261,True,True,True,False,False
LEGACY,cm17JAN2023bhav.csv.zip,2323,0,0,2323,2322,1,2218,2323,0,False,,,2322,2218,True,False,True,False,True
LEGACY,cm18JAN2023bhav.csv.zip,2341,0,0,2341,2341,0,2229,2341,0,False,,,2341,2229,True,True,True,False,False
LEGACY,cm19JAN2023bhav.csv.zip,2341,0,0,2341,2341,0,2223,2341,0,False,,,2341,2223,True,True,True,False,False
LEGACY,cm20JAN2023bhav.csv.zip,2356,0,0,2356,2356,0,2241,2356,0,False,,,2356,2241,True,True,True,False,False
LEGACY,cm23JAN2023bhav.csv.zip,2393,0,0,2393,2393,0,2284,2393,0,False,,,2393,2284,True,True,True,False,False
LEGACY,cm24JAN2023bhav.csv.zip,2345,0,0,2345,2345,0,2241,2345,0,False,,,2345,2241,True,True,True,False,False
LEGACY,cm25JAN2023bhav.csv.zip,2343,0,0,2343,2343,0,2239,2343,0,False,,,2343,2239,True,True,True,False,False
LEGACY,cm27JAN2023bhav.csv.zip,2360,0,0,2360,2360,0,2239,2360,0,False,,,2360,2239,True,True,True,False,False
LEGACY,cm30JAN2023bhav.csv.zip,2389,0,0,2389,2389,0,2273,2389,0,False,,,2389,2273,True,True,True,False,False
LEGACY,cm31JAN2023bhav.csv.zip,2349,0,0,2349,2348,1,2236,2349,0,False,,,2348,2236,True,False,True,False,True
LEGACY,cm01FEB2023bhav.csv.zip,2335,0,0,2335,2334,1,2232,2335,0,False,,,2334,2232,True,False,True,False,True
LEGACY,cm02FEB2023bhav.csv.zip,2348,0,0,2348,2348,0,2242,2348,0,False,,,2348,2242,True,True,True,False,False
LEGACY,cm03FEB2023bhav.csv.zip,2361,0,0,2361,2361,0,2240,2361,0,False,,,2361,2240,True,True,True,False,False
LEGACY,cm06FEB2023bhav.csv.zip,2377,0,0,2377,2377,0,2259,2377,0,False,,,2377,2259,True,True,True,False,False
LEGACY,cm07FEB2023bhav.csv.zip,2350,0,0,2350,2350,0,2227,2350,0,False,,,2350,2227,True,True,True,False,False
LEGACY,cm08FEB2023bhav.csv.zip,2335,0,0,2335,2335,0,2227,2335,0,False,,,2335,2227,True,True,True,False,False
LEGACY,cm09FEB2023bhav.csv.zip,2346,0,0,2346,2346,0,2227,2346,0,False,,,2346,2227,True,True,True,False,False
LEGACY,cm10FEB2023bhav.csv.zip,2329,0,0,2329,2329,0,2226,2329,0,False,,,2329,2226,True,True,True,False,False
LEGACY,cm13FEB2023bhav.csv.zip,2369,0,0,2369,2368,1,2257,2369,0,False,,,2368,2257,True,False,True,False,True
LEGACY,cm14FEB2023bhav.csv.zip,2336,0,0,2336,2335,1,2228,2336,0,False,,,2335,2228,True,False,True,False,True
LEGACY,cm15FEB2023bhav.csv.zip,2336,0,0,2336,2335,1,2232,2336,0,False,,,2335,2232,True,False,True,False,True
LEGACY,cm16FEB2023bhav.csv.zip,2347,0,0,2347,2347,0,2243,2347,0,False,,,2347,2243,True,True,True,False,False
LEGACY,cm17FEB2023bhav.csv.zip,2344,0,0,2344,2343,1,2223,2344,0,False,,,2343,2223,True,False,True,False,True
LEGACY,cm20FEB2023bhav.csv.zip,2374,0,0,2374,2374,0,2259,2374,0,False,,,2374,2259,True,True,True,False,False
LEGACY,cm21FEB2023bhav.csv.zip,2347,0,0,2347,2347,0,2227,2347,0,False,,,2347,2227,True,True,True,False,False
LEGACY,cm22FEB2023bhav.csv.zip,2358,0,0,2358,2358,0,2234,2358,0,False,,,2358,2234,True,True,True,False,False
LEGACY,cm23FEB2023bhav.csv.zip,2326,0,0,2326,2326,0,2226,2326,0,False,,,2326,2226,True,True,True,False,False
LEGACY,cm24FEB2023bhav.csv.zip,2351,0,0,2351,2351,0,2233,2351,0,False,,,2351,2233,True,True,True,False,False
LEGACY,cm27FEB2023bhav.csv.zip,2408,0,0,2408,2408,0,2276,2408,0,False,,,2408,2276,True,True,True,False,False
LEGACY,cm28FEB2023bhav.csv.zip,2363,0,0,2363,2363,0,2233,2363,0,False,,,2363,2233,True,True,True,False,False
LEGACY,cm01MAR2023bhav.csv.zip,2359,0,0,2359,2358,1,2250,2359,0,False,,,2358,2250,True,False,True,False,True
LEGACY,cm02MAR2023bhav.csv.zip,2364,0,0,2364,2361,3,2235,2364,0,False,,,2361,2235,True,False,True,False,True
LEGACY,cm03MAR2023bhav.csv.zip,2379,0,0,2379,2378,1,2243,2379,0,False,,,2378,2243,True,False,True,False,True
LEGACY,cm06MAR2023bhav.csv.zip,2414,0,0,2414,2413,1,2279,2414,0,False,,,2413,2279,True,False,True,False,True
LEGACY,cm08MAR2023bhav.csv.zip,2378,0,0,2378,2377,1,2235,2378,0,False,,,2377,2235,True,False,True,False,True
LEGACY,cm09MAR2023bhav.csv.zip,2383,0,0,2383,2383,0,2241,2383,0,False,,,2383,2241,True,True,True,False,False
LEGACY,cm10MAR2023bhav.csv.zip,2349,0,0,2349,2349,0,2244,2349,0,False,,,2349,2244,True,True,True,False,False
LEGACY,cm13MAR2023bhav.csv.zip,2407,0,0,2407,2407,0,2276,2407,0,False,,,2407,2276,True,True,True,False,False
LEGACY,cm14MAR2023bhav.csv.zip,2400,0,0,2400,2398,2,2257,2400,0,False,,,2398,2257,True,False,True,False,True
LEGACY,cm15MAR2023bhav.csv.zip,2357,0,0,2357,2356,1,2229,2357,0,False,,,2356,2229,True,False,True,False,True
LEGACY,cm16MAR2023bhav.csv.zip,2388,0,0,2388,2387,1,2260,2388,0,False,,,2387,2260,True,False,True,False,True
LEGACY,cm17MAR2023bhav.csv.zip,2374,0,0,2374,2374,0,2242,2374,0,False,,,2374,2242,True,True,True,False,False
LEGACY,cm20MAR2023bhav.csv.zip,2398,0,0,2398,2398,0,2275,2398,0,False,,,2398,2275,True,True,True,False,False
LEGACY,cm21MAR2023bhav.csv.zip,2372,0,0,2372,2372,0,2247,2372,0,False,,,2372,2247,True,True,True,False,False
LEGACY,cm22MAR2023bhav.csv.zip,2352,0,0,2352,2351,1,2236,2352,0,False,,,2351,2236,True,False,True,False,True
LEGACY,cm23MAR2023bhav.csv.zip,2356,0,0,2356,2356,0,2246,2356,0,False,,,2356,2246,True,True,True,False,False
LEGACY,cm24MAR2023bhav.csv.zip,2407,0,0,2407,2406,1,2270,2407,0,False,,,2406,2270,True,False,True,False,True
LEGACY,cm27MAR2023bhav.csv.zip,2419,0,0,2419,2418,1,2285,2419,0,False,,,2418,2285,True,False,True,False,True
LEGACY,cm28MAR2023bhav.csv.zip,2394,0,0,2394,2393,1,2269,2394,0,False,,,2393,2269,True,False,True,False,True
LEGACY,cm29MAR2023bhav.csv.zip,2387,0,0,2387,2385,2,2267,2387,0,False,,,2385,2267,True,False,True,False,True
LEGACY,cm31MAR2023bhav.csv.zip,2403,0,0,2403,2401,2,2267,2403,0,False,,,2401,2267,True,False,True,False,True
LEGACY,cm03APR2023bhav.csv.zip,2403,0,0,2403,2403,0,2287,2403,0,False,,,2403,2287,True,True,True,False,False
LEGACY,cm05APR2023bhav.csv.zip,2390,0,0,2390,2390,0,2259,2390,0,False,,,2390,2259,True,True,True,False,False
LEGACY,cm06APR2023bhav.csv.zip,2391,0,0,2391,2391,0,2264,2391,0,False,,,2391,2264,True,True,True,False,False
LEGACY,cm10APR2023bhav.csv.zip,2416,0,0,2416,2416,0,2286,2416,0,False,,,2416,2286,True,True,True,False,False
LEGACY,cm11APR2023bhav.csv.zip,2375,0,0,2375,2375,0,2265,2375,0,False,,,2375,2265,True,True,True,False,False
LEGACY,cm12APR2023bhav.csv.zip,2390,0,0,2390,2390,0,2268,2390,0,False,,,2390,2268,True,True,True,False,False
LEGACY,cm13APR2023bhav.csv.zip,2365,0,0,2365,2364,1,2250,2365,0,False,,,2364,2250,True,False,True,False,True
LEGACY,cm17APR2023bhav.csv.zip,2421,0,0,2421,2419,2,2292,2421,0,False,,,2419,2292,True,False,True,False,True
LEGACY,cm18APR2023bhav.csv.zip,2380,0,0,2380,2379,1,2255,2380,0,False,,,2379,2255,True,False,True,False,True
LEGACY,cm19APR2023bhav.csv.zip,2371,0,0,2371,2370,1,2246,2371,0,False,,,2370,2246,True,False,True,False,True
LEGACY,cm20APR2023bhav.csv.zip,2358,0,0,2358,2357,1,2237,2358,0,False,,,2357,2237,True,False,True,False,True
LEGACY,cm21APR2023bhav.csv.zip,2372,0,0,2372,2371,1,2242,2372,0,False,,,2371,2242,True,False,True,False,True
LEGACY,cm24APR2023bhav.csv.zip,2412,0,0,2412,2410,2,2303,2412,0,False,,,2410,2303,True,False,True,False,True
LEGACY,cm25APR2023bhav.csv.zip,2359,0,0,2359,2357,2,2246,2359,0,False,,,2357,2246,True,False,True,False,True
LEGACY,cm26APR2023bhav.csv.zip,2371,0,0,2371,2369,2,2256,2371,0,False,,,2369,2256,True,False,True,False,True
LEGACY,cm27APR2023bhav.csv.zip,2371,0,0,2371,2369,2,2251,2371,0,False,,,2369,2251,True,False,True,False,True
LEGACY,cm28APR2023bhav.csv.zip,2381,0,0,2381,2380,1,2250,2381,0,False,,,2380,2250,True,False,True,False,True
LEGACY,cm02MAY2023bhav.csv.zip,2432,0,0,2432,2431,1,2309,2432,0,False,,,2431,2309,True,False,True,False,True
LEGACY,cm03MAY2023bhav.csv.zip,2378,0,0,2378,2377,1,2250,2378,0,False,,,2377,2250,True,False,True,False,True
LEGACY,cm04MAY2023bhav.csv.zip,2378,0,0,2378,2377,1,2247,2378,0,False,,,2377,2247,True,False,True,False,True
LEGACY,cm05MAY2023bhav.csv.zip,2360,0,0,2360,2359,1,2245,2360,0,False,,,2359,2245,True,False,True,False,True
LEGACY,cm08MAY2023bhav.csv.zip,2433,0,0,2433,2432,1,2293,2433,0,False,,,2432,2293,True,False,True,False,True
LEGACY,cm09MAY2023bhav.csv.zip,2408,0,0,2408,2407,1,2271,2408,0,False,,,2407,2271,True,False,True,False,True
LEGACY,cm10MAY2023bhav.csv.zip,2390,0,0,2390,2389,1,2272,2390,0,False,,,2389,2272,True,False,True,False,True
LEGACY,cm11MAY2023bhav.csv.zip,2364,0,0,2364,2363,1,2249,2364,0,False,,,2363,2249,True,False,True,False,True
LEGACY,cm12MAY2023bhav.csv.zip,2361,0,0,2361,2359,2,2249,2361,0,False,,,2359,2249,True,False,True,False,True
LEGACY,cm15MAY2023bhav.csv.zip,2427,0,0,2427,2426,1,2306,2427,0,False,,,2426,2306,True,False,True,False,True
LEGACY,cm16MAY2023bhav.csv.zip,2371,0,0,2371,2370,1,2256,2371,0,False,,,2370,2256,True,False,True,False,True
LEGACY,cm17MAY2023bhav.csv.zip,2369,0,0,2369,2368,1,2250,2369,0,False,,,2368,2250,True,False,True,False,True
LEGACY,cm18MAY2023bhav.csv.zip,2364,0,0,2364,2363,1,2251,2364,0,False,,,2363,2251,True,False,True,False,True
LEGACY,cm19MAY2023bhav.csv.zip,2376,0,0,2376,2375,1,2261,2376,0,False,,,2375,2261,True,False,True,False,True
LEGACY,cm22MAY2023bhav.csv.zip,2430,0,0,2430,2429,1,2303,2430,0,False,,,2429,2303,True,False,True,False,True
LEGACY,cm23MAY2023bhav.csv.zip,2366,0,0,2366,2365,1,2258,2366,0,False,,,2365,2258,True,False,True,False,True
LEGACY,cm24MAY2023bhav.csv.zip,2377,0,0,2377,2376,1,2265,2377,0,False,,,2376,2265,True,False,True,False,True
LEGACY,cm25MAY2023bhav.csv.zip,2348,0,0,2348,2347,1,2242,2348,0,False,,,2347,2242,True,False,True,False,True
LEGACY,cm26MAY2023bhav.csv.zip,2369,0,0,2369,2368,1,2259,2369,0,False,,,2368,2259,True,False,True,False,True
LEGACY,cm29MAY2023bhav.csv.zip,2436,0,0,2436,2434,2,2320,2436,0,False,,,2434,2320,True,False,True,False,True
LEGACY,cm30MAY2023bhav.csv.zip,2391,0,0,2391,2390,1,2265,2391,0,False,,,2390,2265,True,False,True,False,True
LEGACY,cm31MAY2023bhav.csv.zip,2380,0,0,2380,2379,1,2267,2380,0,False,,,2379,2267,True,False,True,False,True
LEGACY,cm01JUN2023bhav.csv.zip,2435,0,0,2435,2433,2,2297,2435,0,True,2023-06-01,exact,2433,2297,True,False,True,False,True
LEGACY,cm02JUN2023bhav.csv.zip,2414,0,0,2414,2413,1,2292,2414,0,False,,,2413,2292,True,False,True,False,True
LEGACY,cm05JUN2023bhav.csv.zip,2465,0,0,2465,2464,1,2334,2465,0,False,,,2464,2334,True,False,True,False,True
LEGACY,cm06JUN2023bhav.csv.zip,2417,0,0,2417,2416,1,2287,2417,0,False,,,2416,2287,True,False,True,False,True
LEGACY,cm07JUN2023bhav.csv.zip,2435,0,0,2435,2434,1,2301,2435,0,False,,,2434,2301,True,False,True,False,True
LEGACY,cm08JUN2023bhav.csv.zip,2416,0,0,2416,2415,1,2296,2416,0,False,,,2415,2296,True,False,True,False,True
LEGACY,cm09JUN2023bhav.csv.zip,2408,0,0,2408,2407,1,2287,2408,0,False,,,2407,2287,True,False,True,False,True
LEGACY,cm12JUN2023bhav.csv.zip,2440,0,0,2440,2439,1,2308,2440,0,False,,,2439,2308,True,False,True,False,True
LEGACY,cm13JUN2023bhav.csv.zip,2440,0,0,2440,2438,2,2303,2440,0,False,,,2438,2303,True,False,True,False,True
LEGACY,cm14JUN2023bhav.csv.zip,2446,0,0,2446,2445,1,2307,2446,0,False,,,2445,2307,True,False,True,False,True
LEGACY,cm15JUN2023bhav.csv.zip,2436,0,0,2436,2434,2,2299,2436,0,False,,,2434,2299,True,False,True,False,True
LEGACY,cm16JUN2023bhav.csv.zip,2440,0,0,2440,2437,3,2298,2440,0,False,,,2437,2298,True,False,True,False,True
LEGACY,cm19JUN2023bhav.csv.zip,2475,0,0,2475,2474,1,2343,2475,0,False,,,2474,2343,True,False,True,False,True
LEGACY,cm20JUN2023bhav.csv.zip,2431,0,0,2431,2430,1,2304,2431,0,False,,,2430,2304,True,False,True,False,True
LEGACY,cm21JUN2023bhav.csv.zip,2434,0,0,2434,2432,2,2299,2434,0,False,,,2432,2299,True,False,True,False,True
LEGACY,cm22JUN2023bhav.csv.zip,2432,0,0,2432,2429,3,2300,2432,0,False,,,2429,2300,True,False,True,False,True
LEGACY,cm23JUN2023bhav.csv.zip,2436,0,0,2436,2433,3,2305,2436,0,False,,,2433,2305,True,False,True,False,True
LEGACY,cm26JUN2023bhav.csv.zip,2458,0,0,2458,2456,2,2321,2458,0,False,,,2456,2321,True,False,True,False,True
LEGACY,cm27JUN2023bhav.csv.zip,2408,0,0,2408,2406,2,2279,2408,0,False,,,2406,2279,True,False,True,False,True
LEGACY,cm28JUN2023bhav.csv.zip,2425,0,0,2425,2424,1,2288,2425,0,False,,,2424,2288,True,False,True,False,True
LEGACY,cm30JUN2023bhav.csv.zip,2456,0,0,2456,2452,4,2311,2456,0,False,,,2452,2311,True,False,True,False,True
LEGACY,cm03JUL2023bhav.csv.zip,2492,0,0,2492,2491,1,2348,2492,0,False,,,2491,2348,True,False,True,False,True
LEGACY,cm04JUL2023bhav.csv.zip,2458,0,0,2458,2457,1,2308,2458,0,False,,,2457,2308,True,False,True,False,True
LEGACY,cm05JUL2023bhav.csv.zip,2427,0,0,2427,2427,0,2285,2427,0,False,,,2427,2285,True,True,True,False,False
LEGACY,cm06JUL2023bhav.csv.zip,2455,0,0,2455,2454,1,2304,2455,0,False,,,2454,2304,True,False,True,False,True
LEGACY,cm07JUL2023bhav.csv.zip,2435,0,0,2435,2435,0,2301,2435,0,False,,,2435,2301,True,True,True,False,False
LEGACY,cm10JUL2023bhav.csv.zip,2475,0,0,2475,2475,0,2345,2475,0,False,,,2475,2345,True,True,True,False,False
LEGACY,cm11JUL2023bhav.csv.zip,2433,0,0,2433,2433,0,2296,2433,0,False,,,2433,2296,True,True,True,False,False
LEGACY,cm12JUL2023bhav.csv.zip,2427,0,0,2427,2427,0,2290,2427,0,False,,,2427,2290,True,True,True,False,False
LEGACY,cm13JUL2023bhav.csv.zip,2441,0,0,2441,2441,0,2296,2441,0,False,,,2441,2296,True,True,True,False,False
LEGACY,cm14JUL2023bhav.csv.zip,2398,0,0,2398,2397,1,2270,2398,0,False,,,2397,2270,True,False,True,False,True
LEGACY,cm17JUL2023bhav.csv.zip,2518,0,0,2518,2510,8,2365,2518,0,False,,,2510,2365,True,False,True,False,True
LEGACY,cm18JUL2023bhav.csv.zip,2430,0,0,2430,2428,2,2288,2430,0,False,,,2428,2288,True,False,True,False,True
LEGACY,cm19JUL2023bhav.csv.zip,2409,0,0,2409,2409,0,2279,2409,0,False,,,2409,2279,True,True,True,False,False
LEGACY,cm20JUL2023bhav.csv.zip,2401,0,0,2401,2401,0,2269,2401,0,False,,,2401,2269,True,True,True,False,False
LEGACY,cm21JUL2023bhav.csv.zip,2393,0,0,2393,2393,0,2257,2393,0,False,,,2393,2257,True,True,True,False,False
LEGACY,cm24JUL2023bhav.csv.zip,2491,0,0,2491,2491,0,2359,2491,0,False,,,2491,2359,True,True,True,False,False
LEGACY,cm25JUL2023bhav.csv.zip,2462,0,0,2462,2462,0,2316,2462,0,False,,,2462,2316,True,True,True,False,False
LEGACY,cm26JUL2023bhav.csv.zip,2474,0,0,2474,2473,1,2321,2474,0,False,,,2473,2321,True,False,True,False,True
LEGACY,cm27JUL2023bhav.csv.zip,2436,0,0,2436,2436,0,2315,2436,0,False,,,2436,2315,True,True,True,False,False
LEGACY,cm28JUL2023bhav.csv.zip,2471,0,0,2471,2471,0,2323,2471,0,False,,,2471,2323,True,True,True,False,False
LEGACY,cm31JUL2023bhav.csv.zip,2523,0,0,2523,2522,1,2364,2523,0,False,,,2522,2364,True,False,True,False,True
LEGACY,cm01AUG2023bhav.csv.zip,2474,0,0,2474,2474,0,2332,2474,0,False,,,2474,2332,True,True,True,False,False
LEGACY,cm02AUG2023bhav.csv.zip,2496,0,0,2496,2495,1,2337,2496,0,False,,,2495,2337,True,False,True,False,True
LEGACY,cm03AUG2023bhav.csv.zip,2470,0,0,2470,2470,0,2324,2470,0,False,,,2470,2324,True,True,True,False,False
LEGACY,cm04AUG2023bhav.csv.zip,2472,0,0,2472,2472,0,2331,2472,0,False,,,2472,2331,True,True,True,False,False
LEGACY,cm07AUG2023bhav.csv.zip,2518,0,0,2518,2518,0,2370,2518,0,False,,,2518,2370,True,True,True,False,False
LEGACY,cm08AUG2023bhav.csv.zip,2486,0,0,2486,2486,0,2339,2486,0,False,,,2486,2339,True,True,True,False,False
LEGACY,cm09AUG2023bhav.csv.zip,2479,0,0,2479,2479,0,2353,2479,0,False,,,2479,2353,True,True,True,False,False
LEGACY,cm10AUG2023bhav.csv.zip,2470,0,0,2470,2467,3,2351,2470,0,False,,,2467,2351,True,False,True,False,True
LEGACY,cm11AUG2023bhav.csv.zip,2491,0,0,2491,2491,0,2349,2491,0,False,,,2491,2349,True,True,True,False,False
LEGACY,cm14AUG2023bhav.csv.zip,2493,0,0,2493,2493,0,2368,2493,0,False,,,2493,2368,True,True,True,False,False
LEGACY,cm16AUG2023bhav.csv.zip,2502,0,0,2502,2499,3,2362,2502,0,False,,,2499,2362,True,False,True,False,True
LEGACY,cm17AUG2023bhav.csv.zip,2471,0,0,2471,2470,1,2336,2471,0,False,,,2470,2336,True,False,True,False,True
LEGACY,cm18AUG2023bhav.csv.zip,2482,0,0,2482,2482,0,2359,2482,0,False,,,2482,2359,True,True,True,False,False
LEGACY,cm21AUG2023bhav.csv.zip,2545,0,0,2545,2545,0,2393,2545,0,False,,,2545,2393,True,True,True,False,False
LEGACY,cm22AUG2023bhav.csv.zip,2496,0,0,2496,2495,1,2354,2496,0,False,,,2495,2354,True,False,True,False,True
LEGACY,cm23AUG2023bhav.csv.zip,2471,0,0,2471,2471,0,2351,2471,0,False,,,2471,2351,True,True,True,False,False
LEGACY,cm24AUG2023bhav.csv.zip,2465,0,0,2465,2463,2,2344,2465,0,False,,,2463,2344,True,False,True,False,True
LEGACY,cm25AUG2023bhav.csv.zip,2491,0,0,2491,2489,2,2356,2491,0,False,,,2489,2356,True,False,True,False,True
LEGACY,cm28AUG2023bhav.csv.zip,2532,0,0,2532,2530,2,2393,2532,0,False,,,2530,2393,True,False,True,False,True
LEGACY,cm29AUG2023bhav.csv.zip,2492,0,0,2492,2491,1,2365,2492,0,False,,,2491,2365,True,False,True,False,True
LEGACY,cm30AUG2023bhav.csv.zip,2480,0,0,2480,2479,1,2351,2480,0,False,,,2479,2351,True,False,True,False,True
LEGACY,cm31AUG2023bhav.csv.zip,2462,0,0,2462,2461,1,2356,2462,0,False,,,2461,2356,True,False,True,False,True
LEGACY,cm01SEP2023bhav.csv.zip,2498,0,0,2498,2496,2,2372,2498,0,False,,,2496,2372,True,False,True,False,True
LEGACY,cm04SEP2023bhav.csv.zip,2548,0,0,2548,2547,1,2402,2548,0,False,,,2547,2402,True,False,True,False,True
LEGACY,cm05SEP2023bhav.csv.zip,2535,0,0,2535,2534,1,2382,2535,0,False,,,2534,2382,True,False,True,False,True
LEGACY,cm06SEP2023bhav.csv.zip,2526,0,0,2526,2525,1,2383,2526,0,False,,,2525,2383,True,False,True,False,True
LEGACY,cm07SEP2023bhav.csv.zip,2522,0,0,2522,2521,1,2374,2522,0,False,,,2521,2374,True,False,True,False,True
LEGACY,cm08SEP2023bhav.csv.zip,2517,0,0,2517,2516,1,2369,2517,0,False,,,2516,2369,True,False,True,False,True
LEGACY,cm11SEP2023bhav.csv.zip,2574,0,0,2574,2572,2,2412,2574,0,False,,,2572,2412,True,False,True,False,True
LEGACY,cm12SEP2023bhav.csv.zip,2530,0,0,2530,2529,1,2386,2530,0,False,,,2529,2386,True,False,True,False,True
LEGACY,cm13SEP2023bhav.csv.zip,2514,0,0,2514,2513,1,2373,2514,0,False,,,2513,2373,True,False,True,False,True
LEGACY,cm14SEP2023bhav.csv.zip,2510,0,0,2510,2509,1,2372,2510,0,False,,,2509,2372,True,False,True,False,True
LEGACY,cm15SEP2023bhav.csv.zip,2511,0,0,2511,2509,2,2367,2511,0,False,,,2509,2367,True,False,True,False,True
LEGACY,cm18SEP2023bhav.csv.zip,2554,0,0,2554,2553,1,2407,2554,0,False,,,2553,2407,True,False,True,False,True
LEGACY,cm20SEP2023bhav.csv.zip,2508,0,0,2508,2508,0,2372,2508,0,False,,,2508,2372,True,True,True,False,False
LEGACY,cm21SEP2023bhav.csv.zip,2498,0,0,2498,2498,0,2367,2498,0,False,,,2498,2367,True,True,True,False,False
LEGACY,cm22SEP2023bhav.csv.zip,2496,0,0,2496,2494,2,2353,2496,0,False,,,2494,2353,True,False,True,False,True
LEGACY,cm25SEP2023bhav.csv.zip,2554,0,0,2554,2554,0,2413,2554,0,False,,,2554,2413,True,True,True,False,False
LEGACY,cm26SEP2023bhav.csv.zip,2529,0,0,2529,2528,1,2384,2529,0,False,,,2528,2384,True,False,True,False,True
LEGACY,cm27SEP2023bhav.csv.zip,2500,0,0,2500,2498,2,2357,2500,0,False,,,2498,2357,True,False,True,False,True
LEGACY,cm28SEP2023bhav.csv.zip,2517,0,0,2517,2516,1,2378,2517,0,False,,,2516,2378,True,False,True,False,True
LEGACY,cm29SEP2023bhav.csv.zip,2515,0,0,2515,2514,1,2371,2515,0,False,,,2514,2371,True,False,True,False,True
LEGACY,cm03OCT2023bhav.csv.zip,2589,0,0,2589,2586,3,2429,2589,0,False,,,2586,2429,True,False,True,False,True
LEGACY,cm04OCT2023bhav.csv.zip,2546,0,0,2546,2546,0,2404,2546,0,False,,,2546,2404,True,True,True,False,False
LEGACY,cm05OCT2023bhav.csv.zip,2529,0,0,2529,2527,2,2392,2529,0,False,,,2527,2392,True,False,True,False,True
LEGACY,cm06OCT2023bhav.csv.zip,2554,0,0,2554,2552,2,2400,2554,0,False,,,2552,2400,True,False,True,False,True
LEGACY,cm09OCT2023bhav.csv.zip,2566,0,0,2566,2565,1,2430,2566,0,False,,,2565,2430,True,False,True,False,True
LEGACY,cm10OCT2023bhav.csv.zip,2545,0,0,2545,2544,1,2412,2545,0,False,,,2544,2412,True,False,True,False,True
LEGACY,cm11OCT2023bhav.csv.zip,2550,0,0,2550,2548,2,2421,2550,0,False,,,2548,2421,True,False,True,False,True
LEGACY,cm12OCT2023bhav.csv.zip,2551,0,0,2551,2550,1,2429,2551,0,False,,,2550,2429,True,False,True,False,True
LEGACY,cm13OCT2023bhav.csv.zip,2541,0,0,2541,2540,1,2407,2541,0,False,,,2540,2407,True,False,True,False,True
LEGACY,cm16OCT2023bhav.csv.zip,2583,0,0,2583,2582,1,2441,2583,0,False,,,2582,2441,True,False,True,False,True
LEGACY,cm17OCT2023bhav.csv.zip,2565,0,0,2565,2563,2,2416,2565,0,False,,,2563,2416,True,False,True,False,True
LEGACY,cm18OCT2023bhav.csv.zip,2546,0,0,2546,2544,2,2420,2546,0,False,,,2544,2420,True,False,True,False,True
LEGACY,cm19OCT2023bhav.csv.zip,2522,0,0,2522,2519,3,2399,2522,0,False,,,2519,2399,True,False,True,False,True
LEGACY,cm20OCT2023bhav.csv.zip,2526,0,0,2526,2525,1,2405,2526,0,False,,,2525,2405,True,False,True,False,True
LEGACY,cm23OCT2023bhav.csv.zip,2592,0,0,2592,2592,0,2449,2592,0,False,,,2592,2449,True,True,True,False,False
LEGACY,cm25OCT2023bhav.csv.zip,2539,0,0,2539,2538,1,2417,2539,0,False,,,2538,2417,True,False,True,False,True
LEGACY,cm26OCT2023bhav.csv.zip,2579,0,0,2579,2577,2,2422,2579,0,False,,,2577,2422,True,False,True,False,True
LEGACY,cm27OCT2023bhav.csv.zip,2520,0,0,2520,2518,2,2395,2520,0,False,,,2518,2395,True,False,True,False,True
LEGACY,cm30OCT2023bhav.csv.zip,2578,0,0,2578,2576,2,2453,2578,0,False,,,2576,2453,True,False,True,False,True
LEGACY,cm31OCT2023bhav.csv.zip,2547,0,0,2547,2545,2,2413,2547,0,False,,,2545,2413,True,False,True,False,True
LEGACY,cm01NOV2023bhav.csv.zip,2565,0,0,2565,2563,2,2429,2565,0,False,,,2563,2429,True,False,True,False,True
LEGACY,cm02NOV2023bhav.csv.zip,2558,0,0,2558,2557,1,2426,2558,0,False,,,2557,2426,True,False,True,False,True
LEGACY,cm03NOV2023bhav.csv.zip,2588,0,0,2588,2586,2,2445,2588,0,False,,,2586,2445,True,False,True,False,True
LEGACY,cm06NOV2023bhav.csv.zip,2595,0,0,2595,2594,1,2465,2595,0,False,,,2594,2465,True,False,True,False,True
LEGACY,cm07NOV2023bhav.csv.zip,2555,0,0,2555,2554,1,2436,2555,0,False,,,2554,2436,True,False,True,False,True
LEGACY,cm08NOV2023bhav.csv.zip,2552,0,0,2552,2550,2,2424,2552,0,False,,,2550,2424,True,False,True,False,True
LEGACY,cm09NOV2023bhav.csv.zip,2566,0,0,2566,2564,2,2441,2566,0,False,,,2564,2441,True,False,True,False,True
LEGACY,cm10NOV2023bhav.csv.zip,2560,0,0,2560,2557,3,2447,2560,0,False,,,2557,2447,True,False,True,False,True
LEGACY,cm13NOV2023bhav.csv.zip,2559,0,0,2559,2559,0,2456,2559,0,False,,,2559,2456,True,True,True,False,False
LEGACY,cm15NOV2023bhav.csv.zip,2573,0,0,2573,2573,0,2458,2573,0,False,,,2573,2458,True,True,True,False,False
LEGACY,cm16NOV2023bhav.csv.zip,2602,0,0,2602,2602,0,2457,2602,0,False,,,2602,2457,True,True,True,False,False
LEGACY,cm17NOV2023bhav.csv.zip,2590,0,0,2590,2589,1,2452,2590,0,False,,,2589,2452,True,False,True,False,True
LEGACY,cm20NOV2023bhav.csv.zip,2646,0,0,2646,2645,1,2487,2646,0,False,,,2645,2487,True,False,True,False,True
LEGACY,cm21NOV2023bhav.csv.zip,2605,0,0,2605,2602,3,2461,2605,0,False,,,2602,2461,True,False,True,False,True
LEGACY,cm22NOV2023bhav.csv.zip,2595,0,0,2595,2594,1,2450,2595,0,False,,,2594,2450,True,False,True,False,True
LEGACY,cm23NOV2023bhav.csv.zip,2562,0,0,2562,2561,1,2436,2562,0,False,,,2561,2436,True,False,True,False,True
LEGACY,cm24NOV2023bhav.csv.zip,2560,0,0,2560,2560,0,2436,2560,0,False,,,2560,2436,True,True,True,False,False
LEGACY,cm28NOV2023bhav.csv.zip,2623,0,0,2623,2620,3,2485,2623,0,False,,,2620,2485,True,False,True,False,True
LEGACY,cm29NOV2023bhav.csv.zip,2611,0,0,2611,2611,0,2463,2611,0,False,,,2611,2463,True,True,True,False,False
LEGACY,cm30NOV2023bhav.csv.zip,2608,0,0,2608,2608,0,2464,2608,0,False,,,2608,2464,True,True,True,False,False
LEGACY,cm01DEC2023bhav.csv.zip,2622,0,0,2622,2619,3,2470,2622,0,False,,,2619,2470,True,False,True,False,True
LEGACY,cm04DEC2023bhav.csv.zip,2665,0,0,2665,2665,0,2512,2665,0,False,,,2665,2512,True,True,True,False,False
LEGACY,cm05DEC2023bhav.csv.zip,2628,0,0,2628,2625,3,2471,2628,0,False,,,2625,2471,True,False,True,False,True
LEGACY,cm06DEC2023bhav.csv.zip,2612,0,0,2612,2609,3,2460,2612,0,False,,,2609,2460,True,False,True,False,True
LEGACY,cm07DEC2023bhav.csv.zip,2598,0,0,2598,2597,1,2457,2598,0,False,,,2597,2457,True,False,True,False,True
LEGACY,cm08DEC2023bhav.csv.zip,2618,0,0,2618,2615,3,2465,2618,0,False,,,2615,2465,True,False,True,False,True
LEGACY,cm11DEC2023bhav.csv.zip,2662,0,0,2662,2660,2,2512,2662,0,False,,,2660,2512,True,False,True,False,True
LEGACY,cm12DEC2023bhav.csv.zip,2609,0,0,2609,2608,1,2460,2609,0,False,,,2608,2460,True,False,True,False,True
LEGACY,cm13DEC2023bhav.csv.zip,2602,0,0,2602,2601,1,2458,2602,0,False,,,2601,2458,True,False,True,False,True
LEGACY,cm14DEC2023bhav.csv.zip,2628,0,0,2628,2627,1,2467,2628,0,False,,,2627,2467,True,False,True,False,True
LEGACY,cm15DEC2023bhav.csv.zip,2624,0,0,2624,2622,2,2472,2624,0,False,,,2622,2472,True,False,True,False,True
LEGACY,cm18DEC2023bhav.csv.zip,2681,0,0,2681,2679,2,2524,2681,0,False,,,2679,2524,True,False,True,False,True
LEGACY,cm19DEC2023bhav.csv.zip,2623,0,0,2623,2621,2,2470,2623,0,False,,,2621,2470,True,False,True,False,True
LEGACY,cm20DEC2023bhav.csv.zip,2607,0,0,2607,2604,3,2477,2607,0,False,,,2604,2477,True,False,True,False,True
LEGACY,cm21DEC2023bhav.csv.zip,2611,0,0,2611,2609,2,2482,2611,0,False,,,2609,2482,True,False,True,False,True
LEGACY,cm22DEC2023bhav.csv.zip,2605,0,0,2605,2600,5,2472,2605,0,False,,,2600,2472,True,False,True,False,True
LEGACY,cm26DEC2023bhav.csv.zip,2651,0,0,2651,2650,1,2502,2651,0,False,,,2650,2502,True,False,True,False,True
LEGACY,cm27DEC2023bhav.csv.zip,2618,0,0,2618,2616,2,2485,2618,0,False,,,2616,2485,True,False,True,False,True
LEGACY,cm28DEC2023bhav.csv.zip,2631,0,0,2631,2630,1,2488,2631,0,False,,,2630,2488,True,False,True,False,True
LEGACY,cm29DEC2023bhav.csv.zip,2647,0,0,2647,2645,2,2481,2647,0,False,,,2645,2481,True,False,True,False,True
LEGACY,cm01JAN2024bhav.csv.zip,2683,0,0,2683,2683,0,2523,2683,0,False,,,2683,2523,True,True,True,False,False
LEGACY,cm02JAN2024bhav.csv.zip,2658,0,0,2658,2658,0,2495,2658,0,False,,,2658,2495,True,True,True,False,False
LEGACY,cm03JAN2024bhav.csv.zip,2660,0,0,2660,2660,0,2503,2660,0,False,,,2660,2503,True,True,True,False,False
LEGACY,cm04JAN2024bhav.csv.zip,2668,0,0,2668,2668,0,2517,2668,0,False,,,2668,2517,True,True,True,False,False
LEGACY,cm05JAN2024bhav.csv.zip,2655,0,0,2655,2653,2,2510,2655,0,False,,,2653,2510,True,False,True,False,True
LEGACY,cm08JAN2024bhav.csv.zip,2690,0,0,2690,2690,0,2549,2690,0,False,,,2690,2549,True,True,True,False,False
LEGACY,cm09JAN2024bhav.csv.zip,2664,0,0,2664,2662,2,2506,2664,0,False,,,2662,2506,True,False,True,False,True
LEGACY,cm10JAN2024bhav.csv.zip,2643,0,0,2643,2643,0,2502,2643,0,False,,,2643,2502,True,True,True,False,False
LEGACY,cm11JAN2024bhav.csv.zip,2662,0,0,2662,2661,1,2513,2662,0,False,,,2661,2513,True,False,True,False,True
LEGACY,cm12JAN2024bhav.csv.zip,2652,0,0,2652,2652,0,2504,2652,0,False,,,2652,2504,True,True,True,False,False
LEGACY,cm15JAN2024bhav.csv.zip,2682,0,0,2682,2680,2,2534,2682,0,False,,,2680,2534,True,False,True,False,True
LEGACY,cm16JAN2024bhav.csv.zip,2633,0,0,2633,2632,1,2502,2633,0,False,,,2632,2502,True,False,True,False,True
LEGACY,cm17JAN2024bhav.csv.zip,2637,0,0,2637,2635,2,2498,2637,0,False,,,2635,2498,True,False,True,False,True
LEGACY,cm18JAN2024bhav.csv.zip,2640,0,0,2640,2638,2,2503,2640,0,False,,,2638,2503,True,False,True,False,True
LEGACY,cm19JAN2024bhav.csv.zip,2628,0,0,2628,2628,0,2507,2628,0,False,,,2628,2507,True,True,True,False,False
LEGACY,cm23JAN2024bhav.csv.zip,2683,0,0,2683,2683,0,2549,2683,0,False,,,2683,2549,True,True,True,False,False
LEGACY,cm24JAN2024bhav.csv.zip,2634,0,0,2634,2632,2,2501,2634,0,False,,,2632,2501,True,False,True,False,True
LEGACY,cm25JAN2024bhav.csv.zip,2667,0,0,2667,2603,64,2488,2667,0,False,,,2603,2488,True,False,True,False,True
LEGACY,cm29JAN2024bhav.csv.zip,2686,0,0,2686,2685,1,2546,2686,0,False,,,2685,2546,True,False,True,False,True
LEGACY,cm30JAN2024bhav.csv.zip,2646,0,0,2646,2646,0,2520,2646,0,False,,,2646,2520,True,True,True,False,False
LEGACY,cm31JAN2024bhav.csv.zip,2639,0,0,2639,2638,1,2513,2639,0,False,,,2638,2513,True,False,True,False,True
LEGACY,cm01FEB2024bhav.csv.zip,2661,0,0,2661,2661,0,2523,2661,0,False,,,2661,2523,True,True,True,False,False
LEGACY,cm02FEB2024bhav.csv.zip,2707,0,0,2707,2706,1,2533,2707,0,False,,,2706,2533,True,False,True,False,True
LEGACY,cm05FEB2024bhav.csv.zip,2752,0,0,2752,2752,0,2589,2752,0,False,,,2752,2589,True,True,True,False,False
LEGACY,cm06FEB2024bhav.csv.zip,2673,0,0,2673,2673,0,2532,2673,0,False,,,2673,2532,True,True,True,False,False
LEGACY,cm07FEB2024bhav.csv.zip,2679,0,0,2679,2678,1,2526,2679,0,False,,,2678,2526,True,False,True,False,True
LEGACY,cm08FEB2024bhav.csv.zip,2666,0,0,2666,2663,3,2527,2666,0,False,,,2663,2527,True,False,True,False,True
LEGACY,cm09FEB2024bhav.csv.zip,2661,0,0,2661,2661,0,2522,2661,0,False,,,2661,2522,True,True,True,False,False
LEGACY,cm12FEB2024bhav.csv.zip,2710,0,0,2710,2709,1,2566,2710,0,False,,,2709,2566,True,False,True,False,True
LEGACY,cm13FEB2024bhav.csv.zip,2658,0,0,2658,2658,0,2521,2658,0,False,,,2658,2521,True,True,True,False,False
LEGACY,cm14FEB2024bhav.csv.zip,2651,0,0,2651,2649,2,2530,2651,0,False,,,2649,2530,True,False,True,False,True
LEGACY,cm15FEB2024bhav.csv.zip,2640,0,0,2640,2640,0,2512,2640,0,False,,,2640,2512,True,True,True,False,False
LEGACY,cm16FEB2024bhav.csv.zip,2663,0,0,2663,2663,0,2528,2663,0,False,,,2663,2528,True,True,True,False,False
LEGACY,cm19FEB2024bhav.csv.zip,2705,0,0,2705,2705,0,2566,2705,0,False,,,2705,2566,True,True,True,False,False
LEGACY,cm20FEB2024bhav.csv.zip,2655,0,0,2655,2652,3,2520,2655,0,False,,,2652,2520,True,False,True,False,True
LEGACY,cm21FEB2024bhav.csv.zip,2645,0,0,2645,2643,2,2527,2645,0,False,,,2643,2527,True,False,True,False,True
LEGACY,cm22FEB2024bhav.csv.zip,2654,0,0,2654,2654,0,2533,2654,0,False,,,2654,2533,True,True,True,False,False
LEGACY,cm23FEB2024bhav.csv.zip,2667,0,0,2667,2667,0,2533,2667,0,False,,,2667,2533,True,True,True,False,False
LEGACY,cm26FEB2024bhav.csv.zip,2719,0,0,2719,2719,0,2582,2719,0,False,,,2719,2582,True,True,True,False,False
LEGACY,cm27FEB2024bhav.csv.zip,2665,0,0,2665,2664,1,2541,2665,0,False,,,2664,2541,True,False,True,False,True
LEGACY,cm28FEB2024bhav.csv.zip,2668,0,0,2668,2665,3,2540,2668,0,False,,,2665,2540,True,False,True,False,True
LEGACY,cm29FEB2024bhav.csv.zip,2640,0,0,2640,2639,1,2520,2640,0,False,,,2639,2520,True,False,True,False,True
LEGACY,cm01MAR2024bhav.csv.zip,2694,0,0,2694,2693,1,2559,2694,0,False,,,2693,2559,True,False,True,False,True
LEGACY,cm04MAR2024bhav.csv.zip,2709,0,0,2709,2709,0,2580,2709,0,False,,,2709,2580,True,True,True,False,False
LEGACY,cm05MAR2024bhav.csv.zip,2692,0,0,2692,2691,1,2556,2692,0,False,,,2691,2556,True,False,True,False,True
LEGACY,cm06MAR2024bhav.csv.zip,2691,0,0,2691,2689,2,2555,2691,0,False,,,2689,2555,True,False,True,False,True
LEGACY,cm07MAR2024bhav.csv.zip,2704,0,0,2704,2697,7,2564,2704,0,False,,,2697,2564,True,False,True,False,True
LEGACY,cm11MAR2024bhav.csv.zip,2746,0,0,2746,2746,0,2594,2746,0,False,,,2746,2594,True,True,True,False,False
LEGACY,cm12MAR2024bhav.csv.zip,2712,0,0,2712,2711,1,2570,2712,0,False,,,2711,2570,True,False,True,False,True
LEGACY,cm13MAR2024bhav.csv.zip,2692,0,0,2692,2692,0,2567,2692,0,False,,,2692,2567,True,True,True,False,False
LEGACY,cm14MAR2024bhav.csv.zip,2718,0,0,2718,2717,1,2584,2718,0,False,,,2717,2584,True,False,True,False,True
LEGACY,cm15MAR2024bhav.csv.zip,2681,0,0,2681,2681,0,2549,2681,0,False,,,2681,2549,True,True,True,False,False
LEGACY,cm18MAR2024bhav.csv.zip,2721,0,0,2721,2720,1,2587,2721,0,False,,,2720,2587,True,False,True,False,True
LEGACY,cm19MAR2024bhav.csv.zip,2706,0,0,2706,2705,1,2568,2706,0,False,,,2705,2568,True,False,True,False,True
LEGACY,cm20MAR2024bhav.csv.zip,2694,0,0,2694,2693,1,2557,2694,0,False,,,2693,2557,True,False,True,False,True
LEGACY,cm21MAR2024bhav.csv.zip,2698,0,0,2698,2698,0,2564,2698,0,False,,,2698,2564,True,True,True,False,False
LEGACY,cm22MAR2024bhav.csv.zip,2704,0,0,2704,2700,4,2569,2704,0,False,,,2700,2569,True,False,True,False,True
LEGACY,cm26MAR2024bhav.csv.zip,2744,0,0,2744,2744,0,2607,2744,0,False,,,2744,2607,True,True,True,False,False
LEGACY,cm27MAR2024bhav.csv.zip,2729,0,0,2729,2727,2,2597,2729,0,False,,,2727,2597,True,False,True,False,True
LEGACY,cm28MAR2024bhav.csv.zip,2716,0,0,2716,2700,16,2578,2716,0,False,,,2700,2578,True,False,True,False,True
LEGACY,cm01APR2024bhav.csv.zip,2746,0,0,2746,2746,0,2614,2746,0,False,,,2746,2614,True,True,True,False,False
LEGACY,cm02APR2024bhav.csv.zip,2725,0,0,2725,2723,2,2591,2725,0,False,,,2723,2591,True,False,True,False,True
LEGACY,cm03APR2024bhav.csv.zip,2731,0,0,2731,2729,2,2581,2731,0,False,,,2729,2581,True,False,True,False,True
LEGACY,cm04APR2024bhav.csv.zip,2713,0,0,2713,2712,1,2584,2713,0,False,,,2712,2584,True,False,True,False,True
LEGACY,cm05APR2024bhav.csv.zip,2730,0,0,2730,2730,0,2592,2730,0,False,,,2730,2592,True,True,True,False,False
LEGACY,cm08APR2024bhav.csv.zip,2725,0,0,2725,2724,1,2599,2725,0,False,,,2724,2599,True,False,True,False,True
LEGACY,cm09APR2024bhav.csv.zip,2697,0,0,2697,2691,6,2559,2697,0,False,,,2691,2559,True,False,True,False,True
LEGACY,cm10APR2024bhav.csv.zip,2709,0,0,2709,2709,0,2576,2709,0,False,,,2709,2576,True,True,True,False,False
LEGACY,cm12APR2024bhav.csv.zip,2728,0,0,2728,2728,0,2588,2728,0,False,,,2728,2588,True,True,True,False,False
LEGACY,cm15APR2024bhav.csv.zip,2757,0,0,2757,2757,0,2624,2757,0,False,,,2757,2624,True,True,True,False,False
LEGACY,cm16APR2024bhav.csv.zip,2727,0,0,2727,2727,0,2593,2727,0,False,,,2727,2593,True,True,True,False,False
LEGACY,cm18APR2024bhav.csv.zip,2730,0,0,2730,2730,0,2585,2730,0,False,,,2730,2585,True,True,True,False,False
LEGACY,cm19APR2024bhav.csv.zip,2719,0,0,2719,2718,1,2580,2719,0,False,,,2718,2580,True,False,True,False,True
LEGACY,cm22APR2024bhav.csv.zip,2765,0,0,2765,2765,0,2639,2765,0,False,,,2765,2639,True,True,True,False,False
LEGACY,cm23APR2024bhav.csv.zip,2743,0,0,2743,2722,21,2595,2743,0,False,,,2722,2595,True,False,True,False,True
LEGACY,cm24APR2024bhav.csv.zip,2718,0,0,2718,2717,1,2589,2718,0,False,,,2717,2589,True,False,True,False,True
LEGACY,cm25APR2024bhav.csv.zip,2712,0,0,2712,2712,0,2590,2712,0,False,,,2712,2590,True,True,True,False,False
LEGACY,cm26APR2024bhav.csv.zip,2730,0,0,2730,2728,2,2588,2730,0,False,,,2728,2588,True,False,True,False,True
LEGACY,cm29APR2024bhav.csv.zip,2767,0,0,2767,2767,0,2634,2767,0,False,,,2767,2634,True,True,True,False,False
LEGACY,cm30APR2024bhav.csv.zip,2758,0,0,2758,2758,0,2609,2758,0,False,,,2758,2609,True,True,True,False,False
LEGACY,cm02MAY2024bhav.csv.zip,2769,0,0,2769,2768,1,2628,2769,0,False,,,2768,2628,True,False,True,False,True
LEGACY,cm03MAY2024bhav.csv.zip,2740,0,0,2740,2739,1,2594,2740,0,False,,,2739,2594,True,False,True,False,True
LEGACY,cm06MAY2024bhav.csv.zip,2764,0,0,2764,2764,0,2753,2764,0,False,,,2764,2753,True,True,True,False,False
LEGACY,cm07MAY2024bhav.csv.zip,2733,0,0,2733,2733,0,2723,2733,0,False,,,2733,2723,True,True,True,False,False
LEGACY,cm08MAY2024bhav.csv.zip,2713,0,0,2713,2713,0,2708,2713,0,False,,,2713,2708,True,True,True,False,False
LEGACY,cm09MAY2024bhav.csv.zip,2704,0,0,2704,2704,0,2697,2704,0,False,,,2704,2697,True,True,True,False,False
LEGACY,cm10MAY2024bhav.csv.zip,2710,0,0,2710,2709,1,2706,2710,0,False,,,2709,2706,True,False,True,False,True
LEGACY,cm13MAY2024bhav.csv.zip,2744,0,0,2744,2744,0,2738,2744,0,False,,,2744,2738,True,True,True,False,False
LEGACY,cm14MAY2024bhav.csv.zip,2702,0,0,2702,2702,0,2698,2702,0,False,,,2702,2698,True,True,True,False,False
LEGACY,cm15MAY2024bhav.csv.zip,2706,0,0,2706,2705,1,2702,2706,0,False,,,2705,2702,True,False,True,False,True
LEGACY,cm16MAY2024bhav.csv.zip,2710,0,0,2710,2709,1,2703,2710,0,False,,,2709,2703,True,False,True,False,True
LEGACY,cm17MAY2024bhav.csv.zip,2731,0,0,2731,2730,1,2724,2731,0,False,,,2730,2724,True,False,True,False,True
LEGACY,cm21MAY2024bhav.csv.zip,2793,0,0,2793,2793,0,2788,2793,0,False,,,2793,2788,True,True,True,False,False
LEGACY,cm22MAY2024bhav.csv.zip,2735,0,0,2735,2734,1,2730,2735,0,False,,,2734,2730,True,False,True,False,True
LEGACY,cm23MAY2024bhav.csv.zip,2732,0,0,2732,2730,2,2724,2732,0,False,,,2730,2724,True,False,True,False,True
LEGACY,cm24MAY2024bhav.csv.zip,2749,0,0,2749,2749,0,2745,2749,0,False,,,2749,2745,True,True,True,False,False
LEGACY,cm27MAY2024bhav.csv.zip,2783,0,0,2783,2782,1,2775,2783,0,False,,,2782,2775,True,False,True,False,True
LEGACY,cm28MAY2024bhav.csv.zip,2717,0,0,2717,2717,0,2713,2717,0,False,,,2717,2713,True,True,True,False,False
LEGACY,cm29MAY2024bhav.csv.zip,2719,0,0,2719,2718,1,2712,2719,0,False,,,2718,2712,True,False,True,False,True
LEGACY,cm30MAY2024bhav.csv.zip,2707,0,0,2707,2707,0,2704,2707,0,False,,,2707,2704,True,True,True,False,False
LEGACY,cm31MAY2024bhav.csv.zip,2736,0,0,2736,2736,0,2730,2736,0,False,,,2736,2730,True,True,True,False,False
LEGACY,cm03JUN2024bhav.csv.zip,2806,0,0,2806,2805,1,2802,2806,0,False,,,2805,2802,True,False,True,False,True
LEGACY,cm04JUN2024bhav.csv.zip,2757,0,0,2757,2756,1,2751,2757,0,False,,,2756,2751,True,False,True,False,True
LEGACY,cm05JUN2024bhav.csv.zip,2774,0,0,2774,2774,0,2771,2774,0,False,,,2774,2771,True,True,True,False,False
LEGACY,cm06JUN2024bhav.csv.zip,2743,0,0,2743,2742,1,2737,2743,0,False,,,2742,2737,True,False,True,False,True
LEGACY,cm07JUN2024bhav.csv.zip,2755,0,0,2755,2755,0,2752,2755,0,False,,,2755,2752,True,True,True,False,False
LEGACY,cm10JUN2024bhav.csv.zip,2799,0,0,2799,2799,0,2794,2799,0,False,,,2799,2794,True,True,True,False,False
LEGACY,cm11JUN2024bhav.csv.zip,2758,0,0,2758,2756,2,2751,2758,0,False,,,2756,2751,True,False,True,False,True
LEGACY,cm12JUN2024bhav.csv.zip,2757,0,0,2757,2757,0,2752,2757,0,False,,,2757,2752,True,True,True,False,False
LEGACY,cm13JUN2024bhav.csv.zip,2778,0,0,2778,2777,1,2772,2778,0,False,,,2777,2772,True,False,True,False,True
LEGACY,cm14JUN2024bhav.csv.zip,2764,0,0,2764,2760,4,2755,2764,0,False,,,2760,2755,True,False,True,False,True
LEGACY,cm18JUN2024bhav.csv.zip,2810,0,0,2810,2806,4,2800,2810,0,False,,,2806,2800,True,False,True,False,True
LEGACY,cm19JUN2024bhav.csv.zip,2778,0,0,2778,2775,3,2769,2778,0,False,,,2775,2769,True,False,True,False,True
LEGACY,cm20JUN2024bhav.csv.zip,2774,0,0,2774,2772,2,2766,2774,0,False,,,2772,2766,True,False,True,False,True
LEGACY,cm21JUN2024bhav.csv.zip,2746,0,0,2746,2745,1,2739,2746,0,False,,,2745,2739,True,False,True,False,True
LEGACY,cm24JUN2024bhav.csv.zip,2796,0,0,2796,2794,2,2792,2796,0,False,,,2794,2792,True,False,True,False,True
LEGACY,cm25JUN2024bhav.csv.zip,2761,0,0,2761,2759,2,2753,2761,0,False,,,2759,2753,True,False,True,False,True
LEGACY,cm26JUN2024bhav.csv.zip,2751,0,0,2751,2748,3,2743,2751,0,False,,,2748,2743,True,False,True,False,True
LEGACY,cm27JUN2024bhav.csv.zip,2762,0,0,2762,2761,1,2756,2762,0,False,,,2761,2756,True,False,True,False,True
LEGACY,cm28JUN2024bhav.csv.zip,2765,0,0,2765,2762,3,2758,2765,0,False,,,2762,2758,True,False,True,False,True
LEGACY,cm01JUL2024bhav.csv.zip,2837,0,0,2837,2836,1,2830,2837,0,False,,,2836,2830,True,False,True,False,True
LEGACY,cm02JUL2024bhav.csv.zip,2794,0,0,2794,2794,0,2791,2794,0,False,,,2794,2791,True,True,True,False,False
LEGACY,cm03JUL2024bhav.csv.zip,2800,0,0,2800,2800,0,2794,2800,0,False,,,2800,2794,True,True,True,False,False
LEGACY,cm04JUL2024bhav.csv.zip,2792,0,0,2792,2792,0,2788,2792,0,False,,,2792,2788,True,True,True,False,False
LEGACY,cm05JUL2024bhav.csv.zip,2775,0,0,2775,2775,0,2772,2775,0,True,2024-07-05,exact,2775,2772,True,True,True,False,False
UDIFF,BhavCopy_NSE_CM_0_0_0_20240708_F_0000.csv.zip,2815,0,0,2815,2814,1,2808,2815,0,True,2024-07-08,exact,2814,2808,True,False,True,False,True
UDIFF,BhavCopy_NSE_CM_0_0_0_20240709_F_0000.csv.zip,2795,0,0,2795,2794,1,2788,2795,0,False,,,2794,2788,True,False,True,False,True
UDIFF,BhavCopy_NSE_CM_0_0_0_20240710_F_0000.csv.zip,2815,0,0,2815,2813,2,2807,2815,0,False,,,2813,2807,True,False,True,False,True
UDIFF,BhavCopy_NSE_CM_0_0_0_20240711_F_0000.csv.zip,2774,0,0,2774,2771,3,2769,2774,0,False,,,2771,2769,True,False,True,False,True
UDIFF,BhavCopy_NSE_CM_0_0_0_20240712_F_0000.csv.zip,2769,0,0,2769,2769,0,2766,2769,0,False,,,2769,2766,True,True,True,False,False
UDIFF,BhavCopy_NSE_CM_0_0_0_20240715_F_0000.csv.zip,2839,0,0,2839,2838,1,2835,2839,0,False,,,2838,2835,True,False,True,False,True
UDIFF,BhavCopy_NSE_CM_0_0_0_20240716_F_0000.csv.zip,2777,0,0,2777,2776,1,2771,2777,0,False,,,2776,2771,True,False,True,False,True
UDIFF,BhavCopy_NSE_CM_0_0_0_20240718_F_0000.csv.zip,2794,0,0,2794,2794,0,2788,2794,0,False,,,2794,2788,True,True,True,False,False
UDIFF,BhavCopy_NSE_CM_0_0_0_20240719_F_0000.csv.zip,2788,0,0,2788,2788,0,2782,2788,0,False,,,2788,2782,True,True,True,False,False
UDIFF,BhavCopy_NSE_CM_0_0_0_20240722_F_0000.csv.zip,2818,0,0,2818,2818,0,2814,2818,0,False,,,2818,2814,True,True,True,False,False
UDIFF,BhavCopy_NSE_CM_0_0_0_20240723_F_0000.csv.zip,2780,0,0,2780,2780,0,2775,2780,0,False,,,2780,2775,True,True,True,False,False
UDIFF,BhavCopy_NSE_CM_0_0_0_20240724_F_0000.csv.zip,2774,0,0,2774,2774,0,2769,2774,0,False,,,2774,2769,True,True,True,False,False
UDIFF,BhavCopy_NSE_CM_0_0_0_20240725_F_0000.csv.zip,2769,0,0,2769,2769,0,2763,2769,0,False,,,2769,2763,True,True,True,False,False
UDIFF,BhavCopy_NSE_CM_0_0_0_20240726_F_0000.csv.zip,2775,0,0,2775,2775,0,2760,2775,0,False,,,2775,2760,True,True,True,False,False
UDIFF,BhavCopy_NSE_CM_0_0_0_20240729_F_0000.csv.zip,2832,0,0,2832,2830,2,2824,2832,0,False,,,2830,2824,True,False,True,False,True
UDIFF,BhavCopy_NSE_CM_0_0_0_20240730_F_0000.csv.zip,2792,0,0,2792,2790,2,2788,2792,0,False,,,2790,2788,True,False,True,False,True
UDIFF,BhavCopy_NSE_CM_0_0_0_20240731_F_0000.csv.zip,2794,0,0,2794,2794,0,2792,2794,0,False,,,2794,2792,True,True,True,False,False
UDIFF,BhavCopy_NSE_CM_0_0_0_20240801_F_0000.csv.zip,2806,0,0,2806,2806,0,2800,2806,0,False,,,2806,2800,True,True,True,False,False
UDIFF,BhavCopy_NSE_CM_0_0_0_20240802_F_0000.csv.zip,2776,0,0,2776,2775,1,2773,2776,0,False,,,2775,2773,True,False,True,False,True
UDIFF,BhavCopy_NSE_CM_0_0_0_20240805_F_0000.csv.zip,2859,0,0,2859,2858,1,2853,2859,0,False,,,2858,2853,True,False,True,False,True
UDIFF,BhavCopy_NSE_CM_0_0_0_20240806_F_0000.csv.zip,2823,0,0,2823,2822,1,2818,2823,0,False,,,2822,2818,True,False,True,False,True
UDIFF,BhavCopy_NSE_CM_0_0_0_20240807_F_0000.csv.zip,2812,0,0,2812,2808,4,2806,2812,0,False,,,2808,2806,True,False,True,False,True
UDIFF,BhavCopy_NSE_CM_0_0_0_20240808_F_0000.csv.zip,2790,0,0,2790,2789,1,2783,2790,0,False,,,2789,2783,True,False,True,False,True
UDIFF,BhavCopy_NSE_CM_0_0_0_20240809_F_0000.csv.zip,2781,0,0,2781,2781,0,2775,2781,0,False,,,2781,2775,True,True,True,False,False
UDIFF,BhavCopy_NSE_CM_0_0_0_20240812_F_0000.csv.zip,2836,0,0,2836,2836,0,2831,2836,0,False,,,2836,2831,True,True,True,False,False
UDIFF,BhavCopy_NSE_CM_0_0_0_20240813_F_0000.csv.zip,2819,0,0,2819,2818,1,2812,2819,0,False,,,2818,2812,True,False,True,False,True
UDIFF,BhavCopy_NSE_CM_0_0_0_20240814_F_0000.csv.zip,2802,0,0,2802,2801,1,2796,2802,0,False,,,2801,2796,True,False,True,False,True
UDIFF,BhavCopy_NSE_CM_0_0_0_20240816_F_0000.csv.zip,2798,0,0,2798,2798,0,2793,2798,0,False,,,2798,2793,True,True,True,False,False
UDIFF,BhavCopy_NSE_CM_0_0_0_20240819_F_0000.csv.zip,2842,0,0,2842,2839,3,2833,2842,0,False,,,2839,2833,True,False,True,False,True
UDIFF,BhavCopy_NSE_CM_0_0_0_20240820_F_0000.csv.zip,2808,0,0,2808,2806,2,2801,2808,0,False,,,2806,2801,True,False,True,False,True
UDIFF,BhavCopy_NSE_CM_0_0_0_20240821_F_0000.csv.zip,2801,0,0,2801,2799,2,2793,2801,0,False,,,2799,2793,True,False,True,False,True
UDIFF,BhavCopy_NSE_CM_0_0_0_20240822_F_0000.csv.zip,2837,0,0,2837,2832,5,2826,2837,0,False,,,2832,2826,True,False,True,False,True
UDIFF,BhavCopy_NSE_CM_0_0_0_20240823_F_0000.csv.zip,2801,0,0,2801,2798,3,2792,2801,0,False,,,2798,2792,True,False,True,False,True
UDIFF,BhavCopy_NSE_CM_0_0_0_20240826_F_0000.csv.zip,2877,0,0,2877,2871,6,2865,2877,0,False,,,2871,2865,True,False,True,False,True
UDIFF,BhavCopy_NSE_CM_0_0_0_20240827_F_0000.csv.zip,2825,0,0,2825,2823,2,2817,2825,0,False,,,2823,2817,True,False,True,False,True
UDIFF,BhavCopy_NSE_CM_0_0_0_20240828_F_0000.csv.zip,2826,0,0,2826,2819,7,2813,2826,0,False,,,2819,2813,True,False,True,False,True
UDIFF,BhavCopy_NSE_CM_0_0_0_20240829_F_0000.csv.zip,2821,0,0,2821,2819,2,2816,2821,0,False,,,2819,2816,True,False,True,False,True
UDIFF,BhavCopy_NSE_CM_0_0_0_20240830_F_0000.csv.zip,2813,0,0,2813,2813,0,2809,2813,0,False,,,2813,2809,True,True,True,False,False
UDIFF,BhavCopy_NSE_CM_0_0_0_20240902_F_0000.csv.zip,2889,0,0,2889,2887,2,2882,2889,0,False,,,2887,2882,True,False,True,False,True
UDIFF,BhavCopy_NSE_CM_0_0_0_20240903_F_0000.csv.zip,2838,0,0,2838,2832,6,2825,2838,0,False,,,2832,2825,True,False,True,False,True
UDIFF,BhavCopy_NSE_CM_0_0_0_20240904_F_0000.csv.zip,2811,0,0,2811,2808,3,2804,2811,0,False,,,2808,2804,True,False,True,False,True
UDIFF,BhavCopy_NSE_CM_0_0_0_20240905_F_0000.csv.zip,2812,0,0,2812,2811,1,2804,2812,0,False,,,2811,2804,True,False,True,False,True
UDIFF,BhavCopy_NSE_CM_0_0_0_20240906_F_0000.csv.zip,2826,0,0,2826,2823,3,2818,2826,0,False,,,2823,2818,True,False,True,False,True
UDIFF,BhavCopy_NSE_CM_0_0_0_20240909_F_0000.csv.zip,2871,0,0,2871,2870,1,2865,2871,0,False,,,2870,2865,True,False,True,False,True
UDIFF,BhavCopy_NSE_CM_0_0_0_20240910_F_0000.csv.zip,2823,0,0,2823,2822,1,2817,2823,0,False,,,2822,2817,True,False,True,False,True
UDIFF,BhavCopy_NSE_CM_0_0_0_20240911_F_0000.csv.zip,2839,0,0,2839,2838,1,2833,2839,0,False,,,2838,2833,True,False,True,False,True
UDIFF,BhavCopy_NSE_CM_0_0_0_20240912_F_0000.csv.zip,2822,0,0,2822,2821,1,2816,2822,0,False,,,2821,2816,True,False,True,False,True
UDIFF,BhavCopy_NSE_CM_0_0_0_20240913_F_0000.csv.zip,2871,0,0,2871,2869,2,2866,2871,0,False,,,2869,2866,True,False,True,False,True
UDIFF,BhavCopy_NSE_CM_0_0_0_20240916_F_0000.csv.zip,2899,0,0,2899,2897,2,2892,2899,0,False,,,2897,2892,True,False,True,False,True
UDIFF,BhavCopy_NSE_CM_0_0_0_20240917_F_0000.csv.zip,2867,0,0,2867,2865,2,2861,2867,0,False,,,2865,2861,True,False,True,False,True
UDIFF,BhavCopy_NSE_CM_0_0_0_20240918_F_0000.csv.zip,2870,0,0,2870,2869,1,2865,2870,0,False,,,2869,2865,True,False,True,False,True
UDIFF,BhavCopy_NSE_CM_0_0_0_20240919_F_0000.csv.zip,2873,0,0,2873,2873,0,2868,2873,0,False,,,2873,2868,True,True,True,False,False
UDIFF,BhavCopy_NSE_CM_0_0_0_20240920_F_0000.csv.zip,2848,0,0,2848,2848,0,2847,2848,0,False,,,2848,2847,True,True,True,False,False
UDIFF,BhavCopy_NSE_CM_0_0_0_20240923_F_0000.csv.zip,2909,0,0,2909,2907,2,2904,2909,0,False,,,2907,2904,True,False,True,False,True
UDIFF,BhavCopy_NSE_CM_0_0_0_20240924_F_0000.csv.zip,2887,0,0,2887,2886,1,2883,2887,0,False,,,2886,2883,True,False,True,False,True
UDIFF,BhavCopy_NSE_CM_0_0_0_20240925_F_0000.csv.zip,2879,0,0,2879,2877,2,2871,2879,0,False,,,2877,2871,True,False,True,False,True
UDIFF,BhavCopy_NSE_CM_0_0_0_20240926_F_0000.csv.zip,2867,0,0,2867,2866,1,2861,2867,0,False,,,2866,2861,True,False,True,False,True
UDIFF,BhavCopy_NSE_CM_0_0_0_20240927_F_0000.csv.zip,2899,0,0,2899,2895,4,2890,2899,0,False,,,2895,2890,True,False,True,False,True
UDIFF,BhavCopy_NSE_CM_0_0_0_20240930_F_0000.csv.zip,2900,0,0,2900,2896,4,2893,2900,0,False,,,2896,2893,True,False,True,False,True
UDIFF,BhavCopy_NSE_CM_0_0_0_20241001_F_0000.csv.zip,2878,0,0,2878,2878,0,2874,2878,0,False,,,2878,2874,True,True,True,False,False
UDIFF,BhavCopy_NSE_CM_0_0_0_20241003_F_0000.csv.zip,2914,0,0,2914,2914,0,2910,2914,0,False,,,2914,2910,True,True,True,False,False
UDIFF,BhavCopy_NSE_CM_0_0_0_20241004_F_0000.csv.zip,2917,0,0,2917,2917,0,2914,2917,0,False,,,2917,2914,True,True,True,False,False
UDIFF,BhavCopy_NSE_CM_0_0_0_20241007_F_0000.csv.zip,2939,0,0,2939,2939,0,2933,2939,0,False,,,2939,2933,True,True,True,False,False
UDIFF,BhavCopy_NSE_CM_0_0_0_20241008_F_0000.csv.zip,2886,0,0,2886,2885,1,2879,2886,0,False,,,2885,2879,True,False,True,False,True
UDIFF,BhavCopy_NSE_CM_0_0_0_20241009_F_0000.csv.zip,2874,0,0,2874,2874,0,2872,2874,0,False,,,2874,2872,True,True,True,False,False
UDIFF,BhavCopy_NSE_CM_0_0_0_20241010_F_0000.csv.zip,2869,0,0,2869,2869,0,2867,2869,0,False,,,2869,2867,True,True,True,False,False
UDIFF,BhavCopy_NSE_CM_0_0_0_20241011_F_0000.csv.zip,2852,0,0,2852,2852,0,2848,2852,0,False,,,2852,2848,True,True,True,False,False
UDIFF,BhavCopy_NSE_CM_0_0_0_20241014_F_0000.csv.zip,2903,0,0,2903,2901,2,2899,2903,0,False,,,2901,2899,True,False,True,False,True
UDIFF,BhavCopy_NSE_CM_0_0_0_20241015_F_0000.csv.zip,2875,0,0,2875,2875,0,2871,2875,0,False,,,2875,2871,True,True,True,False,False
UDIFF,BhavCopy_NSE_CM_0_0_0_20241016_F_0000.csv.zip,2876,0,0,2876,2876,0,2874,2876,0,False,,,2876,2874,True,True,True,False,False
UDIFF,BhavCopy_NSE_CM_0_0_0_20241017_F_0000.csv.zip,2846,0,0,2846,2846,0,2843,2846,0,False,,,2846,2843,True,True,True,False,False
UDIFF,BhavCopy_NSE_CM_0_0_0_20241018_F_0000.csv.zip,2855,0,0,2855,2854,1,2851,2855,0,False,,,2854,2851,True,False,True,False,True
UDIFF,BhavCopy_NSE_CM_0_0_0_20241021_F_0000.csv.zip,2912,0,0,2912,2912,0,2908,2912,0,False,,,2912,2908,True,True,True,False,False
UDIFF,BhavCopy_NSE_CM_0_0_0_20241022_F_0000.csv.zip,2917,0,0,2917,2916,1,2913,2917,0,False,,,2916,2913,True,False,True,False,True
UDIFF,BhavCopy_NSE_CM_0_0_0_20241023_F_0000.csv.zip,2859,0,0,2859,2859,0,2855,2859,0,False,,,2859,2855,True,True,True,False,False
UDIFF,BhavCopy_NSE_CM_0_0_0_20241024_F_0000.csv.zip,2843,0,0,2843,2843,0,2841,2843,0,False,,,2843,2841,True,True,True,False,False
UDIFF,BhavCopy_NSE_CM_0_0_0_20241025_F_0000.csv.zip,2902,0,0,2902,2902,0,2898,2902,0,False,,,2902,2898,True,True,True,False,False
UDIFF,BhavCopy_NSE_CM_0_0_0_20241028_F_0000.csv.zip,2920,0,0,2920,2919,1,2915,2920,0,False,,,2919,2915,True,False,True,False,True
UDIFF,BhavCopy_NSE_CM_0_0_0_20241029_F_0000.csv.zip,2865,0,0,2865,2864,1,2862,2865,0,False,,,2864,2862,True,False,True,False,True
UDIFF,BhavCopy_NSE_CM_0_0_0_20241030_F_0000.csv.zip,2850,0,0,2850,2850,0,2848,2850,0,False,,,2850,2848,True,True,True,False,False
UDIFF,BhavCopy_NSE_CM_0_0_0_20241031_F_0000.csv.zip,2850,0,0,2850,2850,0,2846,2850,0,False,,,2850,2846,True,True,True,False,False
UDIFF,BhavCopy_NSE_CM_0_0_0_20241104_F_0000.csv.zip,2946,0,0,2946,2945,1,2942,2946,0,False,,,2945,2942,True,False,True,False,True
UDIFF,BhavCopy_NSE_CM_0_0_0_20241105_F_0000.csv.zip,2895,0,0,2895,2894,1,2889,2895,0,False,,,2894,2889,True,False,True,False,True
UDIFF,BhavCopy_NSE_CM_0_0_0_20241106_F_0000.csv.zip,2926,0,0,2926,2919,7,2916,2926,0,False,,,2919,2916,True,False,True,False,True
UDIFF,BhavCopy_NSE_CM_0_0_0_20241107_F_0000.csv.zip,2898,0,0,2898,2893,5,2889,2898,0,False,,,2893,2889,True,False,True,False,True
UDIFF,BhavCopy_NSE_CM_0_0_0_20241108_F_0000.csv.zip,2878,0,0,2878,2877,1,2873,2878,0,False,,,2877,2873,True,False,True,False,True
UDIFF,BhavCopy_NSE_CM_0_0_0_20241111_F_0000.csv.zip,2928,0,0,2928,2928,0,2923,2928,0,False,,,2928,2923,True,True,True,False,False
UDIFF,BhavCopy_NSE_CM_0_0_0_20241112_F_0000.csv.zip,2886,0,0,2886,2886,0,2882,2886,0,False,,,2886,2882,True,True,True,False,False
UDIFF,BhavCopy_NSE_CM_0_0_0_20241113_F_0000.csv.zip,2889,0,0,2889,2888,1,2886,2889,0,False,,,2888,2886,True,False,True,False,True
UDIFF,BhavCopy_NSE_CM_0_0_0_20241114_F_0000.csv.zip,2897,0,0,2897,2896,1,2892,2897,0,False,,,2896,2892,True,False,True,False,True
UDIFF,BhavCopy_NSE_CM_0_0_0_20241118_F_0000.csv.zip,2949,0,0,2949,2948,1,2943,2949,0,False,,,2948,2943,True,False,True,False,True
UDIFF,BhavCopy_NSE_CM_0_0_0_20241119_F_0000.csv.zip,2897,0,0,2897,2895,2,2893,2897,0,False,,,2895,2893,True,False,True,False,True
UDIFF,BhavCopy_NSE_CM_0_0_0_20241121_F_0000.csv.zip,2910,0,0,2910,2910,0,2905,2910,0,False,,,2910,2905,True,True,True,False,False
UDIFF,BhavCopy_NSE_CM_0_0_0_20241122_F_0000.csv.zip,2887,0,0,2887,2886,1,2885,2887,0,False,,,2886,2885,True,False,True,False,True
UDIFF,BhavCopy_NSE_CM_0_0_0_20241125_F_0000.csv.zip,2922,0,0,2922,2922,0,2917,2922,0,False,,,2922,2917,True,True,True,False,False
UDIFF,BhavCopy_NSE_CM_0_0_0_20241126_F_0000.csv.zip,2886,0,0,2886,2886,0,2884,2886,0,False,,,2886,2884,True,True,True,False,False
UDIFF,BhavCopy_NSE_CM_0_0_0_20241127_F_0000.csv.zip,2882,0,0,2882,2882,0,2879,2882,0,False,,,2882,2879,True,True,True,False,False
UDIFF,BhavCopy_NSE_CM_0_0_0_20241128_F_0000.csv.zip,2886,0,0,2886,2886,0,2883,2886,0,False,,,2886,2883,True,True,True,False,False
UDIFF,BhavCopy_NSE_CM_0_0_0_20241129_F_0000.csv.zip,2891,0,0,2891,2891,0,2889,2891,0,False,,,2891,2889,True,True,True,False,False
UDIFF,BhavCopy_NSE_CM_0_0_0_20241202_F_0000.csv.zip,2937,0,0,2937,2936,1,2933,2937,0,False,,,2936,2933,True,False,True,False,True
UDIFF,BhavCopy_NSE_CM_0_0_0_20241203_F_0000.csv.zip,2907,0,0,2907,2907,0,2904,2907,0,False,,,2907,2904,True,True,True,False,False
UDIFF,BhavCopy_NSE_CM_0_0_0_20241204_F_0000.csv.zip,2894,0,0,2894,2893,1,2888,2894,0,False,,,2893,2888,True,False,True,False,True
UDIFF,BhavCopy_NSE_CM_0_0_0_20241205_F_0000.csv.zip,2883,0,0,2883,2882,1,2878,2883,0,False,,,2882,2878,True,False,True,False,True
UDIFF,BhavCopy_NSE_CM_0_0_0_20241206_F_0000.csv.zip,2910,0,0,2910,2910,0,2907,2910,0,False,,,2910,2907,True,True,True,False,False
UDIFF,BhavCopy_NSE_CM_0_0_0_20241209_F_0000.csv.zip,2944,0,0,2944,2944,0,2939,2944,0,False,,,2944,2939,True,True,True,False,False
UDIFF,BhavCopy_NSE_CM_0_0_0_20241210_F_0000.csv.zip,2901,0,0,2901,2901,0,2898,2901,0,False,,,2901,2898,True,True,True,False,False
UDIFF,BhavCopy_NSE_CM_0_0_0_20241211_F_0000.csv.zip,2894,0,0,2894,2893,1,2889,2894,0,False,,,2893,2889,True,False,True,False,True
UDIFF,BhavCopy_NSE_CM_0_0_0_20241212_F_0000.csv.zip,2893,0,0,2893,2893,0,2889,2893,0,False,,,2893,2889,True,True,True,False,False
UDIFF,BhavCopy_NSE_CM_0_0_0_20241213_F_0000.csv.zip,2877,0,0,2877,2877,0,2875,2877,0,False,,,2877,2875,True,True,True,False,False
UDIFF,BhavCopy_NSE_CM_0_0_0_20241216_F_0000.csv.zip,2921,0,0,2921,2920,1,2915,2921,0,False,,,2920,2915,True,False,True,False,True
UDIFF,BhavCopy_NSE_CM_0_0_0_20241217_F_0000.csv.zip,2899,0,0,2899,2898,1,2894,2899,0,False,,,2898,2894,True,False,True,False,True
UDIFF,BhavCopy_NSE_CM_0_0_0_20241218_F_0000.csv.zip,2897,0,0,2897,2894,3,2892,2897,0,False,,,2894,2892,True,False,True,False,True
UDIFF,BhavCopy_NSE_CM_0_0_0_20241219_F_0000.csv.zip,2891,0,0,2891,2890,1,2886,2891,0,False,,,2890,2886,True,False,True,False,True
UDIFF,BhavCopy_NSE_CM_0_0_0_20241220_F_0000.csv.zip,2896,0,0,2896,2893,3,2891,2896,0,False,,,2893,2891,True,False,True,False,True
UDIFF,BhavCopy_NSE_CM_0_0_0_20241223_F_0000.csv.zip,2938,0,0,2938,2938,0,2936,2938,0,False,,,2938,2936,True,True,True,False,False
UDIFF,BhavCopy_NSE_CM_0_0_0_20241224_F_0000.csv.zip,2897,0,0,2897,2897,0,2894,2897,0,False,,,2897,2894,True,True,True,False,False
UDIFF,BhavCopy_NSE_CM_0_0_0_20241226_F_0000.csv.zip,2921,0,0,2921,2921,0,2919,2921,0,False,,,2921,2919,True,True,True,False,False
UDIFF,BhavCopy_NSE_CM_0_0_0_20241227_F_0000.csv.zip,2911,0,0,2911,2909,2,2905,2911,0,False,,,2909,2905,True,False,True,False,True
UDIFF,BhavCopy_NSE_CM_0_0_0_20241230_F_0000.csv.zip,2956,0,0,2956,2955,1,2952,2956,0,False,,,2955,2952,True,False,True,False,True
UDIFF,BhavCopy_NSE_CM_0_0_0_20241231_F_0000.csv.zip,2916,0,0,2916,2915,1,2910,2916,0,False,,,2915,2910,True,False,True,False,True
UDIFF,BhavCopy_NSE_CM_0_0_0_20250101_F_0000.csv.zip,2911,0,0,2911,2911,0,2910,2911,0,False,,,2911,2910,True,True,True,False,False
UDIFF,BhavCopy_NSE_CM_0_0_0_20250102_F_0000.csv.zip,2930,0,0,2930,2930,0,2928,2930,0,False,,,2930,2928,True,True,True,False,False
UDIFF,BhavCopy_NSE_CM_0_0_0_20250103_F_0000.csv.zip,2922,0,0,2922,2922,0,2919,2922,0,False,,,2922,2919,True,True,True,False,False
UDIFF,BhavCopy_NSE_CM_0_0_0_20250106_F_0000.csv.zip,2976,0,0,2976,2976,0,2975,2976,0,False,,,2976,2975,True,True,True,False,False
UDIFF,BhavCopy_NSE_CM_0_0_0_20250107_F_0000.csv.zip,2918,0,0,2918,2918,0,2916,2918,0,False,,,2918,2916,True,True,True,False,False
UDIFF,BhavCopy_NSE_CM_0_0_0_20250108_F_0000.csv.zip,2941,0,0,2941,2940,1,2938,2941,0,False,,,2940,2938,True,False,True,False,True
UDIFF,BhavCopy_NSE_CM_0_0_0_20250109_F_0000.csv.zip,2917,0,0,2917,2916,1,2914,2917,0,False,,,2916,2914,True,False,True,False,True
UDIFF,BhavCopy_NSE_CM_0_0_0_20250110_F_0000.csv.zip,2932,0,0,2932,2932,0,2927,2932,0,False,,,2932,2927,True,True,True,False,False
UDIFF,BhavCopy_NSE_CM_0_0_0_20250113_F_0000.csv.zip,2963,0,0,2963,2963,0,2961,2963,0,False,,,2963,2961,True,True,True,False,False
UDIFF,BhavCopy_NSE_CM_0_0_0_20250114_F_0000.csv.zip,2901,0,0,2901,2901,0,2900,2901,0,False,,,2901,2900,True,True,True,False,False
UDIFF,BhavCopy_NSE_CM_0_0_0_20250115_F_0000.csv.zip,2915,0,0,2915,2915,0,2910,2915,0,False,,,2915,2910,True,True,True,False,False
UDIFF,BhavCopy_NSE_CM_0_0_0_20250116_F_0000.csv.zip,2878,0,0,2878,2878,0,2877,2878,0,False,,,2878,2877,True,True,True,False,False
UDIFF,BhavCopy_NSE_CM_0_0_0_20250117_F_0000.csv.zip,2921,0,0,2921,2921,0,2919,2921,0,False,,,2921,2919,True,True,True,False,False
UDIFF,BhavCopy_NSE_CM_0_0_0_20250120_F_0000.csv.zip,2967,0,0,2967,2966,1,2963,2967,0,False,,,2966,2963,True,False,True,False,True
UDIFF,BhavCopy_NSE_CM_0_0_0_20250121_F_0000.csv.zip,2903,0,0,2903,2903,0,2899,2903,0,False,,,2903,2899,True,True,True,False,False
UDIFF,BhavCopy_NSE_CM_0_0_0_20250122_F_0000.csv.zip,2916,0,0,2916,2916,0,2911,2916,0,False,,,2916,2911,True,True,True,False,False
UDIFF,BhavCopy_NSE_CM_0_0_0_20250123_F_0000.csv.zip,2938,0,0,2938,2909,29,2906,2938,0,False,,,2909,2906,True,False,True,False,True
UDIFF,BhavCopy_NSE_CM_0_0_0_20250124_F_0000.csv.zip,2917,0,0,2917,2917,0,2916,2917,0,False,,,2917,2916,True,True,True,False,False
UDIFF,BhavCopy_NSE_CM_0_0_0_20250127_F_0000.csv.zip,2981,0,0,2981,2981,0,2979,2981,0,False,,,2981,2979,True,True,True,False,False
UDIFF,BhavCopy_NSE_CM_0_0_0_20250128_F_0000.csv.zip,2960,0,0,2960,2959,1,2955,2960,0,False,,,2959,2955,True,False,True,False,True
UDIFF,BhavCopy_NSE_CM_0_0_0_20250129_F_0000.csv.zip,2927,0,0,2927,2926,1,2922,2927,0,False,,,2926,2922,True,False,True,False,True
UDIFF,BhavCopy_NSE_CM_0_0_0_20250130_F_0000.csv.zip,2921,0,0,2921,2921,0,2918,2921,0,False,,,2921,2918,True,True,True,False,False
UDIFF,BhavCopy_NSE_CM_0_0_0_20250131_F_0000.csv.zip,2931,0,0,2931,2931,0,2929,2931,0,False,,,2931,2929,True,True,True,False,False
UDIFF,BhavCopy_NSE_CM_0_0_0_20250203_F_0000.csv.zip,2946,0,0,2946,2946,0,2945,2946,0,False,,,2946,2945,True,True,True,False,False
UDIFF,BhavCopy_NSE_CM_0_0_0_20250204_F_0000.csv.zip,2914,0,0,2914,2914,0,2909,2914,0,False,,,2914,2909,True,True,True,False,False
UDIFF,BhavCopy_NSE_CM_0_0_0_20250205_F_0000.csv.zip,2932,0,0,2932,2931,1,2926,2932,0,False,,,2931,2926,True,False,True,False,True
UDIFF,BhavCopy_NSE_CM_0_0_0_20250206_F_0000.csv.zip,2920,0,0,2920,2919,1,2918,2920,0,False,,,2919,2918,True,False,True,False,True
UDIFF,BhavCopy_NSE_CM_0_0_0_20250207_F_0000.csv.zip,2912,0,0,2912,2912,0,2910,2912,0,False,,,2912,2910,True,True,True,False,False
UDIFF,BhavCopy_NSE_CM_0_0_0_20250210_F_0000.csv.zip,2971,0,0,2971,2970,1,2969,2971,0,False,,,2970,2969,True,False,True,False,True
UDIFF,BhavCopy_NSE_CM_0_0_0_20250211_F_0000.csv.zip,2939,0,0,2939,2939,0,2938,2939,0,False,,,2939,2938,True,True,True,False,False
UDIFF,BhavCopy_NSE_CM_0_0_0_20250212_F_0000.csv.zip,2934,0,0,2934,2933,1,2929,2934,0,False,,,2933,2929,True,False,True,False,True
UDIFF,BhavCopy_NSE_CM_0_0_0_20250213_F_0000.csv.zip,2908,0,0,2908,2908,0,2904,2908,0,False,,,2908,2904,True,True,True,False,False
UDIFF,BhavCopy_NSE_CM_0_0_0_20250214_F_0000.csv.zip,2948,0,0,2948,2948,0,2947,2948,0,False,,,2948,2947,True,True,True,False,False
UDIFF,BhavCopy_NSE_CM_0_0_0_20250217_F_0000.csv.zip,2972,0,0,2972,2970,2,2968,2972,0,False,,,2970,2968,True,False,True,False,True
UDIFF,BhavCopy_NSE_CM_0_0_0_20250218_F_0000.csv.zip,2943,0,0,2943,2942,1,2938,2943,0,False,,,2942,2938,True,False,True,False,True
UDIFF,BhavCopy_NSE_CM_0_0_0_20250219_F_0000.csv.zip,2938,0,0,2938,2937,1,2933,2938,0,False,,,2937,2933,True,False,True,False,True
UDIFF,BhavCopy_NSE_CM_0_0_0_20250220_F_0000.csv.zip,2911,0,0,2911,2911,0,2907,2911,0,False,,,2911,2907,True,True,True,False,False
UDIFF,BhavCopy_NSE_CM_0_0_0_20250221_F_0000.csv.zip,2926,0,0,2926,2925,1,2921,2926,0,False,,,2925,2921,True,False,True,False,True
UDIFF,BhavCopy_NSE_CM_0_0_0_20250224_F_0000.csv.zip,2982,0,0,2982,2982,0,2978,2982,0,False,,,2982,2978,True,True,True,False,False
UDIFF,BhavCopy_NSE_CM_0_0_0_20250225_F_0000.csv.zip,2929,0,0,2929,2929,0,2926,2929,0,False,,,2929,2926,True,True,True,False,False
UDIFF,BhavCopy_NSE_CM_0_0_0_20250227_F_0000.csv.zip,2952,0,0,2952,2952,0,2949,2952,0,False,,,2952,2949,True,True,True,False,False
UDIFF,BhavCopy_NSE_CM_0_0_0_20250228_F_0000.csv.zip,2988,0,0,2988,2987,1,2986,2988,0,False,,,2987,2986,True,False,True,False,True
UDIFF,BhavCopy_NSE_CM_0_0_0_20250303_F_0000.csv.zip,3035,0,0,3035,3035,0,3034,3035,0,False,,,3035,3034,True,True,True,False,False
UDIFF,BhavCopy_NSE_CM_0_0_0_20250304_F_0000.csv.zip,2970,0,0,2970,2969,1,2967,2970,0,False,,,2969,2967,True,False,True,False,True
UDIFF,BhavCopy_NSE_CM_0_0_0_20250305_F_0000.csv.zip,2979,0,0,2979,2979,0,2976,2979,0,False,,,2979,2976,True,True,True,False,False
UDIFF,BhavCopy_NSE_CM_0_0_0_20250306_F_0000.csv.zip,3007,0,0,3007,3006,1,3003,3007,0,False,,,3006,3003,True,False,True,False,True
UDIFF,BhavCopy_NSE_CM_0_0_0_20250307_F_0000.csv.zip,3000,0,0,3000,2998,2,2996,3000,0,False,,,2998,2996,True,False,True,False,True
UDIFF,BhavCopy_NSE_CM_0_0_0_20250310_F_0000.csv.zip,2999,0,0,2999,2998,1,2996,2999,0,False,,,2998,2996,True,False,True,False,True
UDIFF,BhavCopy_NSE_CM_0_0_0_20250311_F_0000.csv.zip,2972,0,0,2972,2971,1,2970,2972,0,False,,,2971,2970,True,False,True,False,True
UDIFF,BhavCopy_NSE_CM_0_0_0_20250312_F_0000.csv.zip,2979,0,0,2979,2978,1,2975,2979,0,False,,,2978,2975,True,False,True,False,True
UDIFF,BhavCopy_NSE_CM_0_0_0_20250313_F_0000.csv.zip,2971,0,0,2971,2971,0,2966,2971,0,False,,,2971,2966,True,True,True,False,False
UDIFF,BhavCopy_NSE_CM_0_0_0_20250317_F_0000.csv.zip,3002,0,0,3002,3002,0,3001,3002,0,False,,,3002,3001,True,True,True,False,False
UDIFF,BhavCopy_NSE_CM_0_0_0_20250318_F_0000.csv.zip,3043,0,0,3043,3038,5,3036,3043,0,False,,,3038,3036,True,False,True,False,True
UDIFF,BhavCopy_NSE_CM_0_0_0_20250319_F_0000.csv.zip,3001,0,0,3001,3000,1,2999,3001,0,False,,,3000,2999,True,False,True,False,True
UDIFF,BhavCopy_NSE_CM_0_0_0_20250320_F_0000.csv.zip,2996,0,0,2996,2996,0,2994,2996,0,False,,,2996,2994,True,True,True,False,False
UDIFF,BhavCopy_NSE_CM_0_0_0_20250321_F_0000.csv.zip,3001,0,0,3001,3001,0,3000,3001,0,False,,,3001,3000,True,True,True,False,False
UDIFF,BhavCopy_NSE_CM_0_0_0_20250324_F_0000.csv.zip,3043,0,0,3043,3043,0,3041,3043,0,False,,,3043,3041,True,True,True,False,False
UDIFF,BhavCopy_NSE_CM_0_0_0_20250325_F_0000.csv.zip,3017,0,0,3017,3014,3,3013,3017,0,False,,,3014,3013,True,False,True,False,True
UDIFF,BhavCopy_NSE_CM_0_0_0_20250326_F_0000.csv.zip,3013,0,0,3013,3011,2,3009,3013,0,False,,,3011,3009,True,False,True,False,True
UDIFF,BhavCopy_NSE_CM_0_0_0_20250327_F_0000.csv.zip,3005,0,0,3005,3002,3,2998,3005,0,False,,,3002,2998,True,False,True,False,True
UDIFF,BhavCopy_NSE_CM_0_0_0_20250328_F_0000.csv.zip,3001,0,0,3001,2997,4,2993,3001,0,False,,,2997,2993,True,False,True,False,True
UDIFF,BhavCopy_NSE_CM_0_0_0_20250401_F_0000.csv.zip,3014,0,0,3014,3014,0,3012,3014,0,False,,,3014,3012,True,True,True,False,False
UDIFF,BhavCopy_NSE_CM_0_0_0_20250402_F_0000.csv.zip,2999,0,0,2999,2999,0,2996,2999,0,False,,,2999,2996,True,True,True,False,False
UDIFF,BhavCopy_NSE_CM_0_0_0_20250403_F_0000.csv.zip,2992,0,0,2992,2992,0,2990,2992,0,False,,,2992,2990,True,True,True,False,False
UDIFF,BhavCopy_NSE_CM_0_0_0_20250404_F_0000.csv.zip,2968,0,0,2968,2966,2,2964,2968,0,False,,,2966,2964,True,False,True,False,True
UDIFF,BhavCopy_NSE_CM_0_0_0_20250407_F_0000.csv.zip,3057,0,0,3057,3057,0,3054,3057,0,False,,,3057,3054,True,True,True,False,False
UDIFF,BhavCopy_NSE_CM_0_0_0_20250408_F_0000.csv.zip,2976,0,0,2976,2975,1,2971,2976,0,False,,,2975,2971,True,False,True,False,True
UDIFF,BhavCopy_NSE_CM_0_0_0_20250409_F_0000.csv.zip,2940,0,0,2940,2938,2,2936,2940,0,False,,,2938,2936,True,False,True,False,True
UDIFF,BhavCopy_NSE_CM_0_0_0_20250411_F_0000.csv.zip,2993,0,0,2993,2993,0,2987,2993,0,False,,,2993,2987,True,True,True,False,False
UDIFF,BhavCopy_NSE_CM_0_0_0_20250415_F_0000.csv.zip,3053,0,0,3053,3053,0,3049,3053,0,False,,,3053,3049,True,True,True,False,False
UDIFF,BhavCopy_NSE_CM_0_0_0_20250416_F_0000.csv.zip,3010,0,0,3010,3010,0,3007,3010,0,False,,,3010,3007,True,True,True,False,False
UDIFF,BhavCopy_NSE_CM_0_0_0_20250417_F_0000.csv.zip,3015,0,0,3015,3014,1,3010,3015,0,False,,,3014,3010,True,False,True,False,True
UDIFF,BhavCopy_NSE_CM_0_0_0_20250421_F_0000.csv.zip,3053,0,0,3053,3053,0,3050,3053,0,False,,,3053,3050,True,True,True,False,False
UDIFF,BhavCopy_NSE_CM_0_0_0_20250422_F_0000.csv.zip,3021,0,0,3021,3021,0,3019,3021,0,False,,,3021,3019,True,True,True,False,False
UDIFF,BhavCopy_NSE_CM_0_0_0_20250423_F_0000.csv.zip,2970,0,0,2970,2970,0,2966,2970,0,False,,,2970,2966,True,True,True,False,False
UDIFF,BhavCopy_NSE_CM_0_0_0_20250424_F_0000.csv.zip,2967,0,0,2967,2966,1,2964,2967,0,False,,,2966,2964,True,False,True,False,True
UDIFF,BhavCopy_NSE_CM_0_0_0_20250425_F_0000.csv.zip,2982,0,0,2982,2981,1,2976,2982,0,False,,,2981,2976,True,False,True,False,True
UDIFF,BhavCopy_NSE_CM_0_0_0_20250428_F_0000.csv.zip,3023,0,0,3023,3022,1,3017,3023,0,False,,,3022,3017,True,False,True,False,True
UDIFF,BhavCopy_NSE_CM_0_0_0_20250429_F_0000.csv.zip,2970,0,0,2970,2969,1,2964,2970,0,False,,,2969,2964,True,False,True,False,True
UDIFF,BhavCopy_NSE_CM_0_0_0_20250430_F_0000.csv.zip,2966,0,0,2966,2965,1,2963,2966,0,False,,,2965,2963,True,False,True,False,True
UDIFF,BhavCopy_NSE_CM_0_0_0_20250502_F_0000.csv.zip,2977,0,0,2977,2976,1,2973,2977,0,False,,,2976,2973,True,False,True,False,True
UDIFF,BhavCopy_NSE_CM_0_0_0_20250505_F_0000.csv.zip,3012,0,0,3012,3012,0,3008,3012,0,False,,,3012,3008,True,True,True,False,False
UDIFF,BhavCopy_NSE_CM_0_0_0_20250506_F_0000.csv.zip,2976,0,0,2976,2976,0,2975,2976,0,False,,,2976,2975,True,True,True,False,False
UDIFF,BhavCopy_NSE_CM_0_0_0_20250507_F_0000.csv.zip,2938,0,0,2938,2938,0,2936,2938,0,False,,,2938,2936,True,True,True,False,False
UDIFF,BhavCopy_NSE_CM_0_0_0_20250508_F_0000.csv.zip,2963,0,0,2963,2963,0,2959,2963,0,False,,,2963,2959,True,True,True,False,False
UDIFF,BhavCopy_NSE_CM_0_0_0_20250509_F_0000.csv.zip,2922,0,0,2922,2922,0,2919,2922,0,False,,,2922,2919,True,True,True,False,False
UDIFF,BhavCopy_NSE_CM_0_0_0_20250512_F_0000.csv.zip,3036,0,0,3036,3034,2,3029,3036,0,False,,,3034,3029,True,False,True,False,True
UDIFF,BhavCopy_NSE_CM_0_0_0_20250513_F_0000.csv.zip,2982,0,0,2982,2982,0,2976,2982,0,False,,,2982,2976,True,True,True,False,False
UDIFF,BhavCopy_NSE_CM_0_0_0_20250514_F_0000.csv.zip,2991,0,0,2991,2987,4,2981,2991,0,False,,,2987,2981,True,False,True,False,True
UDIFF,BhavCopy_NSE_CM_0_0_0_20250515_F_0000.csv.zip,2969,0,0,2969,2966,3,2963,2969,0,False,,,2966,2963,True,False,True,False,True
UDIFF,BhavCopy_NSE_CM_0_0_0_20250516_F_0000.csv.zip,2990,0,0,2990,2989,1,2986,2990,0,False,,,2989,2986,True,False,True,False,True
UDIFF,BhavCopy_NSE_CM_0_0_0_20250519_F_0000.csv.zip,3026,0,0,3026,3024,2,3019,3026,0,False,,,3024,3019,True,False,True,False,True
UDIFF,BhavCopy_NSE_CM_0_0_0_20250520_F_0000.csv.zip,2993,0,0,2993,2992,1,2990,2993,0,False,,,2992,2990,True,False,True,False,True
UDIFF,BhavCopy_NSE_CM_0_0_0_20250521_F_0000.csv.zip,2972,0,0,2972,2972,0,2970,2972,0,False,,,2972,2970,True,True,True,False,False
UDIFF,BhavCopy_NSE_CM_0_0_0_20250522_F_0000.csv.zip,2972,0,0,2972,2972,0,2968,2972,0,False,,,2972,2968,True,True,True,False,False
UDIFF,BhavCopy_NSE_CM_0_0_0_20250523_F_0000.csv.zip,2975,0,0,2975,2973,2,2970,2975,0,False,,,2973,2970,True,False,True,False,True
UDIFF,BhavCopy_NSE_CM_0_0_0_20250526_F_0000.csv.zip,3008,0,0,3008,3007,1,3005,3008,0,False,,,3007,3005,True,False,True,False,True
UDIFF,BhavCopy_NSE_CM_0_0_0_20250527_F_0000.csv.zip,2983,0,0,2983,2982,1,2980,2983,0,False,,,2982,2980,True,False,True,False,True
UDIFF,BhavCopy_NSE_CM_0_0_0_20250528_F_0000.csv.zip,2973,0,0,2973,2973,0,2972,2973,0,False,,,2973,2972,True,True,True,False,False
UDIFF,BhavCopy_NSE_CM_0_0_0_20250529_F_0000.csv.zip,2980,0,0,2980,2978,2,2974,2980,0,False,,,2978,2974,True,False,True,False,True
UDIFF,BhavCopy_NSE_CM_0_0_0_20250530_F_0000.csv.zip,2986,0,0,2986,2985,1,2984,2986,0,False,,,2985,2984,True,False,True,False,True
UDIFF,BhavCopy_NSE_CM_0_0_0_20250602_F_0000.csv.zip,3038,0,0,3038,3037,1,3034,3038,0,False,,,3037,3034,True,False,True,False,True
UDIFF,BhavCopy_NSE_CM_0_0_0_20250603_F_0000.csv.zip,3025,0,0,3025,3025,0,3021,3025,0,False,,,3025,3021,True,True,True,False,False
UDIFF,BhavCopy_NSE_CM_0_0_0_20250604_F_0000.csv.zip,3004,0,0,3004,3004,0,3002,3004,0,False,,,3004,3002,True,True,True,False,False
UDIFF,BhavCopy_NSE_CM_0_0_0_20250605_F_0000.csv.zip,2995,0,0,2995,2995,0,2994,2995,0,False,,,2995,2994,True,True,True,False,False
UDIFF,BhavCopy_NSE_CM_0_0_0_20250606_F_0000.csv.zip,3020,0,0,3020,3018,2,3014,3020,0,False,,,3018,3014,True,False,True,False,True
UDIFF,BhavCopy_NSE_CM_0_0_0_20250609_F_0000.csv.zip,3081,0,0,3081,3079,2,3077,3081,0,False,,,3079,3077,True,False,True,False,True
UDIFF,BhavCopy_NSE_CM_0_0_0_20250610_F_0000.csv.zip,3013,0,0,3013,3011,2,3008,3013,0,False,,,3011,3008,True,False,True,False,True
UDIFF,BhavCopy_NSE_CM_0_0_0_20250611_F_0000.csv.zip,3028,0,0,3028,3018,10,3016,3028,0,False,,,3018,3016,True,False,True,False,True
UDIFF,BhavCopy_NSE_CM_0_0_0_20250612_F_0000.csv.zip,2992,0,0,2992,2988,4,2985,2992,0,False,,,2988,2985,True,False,True,False,True
UDIFF,BhavCopy_NSE_CM_0_0_0_20250613_F_0000.csv.zip,2992,0,0,2992,2988,4,2983,2992,0,False,,,2988,2983,True,False,True,False,True
UDIFF,BhavCopy_NSE_CM_0_0_0_20250616_F_0000.csv.zip,3042,0,0,3042,3040,2,3035,3042,0,False,,,3040,3035,True,False,True,False,True
UDIFF,BhavCopy_NSE_CM_0_0_0_20250617_F_0000.csv.zip,2995,0,0,2995,2993,2,2989,2995,0,False,,,2993,2989,True,False,True,False,True
UDIFF,BhavCopy_NSE_CM_0_0_0_20250618_F_0000.csv.zip,2993,0,0,2993,2992,1,2987,2993,0,False,,,2992,2987,True,False,True,False,True
UDIFF,BhavCopy_NSE_CM_0_0_0_20250619_F_0000.csv.zip,2986,0,0,2986,2986,0,2981,2986,0,False,,,2986,2981,True,True,True,False,False
UDIFF,BhavCopy_NSE_CM_0_0_0_20250620_F_0000.csv.zip,2989,0,0,2989,2989,0,2984,2989,0,False,,,2989,2984,True,True,True,False,False
UDIFF,BhavCopy_NSE_CM_0_0_0_20250623_F_0000.csv.zip,3019,0,0,3019,3018,1,3015,3019,0,False,,,3018,3015,True,False,True,False,True
UDIFF,BhavCopy_NSE_CM_0_0_0_20250624_F_0000.csv.zip,3002,0,0,3002,3000,2,2998,3002,0,False,,,3000,2998,True,False,True,False,True
UDIFF,BhavCopy_NSE_CM_0_0_0_20250625_F_0000.csv.zip,3012,0,0,3012,3012,0,3009,3012,0,False,,,3012,3009,True,True,True,False,False
UDIFF,BhavCopy_NSE_CM_0_0_0_20250626_F_0000.csv.zip,3005,0,0,3005,3003,2,2998,3005,0,False,,,3003,2998,True,False,True,False,True
UDIFF,BhavCopy_NSE_CM_0_0_0_20250627_F_0000.csv.zip,3004,0,0,3004,3003,1,3000,3004,0,False,,,3003,3000,True,False,True,False,True
UDIFF,BhavCopy_NSE_CM_0_0_0_20250630_F_0000.csv.zip,3066,0,0,3066,3066,0,3064,3066,0,False,,,3066,3064,True,True,True,False,False
UDIFF,BhavCopy_NSE_CM_0_0_0_20250701_F_0000.csv.zip,3038,0,0,3038,3037,1,3032,3038,0,False,,,3037,3032,True,False,True,False,True
UDIFF,BhavCopy_NSE_CM_0_0_0_20250702_F_0000.csv.zip,3052,0,0,3052,3052,0,3049,3052,0,False,,,3052,3049,True,True,True,False,False
UDIFF,BhavCopy_NSE_CM_0_0_0_20250703_F_0000.csv.zip,3050,0,0,3050,3048,2,3045,3050,0,False,,,3048,3045,True,False,True,False,True
UDIFF,BhavCopy_NSE_CM_0_0_0_20250704_F_0000.csv.zip,3037,0,0,3037,3037,0,3032,3037,0,False,,,3037,3032,True,True,True,False,False
UDIFF,BhavCopy_NSE_CM_0_0_0_20250707_F_0000.csv.zip,3076,0,0,3076,3074,2,3072,3076,0,False,,,3074,3072,True,False,True,False,True
UDIFF,BhavCopy_NSE_CM_0_0_0_20250708_F_0000.csv.zip,3042,0,0,3042,3041,1,3035,3042,0,False,,,3041,3035,True,False,True,False,True
UDIFF,BhavCopy_NSE_CM_0_0_0_20250709_F_0000.csv.zip,3045,0,0,3045,3044,1,3040,3045,0,False,,,3044,3040,True,False,True,False,True
UDIFF,BhavCopy_NSE_CM_0_0_0_20250710_F_0000.csv.zip,3027,0,0,3027,3027,0,3022,3027,0,False,,,3027,3022,True,True,True,False,False
UDIFF,BhavCopy_NSE_CM_0_0_0_20250711_F_0000.csv.zip,3029,0,0,3029,3026,3,3022,3029,0,False,,,3026,3022,True,False,True,False,True
UDIFF,BhavCopy_NSE_CM_0_0_0_20250714_F_0000.csv.zip,3110,0,0,3110,3059,51,3056,3110,0,False,,,3059,3056,True,False,True,False,True
UDIFF,BhavCopy_NSE_CM_0_0_0_20250715_F_0000.csv.zip,3037,0,0,3037,3036,1,3034,3037,0,False,,,3036,3034,True,False,True,False,True
UDIFF,BhavCopy_NSE_CM_0_0_0_20250716_F_0000.csv.zip,3035,0,0,3035,3035,0,3030,3035,0,False,,,3035,3030,True,True,True,False,False
UDIFF,BhavCopy_NSE_CM_0_0_0_20250717_F_0000.csv.zip,3047,0,0,3047,3046,1,3041,3047,0,False,,,3046,3041,True,False,True,False,True
UDIFF,BhavCopy_NSE_CM_0_0_0_20250718_F_0000.csv.zip,3059,0,0,3059,3057,2,3053,3059,0,False,,,3057,3053,True,False,True,False,True
UDIFF,BhavCopy_NSE_CM_0_0_0_20250721_F_0000.csv.zip,3094,0,0,3094,3093,1,3089,3094,0,False,,,3093,3089,True,False,True,False,True
UDIFF,BhavCopy_NSE_CM_0_0_0_20250722_F_0000.csv.zip,3052,0,0,3052,3049,3,3047,3052,0,False,,,3049,3047,True,False,True,False,True
UDIFF,BhavCopy_NSE_CM_0_0_0_20250723_F_0000.csv.zip,3073,0,0,3073,3073,0,3070,3073,0,False,,,3073,3070,True,True,True,False,False
UDIFF,BhavCopy_NSE_CM_0_0_0_20250724_F_0000.csv.zip,3077,0,0,3077,3076,1,3073,3077,0,False,,,3076,3073,True,False,True,False,True
UDIFF,BhavCopy_NSE_CM_0_0_0_20250725_F_0000.csv.zip,3048,0,0,3048,3041,7,3038,3048,0,False,,,3041,3038,True,False,True,False,True
UDIFF,BhavCopy_NSE_CM_0_0_0_20250728_F_0000.csv.zip,3109,0,0,3109,3109,0,3106,3109,0,False,,,3109,3106,True,True,True,False,False
UDIFF,BhavCopy_NSE_CM_0_0_0_20250729_F_0000.csv.zip,3062,0,0,3062,3062,0,3059,3062,0,False,,,3062,3059,True,True,True,False,False
UDIFF,BhavCopy_NSE_CM_0_0_0_20250730_F_0000.csv.zip,3075,0,0,3075,3075,0,3071,3075,0,False,,,3075,3071,True,True,True,False,False
UDIFF,BhavCopy_NSE_CM_0_0_0_20250731_F_0000.csv.zip,3067,0,0,3067,3066,1,3064,3067,0,False,,,3066,3064,True,False,True,False,True
UDIFF,BhavCopy_NSE_CM_0_0_0_20250801_F_0000.csv.zip,3055,0,0,3055,3054,1,3052,3055,0,False,,,3054,3052,True,False,True,False,True
UDIFF,BhavCopy_NSE_CM_0_0_0_20250804_F_0000.csv.zip,3116,0,0,3116,3116,0,3113,3116,0,False,,,3116,3113,True,True,True,False,False
UDIFF,BhavCopy_NSE_CM_0_0_0_20250805_F_0000.csv.zip,3080,0,0,3080,3079,1,3077,3080,0,False,,,3079,3077,True,False,True,False,True
UDIFF,BhavCopy_NSE_CM_0_0_0_20250806_F_0000.csv.zip,3093,0,0,3093,3085,8,3082,3093,0,False,,,3085,3082,True,False,True,False,True
UDIFF,BhavCopy_NSE_CM_0_0_0_20250807_F_0000.csv.zip,3079,0,0,3079,3078,1,3076,3079,0,False,,,3078,3076,True,False,True,False,True
UDIFF,BhavCopy_NSE_CM_0_0_0_20250808_F_0000.csv.zip,3057,0,0,3057,3057,0,3055,3057,0,False,,,3057,3055,True,True,True,False,False
UDIFF,BhavCopy_NSE_CM_0_0_0_20250811_F_0000.csv.zip,3109,0,0,3109,3108,1,3106,3109,0,False,,,3108,3106,True,False,True,False,True
UDIFF,BhavCopy_NSE_CM_0_0_0_20250812_F_0000.csv.zip,3079,0,0,3079,3077,2,3071,3079,0,False,,,3077,3071,True,False,True,False,True
UDIFF,BhavCopy_NSE_CM_0_0_0_20250813_F_0000.csv.zip,3077,0,0,3077,3076,1,3072,3077,0,False,,,3076,3072,True,False,True,False,True
UDIFF,BhavCopy_NSE_CM_0_0_0_20250814_F_0000.csv.zip,3059,0,0,3059,3055,4,3053,3059,0,False,,,3055,3053,True,False,True,False,True
UDIFF,BhavCopy_NSE_CM_0_0_0_20250818_F_0000.csv.zip,3160,0,0,3160,3156,4,3155,3160,0,False,,,3156,3155,True,False,True,False,True
UDIFF,BhavCopy_NSE_CM_0_0_0_20250819_F_0000.csv.zip,3090,0,0,3090,3088,2,3085,3090,0,False,,,3088,3085,True,False,True,False,True
UDIFF,BhavCopy_NSE_CM_0_0_0_20250820_F_0000.csv.zip,3076,0,0,3076,3074,2,3072,3076,0,False,,,3074,3072,True,False,True,False,True
UDIFF,BhavCopy_NSE_CM_0_0_0_20250821_F_0000.csv.zip,3080,0,0,3080,3077,3,3076,3080,0,False,,,3077,3076,True,False,True,False,True
UDIFF,BhavCopy_NSE_CM_0_0_0_20250822_F_0000.csv.zip,3063,0,0,3063,3059,4,3057,3063,0,False,,,3059,3057,True,False,True,False,True
UDIFF,BhavCopy_NSE_CM_0_0_0_20250825_F_0000.csv.zip,3119,0,0,3119,3119,0,3116,3119,0,False,,,3119,3116,True,True,True,False,False
UDIFF,BhavCopy_NSE_CM_0_0_0_20250826_F_0000.csv.zip,3095,0,0,3095,3092,3,3089,3095,0,False,,,3092,3089,True,False,True,False,True
UDIFF,BhavCopy_NSE_CM_0_0_0_20250828_F_0000.csv.zip,3085,0,0,3085,3083,2,3079,3085,0,False,,,3083,3079,True,False,True,False,True
UDIFF,BhavCopy_NSE_CM_0_0_0_20250829_F_0000.csv.zip,3110,0,0,3110,3092,18,3089,3110,0,False,,,3092,3089,True,False,True,False,True
UDIFF,BhavCopy_NSE_CM_0_0_0_20250901_F_0000.csv.zip,3168,0,0,3168,3159,9,3157,3168,0,False,,,3159,3157,True,False,True,False,True
UDIFF,BhavCopy_NSE_CM_0_0_0_20250902_F_0000.csv.zip,3148,0,0,3148,3139,9,3136,3148,0,False,,,3139,3136,True,False,True,False,True
UDIFF,BhavCopy_NSE_CM_0_0_0_20250903_F_0000.csv.zip,3152,0,0,3152,3144,8,3142,3152,0,False,,,3144,3142,True,False,True,False,True
UDIFF,BhavCopy_NSE_CM_0_0_0_20250904_F_0000.csv.zip,3154,0,0,3154,3141,13,3139,3154,0,False,,,3141,3139,True,False,True,False,True
UDIFF,BhavCopy_NSE_CM_0_0_0_20250905_F_0000.csv.zip,3144,0,0,3144,3126,18,3123,3144,0,False,,,3126,3123,True,False,True,False,True
UDIFF,BhavCopy_NSE_CM_0_0_0_20250908_F_0000.csv.zip,3152,0,0,3152,3146,6,3144,3152,0,False,,,3146,3144,True,False,True,False,True
UDIFF,BhavCopy_NSE_CM_0_0_0_20250909_F_0000.csv.zip,3124,0,0,3124,3107,17,3105,3124,0,False,,,3107,3105,True,False,True,False,True
UDIFF,BhavCopy_NSE_CM_0_0_0_20250910_F_0000.csv.zip,3136,0,0,3136,3130,6,3127,3136,0,False,,,3130,3127,True,False,True,False,True
UDIFF,BhavCopy_NSE_CM_0_0_0_20250911_F_0000.csv.zip,3159,0,0,3159,3150,9,3148,3159,0,False,,,3150,3148,True,False,True,False,True
UDIFF,BhavCopy_NSE_CM_0_0_0_20250912_F_0000.csv.zip,3155,0,0,3155,3145,10,3143,3155,0,False,,,3145,3143,True,False,True,False,True
UDIFF,BhavCopy_NSE_CM_0_0_0_20250915_F_0000.csv.zip,3183,0,0,3183,3172,11,3171,3183,0,False,,,3172,3171,True,False,True,False,True
UDIFF,BhavCopy_NSE_CM_0_0_0_20250916_F_0000.csv.zip,3168,0,0,3168,3154,14,3149,3168,0,False,,,3154,3149,True,False,True,False,True
UDIFF,BhavCopy_NSE_CM_0_0_0_20250917_F_0000.csv.zip,3191,0,0,3191,3180,11,3175,3191,0,False,,,3180,3175,True,False,True,False,True
UDIFF,BhavCopy_NSE_CM_0_0_0_20250918_F_0000.csv.zip,3148,0,0,3148,3139,9,3135,3148,0,False,,,3139,3135,True,False,True,False,True
UDIFF,BhavCopy_NSE_CM_0_0_0_20250919_F_0000.csv.zip,3139,0,0,3139,3132,7,3129,3139,0,False,,,3132,3129,True,False,True,False,True
UDIFF,BhavCopy_NSE_CM_0_0_0_20250922_F_0000.csv.zip,3210,0,0,3210,3207,3,3203,3210,0,False,,,3207,3203,True,False,True,False,True
UDIFF,BhavCopy_NSE_CM_0_0_0_20250923_F_0000.csv.zip,3144,0,0,3144,3142,2,3140,3144,0,False,,,3142,3140,True,False,True,False,True
UDIFF,BhavCopy_NSE_CM_0_0_0_20250924_F_0000.csv.zip,3139,0,0,3139,3135,4,3131,3139,0,False,,,3135,3131,True,False,True,False,True
UDIFF,BhavCopy_NSE_CM_0_0_0_20250925_F_0000.csv.zip,3131,0,0,3131,3129,2,3124,3131,0,False,,,3129,3124,True,False,True,False,True
UDIFF,BhavCopy_NSE_CM_0_0_0_20250926_F_0000.csv.zip,3151,0,0,3151,3141,10,3136,3151,0,False,,,3141,3136,True,False,True,False,True
UDIFF,BhavCopy_NSE_CM_0_0_0_20250929_F_0000.csv.zip,3174,0,0,3174,3173,1,3171,3174,0,False,,,3173,3171,True,False,True,False,True
UDIFF,BhavCopy_NSE_CM_0_0_0_20250930_F_0000.csv.zip,3122,0,0,3122,3118,4,3116,3122,0,False,,,3118,3116,True,False,True,False,True
UDIFF,BhavCopy_NSE_CM_0_0_0_20251001_F_0000.csv.zip,3163,0,0,3163,3159,4,3158,3163,0,False,,,3159,3158,True,False,True,False,True
UDIFF,BhavCopy_NSE_CM_0_0_0_20251003_F_0000.csv.zip,3190,0,0,3190,3188,2,3187,3190,0,False,,,3188,3187,True,False,True,False,True
UDIFF,BhavCopy_NSE_CM_0_0_0_20251006_F_0000.csv.zip,3223,0,0,3223,3218,5,3213,3223,0,False,,,3218,3213,True,False,True,False,True
UDIFF,BhavCopy_NSE_CM_0_0_0_20251007_F_0000.csv.zip,3209,0,0,3209,3187,22,3185,3209,0,False,,,3187,3185,True,False,True,False,True
UDIFF,BhavCopy_NSE_CM_0_0_0_20251008_F_0000.csv.zip,3218,0,0,3218,3210,8,3206,3218,0,False,,,3210,3206,True,False,True,False,True
UDIFF,BhavCopy_NSE_CM_0_0_0_20251009_F_0000.csv.zip,3205,0,0,3205,3192,13,3191,3205,0,False,,,3192,3191,True,False,True,False,True
UDIFF,BhavCopy_NSE_CM_0_0_0_20251010_F_0000.csv.zip,3181,0,0,3181,3175,6,3170,3181,0,False,,,3175,3170,True,False,True,False,True
UDIFF,BhavCopy_NSE_CM_0_0_0_20251013_F_0000.csv.zip,3218,0,0,3218,3205,13,3203,3218,0,False,,,3205,3203,True,False,True,False,True
UDIFF,BhavCopy_NSE_CM_0_0_0_20251014_F_0000.csv.zip,3215,0,0,3215,3199,16,3197,3215,0,False,,,3199,3197,True,False,True,False,True
UDIFF,BhavCopy_NSE_CM_0_0_0_20251015_F_0000.csv.zip,3198,0,0,3198,3190,8,3185,3198,0,False,,,3190,3185,True,False,True,False,True
UDIFF,BhavCopy_NSE_CM_0_0_0_20251016_F_0000.csv.zip,3215,0,0,3215,3189,26,3184,3215,0,False,,,3189,3184,True,False,True,False,True
UDIFF,BhavCopy_NSE_CM_0_0_0_20251017_F_0000.csv.zip,3168,0,0,3168,3167,1,3165,3168,0,False,,,3167,3165,True,False,True,False,True
UDIFF,BhavCopy_NSE_CM_0_0_0_20251021_F_0000.csv.zip,3039,0,0,3039,3039,0,3038,3039,0,False,,,3039,3038,True,True,True,False,False
UDIFF,BhavCopy_NSE_CM_0_0_0_20251023_F_0000.csv.zip,3219,0,0,3219,3211,8,3209,3219,0,False,,,3211,3209,True,False,True,False,True
UDIFF,BhavCopy_NSE_CM_0_0_0_20251024_F_0000.csv.zip,3188,0,0,3188,3180,8,3175,3188,0,False,,,3180,3175,True,False,True,False,True
UDIFF,BhavCopy_NSE_CM_0_0_0_20251027_F_0000.csv.zip,3250,0,0,3250,3241,9,3240,3250,0,False,,,3241,3240,True,False,True,False,True
UDIFF,BhavCopy_NSE_CM_0_0_0_20251028_F_0000.csv.zip,3240,0,0,3240,3233,7,3231,3240,0,False,,,3233,3231,True,False,True,False,True
UDIFF,BhavCopy_NSE_CM_0_0_0_20251029_F_0000.csv.zip,3205,0,0,3205,3200,5,3197,3205,0,False,,,3200,3197,True,False,True,False,True
UDIFF,BhavCopy_NSE_CM_0_0_0_20251030_F_0000.csv.zip,3180,0,0,3180,3169,11,3167,3180,0,False,,,3169,3167,True,False,True,False,True
UDIFF,BhavCopy_NSE_CM_0_0_0_20251031_F_0000.csv.zip,3189,0,0,3189,3185,4,3184,3189,0,False,,,3185,3184,True,False,True,False,True
UDIFF,BhavCopy_NSE_CM_0_0_0_20251103_F_0000.csv.zip,3216,0,0,3216,3215,1,3213,3216,0,False,,,3215,3213,True,False,True,False,True
UDIFF,BhavCopy_NSE_CM_0_0_0_20251104_F_0000.csv.zip,3183,0,0,3183,3180,3,3175,3183,0,False,,,3180,3175,True,False,True,False,True
UDIFF,BhavCopy_NSE_CM_0_0_0_20251106_F_0000.csv.zip,3199,0,0,3199,3198,1,3194,3199,0,False,,,3198,3194,True,False,True,False,True
UDIFF,BhavCopy_NSE_CM_0_0_0_20251107_F_0000.csv.zip,3214,0,0,3214,3212,2,3207,3214,0,False,,,3212,3207,True,False,True,False,True
UDIFF,BhavCopy_NSE_CM_0_0_0_20251110_F_0000.csv.zip,3239,0,0,3239,3235,4,3233,3239,0,False,,,3235,3233,True,False,True,False,True
UDIFF,BhavCopy_NSE_CM_0_0_0_20251111_F_0000.csv.zip,3208,0,0,3208,3207,1,3203,3208,0,False,,,3207,3203,True,False,True,False,True
UDIFF,BhavCopy_NSE_CM_0_0_0_20251112_F_0000.csv.zip,3202,0,0,3202,3199,3,3194,3202,0,False,,,3199,3194,True,False,True,False,True
UDIFF,BhavCopy_NSE_CM_0_0_0_20251113_F_0000.csv.zip,3192,0,0,3192,3186,6,3185,3192,0,False,,,3186,3185,True,False,True,False,True
UDIFF,BhavCopy_NSE_CM_0_0_0_20251114_F_0000.csv.zip,3196,0,0,3196,3192,4,3191,3196,0,False,,,3192,3191,True,False,True,False,True
UDIFF,BhavCopy_NSE_CM_0_0_0_20251117_F_0000.csv.zip,3258,0,0,3258,3256,2,3255,3258,0,False,,,3256,3255,True,False,True,False,True
UDIFF,BhavCopy_NSE_CM_0_0_0_20251118_F_0000.csv.zip,3236,0,0,3236,3216,20,3214,3236,0,False,,,3216,3214,True,False,True,False,True
UDIFF,BhavCopy_NSE_CM_0_0_0_20251119_F_0000.csv.zip,3221,0,0,3221,3214,7,3213,3221,0,False,,,3214,3213,True,False,True,False,True
UDIFF,BhavCopy_NSE_CM_0_0_0_20251120_F_0000.csv.zip,3207,0,0,3207,3202,5,3201,3207,0,False,,,3202,3201,True,False,True,False,True
UDIFF,BhavCopy_NSE_CM_0_0_0_20251121_F_0000.csv.zip,3182,0,0,3182,3179,3,3176,3182,0,False,,,3179,3176,True,False,True,False,True
UDIFF,BhavCopy_NSE_CM_0_0_0_20251124_F_0000.csv.zip,3220,0,0,3220,3220,0,3219,3220,0,False,,,3220,3219,True,True,True,False,False
UDIFF,BhavCopy_NSE_CM_0_0_0_20251125_F_0000.csv.zip,3220,0,0,3220,3219,1,3217,3220,0,False,,,3219,3217,True,False,True,False,True
UDIFF,BhavCopy_NSE_CM_0_0_0_20251126_F_0000.csv.zip,3200,0,0,3200,3199,1,3195,3200,0,False,,,3199,3195,True,False,True,False,True
UDIFF,BhavCopy_NSE_CM_0_0_0_20251127_F_0000.csv.zip,3202,0,0,3202,3201,1,3198,3202,0,False,,,3201,3198,True,False,True,False,True
UDIFF,BhavCopy_NSE_CM_0_0_0_20251128_F_0000.csv.zip,3193,0,0,3193,3193,0,3191,3193,0,False,,,3193,3191,True,True,True,False,False
UDIFF,BhavCopy_NSE_CM_0_0_0_20251201_F_0000.csv.zip,3228,0,0,3228,3227,1,3224,3228,0,False,,,3227,3224,True,False,True,False,True
UDIFF,BhavCopy_NSE_CM_0_0_0_20251202_F_0000.csv.zip,3211,0,0,3211,3211,0,3209,3211,0,False,,,3211,3209,True,True,True,False,False
UDIFF,BhavCopy_NSE_CM_0_0_0_20251203_F_0000.csv.zip,3227,0,0,3227,3221,6,3219,3227,0,False,,,3221,3219,True,False,True,False,True
UDIFF,BhavCopy_NSE_CM_0_0_0_20251204_F_0000.csv.zip,3224,0,0,3224,3222,2,3220,3224,0,False,,,3222,3220,True,False,True,False,True
UDIFF,BhavCopy_NSE_CM_0_0_0_20251205_F_0000.csv.zip,3203,0,0,3203,3199,4,3198,3203,0,False,,,3199,3198,True,False,True,False,True
UDIFF,BhavCopy_NSE_CM_0_0_0_20251208_F_0000.csv.zip,3256,0,0,3256,3256,0,3251,3256,0,False,,,3256,3251,True,True,True,False,False
UDIFF,BhavCopy_NSE_CM_0_0_0_20251209_F_0000.csv.zip,3217,0,0,3217,3217,0,3214,3217,0,False,,,3217,3214,True,True,True,False,False
UDIFF,BhavCopy_NSE_CM_0_0_0_20251210_F_0000.csv.zip,3214,0,0,3214,3209,5,3207,3214,0,False,,,3209,3207,True,False,True,False,True
UDIFF,BhavCopy_NSE_CM_0_0_0_20251211_F_0000.csv.zip,3214,0,0,3214,3212,2,3211,3214,0,False,,,3212,3211,True,False,True,False,True
UDIFF,BhavCopy_NSE_CM_0_0_0_20251212_F_0000.csv.zip,3201,0,0,3201,3200,1,3198,3201,0,False,,,3200,3198,True,False,True,False,True
UDIFF,BhavCopy_NSE_CM_0_0_0_20251215_F_0000.csv.zip,3242,0,0,3242,3242,0,3237,3242,0,False,,,3242,3237,True,True,True,False,False
UDIFF,BhavCopy_NSE_CM_0_0_0_20251216_F_0000.csv.zip,3217,0,0,3217,3215,2,3212,3217,0,False,,,3215,3212,True,False,True,False,True
UDIFF,BhavCopy_NSE_CM_0_0_0_20251217_F_0000.csv.zip,3231,0,0,3231,3231,0,3228,3231,0,False,,,3231,3228,True,True,True,False,False
UDIFF,BhavCopy_NSE_CM_0_0_0_20251218_F_0000.csv.zip,3215,0,0,3215,3215,0,3210,3215,0,False,,,3215,3210,True,True,True,False,False
UDIFF,BhavCopy_NSE_CM_0_0_0_20251219_F_0000.csv.zip,3220,0,0,3220,3220,0,3216,3220,0,False,,,3220,3216,True,True,True,False,False
UDIFF,BhavCopy_NSE_CM_0_0_0_20251222_F_0000.csv.zip,3289,0,0,3289,3287,2,3282,3289,0,False,,,3287,3282,True,False,True,False,True
UDIFF,BhavCopy_NSE_CM_0_0_0_20251223_F_0000.csv.zip,3269,0,0,3269,3265,4,3261,3269,0,False,,,3265,3261,True,False,True,False,True
UDIFF,BhavCopy_NSE_CM_0_0_0_20251224_F_0000.csv.zip,3253,0,0,3253,3251,2,3247,3253,0,False,,,3251,3247,True,False,True,False,True
UDIFF,BhavCopy_NSE_CM_0_0_0_20251226_F_0000.csv.zip,3254,0,0,3254,3252,2,3247,3254,0,False,,,3252,3247,True,False,True,False,True
UDIFF,BhavCopy_NSE_CM_0_0_0_20251229_F_0000.csv.zip,3299,0,0,3299,3296,3,3291,3299,0,False,,,3296,3291,True,False,True,False,True
UDIFF,BhavCopy_NSE_CM_0_0_0_20251230_F_0000.csv.zip,3247,0,0,3247,3247,0,3244,3247,0,False,,,3247,3244,True,True,True,False,False
UDIFF,BhavCopy_NSE_CM_0_0_0_20251231_F_0000.csv.zip,3256,0,0,3256,3256,0,3253,3256,0,False,,,3256,3253,True,True,True,False,False
UDIFF,BhavCopy_NSE_CM_0_0_0_20260101_F_0000.csv.zip,3227,0,0,3227,3227,0,3226,3227,0,False,,,3227,3226,True,True,True,False,False
UDIFF,BhavCopy_NSE_CM_0_0_0_20260102_F_0000.csv.zip,3252,0,0,3252,3252,0,3251,3252,0,False,,,3252,3251,True,True,True,False,False
UDIFF,BhavCopy_NSE_CM_0_0_0_20260105_F_0000.csv.zip,3262,0,0,3262,3261,1,3259,3262,0,False,,,3261,3259,True,False,True,False,True
UDIFF,BhavCopy_NSE_CM_0_0_0_20260106_F_0000.csv.zip,3239,0,0,3239,3239,0,3235,3239,0,False,,,3239,3235,True,True,True,False,False
UDIFF,BhavCopy_NSE_CM_0_0_0_20260107_F_0000.csv.zip,3250,0,0,3250,3250,0,3246,3250,0,False,,,3250,3246,True,True,True,False,False
UDIFF,BhavCopy_NSE_CM_0_0_0_20260108_F_0000.csv.zip,3249,0,0,3249,3249,0,3246,3249,0,False,,,3249,3246,True,True,True,False,False
UDIFF,BhavCopy_NSE_CM_0_0_0_20260109_F_0000.csv.zip,3244,0,0,3244,3243,1,3239,3244,0,False,,,3243,3239,True,False,True,False,True
UDIFF,BhavCopy_NSE_CM_0_0_0_20260112_F_0000.csv.zip,3240,0,0,3240,3239,1,3238,3240,0,False,,,3239,3238,True,False,True,False,True
UDIFF,BhavCopy_NSE_CM_0_0_0_20260113_F_0000.csv.zip,3249,0,0,3249,3249,0,3246,3249,0,False,,,3249,3246,True,True,True,False,False
UDIFF,BhavCopy_NSE_CM_0_0_0_20260114_F_0000.csv.zip,3244,0,0,3244,3244,0,3241,3244,0,False,,,3244,3241,True,True,True,False,False
UDIFF,BhavCopy_NSE_CM_0_0_0_20260116_F_0000.csv.zip,3276,0,0,3276,3273,3,3270,3276,0,False,,,3273,3270,True,False,True,False,True
UDIFF,BhavCopy_NSE_CM_0_0_0_20260119_F_0000.csv.zip,3297,0,0,3297,3297,0,3295,3297,0,False,,,3297,3295,True,True,True,False,False
UDIFF,BhavCopy_NSE_CM_0_0_0_20260120_F_0000.csv.zip,3310,0,0,3310,3309,1,3307,3310,0,False,,,3309,3307,True,False,True,False,True
UDIFF,BhavCopy_NSE_CM_0_0_0_20260121_F_0000.csv.zip,3303,0,0,3303,3303,0,3301,3303,0,False,,,3303,3301,True,True,True,False,False
UDIFF,BhavCopy_NSE_CM_0_0_0_20260122_F_0000.csv.zip,3270,0,0,3270,3270,0,3265,3270,0,False,,,3270,3265,True,True,True,False,False
UDIFF,BhavCopy_NSE_CM_0_0_0_20260123_F_0000.csv.zip,3261,0,0,3261,3260,1,3257,3261,0,False,,,3260,3257,True,False,True,False,True
UDIFF,BhavCopy_NSE_CM_0_0_0_20260127_F_0000.csv.zip,3318,0,0,3318,3317,1,3314,3318,0,False,,,3317,3314,True,False,True,False,True
UDIFF,BhavCopy_NSE_CM_0_0_0_20260128_F_0000.csv.zip,3287,0,0,3287,3286,1,3284,3287,0,False,,,3286,3284,True,False,True,False,True
UDIFF,BhavCopy_NSE_CM_0_0_0_20260129_F_0000.csv.zip,3308,0,0,3308,3308,0,3303,3308,0,False,,,3308,3303,True,True,True,False,False
UDIFF,BhavCopy_NSE_CM_0_0_0_20260130_F_0000.csv.zip,3262,0,0,3262,3262,0,3261,3262,0,False,,,3262,3261,True,True,True,False,False
UDIFF,BhavCopy_NSE_CM_0_0_0_20260202_F_0000.csv.zip,3289,0,0,3289,3289,0,3286,3289,0,False,,,3289,3286,True,True,True,False,False
UDIFF,BhavCopy_NSE_CM_0_0_0_20260203_F_0000.csv.zip,3320,0,0,3320,3320,0,3317,3320,0,False,,,3320,3317,True,True,True,False,False
UDIFF,BhavCopy_NSE_CM_0_0_0_20260204_F_0000.csv.zip,3299,0,0,3299,3298,1,3294,3299,0,False,,,3298,3294,True,False,True,False,True
UDIFF,BhavCopy_NSE_CM_0_0_0_20260205_F_0000.csv.zip,3247,0,0,3247,3246,1,3245,3247,0,False,,,3246,3245,True,False,True,False,True
UDIFF,BhavCopy_NSE_CM_0_0_0_20260206_F_0000.csv.zip,3245,0,0,3245,3245,0,3243,3245,0,False,,,3245,3243,True,True,True,False,False
UDIFF,BhavCopy_NSE_CM_0_0_0_20260209_F_0000.csv.zip,3309,0,0,3309,3309,0,3307,3309,0,False,,,3309,3307,True,True,True,False,False
UDIFF,BhavCopy_NSE_CM_0_0_0_20260210_F_0000.csv.zip,3272,0,0,3272,3272,0,3268,3272,0,False,,,3272,3268,True,True,True,False,False
UDIFF,BhavCopy_NSE_CM_0_0_0_20260211_F_0000.csv.zip,3255,0,0,3255,3249,6,3247,3255,0,False,,,3249,3247,True,False,True,False,True
UDIFF,BhavCopy_NSE_CM_0_0_0_20260212_F_0000.csv.zip,3266,0,0,3266,3264,2,3262,3266,0,False,,,3264,3262,True,False,True,False,True
UDIFF,BhavCopy_NSE_CM_0_0_0_20260213_F_0000.csv.zip,3250,0,0,3250,3250,0,3250,3250,0,False,,,3250,3250,True,True,True,True,False
UDIFF,BhavCopy_NSE_CM_0_0_0_20260216_F_0000.csv.zip,3270,0,0,3270,3270,0,3269,3270,0,False,,,3270,3269,True,True,True,False,False
UDIFF,BhavCopy_NSE_CM_0_0_0_20260217_F_0000.csv.zip,3255,0,0,3255,3254,1,3252,3255,0,False,,,3254,3252,True,False,True,False,True
UDIFF,BhavCopy_NSE_CM_0_0_0_20260218_F_0000.csv.zip,3285,0,0,3285,3284,1,3283,3285,0,False,,,3284,3283,True,False,True,False,True
UDIFF,BhavCopy_NSE_CM_0_0_0_20260219_F_0000.csv.zip,3254,0,0,3254,3254,0,3251,3254,0,False,,,3254,3251,True,True,True,False,False
UDIFF,BhavCopy_NSE_CM_0_0_0_20260220_F_0000.csv.zip,3255,0,0,3255,3255,0,3252,3255,0,False,,,3255,3252,True,True,True,False,False
UDIFF,BhavCopy_NSE_CM_0_0_0_20260223_F_0000.csv.zip,3288,0,0,3288,3284,4,3280,3288,0,False,,,3284,3280,True,False,True,False,True
UDIFF,BhavCopy_NSE_CM_0_0_0_20260224_F_0000.csv.zip,3279,0,0,3279,3278,1,3276,3279,0,False,,,3278,3276,True,False,True,False,True
UDIFF,BhavCopy_NSE_CM_0_0_0_20260225_F_0000.csv.zip,3291,0,0,3291,3291,0,3289,3291,0,False,,,3291,3289,True,True,True,False,False
UDIFF,BhavCopy_NSE_CM_0_0_0_20260226_F_0000.csv.zip,3265,0,0,3265,3265,0,3261,3265,0,False,,,3265,3261,True,True,True,False,False
UDIFF,BhavCopy_NSE_CM_0_0_0_20260227_F_0000.csv.zip,3243,0,0,3243,3243,0,3242,3243,0,False,,,3243,3242,True,True,True,False,False
UDIFF,BhavCopy_NSE_CM_0_0_0_20260302_F_0000.csv.zip,3304,0,0,3304,3304,0,3300,3304,0,False,,,3304,3300,True,True,True,False,False
UDIFF,BhavCopy_NSE_CM_0_0_0_20260304_F_0000.csv.zip,3346,0,0,3346,3346,0,3342,3346,0,False,,,3346,3342,True,True,True,False,False
UDIFF,BhavCopy_NSE_CM_0_0_0_20260305_F_0000.csv.zip,3341,0,0,3341,3337,4,3333,3341,0,False,,,3337,3333,True,False,True,False,True
UDIFF,BhavCopy_NSE_CM_0_0_0_20260306_F_0000.csv.zip,3303,0,0,3303,3301,2,3297,3303,0,False,,,3301,3297,True,False,True,False,True
UDIFF,BhavCopy_NSE_CM_0_0_0_20260309_F_0000.csv.zip,3379,0,0,3379,3379,0,3378,3379,0,False,,,3379,3378,True,True,True,False,False
UDIFF,BhavCopy_NSE_CM_0_0_0_20260310_F_0000.csv.zip,3312,0,0,3312,3310,2,3307,3312,0,False,,,3310,3307,True,False,True,False,True
UDIFF,BhavCopy_NSE_CM_0_0_0_20260311_F_0000.csv.zip,3306,0,0,3306,3306,0,3302,3306,0,False,,,3306,3302,True,True,True,False,False
UDIFF,BhavCopy_NSE_CM_0_0_0_20260312_F_0000.csv.zip,3313,0,0,3313,3311,2,3307,3313,0,False,,,3311,3307,True,False,True,False,True
UDIFF,BhavCopy_NSE_CM_0_0_0_20260313_F_0000.csv.zip,3325,0,0,3325,3325,0,3324,3325,0,False,,,3325,3324,True,True,True,False,False
UDIFF,BhavCopy_NSE_CM_0_0_0_20260316_F_0000.csv.zip,3378,0,0,3378,3378,0,3375,3378,0,False,,,3378,3375,True,True,True,False,False
UDIFF,BhavCopy_NSE_CM_0_0_0_20260317_F_0000.csv.zip,3331,0,0,3331,3330,1,3329,3331,0,False,,,3330,3329,True,False,True,False,True
UDIFF,BhavCopy_NSE_CM_0_0_0_20260318_F_0000.csv.zip,3340,0,0,3340,3334,6,3332,3340,0,False,,,3334,3332,True,False,True,False,True
UDIFF,BhavCopy_NSE_CM_0_0_0_20260319_F_0000.csv.zip,3312,0,0,3312,3311,1,3310,3312,0,False,,,3311,3310,True,False,True,False,True
UDIFF,BhavCopy_NSE_CM_0_0_0_20260320_F_0000.csv.zip,3328,0,0,3328,3328,0,3326,3328,0,False,,,3328,3326,True,True,True,False,False
UDIFF,BhavCopy_NSE_CM_0_0_0_20260323_F_0000.csv.zip,3427,0,0,3427,3425,2,3423,3427,0,False,,,3425,3423,True,False,True,False,True
UDIFF,BhavCopy_NSE_CM_0_0_0_20260324_F_0000.csv.zip,3374,0,0,3374,3372,2,3369,3374,0,False,,,3372,3369,True,False,True,False,True
UDIFF,BhavCopy_NSE_CM_0_0_0_20260325_F_0000.csv.zip,3373,0,0,3373,3372,1,3370,3373,0,False,,,3372,3370,True,False,True,False,True
UDIFF,BhavCopy_NSE_CM_0_0_0_20260327_F_0000.csv.zip,3393,0,0,3393,3392,1,3388,3393,0,False,,,3392,3388,True,False,True,False,True
UDIFF,BhavCopy_NSE_CM_0_0_0_20260330_F_0000.csv.zip,3418,0,0,3418,3414,4,3411,3418,0,False,,,3414,3411,True,False,True,False,True
UDIFF,BhavCopy_NSE_CM_0_0_0_20260401_F_0000.csv.zip,3326,0,0,3326,3326,0,3325,3326,0,False,,,3326,3325,True,True,True,False,False
UDIFF,BhavCopy_NSE_CM_0_0_0_20260402_F_0000.csv.zip,3313,0,0,3313,3312,1,3310,3313,0,False,,,3312,3310,True,False,True,False,True
UDIFF,BhavCopy_NSE_CM_0_0_0_20260406_F_0000.csv.zip,3350,0,0,3350,3350,0,3348,3350,0,False,,,3350,3348,True,True,True,False,False
UDIFF,BhavCopy_NSE_CM_0_0_0_20260407_F_0000.csv.zip,3317,0,0,3317,3317,0,3315,3317,0,False,,,3317,3315,True,True,True,False,False
UDIFF,BhavCopy_NSE_CM_0_0_0_20260408_F_0000.csv.zip,3376,0,0,3376,3373,3,3372,3376,0,False,,,3373,3372,True,False,True,False,True
UDIFF,BhavCopy_NSE_CM_0_0_0_20260409_F_0000.csv.zip,3326,0,0,3326,3325,1,3323,3326,0,False,,,3325,3323,True,False,True,False,True
UDIFF,BhavCopy_NSE_CM_0_0_0_20260410_F_0000.csv.zip,3349,0,0,3349,3349,0,3347,3349,0,False,,,3349,3347,True,True,True,False,False
UDIFF,BhavCopy_NSE_CM_0_0_0_20260413_F_0000.csv.zip,3329,0,0,3329,3329,0,3327,3329,0,False,,,3329,3327,True,True,True,False,False
UDIFF,BhavCopy_NSE_CM_0_0_0_20260415_F_0000.csv.zip,3367,0,0,3367,3365,2,3361,3367,0,False,,,3365,3361,True,False,True,False,True
UDIFF,BhavCopy_NSE_CM_0_0_0_20260416_F_0000.csv.zip,3330,0,0,3330,3329,1,3326,3330,0,False,,,3329,3326,True,False,True,False,True
UDIFF,BhavCopy_NSE_CM_0_0_0_20260417_F_0000.csv.zip,3356,0,0,3356,3356,0,3354,3356,0,False,,,3356,3354,True,True,True,False,False
UDIFF,BhavCopy_NSE_CM_0_0_0_20260420_F_0000.csv.zip,3430,0,0,3430,3430,0,3428,3430,0,False,,,3430,3428,True,True,True,False,False
UDIFF,BhavCopy_NSE_CM_0_0_0_20260421_F_0000.csv.zip,3440,0,0,3440,3440,0,3438,3440,0,False,,,3440,3438,True,True,True,False,False
UDIFF,BhavCopy_NSE_CM_0_0_0_20260422_F_0000.csv.zip,3402,0,0,3402,3402,0,3401,3402,0,False,,,3402,3401,True,True,True,False,False
UDIFF,BhavCopy_NSE_CM_0_0_0_20260423_F_0000.csv.zip,3400,0,0,3400,3399,1,3395,3400,0,False,,,3399,3395,True,False,True,False,True
UDIFF,BhavCopy_NSE_CM_0_0_0_20260424_F_0000.csv.zip,3403,0,0,3403,3402,1,3401,3403,0,False,,,3402,3401,True,False,True,False,True
UDIFF,BhavCopy_NSE_CM_0_0_0_20260427_F_0000.csv.zip,3451,0,0,3451,3451,0,3448,3451,0,False,,,3451,3448,True,True,True,False,False
UDIFF,BhavCopy_NSE_CM_0_0_0_20260428_F_0000.csv.zip,3383,0,0,3383,3383,0,3382,3383,0,False,,,3383,3382,True,True,True,False,False
UDIFF,BhavCopy_NSE_CM_0_0_0_20260429_F_0000.csv.zip,3399,0,0,3399,3398,1,3396,3399,0,False,,,3398,3396,True,False,True,False,True
UDIFF,BhavCopy_NSE_CM_0_0_0_20260430_F_0000.csv.zip,3374,0,0,3374,3374,0,3373,3374,0,False,,,3374,3373,True,True,True,False,False
UDIFF,BhavCopy_NSE_CM_0_0_0_20260504_F_0000.csv.zip,3435,0,0,3435,3435,0,3435,3435,0,False,,,3435,3435,True,True,True,True,False
UDIFF,BhavCopy_NSE_CM_0_0_0_20260505_F_0000.csv.zip,3397,0,0,3397,3397,0,3393,3397,0,False,,,3397,3393,True,True,True,False,False
UDIFF,BhavCopy_NSE_CM_0_0_0_20260506_F_0000.csv.zip,3379,0,0,3379,3379,0,3377,3379,0,False,,,3379,3377,True,True,True,False,False
UDIFF,BhavCopy_NSE_CM_0_0_0_20260507_F_0000.csv.zip,3397,0,0,3397,3396,1,3395,3397,0,False,,,3396,3395,True,False,True,False,True
UDIFF,BhavCopy_NSE_CM_0_0_0_20260508_F_0000.csv.zip,3393,0,0,3393,3390,3,3388,3393,0,False,,,3390,3388,True,False,True,False,True
UDIFF,BhavCopy_NSE_CM_0_0_0_20260511_F_0000.csv.zip,3427,0,0,3427,3426,1,3425,3427,0,False,,,3426,3425,True,False,True,False,True
UDIFF,BhavCopy_NSE_CM_0_0_0_20260512_F_0000.csv.zip,3391,0,0,3391,3389,2,3386,3391,0,False,,,3389,3386,True,False,True,False,True
UDIFF,BhavCopy_NSE_CM_0_0_0_20260513_F_0000.csv.zip,3381,0,0,3381,3381,0,3380,3381,0,False,,,3381,3380,True,True,True,False,False
UDIFF,BhavCopy_NSE_CM_0_0_0_20260514_F_0000.csv.zip,3378,0,0,3378,3375,3,3374,3378,0,False,,,3375,3374,True,False,True,False,True
UDIFF,BhavCopy_NSE_CM_0_0_0_20260515_F_0000.csv.zip,3370,0,0,3370,3370,0,3367,3370,0,False,,,3370,3367,True,True,True,False,False
UDIFF,BhavCopy_NSE_CM_0_0_0_20260518_F_0000.csv.zip,3417,0,0,3417,3416,1,3415,3417,0,False,,,3416,3415,True,False,True,False,True
UDIFF,BhavCopy_NSE_CM_0_0_0_20260519_F_0000.csv.zip,3359,0,0,3359,3359,0,3357,3359,0,False,,,3359,3357,True,True,True,False,False
UDIFF,BhavCopy_NSE_CM_0_0_0_20260520_F_0000.csv.zip,3374,0,0,3374,3374,0,3373,3374,0,False,,,3374,3373,True,True,True,False,False
UDIFF,BhavCopy_NSE_CM_0_0_0_20260521_F_0000.csv.zip,3385,0,0,3385,3385,0,3384,3385,0,False,,,3385,3384,True,True,True,False,False
UDIFF,BhavCopy_NSE_CM_0_0_0_20260522_F_0000.csv.zip,3374,0,0,3374,3371,3,3371,3374,0,False,,,3371,3371,True,False,True,False,True
UDIFF,BhavCopy_NSE_CM_0_0_0_20260525_F_0000.csv.zip,3426,0,0,3426,3424,2,3422,3426,0,False,,,3424,3422,True,False,True,False,True
UDIFF,BhavCopy_NSE_CM_0_0_0_20260526_F_0000.csv.zip,3429,0,0,3429,3429,0,3429,3429,0,False,,,3429,3429,True,True,True,True,False
UDIFF,BhavCopy_NSE_CM_0_0_0_20260527_F_0000.csv.zip,3425,0,0,3425,3424,1,3424,3425,0,False,,,3424,3424,True,False,True,False,True
UDIFF,BhavCopy_NSE_CM_0_0_0_20260529_F_0000.csv.zip,3426,0,0,3426,3425,1,3424,3426,0,False,,,3425,3424,True,False,True,False,True
UDIFF,BhavCopy_NSE_CM_0_0_0_20260601_F_0000.csv.zip,3459,0,0,3459,3457,2,3455,3459,0,False,,,3457,3455,True,False,True,False,True
UDIFF,BhavCopy_NSE_CM_0_0_0_20260602_F_0000.csv.zip,3433,0,0,3433,3431,2,3429,3433,0,False,,,3431,3429,True,False,True,False,True
UDIFF,BhavCopy_NSE_CM_0_0_0_20260603_F_0000.csv.zip,3408,0,0,3408,3406,2,3406,3408,0,False,,,3406,3406,True,False,True,False,True
UDIFF,BhavCopy_NSE_CM_0_0_0_20260604_F_0000.csv.zip,3400,0,0,3400,3398,2,3396,3400,0,False,,,3398,3396,True,False,True,False,True
UDIFF,BhavCopy_NSE_CM_0_0_0_20260605_F_0000.csv.zip,3417,0,0,3417,3414,3,3412,3417,0,False,,,3414,3412,True,False,True,False,True
UDIFF,BhavCopy_NSE_CM_0_0_0_20260608_F_0000.csv.zip,3414,0,0,3414,3413,1,3411,3414,0,False,,,3413,3411,True,False,True,False,True
UDIFF,BhavCopy_NSE_CM_0_0_0_20260609_F_0000.csv.zip,3402,0,0,3402,3398,4,3396,3402,0,False,,,3398,3396,True,False,True,False,True
UDIFF,BhavCopy_NSE_CM_0_0_0_20260610_F_0000.csv.zip,3380,0,0,3380,3380,0,3380,3380,0,False,,,3380,3380,True,True,True,True,False
UDIFF,BhavCopy_NSE_CM_0_0_0_20260611_F_0000.csv.zip,3368,0,0,3368,3366,2,3366,3368,0,False,,,3366,3366,True,False,True,False,True
UDIFF,BhavCopy_NSE_CM_0_0_0_20260612_F_0000.csv.zip,3396,0,0,3396,3396,0,3395,3396,0,False,,,3396,3395,True,True,True,False,False
UDIFF,BhavCopy_NSE_CM_0_0_0_20260615_F_0000.csv.zip,3455,0,0,3455,3455,0,3453,3455,0,False,,,3455,3453,True,True,True,False,False
UDIFF,BhavCopy_NSE_CM_0_0_0_20260616_F_0000.csv.zip,3420,0,0,3420,3420,0,3420,3420,0,False,,,3420,3420,True,True,True,True,False
UDIFF,BhavCopy_NSE_CM_0_0_0_20260617_F_0000.csv.zip,3434,0,0,3434,3433,1,3431,3434,0,False,,,3433,3431,True,False,True,False,True
UDIFF,BhavCopy_NSE_CM_0_0_0_20260618_F_0000.csv.zip,3388,0,0,3388,3387,1,3385,3388,0,False,,,3387,3385,True,False,True,False,True
UDIFF,BhavCopy_NSE_CM_0_0_0_20260619_F_0000.csv.zip,3403,0,0,3403,3403,0,3403,3403,0,False,,,3403,3403,True,True,True,True,False
UDIFF,BhavCopy_NSE_CM_0_0_0_20260622_F_0000.csv.zip,3457,0,0,3457,3457,0,3456,3457,0,False,,,3457,3456,True,True,True,False,False
UDIFF,BhavCopy_NSE_CM_0_0_0_20260623_F_0000.csv.zip,3404,0,0,3404,3402,2,3401,3404,0,False,,,3402,3401,True,False,True,False,True
UDIFF,BhavCopy_NSE_CM_0_0_0_20260624_F_0000.csv.zip,3417,0,0,3417,3400,17,3399,3417,0,False,,,3400,3399,True,False,True,False,True
UDIFF,BhavCopy_NSE_CM_0_0_0_20260625_F_0000.csv.zip,3428,0,0,3428,3425,3,3425,3428,0,False,,,3425,3425,True,False,True,False,True
UDIFF,BhavCopy_NSE_CM_0_0_0_20260629_F_0000.csv.zip,3479,0,0,3479,3477,2,3474,3479,0,False,,,3477,3474,True,False,True,False,True
UDIFF,BhavCopy_NSE_CM_0_0_0_20260630_F_0000.csv.zip,3419,0,0,3419,3418,1,3416,3419,0,False,,,3418,3416,True,False,True,False,True
UDIFF,BhavCopy_NSE_CM_0_0_0_20260701_F_0000.csv.zip,3430,0,0,3430,3430,0,3430,3430,0,False,,,3430,3430,True,True,True,True,False
UDIFF,BhavCopy_NSE_CM_0_0_0_20260702_F_0000.csv.zip,3463,0,0,3463,3463,0,3461,3463,0,False,,,3463,3461,True,True,True,False,False
UDIFF,BhavCopy_NSE_CM_0_0_0_20260703_F_0000.csv.zip,3447,0,0,3447,3447,0,3447,3447,0,False,,,3447,3447,True,True,True,True,False
UDIFF,BhavCopy_NSE_CM_0_0_0_20260706_F_0000.csv.zip,3469,0,0,3469,3469,0,3468,3469,0,False,,,3469,3468,True,True,True,False,False
UDIFF,BhavCopy_NSE_CM_0_0_0_20260707_F_0000.csv.zip,3394,0,0,3394,3393,1,3393,3394,0,False,,,3393,3393,True,False,True,False,True
UDIFF,BhavCopy_NSE_CM_0_0_0_20260708_F_0000.csv.zip,3422,0,0,3422,3421,1,3421,3422,0,False,,,3421,3421,True,False,True,False,True
UDIFF,BhavCopy_NSE_CM_0_0_0_20260709_F_0000.csv.zip,3421,0,0,3421,3421,0,3419,3421,0,False,,,3421,3419,True,True,True,False,False
UDIFF,BhavCopy_NSE_CM_0_0_0_20260710_F_0000.csv.zip,3417,0,0,3417,3417,0,3416,3417,0,False,,,3417,3416,True,True,True,False,False
UDIFF,BhavCopy_NSE_CM_0_0_0_20260713_F_0000.csv.zip,3451,0,0,3451,3450,1,3448,3451,0,False,,,3450,3448,True,False,True,False,True
UDIFF,BhavCopy_NSE_CM_0_0_0_20260714_F_0000.csv.zip,3418,0,0,3418,3417,1,3417,3418,0,False,,,3417,3417,True,False,True,False,True
UDIFF,BhavCopy_NSE_CM_0_0_0_20260715_F_0000.csv.zip,3409,0,0,3409,3409,0,3408,3409,0,False,,,3409,3408,True,True,True,False,False
UDIFF,BhavCopy_NSE_CM_0_0_0_20260716_F_0000.csv.zip,3439,0,0,3439,3439,0,3438,3439,0,False,,,3439,3438,True,True,True,False,False
UDIFF,BhavCopy_NSE_CM_0_0_0_20260717_F_0000.csv.zip,3426,0,0,3426,3426,0,3426,3426,0,False,,,3426,3426,True,True,True,True,False
UDIFF,BhavCopy_NSE_CM_0_0_0_20260720_F_0000.csv.zip,3395,0,0,3395,3395,0,3395,3395,0,False,,,3395,3395,True,True,True,True,False
UDIFF,BhavCopy_NSE_CM_0_0_0_20260721_F_0000.csv.zip,3442,0,0,3442,3441,1,3439,3442,0,False,,,3441,3439,True,False,True,False,True
UDIFF,BhavCopy_NSE_CM_0_0_0_20260722_F_0000.csv.zip,3417,0,0,3417,3417,0,3416,3417,0,False,,,3417,3416,True,True,True,False,False
UDIFF,BhavCopy_NSE_CM_0_0_0_20260723_F_0000.csv.zip,3393,0,0,3393,3393,0,3393,3393,0,False,,,3393,3393,True,True,True,True,False
UDIFF,BhavCopy_NSE_CM_0_0_0_20260724_F_0000.csv.zip,3432,0,0,3432,3431,1,3430,3432,0,False,,,3431,3430,True,False,True,False,True
UDIFF,BhavCopy_NSE_CM_0_0_0_20260727_F_0000.csv.zip,3453,0,0,3453,3453,0,3451,3453,0,False,,,3453,3451,True,True,True,False,False
UDIFF,BhavCopy_NSE_CM_0_0_0_20260728_F_0000.csv.zip,3413,0,0,3413,3413,0,3413,3413,0,False,,,3413,3413,True,True,True,True,False
UDIFF,BhavCopy_NSE_CM_0_0_0_20260729_F_0000.csv.zip,3446,0,0,3446,3445,1,3443,3446,0,False,,,3445,3443,True,False,True,False,True
UDIFF,BhavCopy_NSE_CM_0_0_0_20260730_F_0000.csv.zip,3422,0,0,3422,3421,1,3419,3422,0,False,,,3421,3419,True,False,True,False,True
UDIFF,BhavCopy_NSE_CM_0_0_0_20260731_F_0000.csv.zip,3440,0,0,3440,3440,0,3438,3440,0,False,,,3440,3438,True,True,True,False,False
UDIFF,BhavCopy_NSE_CM_0_0_0_20260803_F_0000.csv.zip,3514,0,0,3514,3513,1,3513,3514,0,False,,,3513,3513,True,False,True,False,True
UDIFF,BhavCopy_NSE_CM_0_0_0_20260804_F_0000.csv.zip,3447,0,0,3447,3440,7,3440,3447,0,False,,,3440,3440,True,False,True,False,True
UDIFF,BhavCopy_NSE_CM_0_0_0_20260805_F_0000.csv.zip,3477,0,0,3477,3477,0,3477,3477,0,False,,,3477,3477,True,True,True,True,False
UDIFF,BhavCopy_NSE_CM_0_0_0_20260806_F_0000.csv.zip,3484,0,0,3484,3481,3,3481,3484,0,False,,,3481,3481,True,False,True,False,True
UDIFF,BhavCopy_NSE_CM_0_0_0_20260807_F_0000.csv.zip,3473,0,0,3473,3472,1,3472,3473,0,False,,,3472,3472,True,False,True,False,True
UDIFF,BhavCopy_NSE_CM_0_0_0_20260810_F_0000.csv.zip,3564,0,0,3564,3563,1,3561,3564,0,False,,,3563,3561,True,False,True,False,True
UDIFF,BhavCopy_NSE_CM_0_0_0_20260811_F_0000.csv.zip,3483,0,0,3483,3482,1,3482,3483,0,False,,,3482,3482,True,False,True,False,True
UDIFF,BhavCopy_NSE_CM_0_0_0_20260812_F_0000.csv.zip,3480,0,0,3480,3480,0,3479,3480,0,False,,,3480,3479,True,True,True,False,False
UDIFF,BhavCopy_NSE_CM_0_0_0_20260813_F_0000.csv.zip,3503,0,0,3503,3501,2,3499,3503,0,False,,,3501,3499,True,False,True,False,True
UDIFF,BhavCopy_NSE_CM_0_0_0_20260814_F_0000.csv.zip,3464,0,0,3464,3464,0,3464,3464,0,False,,,3464,3464,True,True,True,True,False
UDIFF,BhavCopy_NSE_CM_0_0_0_20260817_F_0000.csv.zip,3626,0,0,3626,3625,1,3625,3626,0,False,,,3625,3625,True,False,True,False,True
UDIFF,BhavCopy_NSE_CM_0_0_0_20260818_F_0000.csv.zip,3586,0,0,3586,3585,1,3583,3586,0,False,,,3585,3583,True,False,True,False,True
UDIFF,BhavCopy_NSE_CM_0_0_0_20260819_F_0000.csv.zip,3614,0,0,3614,3614,0,3614,3614,0,False,,,3614,3614,True,True,True,True,False
UDIFF,BhavCopy_NSE_CM_0_0_0_20260820_F_0000.csv.zip,3638,0,0,3638,3636,2,3636,3638,0,False,,,3636,3636,True,False,True,False,True
UDIFF,BhavCopy_NSE_CM_0_0_0_20260821_F_0000.csv.zip,3649,0,0,3649,3646,3,3645,3649,0,False,,,3646,3645,True,False,True,False,True
UDIFF,BhavCopy_NSE_CM_0_0_0_20260824_F_0000.csv.zip,3676,0,0,3676,3675,1,3673,3676,0,False,,,3675,3673,True,False,True,False,True
UDIFF,BhavCopy_NSE_CM_0_0_0_20260825_F_0000.csv.zip,3641,0,0,3641,3641,0,3639,3641,0,False,,,3641,3639,True,True,True,False,False
UDIFF,BhavCopy_NSE_CM_0_0_0_20260826_F_0000.csv.zip,3653,0,0,3653,3649,4,3647,3653,0,False,,,3649,3647,True,False,True,False,True
UDIFF,BhavCopy_NSE_CM_0_0_0_20260827_F_0000.csv.zip,3624,0,0,3624,3622,2,3621,3624,0,False,,,3622,3621,True,False,True,False,True
UDIFF,BhavCopy_NSE_CM_0_0_0_20260828_F_0000.csv.zip,3612,0,0,3612,3607,5,3607,3612,0,False,,,3607,3607,True,False,True,False,True
UDIFF,BhavCopy_NSE_CM_0_0_0_20260831_F_0000.csv.zip,3646,0,0,3646,3644,2,3644,3646,0,False,,,3644,3644,True,False,True,False,True
UDIFF,BhavCopy_NSE_CM_0_0_0_20260901_F_0000.csv.zip,3656,0,0,3656,3655,1,3653,3656,0,False,,,3655,3653,True,False,True,False,True
UDIFF,BhavCopy_NSE_CM_0_0_0_20260902_F_0000.csv.zip,3633,0,0,3633,3631,2,3630,3633,0,False,,,3631,3630,True,False,True,False,True
UDIFF,BhavCopy_NSE_CM_0_0_0_20260903_F_0000.csv.zip,3635,0,0,3635,3632,3,3631,3635,0,False,,,3632,3631,True,False,True,False,True
UDIFF,BhavCopy_NSE_CM_0_0_0_20260904_F_0000.csv.zip,3655,0,0,3655,3654,1,3654,3655,0,False,,,3654,3654,True,False,True,False,True
UDIFF,BhavCopy_NSE_CM_0_0_0_20260907_F_0000.csv.zip,3704,0,0,3704,3704,0,3703,3704,0,False,,,3704,3703,True,True,True,False,False
UDIFF,BhavCopy_NSE_CM_0_0_0_20260908_F_0000.csv.zip,3652,0,0,3652,3652,0,3650,3652,0,False,,,3652,3650,True,True,True,False,False
UDIFF,BhavCopy_NSE_CM_0_0_0_20260909_F_0000.csv.zip,3681,0,0,3681,3681,0,3679,3681,0,False,,,3681,3679,True,True,True,False,False
UDIFF,BhavCopy_NSE_CM_0_0_0_20260910_F_0000.csv.zip,3670,0,0,3670,3670,0,3668,3670,0,False,,,3670,3668,True,True,True,False,False
UDIFF,BhavCopy_NSE_CM_0_0_0_20260911_F_0000.csv.zip,3646,0,0,3646,3641,5,3639,3646,0,False,,,3641,3639,True,False,True,False,True
UDIFF,BhavCopy_NSE_CM_0_0_0_20260915_F_0000.csv.zip,3692,0,0,3692,3692,0,3690,3692,0,False,,,3692,3690,True,True,True,False,False
UDIFF,BhavCopy_NSE_CM_0_0_0_20260916_F_0000.csv.zip,3669,0,0,3669,3668,1,3667,3669,0,False,,,3668,3667,True,False,True,False,True
UDIFF,BhavCopy_NSE_CM_0_0_0_20260917_F_0000.csv.zip,3658,0,0,3658,3656,2,3655,3658,0,False,,,3656,3655,True,False,True,False,True
UDIFF,BhavCopy_NSE_CM_0_0_0_20260918_F_0000.csv.zip,3660,0,0,3660,3658,2,3656,3660,0,False,,,3658,3656,True,False,True,False,True
