format,date,overlay_series,overlay_symbol,overlay_isin,match_type,base_symbol,base_series,base_isin,qty_rel,val_rel,trd_rel,close_rel,isin_cmp,base_series_note
LEGACY,2016-09-20,BL,MUKANDLTD,INE304A01026,BASE_SAME_ISIN,MUKANDLTD,EQ,INE304A01026,gt,gt,lt,gt,isin_eq,base_series=EQ
LEGACY,2016-09-20,BL,VAKRANGEE,INE051B01021,BASE_SAME_ISIN,VAKRANGEE,EQ,INE051B01021,gt,gt,lt,lt,isin_eq,base_series=EQ
LEGACY,2016-09-20,IT,GIRRESORTS,INE316N01015,NO_BASE_ORPHAN,,,,,,,,,
LEGACY,2016-09-22,IT,GIRRESORTS,INE316N01015,NO_BASE_ORPHAN,,,,,,,,,
LEGACY,2016-09-23,IT,GIRRESORTS,INE316N01015,NO_BASE_ORPHAN,,,,,,,,,
LEGACY,2016-09-26,BL,MUTHOOTFIN,INE414G01012,BASE_SAME_ISIN,MUTHOOTFIN,EQ,INE414G01012,gt,gt,lt,gt,isin_eq,base_series=EQ
LEGACY,2016-09-26,IL,HDFCBANK,INE040A01026,BASE_SAME_ISIN,HDFCBANK,EQ,INE040A01026,lt,lt,lt,gt,isin_eq,base_series=EQ
LEGACY,2016-09-26,IT,GIRRESORTS,INE316N01015,NO_BASE_ORPHAN,,,,,,,,,
LEGACY,2016-09-27,IT,GIRRESORTS,INE316N01015,NO_BASE_ORPHAN,,,,,,,,,
LEGACY,2016-09-28,IL,HDFCBANK,INE040A01026,BASE_SAME_ISIN,HDFCBANK,EQ,INE040A01026,lt,lt,lt,gt,isin_eq,base_series=EQ
LEGACY,2016-09-28,IT,GIRRESORTS,INE316N01015,NO_BASE_ORPHAN,,,,,,,,,
LEGACY,2016-09-29,IT,GIRRESORTS,INE316N01015,NO_BASE_ORPHAN,,,,,,,,,
LEGACY,2016-09-30,BL,SMSPHARMA,INE812G01025,BASE_SAME_ISIN,SMSPHARMA,EQ,INE812G01025,gt,gt,lt,lt,isin_eq,base_series=EQ
LEGACY,2016-09-30,IL,HDFCBANK,INE040A01026,BASE_SAME_ISIN,HDFCBANK,EQ,INE040A01026,lt,lt,lt,gt,isin_eq,base_series=EQ
LEGACY,2016-09-30,IT,GIRRESORTS,INE316N01015,NO_BASE_ORPHAN,,,,,,,,,
LEGACY,2016-10-03,IT,GIRRESORTS,INE316N01015,NO_BASE_ORPHAN,,,,,,,,,
LEGACY,2016-10-04,IT,GIRRESORTS,INE316N01015,NO_BASE_ORPHAN,,,,,,,,,
LEGACY,2016-10-05,IT,GIRRESORTS,INE316N01015,NO_BASE_ORPHAN,,,,,,,,,
LEGACY,2016-10-06,BL,ALANKIT,INE914E01032,BASE_SAME_ISIN,ALANKIT,EQ,INE914E01032,lt,lt,lt,gt,isin_eq,base_series=EQ
LEGACY,2016-10-06,IT,GIRRESORTS,INE316N01015,NO_BASE_ORPHAN,,,,,,,,,
LEGACY,2016-10-07,BL,ALANKIT,INE914E01032,BASE_SAME_ISIN,ALANKIT,EQ,INE914E01032,gt,gt,lt,lt,isin_eq,base_series=EQ
LEGACY,2016-10-07,IT,GIRRESORTS,INE316N01015,NO_BASE_ORPHAN,,,,,,,,,
LEGACY,2016-10-13,BL,MERCATOR,INE934B01028,BASE_SAME_ISIN,MERCATOR,EQ,INE934B01028,gt,gt,lt,lt,isin_eq,base_series=EQ
LEGACY,2016-10-13,IT,GIRRESORTS,INE316N01015,NO_BASE_ORPHAN,,,,,,,,,
LEGACY,2016-10-14,BL,OCL,INE290B01025,BASE_SAME_ISIN,OCL,EQ,INE290B01025,gt,gt,lt,lt,isin_eq,base_series=EQ
LEGACY,2016-10-17,BL,ALANKIT,INE914E01032,BASE_SAME_ISIN,ALANKIT,EQ,INE914E01032,lt,lt,lt,gt,isin_eq,base_series=EQ
LEGACY,2016-10-17,IT,BDR,INE766Q01014,NO_BASE_ORPHAN,,,,,,,,,
LEGACY,2016-10-17,IT,GIRRESORTS,INE316N01015,NO_BASE_ORPHAN,,,,,,,,,
LEGACY,2016-10-18,IT,GIRRESORTS,INE316N01015,NO_BASE_ORPHAN,,,,,,,,,
LEGACY,2016-10-19,IT,GIRRESORTS,INE316N01015,NO_BASE_ORPHAN,,,,,,,,,
LEGACY,2016-10-20,IT,GIRRESORTS,INE316N01015,NO_BASE_ORPHAN,,,,,,,,,
LEGACY,2016-10-21,BL,GDL,INE852F01015,BASE_SAME_ISIN,GDL,EQ,INE852F01015,gt,gt,lt,gt,isin_eq,base_series=EQ
LEGACY,2016-10-21,BL,GVKPIL,INE251H01024,BASE_SAME_ISIN,GVKPIL,EQ,INE251H01024,gt,gt,lt,gt,isin_eq,base_series=EQ
LEGACY,2016-10-21,IT,GIRRESORTS,INE316N01015,NO_BASE_ORPHAN,,,,,,,,,
LEGACY,2016-10-24,IT,GIRRESORTS,INE316N01015,NO_BASE_ORPHAN,,,,,,,,,
LEGACY,2016-10-25,IT,GIRRESORTS,INE316N01015,NO_BASE_ORPHAN,,,,,,,,,
LEGACY,2016-10-26,BL,PARACABLES,INE074B01023,BASE_SAME_ISIN,PARACABLES,EQ,INE074B01023,gt,gt,lt,gt,isin_eq,base_series=EQ
LEGACY,2016-10-26,IT,GIRRESORTS,INE316N01015,NO_BASE_ORPHAN,,,,,,,,,
LEGACY,2016-10-27,IL,EQUITAS,INE988K01017,BASE_SAME_ISIN,EQUITAS,EQ,INE988K01017,lt,lt,lt,gt,isin_eq,base_series=EQ
LEGACY,2016-10-27,IT,GIRRESORTS,INE316N01015,NO_BASE_ORPHAN,,,,,,,,,
LEGACY,2016-11-02,IT,GIRRESORTS,INE316N01015,NO_BASE_ORPHAN,,,,,,,,,
LEGACY,2016-11-04,IL,EQUITAS,INE988K01017,BASE_SAME_ISIN,EQUITAS,EQ,INE988K01017,lt,lt,lt,gt,isin_eq,base_series=EQ
LEGACY,2016-11-04,IT,GIRRESORTS,INE316N01015,NO_BASE_ORPHAN,,,,,,,,,
LEGACY,2016-11-07,IT,GIRRESORTS,INE316N01015,NO_BASE_ORPHAN,,,,,,,,,
LEGACY,2016-11-11,BL,SICAL,INE075B01012,BASE_SAME_ISIN,SICAL,EQ,INE075B01012,gt,gt,lt,gt,isin_eq,base_series=EQ
LEGACY,2016-11-15,IL,HDFCBANK,INE040A01026,BASE_SAME_ISIN,HDFCBANK,EQ,INE040A01026,lt,lt,lt,gt,isin_eq,base_series=EQ
LEGACY,2016-11-16,IL,HDFCBANK,INE040A01026,BASE_SAME_ISIN,HDFCBANK,EQ,INE040A01026,lt,lt,lt,gt,isin_eq,base_series=EQ
LEGACY,2016-11-22,IT,GIRRESORTS,INE316N01015,NO_BASE_ORPHAN,,,,,,,,,
LEGACY,2016-11-25,IL,HDFCBANK,INE040A01026,BASE_SAME_ISIN,HDFCBANK,EQ,INE040A01026,lt,lt,lt,gt,isin_eq,base_series=EQ
LEGACY,2016-11-28,IT,GIRRESORTS,INE316N01015,NO_BASE_ORPHAN,,,,,,,,,
LEGACY,2016-11-29,BL,MAXVIL,INE154U01015,BASE_SAME_ISIN,MAXVIL,EQ,INE154U01015,gt,gt,lt,gt,isin_eq,base_series=EQ
LEGACY,2016-11-30,BL,SITINET,INE965H01011,BASE_SAME_ISIN,SITINET,EQ,INE965H01011,gt,gt,lt,lt,isin_eq,base_series=EQ
LEGACY,2016-11-30,IT,GIRRESORTS,INE316N01015,NO_BASE_ORPHAN,,,,,,,,,
LEGACY,2016-12-02,IL,HDFCBANK,INE040A01026,BASE_SAME_ISIN,HDFCBANK,EQ,INE040A01026,lt,lt,lt,gt,isin_eq,base_series=EQ
LEGACY,2016-12-06,BL,GVKPIL,INE251H01024,BASE_SAME_ISIN,GVKPIL,EQ,INE251H01024,gt,gt,lt,eq,isin_eq,base_series=EQ
LEGACY,2016-12-06,BL,HINDMOTORS,INE253A01025,BASE_SAME_ISIN,HINDMOTORS,EQ,INE253A01025,gt,gt,lt,gt,isin_eq,base_series=EQ
LEGACY,2016-12-06,IL,HDFCBANK,INE040A01026,BASE_SAME_ISIN,HDFCBANK,EQ,INE040A01026,lt,lt,lt,gt,isin_eq,base_series=EQ
LEGACY,2016-12-07,IL,HDFCBANK,INE040A01026,BASE_SAME_ISIN,HDFCBANK,EQ,INE040A01026,lt,lt,lt,gt,isin_eq,base_series=EQ
LEGACY,2016-12-09,BL,GOKUL,INE020J01029,BASE_SAME_ISIN,GOKUL,EQ,INE020J01029,gt,gt,lt,gt,isin_eq,base_series=EQ
LEGACY,2016-12-12,IL,TATACHEM,INE092A01019,BASE_SAME_ISIN,TATACHEM,EQ,INE092A01019,lt,lt,lt,gt,isin_eq,base_series=EQ
LEGACY,2016-12-13,IL,HDFCBANK,INE040A01026,BASE_SAME_ISIN,HDFCBANK,EQ,INE040A01026,lt,lt,lt,gt,isin_eq,base_series=EQ
LEGACY,2016-12-13,IT,GIRRESORTS,INE316N01015,NO_BASE_ORPHAN,,,,,,,,,
LEGACY,2016-12-14,IL,HDFCBANK,INE040A01026,BASE_SAME_ISIN,HDFCBANK,EQ,INE040A01026,lt,lt,lt,gt,isin_eq,base_series=EQ
LEGACY,2016-12-15,BL,SURANAIND,INE659D01019,BASE_SAME_ISIN,SURANAIND,EQ,INE659D01019,gt,gt,lt,lt,isin_eq,base_series=EQ
LEGACY,2016-12-20,BL,BOSCHLTD,INE323A01026,BASE_SAME_ISIN,BOSCHLTD,EQ,INE323A01026,gt,gt,lt,gt,isin_eq,base_series=EQ
LEGACY,2016-12-21,IL,HDFCBANK,INE040A01026,BASE_SAME_ISIN,HDFCBANK,EQ,INE040A01026,gt,gt,lt,gt,isin_eq,base_series=EQ
LEGACY,2016-12-22,IL,HDFCBANK,INE040A01026,BASE_SAME_ISIN,HDFCBANK,EQ,INE040A01026,lt,lt,lt,gt,isin_eq,base_series=EQ
LEGACY,2016-12-23,IL,HDFCBANK,INE040A01026,BASE_SAME_ISIN,HDFCBANK,EQ,INE040A01026,lt,lt,lt,gt,isin_eq,base_series=EQ
LEGACY,2016-12-26,BL,FLFL,INE452O01016,BASE_SAME_ISIN,FLFL,EQ,INE452O01016,gt,gt,lt,gt,isin_eq,base_series=EQ
LEGACY,2016-12-29,BL,BERGEPAINT,INE463A01038,BASE_SAME_ISIN,BERGEPAINT,EQ,INE463A01038,gt,gt,lt,lt,isin_eq,base_series=EQ
LEGACY,2017-01-02,IT,GIRRESORTS,INE316N01015,NO_BASE_ORPHAN,,,,,,,,,
LEGACY,2017-01-05,BL,TRIDENT,INE064C01014,BASE_SAME_ISIN,TRIDENT,EQ,INE064C01014,gt,gt,lt,gt,isin_eq,base_series=EQ
LEGACY,2017-01-05,IL,HDFCBANK,INE040A01026,BASE_SAME_ISIN,HDFCBANK,EQ,INE040A01026,lt,lt,lt,gt,isin_eq,base_series=EQ
LEGACY,2017-01-06,IL,HDFCBANK,INE040A01026,BASE_SAME_ISIN,HDFCBANK,EQ,INE040A01026,lt,lt,lt,gt,isin_eq,base_series=EQ
LEGACY,2017-01-06,IL,IDFC,INE043D01016,BASE_SAME_ISIN,IDFC,EQ,INE043D01016,lt,lt,lt,gt,isin_eq,base_series=EQ
LEGACY,2017-01-06,IT,GIRRESORTS,INE316N01015,NO_BASE_ORPHAN,,,,,,,,,
LEGACY,2017-01-10,IL,IDFC,INE043D01016,BASE_SAME_ISIN,IDFC,EQ,INE043D01016,lt,lt,lt,gt,isin_eq,base_series=EQ
LEGACY,2017-01-11,IL,IDFC,INE043D01016,BASE_SAME_ISIN,IDFC,EQ,INE043D01016,lt,lt,lt,gt,isin_eq,base_series=EQ
LEGACY,2017-01-12,IL,HDFCBANK,INE040A01026,BASE_SAME_ISIN,HDFCBANK,EQ,INE040A01026,lt,lt,lt,gt,isin_eq,base_series=EQ
LEGACY,2017-01-12,IL,IDFC,INE043D01016,BASE_SAME_ISIN,IDFC,EQ,INE043D01016,lt,lt,lt,gt,isin_eq,base_series=EQ
LEGACY,2017-01-12,IT,GIRRESORTS,INE316N01015,NO_BASE_ORPHAN,,,,,,,,,
LEGACY,2017-01-13,IL,HDFCBANK,INE040A01026,BASE_SAME_ISIN,HDFCBANK,EQ,INE040A01026,lt,lt,lt,gt,isin_eq,base_series=EQ
LEGACY,2017-01-16,BL,ESL,INE481K01013,BASE_SAME_ISIN,ESL,EQ,INE481K01013,gt,lt,lt,lt,isin_eq,base_series=EQ
LEGACY,2017-01-17,BL,JINDRILL,INE742C01031,BASE_SAME_ISIN,JINDRILL,EQ,INE742C01031,gt,gt,lt,lt,isin_eq,base_series=EQ
LEGACY,2017-01-17,IL,IDFC,INE043D01016,BASE_SAME_ISIN,IDFC,EQ,INE043D01016,lt,lt,lt,gt,isin_eq,base_series=EQ
LEGACY,2017-01-18,BL,SFCL,INE935O01010,BASE_SAME_ISIN,SFCL,EQ,INE935O01010,gt,gt,lt,lt,isin_eq,base_series=EQ
LEGACY,2017-01-18,IT,GIRRESORTS,INE316N01015,NO_BASE_ORPHAN,,,,,,,,,
LEGACY,2017-01-19,IT,GIRRESORTS,INE316N01015,NO_BASE_ORPHAN,,,,,,,,,
LEGACY,2017-01-20,IT,GIRRESORTS,INE316N01015,NO_BASE_ORPHAN,,,,,,,,,
LEGACY,2017-01-24,BL,JINDRILL,INE742C01031,BASE_SAME_ISIN,JINDRILL,EQ,INE742C01031,gt,gt,lt,lt,isin_eq,base_series=EQ
LEGACY,2017-01-24,IL,IDFC,INE043D01016,BASE_SAME_ISIN,IDFC,EQ,INE043D01016,lt,lt,lt,gt,isin_eq,base_series=EQ
LEGACY,2017-01-24,IT,GIRRESORTS,INE316N01015,NO_BASE_ORPHAN,,,,,,,,,
LEGACY,2017-01-25,BL,HINDMOTORS,INE253A01025,BASE_SAME_ISIN,HINDMOTORS,EQ,INE253A01025,lt,lt,lt,lt,isin_eq,base_series=EQ
LEGACY,2017-01-25,BL,SFCL,INE935O01010,BASE_SAME_ISIN,SFCL,EQ,INE935O01010,gt,gt,lt,lt,isin_eq,base_series=EQ
LEGACY,2017-01-25,IL,HDFCBANK,INE040A01026,BASE_SAME_ISIN,HDFCBANK,EQ,INE040A01026,lt,lt,lt,gt,isin_eq,base_series=EQ
LEGACY,2017-01-25,IT,GIRRESORTS,INE316N01015,NO_BASE_ORPHAN,,,,,,,,,
LEGACY,2017-02-03,IL,HDFCBANK,INE040A01026,BASE_SAME_ISIN,HDFCBANK,EQ,INE040A01026,lt,lt,lt,gt,isin_eq,base_series=EQ
LEGACY,2017-02-06,IL,HDFCBANK,INE040A01026,BASE_SAME_ISIN,HDFCBANK,EQ,INE040A01026,lt,lt,lt,gt,isin_eq,base_series=EQ
LEGACY,2017-02-06,IT,GIRRESORTS,INE316N01015,NO_BASE_ORPHAN,,,,,,,,,
LEGACY,2017-02-07,BL,ITC,INE154A01025,BASE_SAME_ISIN,ITC,EQ,INE154A01025,gt,gt,lt,lt,isin_eq,base_series=EQ
LEGACY,2017-02-07,IL,HDFCBANK,INE040A01026,BASE_SAME_ISIN,HDFCBANK,EQ,INE040A01026,lt,lt,lt,gt,isin_eq,base_series=EQ
LEGACY,2017-02-07,IT,GIRRESORTS,INE316N01015,NO_BASE_ORPHAN,,,,,,,,,
LEGACY,2017-02-08,IT,GIRRESORTS,INE316N01015,NO_BASE_ORPHAN,,,,,,,,,
LEGACY,2017-02-09,IL,TATACHEM,INE092A01019,BASE_SAME_ISIN,TATACHEM,EQ,INE092A01019,lt,lt,lt,gt,isin_eq,base_series=EQ
LEGACY,2017-02-09,IT,GIRRESORTS,INE316N01015,NO_BASE_ORPHAN,,,,,,,,,
LEGACY,2017-02-14,IL,TATACHEM,INE092A01019,BASE_SAME_ISIN,TATACHEM,EQ,INE092A01019,lt,lt,lt,gt,isin_eq,base_series=EQ
LEGACY,2017-02-14,IT,GIRRESORTS,INE316N01015,NO_BASE_ORPHAN,,,,,,,,,
LEGACY,2017-02-16,BL,FINCABLES,INE235A01022,BASE_SAME_ISIN,FINCABLES,EQ,INE235A01022,gt,gt,lt,lt,isin_eq,base_series=EQ
LEGACY,2017-02-16,IL,TRENT,INE849A01020,BASE_SAME_ISIN,TRENT,EQ,INE849A01020,gt,gt,lt,gt,isin_eq,base_series=EQ
LEGACY,2017-02-16,IT,GIRRESORTS,INE316N01015,NO_BASE_ORPHAN,,,,,,,,,
LEGACY,2017-02-17,IL,HDFCBANK,INE040A01026,BASE_SAME_ISIN,HDFCBANK,EQ,INE040A01026,lt,lt,lt,gt,isin_eq,base_series=EQ
LEGACY,2017-02-20,BL,UMANGDAIRY,INE864B01027,BASE_SAME_ISIN,UMANGDAIRY,EQ,INE864B01027,gt,gt,lt,lt,isin_eq,base_series=EQ
LEGACY,2017-02-20,IL,HDFCBANK,INE040A01026,BASE_SAME_ISIN,HDFCBANK,EQ,INE040A01026,lt,lt,lt,gt,isin_eq,base_series=EQ
LEGACY,2017-02-20,IT,GIRRESORTS,INE316N01015,NO_BASE_ORPHAN,,,,,,,,,
LEGACY,2017-02-22,IL,HDFCBANK,INE040A01026,BASE_SAME_ISIN,HDFCBANK,EQ,INE040A01026,lt,lt,lt,gt,isin_eq,base_series=EQ
LEGACY,2017-02-23,BL,GREENLAM,INE544R01013,BASE_SAME_ISIN,GREENLAM,EQ,INE544R01013,gt,gt,lt,gt,isin_eq,base_series=EQ
LEGACY,2017-02-23,BL,GVKPIL,INE251H01024,BASE_SAME_ISIN,GVKPIL,EQ,INE251H01024,gt,gt,lt,gt,isin_eq,base_series=EQ
LEGACY,2017-02-23,IL,HDFCBANK,INE040A01026,BASE_SAME_ISIN,HDFCBANK,EQ,INE040A01026,lt,lt,lt,gt,isin_eq,base_series=EQ
LEGACY,2017-02-23,IT,GIRRESORTS,INE316N01015,NO_BASE_ORPHAN,,,,,,,,,
LEGACY,2017-02-27,IL,HDFCBANK,INE040A01026,BASE_SAME_ISIN,HDFCBANK,EQ,INE040A01026,lt,lt,lt,gt,isin_eq,base_series=EQ
LEGACY,2017-02-27,IT,BDR,INE766Q01014,NO_BASE_ORPHAN,,,,,,,,,
LEGACY,2017-02-27,IT,GIRRESORTS,INE316N01015,NO_BASE_ORPHAN,,,,,,,,,
LEGACY,2017-02-28,BL,MANAPPURAM,INE522D01027,BASE_SAME_ISIN,MANAPPURAM,EQ,INE522D01027,gt,gt,lt,gt,isin_eq,base_series=EQ
LEGACY,2017-02-28,BL,SHILPAMED,INE790G01031,BASE_SAME_ISIN,SHILPAMED,EQ,INE790G01031,gt,gt,lt,gt,isin_eq,base_series=EQ
LEGACY,2017-02-28,IL,HDFCBANK,INE040A01026,BASE_SAME_ISIN,HDFCBANK,EQ,INE040A01026,lt,lt,lt,gt,isin_eq,base_series=EQ
LEGACY,2017-02-28,IT,BDR,INE766Q01014,NO_BASE_ORPHAN,,,,,,,,,
LEGACY,2017-02-28,IT,GIRRESORTS,INE316N01015,NO_BASE_ORPHAN,,,,,,,,,
LEGACY,2017-03-01,IT,BDR,INE766Q01014,NO_BASE_ORPHAN,,,,,,,,,
LEGACY,2017-03-01,IT,GIRRESORTS,INE316N01015,NO_BASE_ORPHAN,,,,,,,,,
LEGACY,2017-03-02,IT,BDR,INE766Q01014,NO_BASE_ORPHAN,,,,,,,,,
LEGACY,2017-03-02,IT,GIRRESORTS,INE316N01015,NO_BASE_ORPHAN,,,,,,,,,
LEGACY,2017-03-03,BL,AUROPHARMA,INE406A01037,BASE_SAME_ISIN,AUROPHARMA,EQ,INE406A01037,lt,lt,lt,lt,isin_eq,base_series=EQ
LEGACY,2017-03-03,IT,BDR,INE766Q01014,NO_BASE_ORPHAN,,,,,,,,,
LEGACY,2017-03-03,IT,GIRRESORTS,INE316N01015,NO_BASE_ORPHAN,,,,,,,,,
LEGACY,2017-03-06,IT,BDR,INE766Q01014,NO_BASE_ORPHAN,,,,,,,,,
LEGACY,2017-03-06,IT,GIRRESORTS,INE316N01015,NO_BASE_ORPHAN,,,,,,,,,
LEGACY,2017-03-07,IT,BDR,INE766Q01014,NO_BASE_ORPHAN,,,,,,,,,
LEGACY,2017-03-07,IT,GIRRESORTS,INE316N01015,NO_BASE_ORPHAN,,,,,,,,,
LEGACY,2017-03-08,BL,KOTAKBANK,INE237A01028,BASE_SAME_ISIN,KOTAKBANK,EQ,INE237A01028,lt,lt,lt,gt,isin_eq,base_series=EQ
LEGACY,2017-03-08,IL,HDFCBANK,INE040A01026,BASE_SAME_ISIN,HDFCBANK,EQ,INE040A01026,lt,lt,lt,gt,isin_eq,base_series=EQ
LEGACY,2017-03-08,IT,BDR,INE766Q01014,NO_BASE_ORPHAN,,,,,,,,,
LEGACY,2017-03-08,IT,GIRRESORTS,INE316N01015,NO_BASE_ORPHAN,,,,,,,,,
LEGACY,2017-03-09,BL,GOKULAGRO,INE314T01025,BASE_SAME_ISIN,GOKULAGRO,EQ,INE314T01025,gt,gt,lt,gt,isin_eq,base_series=EQ
LEGACY,2017-03-09,BL,JMFINANCIL,INE780C01023,BASE_SAME_ISIN,JMFINANCIL,EQ,INE780C01023,gt,gt,lt,lt,isin_eq,base_series=EQ
LEGACY,2017-03-09,IL,HDFCBANK,INE040A01026,BASE_SAME_ISIN,HDFCBANK,EQ,INE040A01026,lt,lt,lt,gt,isin_eq,base_series=EQ
LEGACY,2017-03-09,IT,BDR,INE766Q01014,NO_BASE_ORPHAN,,,,,,,,,
LEGACY,2017-03-09,IT,GIRRESORTS,INE316N01015,NO_BASE_ORPHAN,,,,,,,,,
LEGACY,2017-03-10,IL,HDFCBANK,INE040A01026,BASE_SAME_ISIN,HDFCBANK,EQ,INE040A01026,lt,lt,lt,gt,isin_eq,base_series=EQ
LEGACY,2017-03-10,IT,BDR,INE766Q01014,NO_BASE_ORPHAN,,,,,,,,,
LEGACY,2017-03-10,IT,GIRRESORTS,INE316N01015,NO_BASE_ORPHAN,,,,,,,,,
LEGACY,2017-03-14,BL,INDUSINDBK,INE095A01012,BASE_SAME_ISIN,INDUSINDBK,EQ,INE095A01012,lt,lt,lt,gt,isin_eq,base_series=EQ
LEGACY,2017-03-14,IT,GIRRESORTS,INE316N01015,NO_BASE_ORPHAN,,,,,,,,,
LEGACY,2017-03-15,BL,GOKUL,INE020J01029,BASE_SAME_ISIN,GOKUL,EQ,INE020J01029,gt,gt,lt,gt,isin_eq,base_series=EQ
LEGACY,2017-03-15,BL,INDUSINDBK,INE095A01012,BASE_SAME_ISIN,INDUSINDBK,EQ,INE095A01012,lt,lt,lt,gt,isin_eq,base_series=EQ
LEGACY,2017-03-15,BL,SIYSIL,INE076B01010,BASE_SAME_ISIN,SIYSIL,EQ,INE076B01010,gt,gt,lt,lt,isin_eq,base_series=EQ
LEGACY,2017-03-15,IT,GIRRESORTS,INE316N01015,NO_BASE_ORPHAN,,,,,,,,,
LEGACY,2017-03-16,BL,INDUSINDBK,INE095A01012,BASE_SAME_ISIN,INDUSINDBK,EQ,INE095A01012,lt,lt,lt,lt,isin_eq,base_series=EQ
LEGACY,2017-03-16,IT,GIRRESORTS,INE316N01015,NO_BASE_ORPHAN,,,,,,,,,
LEGACY,2017-03-17,BL,CANFINHOME,INE477A01012,BASE_SAME_ISIN,CANFINHOME,EQ,INE477A01012,gt,gt,lt,gt,isin_eq,base_series=EQ
LEGACY,2017-03-17,BL,GINNIFILA,INE424C01010,BASE_SAME_ISIN,GINNIFILA,EQ,INE424C01010,gt,gt,lt,lt,isin_eq,base_series=EQ
LEGACY,2017-03-17,IL,HDFCBANK,INE040A01026,BASE_SAME_ISIN,HDFCBANK,EQ,INE040A01026,lt,lt,lt,gt,isin_eq,base_series=EQ
LEGACY,2017-03-17,IT,GIRRESORTS,INE316N01015,NO_BASE_ORPHAN,,,,,,,,,
LEGACY,2017-03-20,BL,CANFINHOME,INE477A01012,BASE_SAME_ISIN,CANFINHOME,EQ,INE477A01012,gt,gt,lt,gt,isin_eq,base_series=EQ
LEGACY,2017-03-20,IL,HDFCBANK,INE040A01026,BASE_SAME_ISIN,HDFCBANK,EQ,INE040A01026,lt,lt,lt,gt,isin_eq,base_series=EQ
LEGACY,2017-03-20,IT,GIRRESORTS,INE316N01015,NO_BASE_ORPHAN,,,,,,,,,
LEGACY,2017-03-21,BL,AUROPHARMA,INE406A01037,BASE_SAME_ISIN,AUROPHARMA,EQ,INE406A01037,lt,lt,lt,gt,isin_eq,base_series=EQ
LEGACY,2017-03-21,BL,INDUSINDBK,INE095A01012,BASE_SAME_ISIN,INDUSINDBK,EQ,INE095A01012,lt,lt,lt,lt,isin_eq,base_series=EQ
LEGACY,2017-03-21,BL,LTI,INE214T01019,BASE_SAME_ISIN,LTI,EQ,INE214T01019,gt,gt,lt,lt,isin_eq,base_series=EQ
LEGACY,2017-03-21,IT,GIRRESORTS,INE316N01015,NO_BASE_ORPHAN,,,,,,,,,
LEGACY,2017-03-22,BL,APOLLOTYRE,INE438A01022,BASE_SAME_ISIN,APOLLOTYRE,EQ,INE438A01022,lt,lt,lt,lt,isin_eq,base_series=EQ
LEGACY,2017-03-22,BL,CANFINHOME,INE477A01012,BASE_SAME_ISIN,CANFINHOME,EQ,INE477A01012,gt,gt,lt,gt,isin_eq,base_series=EQ
LEGACY,2017-03-22,BL,INDUSINDBK,INE095A01012,BASE_SAME_ISIN,INDUSINDBK,EQ,INE095A01012,lt,lt,lt,gt,isin_eq,base_series=EQ
LEGACY,2017-03-22,BL,UFLEX,INE516A01017,BASE_SAME_ISIN,UFLEX,EQ,INE516A01017,gt,gt,lt,gt,isin_eq,base_series=EQ
LEGACY,2017-03-22,IT,GIRRESORTS,INE316N01015,NO_BASE_ORPHAN,,,,,,,,,
LEGACY,2017-03-23,BL,CANFINHOME,INE477A01012,BASE_SAME_ISIN,CANFINHOME,EQ,INE477A01012,gt,gt,lt,gt,isin_eq,base_series=EQ
LEGACY,2017-03-23,BL,KOTAKBANK,INE237A01028,BASE_SAME_ISIN,KOTAKBANK,EQ,INE237A01028,gt,gt,lt,lt,isin_eq,base_series=EQ
LEGACY,2017-03-23,BL,NAGAFERT,INE454M01024,BASE_SAME_ISIN,NAGAFERT,EQ,INE454M01024,gt,gt,lt,lt,isin_eq,base_series=EQ
LEGACY,2017-03-23,BL,RAYMOND,INE301A01014,BASE_SAME_ISIN,RAYMOND,EQ,INE301A01014,gt,gt,lt,gt,isin_eq,base_series=EQ
LEGACY,2017-03-23,BL,STAR,INE939A01011,BASE_SAME_ISIN,STAR,EQ,INE939A01011,gt,gt,lt,gt,isin_eq,base_series=EQ
LEGACY,2017-03-23,IT,GIRRESORTS,INE316N01015,NO_BASE_ORPHAN,,,,,,,,,
LEGACY,2017-03-24,BL,CANFINHOME,INE477A01012,BASE_SAME_ISIN,CANFINHOME,EQ,INE477A01012,gt,gt,lt,gt,isin_eq,base_series=EQ
LEGACY,2017-03-24,BL,GOKUL,INE020J01029,BASE_SAME_ISIN,GOKUL,EQ,INE020J01029,gt,gt,lt,gt,isin_eq,base_series=EQ
LEGACY,2017-03-24,BL,HEROMOTOCO,INE158A01026,BASE_SAME_ISIN,HEROMOTOCO,EQ,INE158A01026,gt,gt,lt,lt,isin_eq,base_series=EQ
LEGACY,2017-03-24,BL,KOTAKBANK,INE237A01028,BASE_SAME_ISIN,KOTAKBANK,EQ,INE237A01028,gt,gt,lt,lt,isin_eq,base_series=EQ
LEGACY,2017-03-24,BL,MEGH,INE974H01013,BASE_SAME_ISIN,MEGH,EQ,INE974H01013,gt,gt,lt,gt,isin_eq,base_series=EQ
LEGACY,2017-03-24,BL,MIRCELECTR,INE831A01028,BASE_SAME_ISIN,MIRCELECTR,EQ,INE831A01028,gt,gt,lt,lt,isin_eq,base_series=EQ
LEGACY,2017-03-24,BL,SANGAMIND,INE495C01010,BASE_SAME_ISIN,SANGAMIND,EQ,INE495C01010,gt,gt,lt,lt,isin_eq,base_series=EQ
LEGACY,2017-03-24,BL,SHK,INE500L01026,BASE_SAME_ISIN,SHK,EQ,INE500L01026,gt,gt,lt,gt,isin_eq,base_series=EQ
LEGACY,2017-03-24,IL,HDFCBANK,INE040A01026,BASE_SAME_ISIN,HDFCBANK,EQ,INE040A01026,lt,lt,lt,gt,isin_eq,base_series=EQ
LEGACY,2017-03-24,IT,GIRRESORTS,INE316N01015,NO_BASE_ORPHAN,,,,,,,,,
LEGACY,2017-03-27,BL,AARTIIND,INE769A01020,BASE_SAME_ISIN,AARTIIND,EQ,INE769A01020,gt,gt,lt,gt,isin_eq,base_series=EQ
LEGACY,2017-03-27,BL,CANFINHOME,INE477A01012,BASE_SAME_ISIN,CANFINHOME,EQ,INE477A01012,gt,gt,lt,gt,isin_eq,base_series=EQ
LEGACY,2017-03-27,BL,EMAMILTD,INE548C01032,BASE_SAME_ISIN,EMAMILTD,EQ,INE548C01032,gt,gt,lt,gt,isin_eq,base_series=EQ
LEGACY,2017-03-27,BL,ENERGYDEV,INE306C01019,BASE_SAME_ISIN,ENERGYDEV,EQ,INE306C01019,gt,gt,lt,gt,isin_eq,base_series=EQ
LEGACY,2017-03-27,BL,HEROMOTOCO,INE158A01026,BASE_SAME_ISIN,HEROMOTOCO,EQ,INE158A01026,gt,gt,lt,gt,isin_eq,base_series=EQ
LEGACY,2017-03-27,BL,HINDUJAVEN,INE353A01023,BASE_SAME_ISIN,HINDUJAVEN,EQ,INE353A01023,gt,gt,lt,gt,isin_eq,base_series=EQ
LEGACY,2017-03-27,BL,KOTAKBANK,INE237A01028,BASE_SAME_ISIN,KOTAKBANK,EQ,INE237A01028,gt,gt,lt,lt,isin_eq,base_series=EQ
LEGACY,2017-03-27,BL,MEP,INE776I01010,BASE_SAME_ISIN,MEP,EQ,INE776I01010,gt,gt,lt,lt,isin_eq,base_series=EQ
LEGACY,2017-03-27,BL,RELIANCE,INE002A01018,BASE_SAME_ISIN,RELIANCE,EQ,INE002A01018,lt,lt,lt,gt,isin_eq,base_series=EQ
LEGACY,2017-03-27,BL,SHK,INE500L01026,BASE_SAME_ISIN,SHK,EQ,INE500L01026,gt,gt,lt,gt,isin_eq,base_series=EQ
LEGACY,2017-03-27,IL,HDFCBANK,INE040A01026,BASE_SAME_ISIN,HDFCBANK,EQ,INE040A01026,gt,gt,lt,gt,isin_eq,base_series=EQ
LEGACY,2017-03-27,IT,GIRRESORTS,INE316N01015,NO_BASE_ORPHAN,,,,,,,,,
LEGACY,2017-03-27,IT,KAWIRES,INE372S01017,NO_BASE_ORPHAN,,,,,,,,,
LEGACY,2017-03-28,BL,APOLLOTYRE,INE438A01022,BASE_SAME_ISIN,APOLLOTYRE,EQ,INE438A01022,lt,lt,lt,gt,isin_eq,base_series=EQ
LEGACY,2017-03-28,BL,AUROPHARMA,INE406A01037,BASE_SAME_ISIN,AUROPHARMA,EQ,INE406A01037,lt,lt,lt,gt,isin_eq,base_series=EQ
LEGACY,2017-03-28,BL,BAJAJCORP,INE933K01021,BASE_SAME_ISIN,BAJAJCORP,EQ,INE933K01021,gt,gt,lt,gt,isin_eq,base_series=EQ
LEGACY,2017-03-28,BL,BANARISUG,INE459A01010,BASE_SAME_ISIN,BANARISUG,EQ,INE459A01010,gt,gt,lt,gt,isin_eq,base_series=EQ
LEGACY,2017-03-28,BL,CARBORUNIV,INE120A01034,BASE_SAME_ISIN,CARBORUNIV,EQ,INE120A01034,gt,gt,lt,gt,isin_eq,base_series=EQ
LEGACY,2017-03-28,BL,JSWSTEEL,INE019A01038,BASE_SAME_ISIN,JSWSTEEL,EQ,INE019A01038,lt,lt,lt,gt,isin_eq,base_series=EQ
LEGACY,2017-03-28,BL,KARMAENG,INE725L01011,BASE_SAME_ISIN,KARMAENG,EQ,INE725L01011,lt,lt,lt,lt,isin_eq,base_series=EQ
LEGACY,2017-03-28,BL,MIRCELECTR,INE831A01028,BASE_SAME_ISIN,MIRCELECTR,EQ,INE831A01028,gt,gt,lt,gt,isin_eq,base_series=EQ
LEGACY,2017-03-28,BL,NAGAROIL,INE453M01018,BASE_SAME_ISIN,NAGAROIL,EQ,INE453M01018,gt,gt,lt,eq,isin_eq,base_series=EQ
LEGACY,2017-03-28,BL,NILKAMAL,INE310A01015,BASE_SAME_ISIN,NILKAMAL,EQ,INE310A01015,gt,gt,lt,gt,isin_eq,base_series=EQ
LEGACY,2017-03-28,BL,SHILPAMED,INE790G01031,BASE_SAME_ISIN,SHILPAMED,EQ,INE790G01031,gt,gt,lt,gt,isin_eq,base_series=EQ
LEGACY,2017-03-28,BL,TORNTPHARM,INE685A01028,BASE_SAME_ISIN,TORNTPHARM,EQ,INE685A01028,gt,gt,lt,lt,isin_eq,base_series=EQ
LEGACY,2017-03-28,BL,TUBEINVEST,INE149A01025,BASE_SAME_ISIN,TUBEINVEST,EQ,INE149A01025,gt,gt,lt,gt,isin_eq,base_series=EQ
LEGACY,2017-03-28,BL,UFLEX,INE516A01017,BASE_SAME_ISIN,UFLEX,EQ,INE516A01017,gt,gt,lt,lt,isin_eq,base_series=EQ
LEGACY,2017-03-28,BL,VESUVIUS,INE386A01015,BASE_SAME_ISIN,VESUVIUS,EQ,INE386A01015,gt,gt,lt,gt,isin_eq,base_series=EQ
LEGACY,2017-03-28,IL,HDFCBANK,INE040A01026,BASE_SAME_ISIN,HDFCBANK,EQ,INE040A01026,lt,lt,lt,gt,isin_eq,base_series=EQ
LEGACY,2017-03-28,IT,GIRRESORTS,INE316N01015,NO_BASE_ORPHAN,,,,,,,,,
LEGACY,2017-03-29,BL,AARTIIND,INE769A01020,BASE_SAME_ISIN,AARTIIND,EQ,INE769A01020,gt,gt,lt,gt,isin_eq,base_series=EQ
LEGACY,2017-03-29,BL,APOLLOTYRE,INE438A01022,BASE_SAME_ISIN,APOLLOTYRE,EQ,INE438A01022,lt,lt,lt,lt,isin_eq,base_series=EQ
LEGACY,2017-03-29,BL,BAJAJCORP,INE933K01021,BASE_SAME_ISIN,BAJAJCORP,EQ,INE933K01021,gt,gt,lt,lt,isin_eq,base_series=EQ
LEGACY,2017-03-29,BL,BIOCON,INE376G01013,BASE_SAME_ISIN,BIOCON,EQ,INE376G01013,gt,gt,lt,lt,isin_eq,base_series=EQ
LEGACY,2017-03-29,BL,CANFINHOME,INE477A01012,BASE_SAME_ISIN,CANFINHOME,EQ,INE477A01012,gt,gt,lt,gt,isin_eq,base_series=EQ
LEGACY,2017-03-29,BL,DIVISLAB,INE361B01024,BASE_SAME_ISIN,DIVISLAB,EQ,INE361B01024,lt,lt,lt,gt,isin_eq,base_series=EQ
LEGACY,2017-03-29,BL,DMART,INE192R01011,BASE_SAME_ISIN,DMART,EQ,INE192R01011,lt,lt,lt,gt,isin_eq,base_series=EQ
LEGACY,2017-03-29,BL,HATHWAY,INE982F01036,BASE_SAME_ISIN,HATHWAY,EQ,INE982F01036,gt,gt,lt,gt,isin_eq,base_series=EQ
LEGACY,2017-03-29,BL,HAVELLS,INE176B01034,BASE_SAME_ISIN,HAVELLS,EQ,INE176B01034,gt,gt,lt,lt,isin_eq,base_series=EQ
LEGACY,2017-03-29,BL,INDUSINDBK,INE095A01012,BASE_SAME_ISIN,INDUSINDBK,EQ,INE095A01012,gt,gt,lt,gt,isin_eq,base_series=EQ
LEGACY,2017-03-29,BL,KOTAKBANK,INE237A01028,BASE_SAME_ISIN,KOTAKBANK,EQ,INE237A01028,lt,lt,lt,gt,isin_eq,base_series=EQ
LEGACY,2017-03-29,BL,NILKAMAL,INE310A01015,BASE_SAME_ISIN,NILKAMAL,EQ,INE310A01015,gt,gt,lt,lt,isin_eq,base_series=EQ
LEGACY,2017-03-29,BL,SHEMAROO,INE363M01019,BASE_SAME_ISIN,SHEMAROO,EQ,INE363M01019,gt,gt,lt,gt,isin_eq,base_series=EQ
LEGACY,2017-03-29,BL,SHILPAMED,INE790G01031,BASE_SAME_ISIN,SHILPAMED,EQ,INE790G01031,gt,gt,lt,gt,isin_eq,base_series=EQ
LEGACY,2017-03-29,BL,STAR,INE939A01011,BASE_SAME_ISIN,STAR,EQ,INE939A01011,lt,lt,lt,gt,isin_eq,base_series=EQ
LEGACY,2017-03-29,BL,SUNTECK,INE805D01026,BASE_SAME_ISIN,SUNTECK,EQ,INE805D01026,gt,gt,lt,gt,isin_eq,base_series=EQ
LEGACY,2017-03-29,BL,TEXINFRA,INE435C01024,BASE_SAME_ISIN,TEXINFRA,EQ,INE435C01024,gt,gt,lt,gt,isin_eq,base_series=EQ
LEGACY,2017-03-29,BL,TORNTPHARM,INE685A01028,BASE_SAME_ISIN,TORNTPHARM,EQ,INE685A01028,gt,gt,lt,lt,isin_eq,base_series=EQ
LEGACY,2017-03-29,BL,WEBELSOLAR,INE855C01015,BASE_SAME_ISIN,WEBELSOLAR,EQ,INE855C01015,gt,gt,lt,gt,isin_eq,base_series=EQ
LEGACY,2017-03-29,IT,GIRRESORTS,INE316N01015,NO_BASE_ORPHAN,,,,,,,,,
LEGACY,2017-03-30,BL,AARTIIND,INE769A01020,BASE_SAME_ISIN,AARTIIND,EQ,INE769A01020,lt,lt,lt,gt,isin_eq,base_series=EQ
LEGACY,2017-03-30,BL,APARINDS,INE372A01015,BASE_SAME_ISIN,APARINDS,EQ,INE372A01015,gt,gt,lt,lt,isin_eq,base_series=EQ
LEGACY,2017-03-30,BL,ASAHIINDIA,INE439A01020,BASE_SAME_ISIN,ASAHIINDIA,EQ,INE439A01020,gt,gt,lt,lt,isin_eq,base_series=EQ
LEGACY,2017-03-30,BL,CANFINHOME,INE477A01012,BASE_SAME_ISIN,CANFINHOME,EQ,INE477A01012,gt,gt,lt,lt,isin_eq,base_series=EQ
LEGACY,2017-03-30,BL,FINPIPE,INE183A01016,BASE_SAME_ISIN,FINPIPE,EQ,INE183A01016,gt,gt,lt,lt,isin_eq,base_series=EQ
LEGACY,2017-03-30,BL,IRB,INE821I01014,BASE_SAME_ISIN,IRB,EQ,INE821I01014,gt,gt,lt,lt,isin_eq,base_series=EQ
LEGACY,2017-03-30,BL,MRF,INE883A01011,BASE_SAME_ISIN,MRF,EQ,INE883A01011,lt,lt,lt,lt,isin_eq,base_series=EQ
LEGACY,2017-03-30,BL,PFOCUS,INE367G01038,BASE_SAME_ISIN,PFOCUS,EQ,INE367G01038,gt,gt,lt,lt,isin_eq,base_series=EQ
LEGACY,2017-03-30,BL,SARDAEN,INE385C01013,BASE_SAME_ISIN,SARDAEN,EQ,INE385C01013,gt,gt,lt,gt,isin_eq,base_series=EQ
LEGACY,2017-03-30,BL,SHILPAMED,INE790G01031,BASE_SAME_ISIN,SHILPAMED,EQ,INE790G01031,gt,gt,lt,gt,isin_eq,base_series=EQ
LEGACY,2017-03-30,BL,SHK,INE500L01026,BASE_SAME_ISIN,SHK,EQ,INE500L01026,gt,gt,lt,gt,isin_eq,base_series=EQ
LEGACY,2017-03-30,BL,SIGNET,INE529F01027,BASE_SAME_ISIN,SIGNET,EQ,INE529F01027,gt,gt,lt,lt,isin_eq,base_series=EQ
LEGACY,2017-03-30,IL,HDFCBANK,INE040A01026,BASE_SAME_ISIN,HDFCBANK,EQ,INE040A01026,lt,lt,lt,lt,isin_eq,base_series=EQ
LEGACY,2017-03-30,IT,GIRRESORTS,INE316N01015,NO_BASE_ORPHAN,,,,,,,,,
LEGACY,2017-03-31,BL,AARTIIND,INE769A01020,BASE_SAME_ISIN,AARTIIND,EQ,INE769A01020,gt,gt,lt,lt,isin_eq,base_series=EQ
LEGACY,2017-03-31,BL,ABFRL,INE647O01011,BASE_SAME_ISIN,ABFRL,EQ,INE647O01011,gt,gt,lt,lt,isin_eq,base_series=EQ
LEGACY,2017-03-31,BL,FRETAIL,INE752P01024,BASE_SAME_ISIN,FRETAIL,EQ,INE752P01024,gt,gt,lt,lt,isin_eq,base_series=EQ
LEGACY,2017-03-31,BL,HUBTOWN,INE703H01016,BASE_SAME_ISIN,HUBTOWN,EQ,INE703H01016,gt,gt,lt,gt,isin_eq,base_series=EQ
LEGACY,2017-03-31,BL,PROVOGE,INE968G01033,BASE_SAME_ISIN,PROVOGE,EQ,INE968G01033,gt,gt,lt,gt,isin_eq,base_series=EQ
LEGACY,2017-03-31,BL,PROZONINTU,INE195N01013,BASE_SAME_ISIN,PROZONINTU,EQ,INE195N01013,gt,gt,lt,lt,isin_eq,base_series=EQ
LEGACY,2017-03-31,BL,SHILPAMED,INE790G01031,BASE_SAME_ISIN,SHILPAMED,EQ,INE790G01031,gt,gt,lt,lt,isin_eq,base_series=EQ
LEGACY,2017-03-31,BL,SIGNET,INE529F01027,BASE_SAME_ISIN,SIGNET,EQ,INE529F01027,lt,lt,lt,lt,isin_eq,base_series=EQ
LEGACY,2017-03-31,IT,GIRRESORTS,INE316N01015,NO_BASE_ORPHAN,,,,,,,,,
LEGACY,2017-04-03,IL,EQUITAS,INE988K01017,BASE_SAME_ISIN,EQUITAS,EQ,INE988K01017,lt,lt,lt,gt,isin_eq,base_series=EQ
LEGACY,2017-04-05,IL,HDFCBANK,INE040A01026,BASE_SAME_ISIN,HDFCBANK,EQ,INE040A01026,gt,gt,lt,gt,isin_eq,base_series=EQ
LEGACY,2017-04-12,BL,JVLAGRO,INE430G01026,BASE_SAME_ISIN,JVLAGRO,EQ,INE430G01026,gt,gt,lt,gt,isin_eq,base_series=EQ
LEGACY,2017-04-12,IL,HDFCBANK,INE040A01026,BASE_SAME_ISIN,HDFCBANK,EQ,INE040A01026,lt,lt,lt,gt,isin_eq,base_series=EQ
LEGACY,2017-04-13,IL,HDFCBANK,INE040A01026,BASE_SAME_ISIN,HDFCBANK,EQ,INE040A01026,lt,lt,lt,gt,isin_eq,base_series=EQ
LEGACY,2017-04-13,IL,IGL,INE203G01019,BASE_SAME_ISIN,IGL,EQ,INE203G01019,lt,lt,lt,gt,isin_eq,base_series=EQ
LEGACY,2017-04-18,IL,HDFCBANK,INE040A01026,BASE_SAME_ISIN,HDFCBANK,EQ,INE040A01026,lt,lt,lt,gt,isin_eq,base_series=EQ
LEGACY,2017-04-24,IL,HDFCBANK,INE040A01026,BASE_SAME_ISIN,HDFCBANK,EQ,INE040A01026,lt,lt,lt,gt,isin_eq,base_series=EQ
LEGACY,2017-04-25,IT,GIRRESORTS,INE316N01015,NO_BASE_ORPHAN,,,,,,,,,
LEGACY,2017-04-26,BL,ARIHANTSUP,INE643K01018,BASE_SAME_ISIN,ARIHANTSUP,EQ,INE643K01018,lt,lt,lt,lt,isin_eq,base_series=EQ
LEGACY,2017-04-26,IT,GIRRESORTS,INE316N01015,NO_BASE_ORPHAN,,,,,,,,,
LEGACY,2017-05-02,IL,IGL,INE203G01019,BASE_SAME_ISIN,IGL,EQ,INE203G01019,lt,lt,lt,gt,isin_eq,base_series=EQ
LEGACY,2017-05-03,IT,GIRRESORTS,INE316N01015,NO_BASE_ORPHAN,,,,,,,,,
LEGACY,2017-05-04,IL,HDFCBANK,INE040A01026,BASE_SAME_ISIN,HDFCBANK,EQ,INE040A01026,lt,lt,lt,gt,isin_eq,base_series=EQ
LEGACY,2017-05-10,IL,TATACHEM,INE092A01019,BASE_SAME_ISIN,TATACHEM,EQ,INE092A01019,lt,lt,lt,gt,isin_eq,base_series=EQ
LEGACY,2017-05-12,BL,APOLLOTYRE,INE438A01022,BASE_SAME_ISIN,APOLLOTYRE,EQ,INE438A01022,lt,lt,lt,gt,isin_eq,base_series=EQ
LEGACY,2017-05-15,IL,HDFCBANK,INE040A01026,BASE_SAME_ISIN,HDFCBANK,EQ,INE040A01026,lt,lt,lt,gt,isin_eq,base_series=EQ
LEGACY,2017-05-15,IT,GIRRESORTS,INE316N01015,NO_BASE_ORPHAN,,,,,,,,,
LEGACY,2017-05-17,IL,HDFCBANK,INE040A01026,BASE_SAME_ISIN,HDFCBANK,EQ,INE040A01026,lt,lt,lt,gt,isin_eq,base_series=EQ
LEGACY,2017-05-17,IT,GIRRESORTS,INE316N01015,NO_BASE_ORPHAN,,,,,,,,,
LEGACY,2017-05-18,IL,HDFCBANK,INE040A01026,BASE_SAME_ISIN,HDFCBANK,EQ,INE040A01026,lt,lt,lt,gt,isin_eq,base_series=EQ
LEGACY,2017-05-18,IT,GIRRESORTS,INE316N01015,NO_BASE_ORPHAN,,,,,,,,,
LEGACY,2017-05-19,IL,HDFCBANK,INE040A01026,BASE_SAME_ISIN,HDFCBANK,EQ,INE040A01026,gt,gt,lt,gt,isin_eq,base_series=EQ
LEGACY,2017-05-23,IL,HDFCBANK,INE040A01026,BASE_SAME_ISIN,HDFCBANK,EQ,INE040A01026,lt,lt,lt,gt,isin_eq,base_series=EQ
LEGACY,2017-05-25,IL,HDFCBANK,INE040A01026,BASE_SAME_ISIN,HDFCBANK,EQ,INE040A01026,lt,lt,lt,lt,isin_eq,base_series=EQ
LEGACY,2017-05-26,IL,HDFCBANK,INE040A01026,BASE_SAME_ISIN,HDFCBANK,EQ,INE040A01026,lt,lt,lt,gt,isin_eq,base_series=EQ
LEGACY,2017-05-29,IL,HDFCBANK,INE040A01026,BASE_SAME_ISIN,HDFCBANK,EQ,INE040A01026,lt,lt,lt,gt,isin_eq,base_series=EQ
LEGACY,2017-05-30,IT,GIRRESORTS,INE316N01015,NO_BASE_ORPHAN,,,,,,,,,
LEGACY,2017-06-01,IL,HDFCBANK,INE040A01026,BASE_SAME_ISIN,HDFCBANK,EQ,INE040A01026,lt,lt,lt,gt,isin_eq,base_series=EQ
LEGACY,2017-06-02,IL,HDFCBANK,INE040A01026,BASE_SAME_ISIN,HDFCBANK,EQ,INE040A01026,lt,lt,lt,gt,isin_eq,base_series=EQ
LEGACY,2017-06-05,IL,HDFCBANK,INE040A01026,BASE_SAME_ISIN,HDFCBANK,EQ,INE040A01026,lt,lt,lt,gt,isin_eq,base_series=EQ
LEGACY,2017-06-05,IL,TRENT,INE849A01020,BASE_SAME_ISIN,TRENT,EQ,INE849A01020,lt,lt,lt,gt,isin_eq,base_series=EQ
LEGACY,2017-06-05,IT,GIRRESORTS,INE316N01015,NO_BASE_ORPHAN,,,,,,,,,
LEGACY,2017-06-07,IL,EQUITAS,INE988K01017,BASE_SAME_ISIN,EQUITAS,EQ,INE988K01017,gt,gt,lt,gt,isin_eq,base_series=EQ
LEGACY,2017-06-07,IL,TATACHEM,INE092A01019,BASE_SAME_ISIN,TATACHEM,EQ,INE092A01019,lt,lt,lt,gt,isin_eq,base_series=EQ
LEGACY,2017-06-09,IT,GIRRESORTS,INE316N01015,NO_BASE_ORPHAN,,,,,,,,,
LEGACY,2017-06-12,IL,HDFCBANK,INE040A01026,BASE_SAME_ISIN,HDFCBANK,EQ,INE040A01026,lt,lt,lt,lt,isin_eq,base_series=EQ
LEGACY,2017-06-14,BL,NCC,INE868B01028,BASE_SAME_ISIN,NCC,EQ,INE868B01028,lt,lt,lt,gt,isin_eq,base_series=EQ
LEGACY,2017-06-15,IL,HDFCBANK,INE040A01026,BASE_SAME_ISIN,HDFCBANK,EQ,INE040A01026,gt,gt,lt,gt,isin_eq,base_series=EQ
LEGACY,2017-06-16,IL,HDFCBANK,INE040A01026,BASE_SAME_ISIN,HDFCBANK,EQ,INE040A01026,lt,lt,lt,lt,isin_eq,base_series=EQ
LEGACY,2017-06-19,BL,CASTROLIND,INE172A01027,BASE_SAME_ISIN,CASTROLIND,EQ,INE172A01027,lt,lt,lt,lt,isin_eq,base_series=EQ
LEGACY,2017-06-20,IL,HDFCBANK,INE040A01026,BASE_SAME_ISIN,HDFCBANK,EQ,INE040A01026,lt,lt,lt,gt,isin_eq,base_series=EQ
LEGACY,2017-06-20,IT,GIRRESORTS,INE316N01015,NO_BASE_ORPHAN,,,,,,,,,
LEGACY,2017-06-21,BL,GINNIFILA,INE424C01010,BASE_SAME_ISIN,GINNIFILA,EQ,INE424C01010,lt,lt,lt,lt,isin_eq,base_series=EQ
LEGACY,2017-06-21,IL,HDFCBANK,INE040A01026,BASE_SAME_ISIN,HDFCBANK,EQ,INE040A01026,lt,lt,lt,gt,isin_eq,base_series=EQ
LEGACY,2017-06-22,IL,HDFCBANK,INE040A01026,BASE_SAME_ISIN,HDFCBANK,EQ,INE040A01026,lt,lt,lt,gt,isin_eq,base_series=EQ
LEGACY,2017-06-23,BL,IRBINVIT,INE183W23014,BASE_SAME_ISIN,IRBINVIT,IV,INE183W23014,gt,gt,lt,gt,isin_eq,base_series=IV
LEGACY,2017-06-23,IL,HDFCBANK,INE040A01026,BASE_SAME_ISIN,HDFCBANK,EQ,INE040A01026,lt,lt,lt,gt,isin_eq,base_series=EQ
LEGACY,2017-06-27,IL,HDFCBANK,INE040A01026,BASE_SAME_ISIN,HDFCBANK,EQ,INE040A01026,gt,gt,lt,gt,isin_eq,base_series=EQ
LEGACY,2017-06-28,IL,FORTIS,INE061F01013,BASE_SAME_ISIN,FORTIS,EQ,INE061F01013,lt,lt,lt,gt,isin_eq,base_series=EQ
LEGACY,2017-06-28,IL,HDFCBANK,INE040A01026,BASE_SAME_ISIN,HDFCBANK,EQ,INE040A01026,lt,lt,lt,gt,isin_eq,base_series=EQ
LEGACY,2017-07-03,IT,GIRRESORTS,INE316N01015,NO_BASE_ORPHAN,,,,,,,,,
LEGACY,2017-07-05,BL,ALKEM,INE540L01014,BASE_SAME_ISIN,ALKEM,EQ,INE540L01014,gt,gt,lt,gt,isin_eq,base_series=EQ
LEGACY,2017-07-05,BL,EDELWEISS,INE532F01054,BASE_SAME_ISIN,EDELWEISS,EQ,INE532F01054,lt,lt,lt,lt,isin_eq,base_series=EQ
LEGACY,2017-07-05,IL,HDFCBANK,INE040A01026,BASE_SAME_ISIN,HDFCBANK,EQ,INE040A01026,lt,lt,lt,gt,isin_eq,base_series=EQ
LEGACY,2017-07-06,BL,FCONSUMER,INE220J01025,BASE_SAME_ISIN,FCONSUMER,EQ,INE220J01025,gt,gt,lt,lt,isin_eq,base_series=EQ
LEGACY,2017-07-06,BL,GAYAPROJ,INE336H01023,BASE_SAME_ISIN,GAYAPROJ,EQ,INE336H01023,gt,gt,lt,lt,isin_eq,base_series=EQ
LEGACY,2017-07-11,IL,HDFCBANK,INE040A01026,BASE_SAME_ISIN,HDFCBANK,EQ,INE040A01026,gt,gt,lt,gt,isin_eq,base_series=EQ
LEGACY,2017-07-12,BL,MINDAIND,INE405E01023,BASE_SAME_ISIN,MINDAIND,EQ,INE405E01023,gt,gt,lt,lt,isin_eq,base_series=EQ
LEGACY,2017-07-12,BL,SPICEMOBI,INE927C01020,BASE_SAME_ISIN,SPICEMOBI,EQ,INE927C01020,gt,gt,lt,lt,isin_eq,base_series=EQ
LEGACY,2017-07-12,BL,WEIZFOREX,INE726L01019,BASE_SAME_ISIN,WEIZFOREX,EQ,INE726L01019,gt,gt,lt,gt,isin_eq,base_series=EQ
LEGACY,2017-07-12,IL,EQUITAS,INE988K01017,BASE_SAME_ISIN,EQUITAS,EQ,INE988K01017,lt,lt,lt,gt,isin_eq,base_series=EQ
LEGACY,2017-07-12,IL,HDFCBANK,INE040A01026,BASE_SAME_ISIN,HDFCBANK,EQ,INE040A01026,lt,lt,lt,gt,isin_eq,base_series=EQ
LEGACY,2017-07-13,IL,HDFCBANK,INE040A01026,BASE_SAME_ISIN,HDFCBANK,EQ,INE040A01026,lt,lt,lt,gt,isin_eq,base_series=EQ
LEGACY,2017-07-13,IT,MOHINI,INE450S01011,NO_BASE_ORPHAN,,,,,,,,,
LEGACY,2017-07-14,IL,CCL,INE421D01022,BASE_SAME_ISIN,CCL,EQ,INE421D01022,gt,gt,lt,gt,isin_eq,base_series=EQ
LEGACY,2017-07-14,IL,HDFCBANK,INE040A01026,BASE_SAME_ISIN,HDFCBANK,EQ,INE040A01026,lt,lt,lt,gt,isin_eq,base_series=EQ
LEGACY,2017-07-14,IT,MOHINI,INE450S01011,NO_BASE_ORPHAN,,,,,,,,,
LEGACY,2017-07-17,BL,FLFL,INE452O01016,BASE_SAME_ISIN,FLFL,EQ,INE452O01016,gt,gt,lt,gt,isin_eq,base_series=EQ
LEGACY,2017-07-17,IL,EQUITAS,INE988K01017,BASE_SAME_ISIN,EQUITAS,EQ,INE988K01017,gt,gt,lt,gt,isin_eq,base_series=EQ
LEGACY,2017-07-17,IL,TATACHEM,INE092A01019,BASE_SAME_ISIN,TATACHEM,EQ,INE092A01019,lt,lt,lt,gt,isin_eq,base_series=EQ
LEGACY,2017-07-17,IT,MOHINI,INE450S01011,NO_BASE_ORPHAN,,,,,,,,,
LEGACY,2017-07-18,IL,IGL,INE203G01019,BASE_SAME_ISIN,IGL,EQ,INE203G01019,gt,gt,lt,gt,isin_eq,base_series=EQ
LEGACY,2017-07-19,BL,VSSL,INE050M01012,BASE_SAME_ISIN,VSSL,EQ,INE050M01012,gt,gt,lt,lt,isin_eq,base_series=EQ
LEGACY,2017-07-20,IT,GIRRESORTS,INE316N01015,NO_BASE_ORPHAN,,,,,,,,,
LEGACY,2017-07-21,IL,EQUITAS,INE988K01017,BASE_SAME_ISIN,EQUITAS,EQ,INE988K01017,lt,lt,lt,gt,isin_eq,base_series=EQ
LEGACY,2017-07-21,IL,HDFCBANK,INE040A01026,BASE_SAME_ISIN,HDFCBANK,EQ,INE040A01026,lt,lt,lt,gt,isin_eq,base_series=EQ
LEGACY,2017-07-24,IL,HDFCBANK,INE040A01026,BASE_SAME_ISIN,HDFCBANK,EQ,INE040A01026,lt,lt,lt,gt,isin_eq,base_series=EQ
LEGACY,2017-07-24,IT,MOHINI,INE450S01011,NO_BASE_ORPHAN,,,,,,,,,
LEGACY,2017-07-25,IL,HDFCBANK,INE040A01026,BASE_SAME_ISIN,HDFCBANK,EQ,INE040A01026,lt,lt,lt,gt,isin_eq,base_series=EQ
LEGACY,2017-07-25,IL,IGL,INE203G01019,BASE_SAME_ISIN,IGL,EQ,INE203G01019,lt,lt,lt,gt,isin_eq,base_series=EQ
LEGACY,2017-07-25,IT,GIRRESORTS,INE316N01015,NO_BASE_ORPHAN,,,,,,,,,
LEGACY,2017-07-26,IL,HDFCBANK,INE040A01026,BASE_SAME_ISIN,HDFCBANK,EQ,INE040A01026,lt,lt,lt,gt,isin_eq,base_series=EQ
LEGACY,2017-07-26,IL,IGL,INE203G01019,BASE_SAME_ISIN,IGL,EQ,INE203G01019,lt,lt,lt,gt,isin_eq,base_series=EQ
LEGACY,2017-07-27,IL,HDFCBANK,INE040A01026,BASE_SAME_ISIN,HDFCBANK,EQ,INE040A01026,lt,lt,lt,gt,isin_eq,base_series=EQ
LEGACY,2017-07-28,IL,HDFCBANK,INE040A01026,BASE_SAME_ISIN,HDFCBANK,EQ,INE040A01026,lt,lt,lt,gt,isin_eq,base_series=EQ
LEGACY,2017-07-31,BL,SHYAMCENT,INE979R01011,BASE_SAME_ISIN,SHYAMCENT,EQ,INE979R01011,gt,gt,lt,gt,isin_eq,base_series=EQ
LEGACY,2017-08-02,IL,HDFCBANK,INE040A01026,BASE_SAME_ISIN,HDFCBANK,EQ,INE040A01026,lt,lt,lt,gt,isin_eq,base_series=EQ
LEGACY,2017-08-04,BL,GULFOILLUB,INE635Q01029,BASE_SAME_ISIN,GULFOILLUB,EQ,INE635Q01029,gt,gt,lt,gt,isin_eq,base_series=EQ
LEGACY,2017-08-04,IL,CCL,INE421D01022,BASE_SAME_ISIN,CCL,EQ,INE421D01022,gt,gt,lt,gt,isin_eq,base_series=EQ
LEGACY,2017-08-04,IL,HDFCBANK,INE040A01026,BASE_SAME_ISIN,HDFCBANK,EQ,INE040A01026,lt,lt,lt,gt,isin_eq,base_series=EQ
LEGACY,2017-08-08,IL,HDFCBANK,INE040A01026,BASE_SAME_ISIN,HDFCBANK,EQ,INE040A01026,lt,lt,lt,gt,isin_eq,base_series=EQ
LEGACY,2017-08-09,IT,GIRRESORTS,INE316N01015,NO_BASE_ORPHAN,,,,,,,,,
LEGACY,2017-08-10,BL,BHARTIARTL,INE397D01024,BASE_SAME_ISIN,BHARTIARTL,EQ,INE397D01024,lt,lt,lt,lt,isin_eq,base_series=EQ
LEGACY,2017-08-11,BL,VSSL,INE050M01012,BASE_SAME_ISIN,VSSL,EQ,INE050M01012,gt,gt,lt,lt,isin_eq,base_series=EQ
LEGACY,2017-08-11,IL,HDFCBANK,INE040A01026,BASE_SAME_ISIN,HDFCBANK,EQ,INE040A01026,lt,lt,lt,gt,isin_eq,base_series=EQ
LEGACY,2017-08-11,IT,GIRRESORTS,INE316N01015,NO_BASE_ORPHAN,,,,,,,,,
LEGACY,2017-08-14,IL,CCL,INE421D01022,BASE_SAME_ISIN,CCL,EQ,INE421D01022,gt,gt,lt,gt,isin_eq,base_series=EQ
LEGACY,2017-08-16,IT,GIRRESORTS,INE316N01015,NO_BASE_ORPHAN,,,,,,,,,
LEGACY,2017-08-21,BL,WEIZFOREX,INE726L01019,BASE_SAME_ISIN,WEIZFOREX,EQ,INE726L01019,gt,gt,lt,lt,isin_eq,base_series=EQ
LEGACY,2017-08-21,IT,GIRRESORTS,INE316N01015,NO_BASE_ORPHAN,,,,,,,,,
LEGACY,2017-08-23,IL,HDFCBANK,INE040A01026,BASE_SAME_ISIN,HDFCBANK,EQ,INE040A01026,lt,lt,lt,gt,isin_eq,base_series=EQ
LEGACY,2017-08-28,BL,NCC,INE868B01028,BASE_SAME_ISIN,NCC,EQ,INE868B01028,gt,gt,lt,lt,isin_eq,base_series=EQ
LEGACY,2017-08-28,BL,TALWALKARS,INE502K01016,BASE_SAME_ISIN,TALWALKARS,EQ,INE502K01016,lt,lt,lt,lt,isin_eq,base_series=EQ
LEGACY,2017-08-30,BL,ALMONDZ,INE326B01027,BASE_SAME_ISIN,ALMONDZ,EQ,INE326B01027,gt,gt,lt,gt,isin_eq,base_series=EQ
LEGACY,2017-08-30,IL,UJJIVAN,INE334L01012,BASE_SAME_ISIN,UJJIVAN,EQ,INE334L01012,lt,lt,lt,gt,isin_eq,base_series=EQ
LEGACY,2017-08-31,IL,HDFCBANK,INE040A01026,BASE_SAME_ISIN,HDFCBANK,EQ,INE040A01026,lt,lt,lt,gt,isin_eq,base_series=EQ
LEGACY,2017-09-01,IL,HDFCBANK,INE040A01026,BASE_SAME_ISIN,HDFCBANK,EQ,INE040A01026,lt,lt,lt,gt,isin_eq,base_series=EQ
LEGACY,2017-09-04,IL,HDFCBANK,INE040A01026,BASE_SAME_ISIN,HDFCBANK,EQ,INE040A01026,lt,lt,lt,gt,isin_eq,base_series=EQ
LEGACY,2017-09-07,IL,EQUITAS,INE988K01017,BASE_SAME_ISIN,EQUITAS,EQ,INE988K01017,gt,gt,lt,lt,isin_eq,base_series=EQ
LEGACY,2017-09-08,IL,HDFCBANK,INE040A01026,BASE_SAME_ISIN,HDFCBANK,EQ,INE040A01026,lt,lt,lt,gt,isin_eq,base_series=EQ
LEGACY,2017-09-11,IL,HDFCBANK,INE040A01026,BASE_SAME_ISIN,HDFCBANK,EQ,INE040A01026,lt,lt,lt,lt,isin_eq,base_series=EQ
LEGACY,2017-09-12,BL,SHYAMCENT,INE979R01011,BASE_SAME_ISIN,SHYAMCENT,EQ,INE979R01011,gt,gt,lt,lt,isin_eq,base_series=EQ
LEGACY,2017-09-13,BL,SHYAMCENT,INE979R01011,BASE_SAME_ISIN,SHYAMCENT,EQ,INE979R01011,gt,gt,lt,gt,isin_eq,base_series=EQ
LEGACY,2017-09-13,IL,HDFCBANK,INE040A01026,BASE_SAME_ISIN,HDFCBANK,EQ,INE040A01026,lt,lt,lt,lt,isin_eq,base_series=EQ
LEGACY,2017-09-13,IT,GIRRESORTS,INE316N01015,NO_BASE_ORPHAN,,,,,,,,,
LEGACY,2017-09-18,IT,GIRRESORTS,INE316N01015,NO_BASE_ORPHAN,,,,,,,,,
LEGACY,2017-09-19,BL,DEEPIND,INE677H01012,BASE_SAME_ISIN,DEEPIND,EQ,INE677H01012,gt,gt,lt,lt,isin_eq,base_series=EQ
LEGACY,2017-09-19,IL,HDFCBANK,INE040A01026,BASE_SAME_ISIN,HDFCBANK,EQ,INE040A01026,lt,lt,lt,gt,isin_eq,base_series=EQ
LEGACY,2017-09-19,IT,GIRRESORTS,INE316N01015,NO_BASE_ORPHAN,,,,,,,,,
LEGACY,2017-09-20,IL,HDFCBANK,INE040A01026,BASE_SAME_ISIN,HDFCBANK,EQ,INE040A01026,lt,lt,lt,gt,isin_eq,base_series=EQ
LEGACY,2017-09-21,BL,HINDMOTORS,INE253A01025,BASE_SAME_ISIN,HINDMOTORS,EQ,INE253A01025,gt,gt,lt,gt,isin_eq,base_series=EQ
LEGACY,2017-09-21,IL,HDFCBANK,INE040A01026,BASE_SAME_ISIN,HDFCBANK,EQ,INE040A01026,lt,lt,lt,lt,isin_eq,base_series=EQ
LEGACY,2017-09-22,IL,HDFCBANK,INE040A01026,BASE_SAME_ISIN,HDFCBANK,EQ,INE040A01026,lt,lt,lt,gt,isin_eq,base_series=EQ
LEGACY,2017-09-25,IL,HDFCBANK,INE040A01026,BASE_SAME_ISIN,HDFCBANK,EQ,INE040A01026,lt,lt,lt,lt,isin_eq,base_series=EQ
LEGACY,2017-09-26,IT,GIRRESORTS,INE316N01015,NO_BASE_ORPHAN,,,,,,,,,
LEGACY,2017-09-27,IL,HDFCBANK,INE040A01026,BASE_SAME_ISIN,HDFCBANK,EQ,INE040A01026,lt,lt,lt,gt,isin_eq,base_series=EQ
LEGACY,2017-09-28,IL,HDFCBANK,INE040A01026,BASE_SAME_ISIN,HDFCBANK,EQ,INE040A01026,lt,lt,lt,lt,isin_eq,base_series=EQ
LEGACY,2017-09-28,IT,GIRRESORTS,INE316N01015,NO_BASE_ORPHAN,,,,,,,,,
LEGACY,2017-09-29,BL,GOCLCORP,INE077F01035,BASE_SAME_ISIN,GOCLCORP,EQ,INE077F01035,gt,gt,lt,lt,isin_eq,base_series=EQ
LEGACY,2017-09-29,BL,NCC,INE868B01028,BASE_SAME_ISIN,NCC,EQ,INE868B01028,gt,gt,lt,lt,isin_eq,base_series=EQ
LEGACY,2017-09-29,IL,HDFCBANK,INE040A01026,BASE_SAME_ISIN,HDFCBANK,EQ,INE040A01026,lt,lt,lt,gt,isin_eq,base_series=EQ
LEGACY,2017-09-29,IT,GIRRESORTS,INE316N01015,NO_BASE_ORPHAN,,,,,,,,,
LEGACY,2017-10-03,BL,HATSUN,INE473B01035,BASE_SAME_ISIN,HATSUN,EQ,INE473B01035,gt,gt,lt,lt,isin_eq,base_series=EQ
LEGACY,2017-10-04,BL,MAHSEAMLES,INE271B01025,BASE_SAME_ISIN,MAHSEAMLES,EQ,INE271B01025,gt,gt,lt,lt,isin_eq,base_series=EQ
LEGACY,2017-10-04,BL,SADBHAV,INE226H01026,BASE_SAME_ISIN,SADBHAV,EQ,INE226H01026,gt,gt,lt,gt,isin_eq,base_series=EQ
LEGACY,2017-10-05,IL,HDFCBANK,INE040A01026,BASE_SAME_ISIN,HDFCBANK,EQ,INE040A01026,lt,lt,lt,gt,isin_eq,base_series=EQ
LEGACY,2017-10-05,IT,GIRRESORTS,INE316N01015,NO_BASE_ORPHAN,,,,,,,,,
LEGACY,2017-10-06,IL,HDFCBANK,INE040A01026,BASE_SAME_ISIN,HDFCBANK,EQ,INE040A01026,lt,lt,lt,gt,isin_eq,base_series=EQ
LEGACY,2017-10-06,IT,GIRRESORTS,INE316N01015,NO_BASE_ORPHAN,,,,,,,,,
LEGACY,2017-10-09,IT,GIRRESORTS,INE316N01015,NO_BASE_ORPHAN,,,,,,,,,
LEGACY,2017-10-10,IL,HDFCBANK,INE040A01026,BASE_SAME_ISIN,HDFCBANK,EQ,INE040A01026,lt,lt,lt,gt,isin_eq,base_series=EQ
LEGACY,2017-10-13,BL,GOCLCORP,INE077F01035,BASE_SAME_ISIN,GOCLCORP,EQ,INE077F01035,gt,gt,lt,gt,isin_eq,base_series=EQ
LEGACY,2017-10-17,IL,BHARATFIN,INE180K01011,BASE_SAME_ISIN,BHARATFIN,EQ,INE180K01011,lt,lt,lt,gt,isin_eq,base_series=EQ
LEGACY,2017-10-17,IL,HDFCBANK,INE040A01026,BASE_SAME_ISIN,HDFCBANK,EQ,INE040A01026,lt,lt,lt,gt,isin_eq,base_series=EQ
LEGACY,2017-10-18,IL,HDFCBANK,INE040A01026,BASE_SAME_ISIN,HDFCBANK,EQ,INE040A01026,gt,gt,lt,gt,isin_eq,base_series=EQ
LEGACY,2017-10-23,IL,BHARATFIN,INE180K01011,BASE_SAME_ISIN,BHARATFIN,EQ,INE180K01011,lt,lt,lt,gt,isin_eq,base_series=EQ
LEGACY,2017-10-23,IL,HDFCBANK,INE040A01026,BASE_SAME_ISIN,HDFCBANK,EQ,INE040A01026,lt,lt,lt,gt,isin_eq,base_series=EQ
LEGACY,2017-10-24,IL,HDFCBANK,INE040A01026,BASE_SAME_ISIN,HDFCBANK,EQ,INE040A01026,lt,lt,lt,lt,isin_eq,base_series=EQ
LEGACY,2017-10-26,BL,MANAKSIA,INE015D01022,BASE_SAME_ISIN,MANAKSIA,EQ,INE015D01022,gt,gt,lt,lt,isin_eq,base_series=EQ
LEGACY,2017-10-26,BL,UNIVCABLES,INE279A01012,BASE_SAME_ISIN,UNIVCABLES,EQ,INE279A01012,gt,gt,lt,gt,isin_eq,base_series=EQ
LEGACY,2017-10-26,IL,HDFCBANK,INE040A01026,BASE_SAME_ISIN,HDFCBANK,EQ,INE040A01026,lt,lt,lt,lt,isin_eq,base_series=EQ
LEGACY,2017-10-27,IL,HDFCBANK,INE040A01026,BASE_SAME_ISIN,HDFCBANK,EQ,INE040A01026,lt,lt,lt,gt,isin_eq,base_series=EQ
LEGACY,2017-11-01,IT,GIRRESORTS,INE316N01015,NO_BASE_ORPHAN,,,,,,,,,
LEGACY,2017-11-06,IL,EQUITAS,INE988K01017,BASE_SAME_ISIN,EQUITAS,EQ,INE988K01017,lt,lt,lt,gt,isin_eq,base_series=EQ
LEGACY,2017-11-06,IL,HDFCBANK,INE040A01026,BASE_SAME_ISIN,HDFCBANK,EQ,INE040A01026,lt,lt,lt,gt,isin_eq,base_series=EQ
LEGACY,2017-11-07,BL,DELTACORP,INE124G01033,BASE_SAME_ISIN,DELTACORP,EQ,INE124G01033,lt,lt,lt,lt,isin_eq,base_series=EQ
LEGACY,2017-11-07,BL,DISHTV,INE836F01026,BASE_SAME_ISIN,DISHTV,EQ,INE836F01026,lt,lt,lt,gt,isin_eq,base_series=EQ
LEGACY,2017-11-07,BL,GREENLAM,INE544R01013,BASE_SAME_ISIN,GREENLAM,EQ,INE544R01013,gt,gt,lt,lt,isin_eq,base_series=EQ
LEGACY,2017-11-07,BL,IDFC,INE043D01016,BASE_SAME_ISIN,IDFC,EQ,INE043D01016,lt,lt,lt,gt,isin_eq,base_series=EQ
LEGACY,2017-11-07,IT,GIRRESORTS,INE316N01015,NO_BASE_ORPHAN,,,,,,,,,
LEGACY,2017-11-08,BL,VSSL,INE050M01012,BASE_SAME_ISIN,VSSL,EQ,INE050M01012,gt,gt,lt,lt,isin_eq,base_series=EQ
LEGACY,2017-11-08,IL,UJJIVAN,INE334L01012,BASE_SAME_ISIN,UJJIVAN,EQ,INE334L01012,gt,gt,lt,lt,isin_eq,base_series=EQ
LEGACY,2017-11-08,IT,GIRRESORTS,INE316N01015,NO_BASE_ORPHAN,,,,,,,,,
LEGACY,2017-11-09,IL,HDFCBANK,INE040A01026,BASE_SAME_ISIN,HDFCBANK,EQ,INE040A01026,lt,lt,lt,gt,isin_eq,base_series=EQ
LEGACY,2017-11-10,BL,HATSUN,INE473B01035,BASE_SAME_ISIN,HATSUN,EQ,INE473B01035,gt,gt,lt,lt,isin_eq,base_series=EQ
LEGACY,2017-11-10,IL,UJJIVAN,INE334L01012,BASE_SAME_ISIN,UJJIVAN,EQ,INE334L01012,lt,lt,lt,gt,isin_eq,base_series=EQ
LEGACY,2017-11-13,BL,SHYAMCENT,INE979R01011,BASE_SAME_ISIN,SHYAMCENT,EQ,INE979R01011,gt,gt,lt,gt,isin_eq,base_series=EQ
LEGACY,2017-11-13,IL,BHARATFIN,INE180K01011,BASE_SAME_ISIN,BHARATFIN,EQ,INE180K01011,lt,lt,lt,lt,isin_eq,base_series=EQ
LEGACY,2017-11-14,BL,SHYAMCENT,INE979R01011,BASE_SAME_ISIN,SHYAMCENT,BE,INE979R01011,gt,gt,lt,eq,isin_eq,base_series=BE
LEGACY,2017-11-14,IL,HDFCBANK,INE040A01026,BASE_SAME_ISIN,HDFCBANK,EQ,INE040A01026,lt,lt,lt,gt,isin_eq,base_series=EQ
LEGACY,2017-11-15,BL,SHYAMCENT,INE979R01011,BASE_SAME_ISIN,SHYAMCENT,BE,INE979R01011,gt,gt,lt,eq,isin_eq,base_series=BE
LEGACY,2017-11-15,IT,GIRRESORTS,INE316N01015,NO_BASE_ORPHAN,,,,,,,,,
LEGACY,2017-11-16,IL,HDFCBANK,INE040A01026,BASE_SAME_ISIN,HDFCBANK,EQ,INE040A01026,lt,lt,lt,gt,isin_eq,base_series=EQ
LEGACY,2017-11-17,BL,SHYAMCENT,INE979R01011,BASE_SAME_ISIN,SHYAMCENT,BE,INE979R01011,gt,gt,lt,lt,isin_eq,base_series=BE
LEGACY,2017-11-21,IL,HDFCBANK,INE040A01026,BASE_SAME_ISIN,HDFCBANK,EQ,INE040A01026,lt,lt,lt,gt,isin_eq,base_series=EQ
LEGACY,2017-11-22,IT,GIRRESORTS,INE316N01015,NO_BASE_ORPHAN,,,,,,,,,
LEGACY,2017-11-24,IT,GIRRESORTS,INE316N01015,NO_BASE_ORPHAN,,,,,,,,,
LEGACY,2017-11-27,IT,GIRRESORTS,INE316N01015,NO_BASE_ORPHAN,,,,,,,,,
LEGACY,2017-11-28,IT,GIRRESORTS,INE316N01015,NO_BASE_ORPHAN,,,,,,,,,
LEGACY,2017-11-29,IT,GIRRESORTS,INE316N01015,NO_BASE_ORPHAN,,,,,,,,,
LEGACY,2017-11-30,IL,EQUITAS,INE988K01017,BASE_SAME_ISIN,EQUITAS,EQ,INE988K01017,lt,lt,lt,gt,isin_eq,base_series=EQ
LEGACY,2017-12-04,IT,GIRRESORTS,INE316N01015,NO_BASE_ORPHAN,,,,,,,,,
LEGACY,2017-12-07,IL,HDFCBANK,INE040A01026,BASE_SAME_ISIN,HDFCBANK,EQ,INE040A01026,lt,lt,lt,lt,isin_eq,base_series=EQ
LEGACY,2017-12-08,IT,GIRRESORTS,INE316N01015,NO_BASE_ORPHAN,,,,,,,,,
LEGACY,2017-12-11,IL,HDFCBANK,INE040A01026,BASE_SAME_ISIN,HDFCBANK,EQ,INE040A01026,gt,gt,lt,lt,isin_eq,base_series=EQ
LEGACY,2017-12-11,IT,GIRRESORTS,INE316N01015,NO_BASE_ORPHAN,,,,,,,,,
LEGACY,2017-12-13,IL,HDFCBANK,INE040A01026,BASE_SAME_ISIN,HDFCBANK,EQ,INE040A01026,gt,gt,lt,gt,isin_eq,base_series=EQ
LEGACY,2017-12-13,IT,GIRRESORTS,INE316N01015,NO_BASE_ORPHAN,,,,,,,,,
LEGACY,2017-12-14,IT,GIRRESORTS,INE316N01015,NO_BASE_ORPHAN,,,,,,,,,
LEGACY,2017-12-15,IL,HDFCBANK,INE040A01026,BASE_SAME_ISIN,HDFCBANK,EQ,INE040A01026,lt,lt,lt,gt,isin_eq,base_series=EQ
LEGACY,2017-12-21,IL,HDFCBANK,INE040A01026,BASE_SAME_ISIN,HDFCBANK,EQ,INE040A01026,lt,lt,lt,gt,isin_eq,base_series=EQ
LEGACY,2017-12-21,IT,GIRRESORTS,INE316N01015,NO_BASE_ORPHAN,,,,,,,,,
LEGACY,2017-12-22,IT,GIRRESORTS,INE316N01015,NO_BASE_ORPHAN,,,,,,,,,
LEGACY,2017-12-26,IT,GIRRESORTS,INE316N01015,NO_BASE_ORPHAN,,,,,,,,,
LEGACY,2017-12-27,IT,GIRRESORTS,INE316N01015,NO_BASE_ORPHAN,,,,,,,,,
LEGACY,2017-12-28,IT,GIRRESORTS,INE316N01015,NO_BASE_ORPHAN,,,,,,,,,
LEGACY,2017-12-29,IT,GIRRESORTS,INE316N01015,NO_BASE_ORPHAN,,,,,,,,,
LEGACY,2018-01-02,IL,HDFCBANK,INE040A01026,BASE_SAME_ISIN,HDFCBANK,EQ,INE040A01026,lt,lt,lt,gt,isin_eq,base_series=EQ
LEGACY,2018-01-03,IL,HDFCBANK,INE040A01026,BASE_SAME_ISIN,HDFCBANK,EQ,INE040A01026,lt,lt,lt,gt,isin_eq,base_series=EQ
LEGACY,2018-01-03,IT,GIRRESORTS,INE316N01015,NO_BASE_ORPHAN,,,,,,,,,
LEGACY,2018-01-04,IT,GIRRESORTS,INE316N01015,NO_BASE_ORPHAN,,,,,,,,,
LEGACY,2018-01-05,IL,EQUITAS,INE988K01017,BASE_SAME_ISIN,EQUITAS,EQ,INE988K01017,lt,lt,lt,lt,isin_eq,base_series=EQ
LEGACY,2018-01-05,IL,HDFCBANK,INE040A01026,BASE_SAME_ISIN,HDFCBANK,EQ,INE040A01026,lt,lt,lt,gt,isin_eq,base_series=EQ
LEGACY,2018-01-05,IT,GIRRESORTS,INE316N01015,NO_BASE_ORPHAN,,,,,,,,,
LEGACY,2018-01-08,IL,HDFCBANK,INE040A01026,BASE_SAME_ISIN,HDFCBANK,EQ,INE040A01026,lt,lt,lt,gt,isin_eq,base_series=EQ
LEGACY,2018-01-08,IT,GIRRESORTS,INE316N01015,NO_BASE_ORPHAN,,,,,,,,,
LEGACY,2018-01-09,IL,HDFCBANK,INE040A01026,BASE_SAME_ISIN,HDFCBANK,EQ,INE040A01026,lt,lt,lt,lt,isin_eq,base_series=EQ
LEGACY,2018-01-09,IT,GIRRESORTS,INE316N01015,NO_BASE_ORPHAN,,,,,,,,,
LEGACY,2018-01-10,BL,DHFL,INE202B01012,BASE_SAME_ISIN,DHFL,EQ,INE202B01012,lt,lt,lt,gt,isin_eq,base_series=EQ
LEGACY,2018-01-11,BL,BIOCON,INE376G01013,BASE_SAME_ISIN,BIOCON,EQ,INE376G01013,lt,lt,lt,lt,isin_eq,base_series=EQ
LEGACY,2018-01-11,BL,TITAN,INE280A01028,BASE_SAME_ISIN,TITAN,EQ,INE280A01028,lt,lt,lt,gt,isin_eq,base_series=EQ
LEGACY,2018-01-11,IL,EQUITAS,INE988K01017,BASE_SAME_ISIN,EQUITAS,EQ,INE988K01017,lt,lt,lt,lt,isin_eq,base_series=EQ
LEGACY,2018-01-11,IT,GIRRESORTS,INE316N01015,NO_BASE_ORPHAN,,,,,,,,,
LEGACY,2018-01-12,IT,GIRRESORTS,INE316N01015,NO_BASE_ORPHAN,,,,,,,,,
LEGACY,2018-01-15,BL,JISLJALEQS,INE175A01038,BASE_SAME_ISIN,JISLJALEQS,EQ,INE175A01038,lt,lt,lt,lt,isin_eq,base_series=EQ
LEGACY,2018-01-15,BL,POWERGRID,INE752E01010,BASE_SAME_ISIN,POWERGRID,EQ,INE752E01010,lt,lt,lt,lt,isin_eq,base_series=EQ
LEGACY,2018-01-15,IL,EQUITAS,INE988K01017,BASE_SAME_ISIN,EQUITAS,EQ,INE988K01017,lt,lt,lt,gt,isin_eq,base_series=EQ
LEGACY,2018-01-15,IT,GIRRESORTS,INE316N01015,NO_BASE_ORPHAN,,,,,,,,,
LEGACY,2018-01-16,IL,HDFCBANK,INE040A01026,BASE_SAME_ISIN,HDFCBANK,EQ,INE040A01026,lt,lt,lt,gt,isin_eq,base_series=EQ
LEGACY,2018-01-16,IT,GIRRESORTS,INE316N01015,NO_BASE_ORPHAN,,,,,,,,,
LEGACY,2018-01-17,IT,GIRRESORTS,INE316N01015,NO_BASE_ORPHAN,,,,,,,,,
LEGACY,2018-01-18,IL,HDFCBANK,INE040A01026,BASE_SAME_ISIN,HDFCBANK,EQ,INE040A01026,lt,lt,lt,gt,isin_eq,base_series=EQ
LEGACY,2018-01-19,IT,3RDROCK,INE768P01012,NO_BASE_ORPHAN,,,,,,,,,
LEGACY,2018-01-19,IT,GIRRESORTS,INE316N01015,NO_BASE_ORPHAN,,,,,,,,,
LEGACY,2018-01-22,BL,HIMATSEIDE,INE049A01027,BASE_SAME_ISIN,HIMATSEIDE,EQ,INE049A01027,gt,gt,lt,gt,isin_eq,base_series=EQ
LEGACY,2018-01-22,IL,HDFCBANK,INE040A01026,BASE_SAME_ISIN,HDFCBANK,EQ,INE040A01026,lt,lt,lt,gt,isin_eq,base_series=EQ
LEGACY,2018-01-22,IT,GIRRESORTS,INE316N01015,NO_BASE_ORPHAN,,,,,,,,,
LEGACY,2018-01-23,IT,GIRRESORTS,INE316N01015,NO_BASE_ORPHAN,,,,,,,,,
LEGACY,2018-01-25,IL,HDFCBANK,INE040A01026,BASE_SAME_ISIN,HDFCBANK,EQ,INE040A01026,lt,lt,lt,gt,isin_eq,base_series=EQ
LEGACY,2018-01-25,IT,GIRRESORTS,INE316N01015,NO_BASE_ORPHAN,,,,,,,,,
LEGACY,2018-01-29,IT,GIRRESORTS,INE316N01015,NO_BASE_ORPHAN,,,,,,,,,
LEGACY,2018-01-30,IT,GIRRESORTS,INE316N01015,NO_BASE_ORPHAN,,,,,,,,,
LEGACY,2018-01-31,IT,GIRRESORTS,INE316N01015,NO_BASE_ORPHAN,,,,,,,,,
LEGACY,2018-02-06,IL,HDFCBANK,INE040A01026,BASE_SAME_ISIN,HDFCBANK,EQ,INE040A01026,lt,lt,lt,lt,isin_eq,base_series=EQ
LEGACY,2018-02-06,IT,GIRRESORTS,INE316N01015,NO_BASE_ORPHAN,,,,,,,,,
LEGACY,2018-02-07,IL,HDFCBANK,INE040A01026,BASE_SAME_ISIN,HDFCBANK,EQ,INE040A01026,lt,lt,lt,gt,isin_eq,base_series=EQ
LEGACY,2018-02-09,IL,HDFCBANK,INE040A01026,BASE_SAME_ISIN,HDFCBANK,EQ,INE040A01026,lt,lt,lt,gt,isin_eq,base_series=EQ
LEGACY,2018-02-09,IT,GIRRESORTS,INE316N01015,NO_BASE_ORPHAN,,,,,,,,,
LEGACY,2018-02-09,IT,MMNL,INE702S01015,NO_BASE_ORPHAN,,,,,,,,,
LEGACY,2018-02-12,IT,GIRRESORTS,INE316N01015,NO_BASE_ORPHAN,,,,,,,,,
LEGACY,2018-02-14,IL,TATACHEM,INE092A01019,BASE_SAME_ISIN,TATACHEM,EQ,INE092A01019,gt,gt,lt,gt,isin_eq,base_series=EQ
LEGACY,2018-02-14,IT,GIRRESORTS,INE316N01015,NO_BASE_ORPHAN,,,,,,,,,
LEGACY,2018-02-15,IT,GIRRESORTS,INE316N01015,NO_BASE_ORPHAN,,,,,,,,,
LEGACY,2018-02-16,IT,GIRRESORTS,INE316N01015,NO_BASE_ORPHAN,,,,,,,,,
LEGACY,2018-02-19,IL,TATACHEM,INE092A01019,BASE_SAME_ISIN,TATACHEM,EQ,INE092A01019,lt,lt,lt,gt,isin_eq,base_series=EQ
LEGACY,2018-02-20,IT,GIRRESORTS,INE316N01015,NO_BASE_ORPHAN,,,,,,,,,
LEGACY,2018-02-22,IT,GIRRESORTS,INE316N01015,NO_BASE_ORPHAN,,,,,,,,,
LEGACY,2018-02-23,IT,GIRRESORTS,INE316N01015,NO_BASE_ORPHAN,,,,,,,,,
LEGACY,2018-02-26,BL,COFFEEDAY,INE335K01011,BASE_SAME_ISIN,COFFEEDAY,EQ,INE335K01011,gt,gt,lt,gt,isin_eq,base_series=EQ
LEGACY,2018-02-26,IT,GIRRESORTS,INE316N01015,NO_BASE_ORPHAN,,,,,,,,,
LEGACY,2018-02-27,IT,GIRRESORTS,INE316N01015,NO_BASE_ORPHAN,,,,,,,,,
LEGACY,2018-02-28,IT,GIRRESORTS,INE316N01015,NO_BASE_ORPHAN,,,,,,,,,
LEGACY,2018-03-01,IT,3RDROCK,INE768P01012,NO_BASE_ORPHAN,,,,,,,,,
LEGACY,2018-03-01,IT,GIRRESORTS,INE316N01015,NO_BASE_ORPHAN,,,,,,,,,
LEGACY,2018-03-05,IL,HDFCBANK,INE040A01026,BASE_SAME_ISIN,HDFCBANK,EQ,INE040A01026,lt,lt,lt,gt,isin_eq,base_series=EQ
LEGACY,2018-03-05,IT,GIRRESORTS,INE316N01015,NO_BASE_ORPHAN,,,,,,,,,
LEGACY,2018-03-06,BL,GAYAPROJ,INE336H01023,BASE_SAME_ISIN,GAYAPROJ,EQ,INE336H01023,gt,gt,lt,gt,isin_eq,base_series=EQ
LEGACY,2018-03-06,IT,GIRRESORTS,INE316N01015,NO_BASE_ORPHAN,,,,,,,,,
LEGACY,2018-03-07,IT,GIRRESORTS,INE316N01015,NO_BASE_ORPHAN,,,,,,,,,
LEGACY,2018-03-08,IL,HDFCBANK,INE040A01026,BASE_SAME_ISIN,HDFCBANK,EQ,INE040A01026,lt,lt,lt,lt,isin_eq,base_series=EQ
LEGACY,2018-03-08,IT,GIRRESORTS,INE316N01015,NO_BASE_ORPHAN,,,,,,,,,
LEGACY,2018-03-09,BL,SHYAMCENT,INE979R01011,BASE_SAME_ISIN,SHYAMCENT,EQ,INE979R01011,gt,gt,lt,lt,isin_eq,base_series=EQ
LEGACY,2018-03-09,IT,GIRRESORTS,INE316N01015,NO_BASE_ORPHAN,,,,,,,,,
LEGACY,2018-03-12,BL,PVR,INE191H01014,BASE_SAME_ISIN,PVR,EQ,INE191H01014,gt,gt,lt,lt,isin_eq,base_series=EQ
LEGACY,2018-03-12,IT,GIRRESORTS,INE316N01015,NO_BASE_ORPHAN,,,,,,,,,
LEGACY,2018-03-13,BL,STARCEMENT,INE460H01021,BASE_SAME_ISIN,STARCEMENT,EQ,INE460H01021,gt,gt,lt,gt,isin_eq,base_series=EQ
LEGACY,2018-03-13,IT,GIRRESORTS,INE316N01015,NO_BASE_ORPHAN,,,,,,,,,
LEGACY,2018-03-14,IT,GIRRESORTS,INE316N01015,NO_BASE_ORPHAN,,,,,,,,,
LEGACY,2018-03-15,BL,BHARTIARTL,INE397D01024,BASE_SAME_ISIN,BHARTIARTL,EQ,INE397D01024,lt,lt,lt,lt,isin_eq,base_series=EQ
LEGACY,2018-03-15,BL,SHYAMCENT,INE979R01011,BASE_SAME_ISIN,SHYAMCENT,EQ,INE979R01011,gt,gt,lt,gt,isin_eq,base_series=EQ
LEGACY,2018-03-15,IL,HDFCBANK,INE040A01026,BASE_SAME_ISIN,HDFCBANK,EQ,INE040A01026,lt,lt,lt,gt,isin_eq,base_series=EQ
LEGACY,2018-03-15,IT,GIRRESORTS,INE316N01015,NO_BASE_ORPHAN,,,,,,,,,
LEGACY,2018-03-16,IT,GIRRESORTS,INE316N01015,NO_BASE_ORPHAN,,,,,,,,,
LEGACY,2018-03-19,IL,HDFCBANK,INE040A01026,BASE_SAME_ISIN,HDFCBANK,EQ,INE040A01026,lt,lt,lt,gt,isin_eq,base_series=EQ
LEGACY,2018-03-19,IT,GIRRESORTS,INE316N01015,NO_BASE_ORPHAN,,,,,,,,,
LEGACY,2018-03-20,IT,GIRRESORTS,INE316N01015,NO_BASE_ORPHAN,,,,,,,,,
LEGACY,2018-03-21,BL,DALMIABHA,INE439L01019,BASE_SAME_ISIN,DALMIABHA,EQ,INE439L01019,lt,lt,lt,gt,isin_eq,base_series=EQ
LEGACY,2018-03-21,BL,SEQUENT,INE807F01027,BASE_SAME_ISIN,SEQUENT,EQ,INE807F01027,gt,gt,lt,lt,isin_eq,base_series=EQ
LEGACY,2018-03-21,IT,GIRRESORTS,INE316N01015,NO_BASE_ORPHAN,,,,,,,,,
LEGACY,2018-03-22,BL,DALMIABHA,INE439L01019,BASE_SAME_ISIN,DALMIABHA,EQ,INE439L01019,lt,lt,lt,gt,isin_eq,base_series=EQ
LEGACY,2018-03-22,IL,HDFCBANK,INE040A01026,BASE_SAME_ISIN,HDFCBANK,EQ,INE040A01026,lt,lt,lt,gt,isin_eq,base_series=EQ
LEGACY,2018-03-22,IT,GIRRESORTS,INE316N01015,NO_BASE_ORPHAN,,,,,,,,,
LEGACY,2018-03-23,BL,SHYAMCENT,INE979R01011,BASE_SAME_ISIN,SHYAMCENT,EQ,INE979R01011,gt,gt,lt,gt,isin_eq,base_series=EQ
LEGACY,2018-03-23,IL,HDFCBANK,INE040A01026,BASE_SAME_ISIN,HDFCBANK,EQ,INE040A01026,lt,lt,lt,gt,isin_eq,base_series=EQ
LEGACY,2018-03-23,IT,GIRRESORTS,INE316N01015,NO_BASE_ORPHAN,,,,,,,,,
LEGACY,2018-03-26,BL,JINDALSAW,INE324A01024,BASE_SAME_ISIN,JINDALSAW,EQ,INE324A01024,gt,gt,lt,lt,isin_eq,base_series=EQ
LEGACY,2018-03-26,BL,JINDRILL,INE742C01031,BASE_SAME_ISIN,JINDRILL,EQ,INE742C01031,gt,gt,lt,lt,isin_eq,base_series=EQ
LEGACY,2018-03-26,IL,HDFCBANK,INE040A01026,BASE_SAME_ISIN,HDFCBANK,EQ,INE040A01026,lt,lt,lt,gt,isin_eq,base_series=EQ
LEGACY,2018-03-26,IT,GIRRESORTS,INE316N01015,NO_BASE_ORPHAN,,,,,,,,,
LEGACY,2018-03-27,IT,GIRRESORTS,INE316N01015,NO_BASE_ORPHAN,,,,,,,,,
LEGACY,2018-03-28,BL,AJMERA,INE298G01027,BASE_SAME_ISIN,AJMERA,EQ,INE298G01027,gt,gt,lt,lt,isin_eq,base_series=EQ
LEGACY,2018-03-28,IL,HDFCBANK,INE040A01026,BASE_SAME_ISIN,HDFCBANK,EQ,INE040A01026,lt,lt,lt,gt,isin_eq,base_series=EQ
LEGACY,2018-03-28,IT,GIRRESORTS,INE316N01015,NO_BASE_ORPHAN,,,,,,,,,
LEGACY,2018-04-02,IL,HDFCBANK,INE040A01026,BASE_SAME_ISIN,HDFCBANK,EQ,INE040A01026,lt,lt,lt,gt,isin_eq,base_series=EQ
LEGACY,2018-04-04,IL,HDFCBANK,INE040A01026,BASE_SAME_ISIN,HDFCBANK,EQ,INE040A01026,lt,lt,lt,gt,isin_eq,base_series=EQ
LEGACY,2018-04-04,IT,GIRRESORTS,INE316N01015,NO_BASE_ORPHAN,,,,,,,,,
LEGACY,2018-04-05,IL,HDFCBANK,INE040A01026,BASE_SAME_ISIN,HDFCBANK,EQ,INE040A01026,gt,gt,lt,gt,isin_eq,base_series=EQ
LEGACY,2018-04-06,IL,HDFCBANK,INE040A01026,BASE_SAME_ISIN,HDFCBANK,EQ,INE040A01026,lt,lt,lt,gt,isin_eq,base_series=EQ
LEGACY,2018-04-06,IT,GIRRESORTS,INE316N01015,NO_BASE_ORPHAN,,,,,,,,,
LEGACY,2018-04-06,IT,QVC,INE899Q01013,NO_BASE_ORPHAN,,,,,,,,,
LEGACY,2018-04-09,IL,HDFCBANK,INE040A01026,BASE_SAME_ISIN,HDFCBANK,EQ,INE040A01026,lt,lt,lt,gt,isin_eq,base_series=EQ
LEGACY,2018-04-10,IL,HDFCBANK,INE040A01026,BASE_SAME_ISIN,HDFCBANK,EQ,INE040A01026,lt,lt,lt,gt,isin_eq,base_series=EQ
LEGACY,2018-04-11,BL,DLF,INE271C01023,BASE_SAME_ISIN,DLF,EQ,INE271C01023,gt,gt,lt,gt,isin_eq,base_series=EQ
LEGACY,2018-04-11,BL,SHALPAINTS,INE849C01026,BASE_SAME_ISIN,SHALPAINTS,EQ,INE849C01026,gt,gt,lt,gt,isin_eq,base_series=EQ
LEGACY,2018-04-11,IL,HDFCBANK,INE040A01026,BASE_SAME_ISIN,HDFCBANK,EQ,INE040A01026,gt,gt,lt,gt,isin_eq,base_series=EQ
LEGACY,2018-04-11,IT,GIRRESORTS,INE316N01015,NO_BASE_ORPHAN,,,,,,,,,
LEGACY,2018-04-12,IL,HDFCBANK,INE040A01026,BASE_SAME_ISIN,HDFCBANK,EQ,INE040A01026,lt,lt,lt,gt,isin_eq,base_series=EQ
LEGACY,2018-04-12,IT,GIRRESORTS,INE316N01015,NO_BASE_ORPHAN,,,,,,,,,
LEGACY,2018-04-18,BL,PAPERPROD,INE275B01026,BASE_SAME_ISIN,PAPERPROD,EQ,INE275B01026,gt,gt,lt,lt,isin_eq,base_series=EQ
LEGACY,2018-04-18,IL,HDFCBANK,INE040A01026,BASE_SAME_ISIN,HDFCBANK,EQ,INE040A01026,lt,lt,lt,gt,isin_eq,base_series=EQ
LEGACY,2018-04-20,BL,AJMERA,INE298G01027,BASE_SAME_ISIN,AJMERA,EQ,INE298G01027,gt,gt,lt,gt,isin_eq,base_series=EQ
LEGACY,2018-04-23,IT,GIRRESORTS,INE316N01015,NO_BASE_ORPHAN,,,,,,,,,
LEGACY,2018-04-24,BL,AJMERA,INE298G01027,BASE_SAME_ISIN,AJMERA,EQ,INE298G01027,gt,gt,lt,gt,isin_eq,base_series=EQ
LEGACY,2018-04-25,IL,HDFCBANK,INE040A01026,BASE_SAME_ISIN,HDFCBANK,EQ,INE040A01026,lt,lt,lt,gt,isin_eq,base_series=EQ
LEGACY,2018-04-26,BL,COFFEEDAY,INE335K01011,BASE_SAME_ISIN,COFFEEDAY,EQ,INE335K01011,gt,gt,lt,lt,isin_eq,base_series=EQ
LEGACY,2018-04-26,BL,SHYAMCENT,INE979R01011,BASE_SAME_ISIN,SHYAMCENT,EQ,INE979R01011,gt,gt,lt,gt,isin_eq,base_series=EQ
LEGACY,2018-04-27,IL,HDFCBANK,INE040A01026,BASE_SAME_ISIN,HDFCBANK,EQ,INE040A01026,lt,lt,lt,gt,isin_eq,base_series=EQ
LEGACY,2018-04-27,IT,GIRRESORTS,INE316N01015,NO_BASE_ORPHAN,,,,,,,,,
LEGACY,2018-04-30,IT,GIRRESORTS,INE316N01015,NO_BASE_ORPHAN,,,,,,,,,
LEGACY,2018-05-02,IL,EQUITAS,INE988K01017,BASE_SAME_ISIN,EQUITAS,EQ,INE988K01017,lt,lt,lt,gt,isin_eq,base_series=EQ
LEGACY,2018-05-02,IT,GIRRESORTS,INE316N01015,NO_BASE_ORPHAN,,,,,,,,,
LEGACY,2018-05-03,IT,GIRRESORTS,INE316N01015,NO_BASE_ORPHAN,,,,,,,,,
LEGACY,2018-05-07,IL,HDFCBANK,INE040A01026,BASE_SAME_ISIN,HDFCBANK,EQ,INE040A01026,lt,lt,lt,gt,isin_eq,base_series=EQ
LEGACY,2018-05-07,IT,GIRRESORTS,INE316N01015,NO_BASE_ORPHAN,,,,,,,,,
LEGACY,2018-05-08,IL,HDFCBANK,INE040A01026,BASE_SAME_ISIN,HDFCBANK,EQ,INE040A01026,lt,lt,lt,gt,isin_eq,base_series=EQ
LEGACY,2018-05-09,IL,HDFCBANK,INE040A01026,BASE_SAME_ISIN,HDFCBANK,EQ,INE040A01026,lt,lt,lt,gt,isin_eq,base_series=EQ
LEGACY,2018-05-09,IT,GIRRESORTS,INE316N01015,NO_BASE_ORPHAN,,,,,,,,,
LEGACY,2018-05-10,IT,GIRRESORTS,INE316N01015,NO_BASE_ORPHAN,,,,,,,,,
LEGACY,2018-05-11,IL,HDFCBANK,INE040A01026,BASE_SAME_ISIN,HDFCBANK,EQ,INE040A01026,lt,lt,lt,gt,isin_eq,base_series=EQ
LEGACY,2018-05-11,IT,GIRRESORTS,INE316N01015,NO_BASE_ORPHAN,,,,,,,,,
LEGACY,2018-05-14,IL,HDFCBANK,INE040A01026,BASE_SAME_ISIN,HDFCBANK,EQ,INE040A01026,lt,lt,lt,gt,isin_eq,base_series=EQ
LEGACY,2018-05-15,IL,HDFCBANK,INE040A01026,BASE_SAME_ISIN,HDFCBANK,EQ,INE040A01026,lt,lt,lt,gt,isin_eq,base_series=EQ
LEGACY,2018-05-15,IT,GIRRESORTS,INE316N01015,NO_BASE_ORPHAN,,,,,,,,,
LEGACY,2018-05-16,IL,HDFCBANK,INE040A01026,BASE_SAME_ISIN,HDFCBANK,EQ,INE040A01026,lt,lt,lt,gt,isin_eq,base_series=EQ
LEGACY,2018-05-16,IT,GIRRESORTS,INE316N01015,NO_BASE_ORPHAN,,,,,,,,,
LEGACY,2018-05-18,IL,HDFCBANK,INE040A01026,BASE_SAME_ISIN,HDFCBANK,EQ,INE040A01026,lt,lt,lt,gt,isin_eq,base_series=EQ
LEGACY,2018-05-18,IT,GIRRESORTS,INE316N01015,NO_BASE_ORPHAN,,,,,,,,,
LEGACY,2018-05-21,IL,HDFCBANK,INE040A01026,BASE_SAME_ISIN,HDFCBANK,EQ,INE040A01026,lt,lt,lt,gt,isin_eq,base_series=EQ
LEGACY,2018-05-22,IT,GIRRESORTS,INE316N01015,NO_BASE_ORPHAN,,,,,,,,,
LEGACY,2018-05-23,IT,GIRRESORTS,INE316N01015,NO_BASE_ORPHAN,,,,,,,,,
LEGACY,2018-05-24,IT,GIRRESORTS,INE316N01015,NO_BASE_ORPHAN,,,,,,,,,
LEGACY,2018-05-25,IT,GIRRESORTS,INE316N01015,NO_BASE_ORPHAN,,,,,,,,,
LEGACY,2018-05-29,IT,GIRRESORTS,INE316N01015,NO_BASE_ORPHAN,,,,,,,,,
LEGACY,2018-05-30,IL,EQUITAS,INE988K01017,BASE_SAME_ISIN,EQUITAS,EQ,INE988K01017,lt,lt,lt,gt,isin_eq,base_series=EQ
LEGACY,2018-05-31,IL,HDFCBANK,INE040A01026,BASE_SAME_ISIN,HDFCBANK,EQ,INE040A01026,lt,lt,lt,gt,isin_eq,base_series=EQ
LEGACY,2018-06-01,BL,JSWENERGY,INE121E01018,BASE_SAME_ISIN,JSWENERGY,EQ,INE121E01018,lt,lt,lt,gt,isin_eq,base_series=EQ
LEGACY,2018-06-04,IL,HDFCBANK,INE040A01026,BASE_SAME_ISIN,HDFCBANK,EQ,INE040A01026,lt,lt,lt,gt,isin_eq,base_series=EQ
LEGACY,2018-06-05,IT,GIRRESORTS,INE316N01015,NO_BASE_ORPHAN,,,,,,,,,
LEGACY,2018-06-06,IL,IEX,INE022Q01012,BASE_SAME_ISIN,IEX,EQ,INE022Q01012,gt,gt,lt,lt,isin_eq,base_series=EQ
LEGACY,2018-06-12,IT,QVC,INE899Q01013,NO_BASE_ORPHAN,,,,,,,,,
LEGACY,2018-06-14,IL,HDFCBANK,INE040A01026,BASE_SAME_ISIN,HDFCBANK,EQ,INE040A01026,lt,lt,lt,gt,isin_eq,base_series=EQ
LEGACY,2018-06-14,IT,GIRRESORTS,INE316N01015,NO_BASE_ORPHAN,,,,,,,,,
LEGACY,2018-06-18,BL,SITINET,INE965H01011,BASE_SAME_ISIN,SITINET,EQ,INE965H01011,gt,gt,lt,lt,isin_eq,base_series=EQ
LEGACY,2018-06-18,IL,HDFCBANK,INE040A01026,BASE_SAME_ISIN,HDFCBANK,EQ,INE040A01026,lt,lt,lt,gt,isin_eq,base_series=EQ
LEGACY,2018-06-22,BL,ZEEMEDIA,INE966H01019,BASE_SAME_ISIN,ZEEMEDIA,EQ,INE966H01019,gt,gt,lt,lt,isin_eq,base_series=EQ
LEGACY,2018-06-25,BL,TIINDIA,INE974X01010,BASE_SAME_ISIN,TIINDIA,EQ,INE974X01010,gt,gt,lt,lt,isin_eq,base_series=EQ
LEGACY,2018-06-27,BL,ZEEMEDIA,INE966H01019,BASE_SAME_ISIN,ZEEMEDIA,EQ,INE966H01019,gt,gt,lt,lt,isin_eq,base_series=EQ
LEGACY,2018-06-27,IL,HDFCBANK,INE040A01026,BASE_SAME_ISIN,HDFCBANK,EQ,INE040A01026,lt,lt,lt,lt,isin_eq,base_series=EQ
LEGACY,2018-07-05,IT,GIRRESORTS,INE316N01015,NO_BASE_ORPHAN,,,,,,,,,
LEGACY,2018-07-10,IT,GIRRESORTS,INE316N01015,NO_BASE_ORPHAN,,,,,,,,,
LEGACY,2018-07-11,IT,GIRRESORTS,INE316N01015,NO_BASE_ORPHAN,,,,,,,,,
LEGACY,2018-07-12,IT,GIRRESORTS,INE316N01015,NO_BASE_ORPHAN,,,,,,,,,
LEGACY,2018-07-13,IT,GIRRESORTS,INE316N01015,NO_BASE_ORPHAN,,,,,,,,,
LEGACY,2018-07-19,IT,GIRRESORTS,INE316N01015,NO_BASE_ORPHAN,,,,,,,,,
LEGACY,2018-07-20,IT,GIRRESORTS,INE316N01015,NO_BASE_ORPHAN,,,,,,,,,
LEGACY,2018-07-23,IT,GIRRESORTS,INE316N01015,NO_BASE_ORPHAN,,,,,,,,,
LEGACY,2018-07-24,IT,GIRRESORTS,INE316N01015,NO_BASE_ORPHAN,,,,,,,,,
LEGACY,2018-07-25,IT,GIRRESORTS,INE316N01015,NO_BASE_ORPHAN,,,,,,,,,
LEGACY,2018-07-27,IT,GIRRESORTS,INE316N01015,NO_BASE_ORPHAN,,,,,,,,,
LEGACY,2018-07-31,BL,AJMERA,INE298G01027,BASE_SAME_ISIN,AJMERA,EQ,INE298G01027,gt,gt,lt,lt,isin_eq,base_series=EQ
LEGACY,2018-07-31,IT,GIRRESORTS,INE316N01015,NO_BASE_ORPHAN,,,,,,,,,
LEGACY,2018-08-01,BL,AJMERA,INE298G01027,BASE_SAME_ISIN,AJMERA,EQ,INE298G01027,gt,gt,lt,gt,isin_eq,base_series=EQ
LEGACY,2018-08-02,BL,AJMERA,INE298G01027,BASE_SAME_ISIN,AJMERA,EQ,INE298G01027,gt,gt,lt,gt,isin_eq,base_series=EQ
LEGACY,2018-08-02,IT,GIRRESORTS,INE316N01015,NO_BASE_ORPHAN,,,,,,,,,
LEGACY,2018-08-03,BL,AJMERA,INE298G01027,BASE_SAME_ISIN,AJMERA,EQ,INE298G01027,gt,gt,lt,lt,isin_eq,base_series=EQ
LEGACY,2018-08-03,IT,GIRRESORTS,INE316N01015,NO_BASE_ORPHAN,,,,,,,,,
LEGACY,2018-08-06,BL,AJMERA,INE298G01027,BASE_SAME_ISIN,AJMERA,EQ,INE298G01027,gt,gt,lt,lt,isin_eq,base_series=EQ
LEGACY,2018-08-07,BL,AJMERA,INE298G01027,BASE_SAME_ISIN,AJMERA,EQ,INE298G01027,gt,gt,lt,gt,isin_eq,base_series=EQ
LEGACY,2018-08-07,BL,TECHNO,INE286K01024,BASE_SAME_ISIN,TECHNO,EQ,INE286K01024,lt,lt,lt,gt,isin_eq,base_series=EQ
LEGACY,2018-08-07,IT,GIRRESORTS,INE316N01015,NO_BASE_ORPHAN,,,,,,,,,
LEGACY,2018-08-07,IT,QVC,INE899Q01013,NO_BASE_ORPHAN,,,,,,,,,
LEGACY,2018-08-08,BL,AJMERA,INE298G01027,BASE_SAME_ISIN,AJMERA,EQ,INE298G01027,gt,gt,lt,gt,isin_eq,base_series=EQ
LEGACY,2018-08-09,IT,GIRRESORTS,INE316N01015,NO_BASE_ORPHAN,,,,,,,,,
LEGACY,2018-08-10,BL,AJMERA,INE298G01027,BASE_SAME_ISIN,AJMERA,EQ,INE298G01027,gt,gt,lt,gt,isin_eq,base_series=EQ
LEGACY,2018-08-10,IT,GIRRESORTS,INE316N01015,NO_BASE_ORPHAN,,,,,,,,,
LEGACY,2018-08-13,BL,AJMERA,INE298G01027,BASE_SAME_ISIN,AJMERA,EQ,INE298G01027,gt,gt,lt,gt,isin_eq,base_series=EQ
LEGACY,2018-08-14,BL,PARSVNATH,INE561H01026,BASE_SAME_ISIN,PARSVNATH,EQ,INE561H01026,gt,gt,lt,gt,isin_eq,base_series=EQ
LEGACY,2018-08-14,BL,SHK,INE500L01026,BASE_SAME_ISIN,SHK,EQ,INE500L01026,gt,gt,lt,lt,isin_eq,base_series=EQ
LEGACY,2018-08-14,IT,GIRRESORTS,INE316N01015,NO_BASE_ORPHAN,,,,,,,,,
LEGACY,2018-08-14,IT,QVC,INE899Q01013,NO_BASE_ORPHAN,,,,,,,,,
LEGACY,2018-08-16,BL,AJMERA,INE298G01027,BASE_SAME_ISIN,AJMERA,EQ,INE298G01027,gt,gt,lt,gt,isin_eq,base_series=EQ
LEGACY,2018-08-17,BL,HATSUN,INE473B01035,BASE_SAME_ISIN,HATSUN,EQ,INE473B01035,gt,gt,lt,gt,isin_eq,base_series=EQ
LEGACY,2018-08-20,IT,GIRRESORTS,INE316N01015,NO_BASE_ORPHAN,,,,,,,,,
LEGACY,2018-08-21,BL,AJMERA,INE298G01027,BASE_SAME_ISIN,AJMERA,EQ,INE298G01027,gt,gt,lt,lt,isin_eq,base_series=EQ
LEGACY,2018-08-21,BL,HDFCBANK,INE040A01026,BASE_SAME_ISIN,HDFCBANK,EQ,INE040A01026,lt,lt,lt,gt,isin_eq,base_series=EQ
LEGACY,2018-08-21,BL,ITC,INE154A01025,BASE_SAME_ISIN,ITC,EQ,INE154A01025,lt,lt,lt,gt,isin_eq,base_series=EQ
LEGACY,2018-08-21,BL,MARUTI,INE585B01010,BASE_SAME_ISIN,MARUTI,EQ,INE585B01010,lt,lt,lt,lt,isin_eq,base_series=EQ
LEGACY,2018-08-21,BL,MCDOWELL-N,INE854D01024,BASE_SAME_ISIN,MCDOWELL-N,EQ,INE854D01024,gt,gt,lt,gt,isin_eq,base_series=EQ
LEGACY,2018-08-23,BL,AJMERA,INE298G01027,BASE_SAME_ISIN,AJMERA,EQ,INE298G01027,gt,gt,lt,gt,isin_eq,base_series=EQ
LEGACY,2018-08-24,BL,AJMERA,INE298G01027,BASE_SAME_ISIN,AJMERA,EQ,INE298G01027,gt,gt,lt,lt,isin_eq,base_series=EQ
LEGACY,2018-08-24,IT,GIRRESORTS,INE316N01015,NO_BASE_ORPHAN,,,,,,,,,
LEGACY,2018-08-27,IT,QVC,INE899Q01013,NO_BASE_ORPHAN,,,,,,,,,
LEGACY,2018-08-28,BL,TRIDENT,INE064C01014,BASE_SAME_ISIN,TRIDENT,EQ,INE064C01014,gt,gt,lt,lt,isin_eq,base_series=EQ
LEGACY,2018-08-28,IT,GIRRESORTS,INE316N01015,NO_BASE_ORPHAN,,,,,,,,,
LEGACY,2018-08-28,IT,QVC,INE899Q01013,NO_BASE_ORPHAN,,,,,,,,,
LEGACY,2018-08-29,BL,AJMERA,INE298G01027,BASE_SAME_ISIN,AJMERA,EQ,INE298G01027,gt,gt,lt,lt,isin_eq,base_series=EQ
LEGACY,2018-08-30,BL,DLF,INE271C01023,BASE_SAME_ISIN,DLF,EQ,INE271C01023,gt,gt,lt,lt,isin_eq,base_series=EQ
LEGACY,2018-08-30,IT,GIRRESORTS,INE316N01015,NO_BASE_ORPHAN,,,,,,,,,
LEGACY,2018-08-31,BL,TRIDENT,INE064C01014,BASE_SAME_ISIN,TRIDENT,EQ,INE064C01014,gt,gt,lt,gt,isin_eq,base_series=EQ
LEGACY,2018-08-31,IT,QVC,INE899Q01013,NO_BASE_ORPHAN,,,,,,,,,
LEGACY,2018-09-05,IT,QVC,INE899Q01013,NO_BASE_ORPHAN,,,,,,,,,
LEGACY,2018-09-06,BL,STAR,INE939A01011,BASE_SAME_ISIN,STAR,EQ,INE939A01011,lt,lt,lt,lt,isin_eq,base_series=EQ
LEGACY,2018-09-06,IT,GIRRESORTS,INE316N01015,NO_BASE_ORPHAN,,,,,,,,,
LEGACY,2018-09-10,BL,AJMERA,INE298G01027,BASE_SAME_ISIN,AJMERA,EQ,INE298G01027,gt,gt,lt,gt,isin_eq,base_series=EQ
LEGACY,2018-09-10,IT,GIRRESORTS,INE316N01015,NO_BASE_ORPHAN,,,,,,,,,
LEGACY,2018-09-11,IT,GIRRESORTS,INE316N01015,NO_BASE_ORPHAN,,,,,,,,,
LEGACY,2018-09-12,BL,AJMERA,INE298G01027,BASE_SAME_ISIN,AJMERA,EQ,INE298G01027,gt,gt,lt,lt,isin_eq,base_series=EQ
LEGACY,2018-09-12,IT,GIRRESORTS,INE316N01015,NO_BASE_ORPHAN,,,,,,,,,
LEGACY,2018-09-14,BL,ANANTRAJ,INE242C01024,BASE_SAME_ISIN,ANANTRAJ,EQ,INE242C01024,gt,gt,lt,lt,isin_eq,base_series=EQ
LEGACY,2018-09-17,BL,JPPOWER,INE351F01018,BASE_SAME_ISIN,JPPOWER,EQ,INE351F01018,gt,gt,lt,lt,isin_eq,base_series=EQ
LEGACY,2018-09-17,BL,STARCEMENT,INE460H01021,BASE_SAME_ISIN,STARCEMENT,EQ,INE460H01021,gt,gt,lt,lt,isin_eq,base_series=EQ
LEGACY,2018-09-17,IT,GIRRESORTS,INE316N01015,NO_BASE_ORPHAN,,,,,,,,,
LEGACY,2018-09-18,IT,GIRRESORTS,INE316N01015,NO_BASE_ORPHAN,,,,,,,,,
LEGACY,2018-09-19,BL,CHOLAFIN,INE121A01016,BASE_SAME_ISIN,CHOLAFIN,EQ,INE121A01016,gt,gt,lt,gt,isin_eq,base_series=EQ
LEGACY,2018-09-19,BL,JPPOWER,INE351F01018,BASE_SAME_ISIN,JPPOWER,EQ,INE351F01018,gt,gt,lt,gt,isin_eq,base_series=EQ
LEGACY,2018-09-19,BL,ZEEL,INE256A01028,BASE_SAME_ISIN,ZEEL,EQ,INE256A01028,lt,lt,lt,gt,isin_eq,base_series=EQ
LEGACY,2018-09-19,IT,GIRRESORTS,INE316N01015,NO_BASE_ORPHAN,,,,,,,,,
LEGACY,2018-09-21,IT,GIRRESORTS,INE316N01015,NO_BASE_ORPHAN,,,,,,,,,
LEGACY,2018-09-24,IT,GIRRESORTS,INE316N01015,NO_BASE_ORPHAN,,,,,,,,,
LEGACY,2018-09-24,IT,MMNL,INE702S01015,NO_BASE_ORPHAN,,,,,,,,,
LEGACY,2018-09-25,BL,STARCEMENT,INE460H01021,BASE_SAME_ISIN,STARCEMENT,EQ,INE460H01021,gt,gt,lt,lt,isin_eq,base_series=EQ
LEGACY,2018-09-25,IT,GIRRESORTS,INE316N01015,NO_BASE_ORPHAN,,,,,,,,,
LEGACY,2018-09-26,IT,GIRRESORTS,INE316N01015,NO_BASE_ORPHAN,,,,,,,,,
LEGACY,2018-09-28,BL,ABCAPITAL,INE674K01013,BASE_SAME_ISIN,ABCAPITAL,EQ,INE674K01013,lt,lt,lt,gt,isin_eq,base_series=EQ
LEGACY,2018-09-28,BL,ABFRL,INE647O01011,BASE_SAME_ISIN,ABFRL,EQ,INE647O01011,lt,lt,lt,gt,isin_eq,base_series=EQ
LEGACY,2018-09-28,BL,GRASIM,INE047A01021,BASE_SAME_ISIN,GRASIM,EQ,INE047A01021,lt,lt,lt,gt,isin_eq,base_series=EQ
LEGACY,2018-09-28,BL,HINDALCO,INE038A01020,BASE_SAME_ISIN,HINDALCO,EQ,INE038A01020,lt,lt,lt,gt,isin_eq,base_series=EQ
LEGACY,2018-09-28,BL,MOTILALOFS,INE338I01027,BASE_SAME_ISIN,MOTILALOFS,EQ,INE338I01027,gt,gt,lt,lt,isin_eq,base_series=EQ
LEGACY,2018-09-28,BL,TRIDENT,INE064C01014,BASE_SAME_ISIN,TRIDENT,EQ,INE064C01014,gt,gt,lt,gt,isin_eq,base_series=EQ
LEGACY,2018-09-28,BL,UFLEX,INE516A01017,BASE_SAME_ISIN,UFLEX,EQ,INE516A01017,gt,gt,lt,gt,isin_eq,base_series=EQ
LEGACY,2018-09-28,BL,ULTRACEMCO,INE481G01011,BASE_SAME_ISIN,ULTRACEMCO,EQ,INE481G01011,lt,lt,lt,gt,isin_eq,base_series=EQ
LEGACY,2018-09-28,IT,GIRRESORTS,INE316N01015,NO_BASE_ORPHAN,,,,,,,,,
LEGACY,2018-10-01,BL,FAIRCHEM,INE959A01019,BASE_SAME_ISIN,FAIRCHEM,EQ,INE959A01019,gt,gt,lt,lt,isin_eq,base_series=EQ
LEGACY,2018-10-05,IT,3RDROCK,INE768P01012,NO_BASE_ORPHAN,,,,,,,,,
LEGACY,2018-10-08,BL,SICAL,INE075B01012,BASE_SAME_ISIN,SICAL,EQ,INE075B01012,gt,gt,lt,lt,isin_eq,base_series=EQ
LEGACY,2018-10-08,IT,3RDROCK,INE768P01012,NO_BASE_ORPHAN,,,,,,,,,
LEGACY,2018-10-09,IT,3RDROCK,INE768P01012,NO_BASE_ORPHAN,,,,,,,,,
LEGACY,2018-10-10,IT,3RDROCK,INE768P01012,NO_BASE_ORPHAN,,,,,,,,,
LEGACY,2018-10-11,IT,GIRRESORTS,INE316N01015,NO_BASE_ORPHAN,,,,,,,,,
LEGACY,2018-10-12,IT,GIRRESORTS,INE316N01015,NO_BASE_ORPHAN,,,,,,,,,
LEGACY,2018-10-15,IT,GIRRESORTS,INE316N01015,NO_BASE_ORPHAN,,,,,,,,,
LEGACY,2018-10-16,BL,RAMANEWS,INE278B01020,BASE_SAME_ISIN,RAMANEWS,EQ,INE278B01020,gt,gt,lt,lt,isin_eq,base_series=EQ
LEGACY,2018-10-16,IT,GIRRESORTS,INE316N01015,NO_BASE_ORPHAN,,,,,,,,,
LEGACY,2018-10-17,IT,GIRRESORTS,INE316N01015,NO_BASE_ORPHAN,,,,,,,,,
LEGACY,2018-10-19,IT,GIRRESORTS,INE316N01015,NO_BASE_ORPHAN,,,,,,,,,
LEGACY,2018-10-22,BL,TRIDENT,INE064C01014,BASE_SAME_ISIN,TRIDENT,EQ,INE064C01014,gt,gt,lt,gt,isin_eq,base_series=EQ
LEGACY,2018-10-22,IT,GIRRESORTS,INE316N01015,NO_BASE_ORPHAN,,,,,,,,,
LEGACY,2018-10-23,IT,GIRRESORTS,INE316N01015,NO_BASE_ORPHAN,,,,,,,,,
LEGACY,2018-10-24,IT,GIRRESORTS,INE316N01015,NO_BASE_ORPHAN,,,,,,,,,
LEGACY,2018-10-25,IT,GIRRESORTS,INE316N01015,NO_BASE_ORPHAN,,,,,,,,,
LEGACY,2018-10-26,IT,GIRRESORTS,INE316N01015,NO_BASE_ORPHAN,,,,,,,,,
LEGACY,2018-10-29,IT,GIRRESORTS,INE316N01015,NO_BASE_ORPHAN,,,,,,,,,
LEGACY,2018-10-30,IT,GIRRESORTS,INE316N01015,NO_BASE_ORPHAN,,,,,,,,,
LEGACY,2018-10-31,IT,GIRRESORTS,INE316N01015,NO_BASE_ORPHAN,,,,,,,,,
LEGACY,2018-11-01,IT,GIRRESORTS,INE316N01015,NO_BASE_ORPHAN,,,,,,,,,
LEGACY,2018-11-02,IT,GIRRESORTS,INE316N01015,NO_BASE_ORPHAN,,,,,,,,,
LEGACY,2018-11-05,IT,GIRRESORTS,INE316N01015,NO_BASE_ORPHAN,,,,,,,,,
LEGACY,2018-11-15,BL,KOTAKBANK,INE237A01028,BASE_SAME_ISIN,KOTAKBANK,EQ,INE237A01028,gt,gt,lt,lt,isin_eq,base_series=EQ
LEGACY,2018-11-27,BL,CENTURYTEX,INE055A01016,BASE_SAME_ISIN,CENTURYTEX,EQ,INE055A01016,gt,gt,lt,lt,isin_eq,base_series=EQ
LEGACY,2018-11-27,IT,KAWIRES,INE372S01017,NO_BASE_ORPHAN,,,,,,,,,
LEGACY,2018-11-28,IT,GIRRESORTS,INE316N01015,NO_BASE_ORPHAN,,,,,,,,,
LEGACY,2018-12-05,IT,GIRRESORTS,INE316N01015,NO_BASE_ORPHAN,,,,,,,,,
LEGACY,2018-12-07,IT,GIRRESORTS,INE316N01015,NO_BASE_ORPHAN,,,,,,,,,
LEGACY,2018-12-10,IT,GIRRESORTS,INE316N01015,NO_BASE_ORPHAN,,,,,,,,,
LEGACY,2018-12-11,IT,GIRRESORTS,INE316N01015,NO_BASE_ORPHAN,,,,,,,,,
LEGACY,2018-12-12,IT,GIRRESORTS,INE316N01015,NO_BASE_ORPHAN,,,,,,,,,
LEGACY,2018-12-13,BL,MFSL,INE180A01020,BASE_SAME_ISIN,MFSL,EQ,INE180A01020,gt,gt,lt,lt,isin_eq,base_series=EQ
LEGACY,2018-12-13,IT,GIRRESORTS,INE316N01015,NO_BASE_ORPHAN,,,,,,,,,
LEGACY,2018-12-14,IT,GIRRESORTS,INE316N01015,NO_BASE_ORPHAN,,,,,,,,,
LEGACY,2018-12-17,IT,GIRRESORTS,INE316N01015,NO_BASE_ORPHAN,,,,,,,,,
LEGACY,2018-12-24,IT,GIRRESORTS,INE316N01015,NO_BASE_ORPHAN,,,,,,,,,
LEGACY,2018-12-26,IT,GIRRESORTS,INE316N01015,NO_BASE_ORPHAN,,,,,,,,,
LEGACY,2018-12-27,IT,GIRRESORTS,INE316N01015,NO_BASE_ORPHAN,,,,,,,,,
LEGACY,2018-12-28,IT,GIRRESORTS,INE316N01015,NO_BASE_ORPHAN,,,,,,,,,
LEGACY,2019-01-01,IT,GIRRESORTS,INE316N01015,NO_BASE_ORPHAN,,,,,,,,,
LEGACY,2019-01-11,IT,GIRRESORTS,INE316N01015,NO_BASE_ORPHAN,,,,,,,,,
LEGACY,2019-01-15,BL,INDUSINDBK,INE095A01012,BASE_SAME_ISIN,INDUSINDBK,EQ,INE095A01012,lt,lt,lt,gt,isin_eq,base_series=EQ
LEGACY,2019-01-30,BL,MOTILALOFS,INE338I01027,BASE_SAME_ISIN,MOTILALOFS,EQ,INE338I01027,gt,gt,lt,lt,isin_eq,base_series=EQ
LEGACY,2019-01-30,BL,TRIDENT,INE064C01014,BASE_SAME_ISIN,TRIDENT,EQ,INE064C01014,gt,gt,lt,lt,isin_eq,base_series=EQ
LEGACY,2019-02-04,BL,STARCEMENT,INE460H01021,BASE_SAME_ISIN,STARCEMENT,EQ,INE460H01021,gt,gt,lt,lt,isin_eq,base_series=EQ
LEGACY,2019-02-04,BL,VOLTAMP,INE540H01012,BASE_SAME_ISIN,VOLTAMP,EQ,INE540H01012,gt,gt,lt,gt,isin_eq,base_series=EQ
LEGACY,2019-02-11,BL,HDFC,INE001A01036,BASE_SAME_ISIN,HDFC,EQ,INE001A01036,lt,lt,lt,lt,isin_eq,base_series=EQ
LEGACY,2019-02-11,BL,MARICO,INE196A01026,BASE_SAME_ISIN,MARICO,EQ,INE196A01026,gt,gt,lt,gt,isin_eq,base_series=EQ
LEGACY,2019-02-11,BL,TCS,INE467B01029,BASE_SAME_ISIN,TCS,EQ,INE467B01029,lt,lt,lt,lt,isin_eq,base_series=EQ
LEGACY,2019-02-11,BL,TECHM,INE669C01036,BASE_SAME_ISIN,TECHM,EQ,INE669C01036,lt,lt,lt,lt,isin_eq,base_series=EQ
LEGACY,2019-02-18,BL,CIPLA,INE059A01026,BASE_SAME_ISIN,CIPLA,EQ,INE059A01026,gt,gt,lt,lt,isin_eq,base_series=EQ
LEGACY,2019-02-18,BL,COLPAL,INE259A01022,BASE_SAME_ISIN,COLPAL,EQ,INE259A01022,lt,lt,lt,gt,isin_eq,base_series=EQ
LEGACY,2019-02-18,BL,DABUR,INE016A01026,BASE_SAME_ISIN,DABUR,EQ,INE016A01026,lt,lt,lt,gt,isin_eq,base_series=EQ
LEGACY,2019-02-18,BL,DRREDDY,INE089A01023,BASE_SAME_ISIN,DRREDDY,EQ,INE089A01023,lt,lt,lt,lt,isin_eq,base_series=EQ
LEGACY,2019-02-18,BL,GODREJCP,INE102D01028,BASE_SAME_ISIN,GODREJCP,EQ,INE102D01028,gt,gt,lt,gt,isin_eq,base_series=EQ
LEGACY,2019-02-18,BL,HDFC,INE001A01036,BASE_SAME_ISIN,HDFC,EQ,INE001A01036,lt,lt,lt,gt,isin_eq,base_series=EQ
LEGACY,2019-02-18,BL,KOTAKBANK,INE237A01028,BASE_SAME_ISIN,KOTAKBANK,EQ,INE237A01028,gt,gt,lt,gt,isin_eq,base_series=EQ
LEGACY,2019-02-18,BL,M&M,INE101A01026,BASE_SAME_ISIN,M&M,EQ,INE101A01026,gt,gt,lt,gt,isin_eq,base_series=EQ
LEGACY,2019-02-18,BL,MARICO,INE196A01026,BASE_SAME_ISIN,MARICO,EQ,INE196A01026,gt,gt,lt,gt,isin_eq,base_series=EQ
LEGACY,2019-02-18,BL,TCS,INE467B01029,BASE_SAME_ISIN,TCS,EQ,INE467B01029,lt,lt,lt,gt,isin_eq,base_series=EQ
LEGACY,2019-02-18,BL,TECHM,INE669C01036,BASE_SAME_ISIN,TECHM,EQ,INE669C01036,gt,gt,lt,lt,isin_eq,base_series=EQ
LEGACY,2019-02-22,BL,INDINFR,INE790Z23019,NO_BASE_ORPHAN,,,,,,,,,
LEGACY,2019-02-25,BL,CIPLA,INE059A01026,BASE_SAME_ISIN,CIPLA,EQ,INE059A01026,gt,gt,lt,lt,isin_eq,base_series=EQ
LEGACY,2019-02-25,BL,COLPAL,INE259A01022,BASE_SAME_ISIN,COLPAL,EQ,INE259A01022,gt,gt,lt,lt,isin_eq,base_series=EQ
LEGACY,2019-02-25,BL,CYIENT,INE136B01020,BASE_SAME_ISIN,CYIENT,EQ,INE136B01020,gt,gt,lt,lt,isin_eq,base_series=EQ
LEGACY,2019-02-25,BL,DABUR,INE016A01026,BASE_SAME_ISIN,DABUR,EQ,INE016A01026,lt,lt,lt,gt,isin_eq,base_series=EQ
LEGACY,2019-02-25,BL,DRREDDY,INE089A01023,BASE_SAME_ISIN,DRREDDY,EQ,INE089A01023,lt,lt,lt,lt,isin_eq,base_series=EQ
LEGACY,2019-02-25,BL,FEDERALBNK,INE171A01029,BASE_SAME_ISIN,FEDERALBNK,EQ,INE171A01029,lt,lt,lt,lt,isin_eq,base_series=EQ
LEGACY,2019-02-25,BL,GODREJCP,INE102D01028,BASE_SAME_ISIN,GODREJCP,EQ,INE102D01028,lt,lt,lt,gt,isin_eq,base_series=EQ
LEGACY,2019-02-25,BL,HDFC,INE001A01036,BASE_SAME_ISIN,HDFC,EQ,INE001A01036,lt,lt,lt,lt,isin_eq,base_series=EQ
LEGACY,2019-02-25,BL,IDEA,INE669E01016,BASE_SAME_ISIN,IDEA,EQ,INE669E01016,lt,lt,lt,lt,isin_eq,base_series=EQ
LEGACY,2019-02-25,BL,INFY,INE009A01021,BASE_SAME_ISIN,INFY,EQ,INE009A01021,lt,lt,lt,lt,isin_eq,base_series=EQ
LEGACY,2019-02-25,BL,KOTAKBANK,INE237A01028,BASE_SAME_ISIN,KOTAKBANK,EQ,INE237A01028,lt,lt,lt,lt,isin_eq,base_series=EQ
LEGACY,2019-02-25,BL,LALPATHLAB,INE600L01024,BASE_SAME_ISIN,LALPATHLAB,EQ,INE600L01024,gt,gt,lt,gt,isin_eq,base_series=EQ
LEGACY,2019-02-25,BL,M&M,INE101A01026,BASE_SAME_ISIN,M&M,EQ,INE101A01026,lt,lt,lt,lt,isin_eq,base_series=EQ
LEGACY,2019-02-25,BL,MARICO,INE196A01026,BASE_SAME_ISIN,MARICO,EQ,INE196A01026,gt,gt,lt,lt,isin_eq,base_series=EQ
LEGACY,2019-02-25,BL,SUNDARMFIN,INE660A01013,BASE_SAME_ISIN,SUNDARMFIN,EQ,INE660A01013,gt,gt,lt,lt,isin_eq,base_series=EQ
LEGACY,2019-02-25,BL,TATAGLOBAL,INE192A01025,BASE_SAME_ISIN,TATAGLOBAL,EQ,INE192A01025,gt,gt,lt,lt,isin_eq,base_series=EQ
LEGACY,2019-02-25,BL,TATAPOWER,INE245A01021,BASE_SAME_ISIN,TATAPOWER,EQ,INE245A01021,gt,gt,lt,gt,isin_eq,base_series=EQ
LEGACY,2019-02-25,BL,TCS,INE467B01029,BASE_SAME_ISIN,TCS,EQ,INE467B01029,lt,lt,lt,lt,isin_eq,base_series=EQ
LEGACY,2019-02-25,BL,TECHM,INE669C01036,BASE_SAME_ISIN,TECHM,EQ,INE669C01036,lt,lt,lt,lt,isin_eq,base_series=EQ
LEGACY,2019-02-25,BL,TIINDIA,INE974X01010,BASE_SAME_ISIN,TIINDIA,EQ,INE974X01010,gt,gt,lt,lt,isin_eq,base_series=EQ
LEGACY,2019-02-25,BL,UBL,INE686F01025,BASE_SAME_ISIN,UBL,EQ,INE686F01025,gt,gt,lt,gt,isin_eq,base_series=EQ
LEGACY,2019-02-26,IT,GIRRESORTS,INE316N01015,NO_BASE_ORPHAN,,,,,,,,,
LEGACY,2019-02-28,BL,VINDHYATEL,INE707A01012,BASE_SAME_ISIN,VINDHYATEL,EQ,INE707A01012,gt,gt,lt,lt,isin_eq,base_series=EQ
LEGACY,2019-02-28,IT,GIRRESORTS,INE316N01015,NO_BASE_ORPHAN,,,,,,,,,
LEGACY,2019-03-05,IT,GIRRESORTS,INE316N01015,NO_BASE_ORPHAN,,,,,,,,,
LEGACY,2019-03-08,BL,SICAL,INE075B01012,BASE_SAME_ISIN,SICAL,EQ,INE075B01012,gt,gt,lt,lt,isin_eq,base_series=EQ
LEGACY,2019-03-08,IT,GIRRESORTS,INE316N01015,NO_BASE_ORPHAN,,,,,,,,,
LEGACY,2019-03-11,BL,SICAL,INE075B01012,BASE_SAME_ISIN,SICAL,EQ,INE075B01012,gt,gt,lt,lt,isin_eq,base_series=EQ
LEGACY,2019-03-12,IT,GIRRESORTS,INE316N01015,NO_BASE_ORPHAN,,,,,,,,,
LEGACY,2019-03-14,BL,JUBLFOOD,INE797F01012,BASE_SAME_ISIN,JUBLFOOD,EQ,INE797F01012,gt,gt,lt,lt,isin_eq,base_series=EQ
LEGACY,2019-03-18,BL,CAPTRUST,INE707C01018,BASE_SAME_ISIN,CAPTRUST,BE,INE707C01018,gt,gt,lt,lt,isin_eq,base_series=BE
LEGACY,2019-03-18,BL,NTPC,INE733E01010,BASE_SAME_ISIN,NTPC,EQ,INE733E01010,lt,lt,lt,lt,isin_eq,base_series=EQ
LEGACY,2019-03-19,BL,JUBILANT,INE700A01033,BASE_SAME_ISIN,JUBILANT,EQ,INE700A01033,gt,gt,lt,gt,isin_eq,base_series=EQ
LEGACY,2019-03-19,IT,GIRRESORTS,INE316N01015,NO_BASE_ORPHAN,,,,,,,,,
LEGACY,2019-03-22,BL,AXISBANK,INE238A01034,BASE_SAME_ISIN,AXISBANK,EQ,INE238A01034,lt,lt,lt,lt,isin_eq,base_series=EQ
LEGACY,2019-03-22,BL,BHARTIARTL,INE397D01024,BASE_SAME_ISIN,BHARTIARTL,EQ,INE397D01024,lt,lt,lt,gt,isin_eq,base_series=EQ
LEGACY,2019-03-22,BL,BPCL,INE029A01011,BASE_SAME_ISIN,BPCL,EQ,INE029A01011,lt,lt,lt,gt,isin_eq,base_series=EQ
LEGACY,2019-03-22,BL,COALINDIA,INE522F01014,BASE_SAME_ISIN,COALINDIA,EQ,INE522F01014,lt,lt,lt,lt,isin_eq,base_series=EQ
LEGACY,2019-03-22,BL,HDFC,INE001A01036,BASE_SAME_ISIN,HDFC,EQ,INE001A01036,lt,lt,lt,gt,isin_eq,base_series=EQ
LEGACY,2019-03-22,BL,HINDUNILVR,INE030A01027,BASE_SAME_ISIN,HINDUNILVR,EQ,INE030A01027,lt,lt,lt,gt,isin_eq,base_series=EQ
LEGACY,2019-03-22,BL,HINDZINC,INE267A01025,BASE_SAME_ISIN,HINDZINC,EQ,INE267A01025,gt,gt,lt,gt,isin_eq,base_series=EQ
LEGACY,2019-03-22,BL,ICICIBANK,INE090A01021,BASE_SAME_ISIN,ICICIBANK,EQ,INE090A01021,lt,lt,lt,gt,isin_eq,base_series=EQ
LEGACY,2019-03-22,BL,INFY,INE009A01021,BASE_SAME_ISIN,INFY,EQ,INE009A01021,lt,lt,lt,lt,isin_eq,base_series=EQ
LEGACY,2019-03-22,BL,IOC,INE242A01010,BASE_SAME_ISIN,IOC,EQ,INE242A01010,lt,lt,lt,gt,isin_eq,base_series=EQ
LEGACY,2019-03-22,BL,ITC,INE154A01025,BASE_SAME_ISIN,ITC,EQ,INE154A01025,lt,lt,lt,gt,isin_eq,base_series=EQ
LEGACY,2019-03-22,BL,JSWSTEEL,INE019A01038,BASE_SAME_ISIN,JSWSTEEL,EQ,INE019A01038,lt,lt,lt,lt,isin_eq,base_series=EQ
LEGACY,2019-03-22,BL,MARUTI,INE585B01010,BASE_SAME_ISIN,MARUTI,EQ,INE585B01010,lt,lt,lt,gt,isin_eq,base_series=EQ
LEGACY,2019-03-22,BL,ONGC,INE213A01029,BASE_SAME_ISIN,ONGC,EQ,INE213A01029,lt,lt,lt,lt,isin_eq,base_series=EQ
LEGACY,2019-03-22,BL,RELIANCE,INE002A01018,BASE_SAME_ISIN,RELIANCE,EQ,INE002A01018,lt,lt,lt,gt,isin_eq,base_series=EQ
LEGACY,2019-03-22,BL,SBIN,INE062A01020,BASE_SAME_ISIN,SBIN,EQ,INE062A01020,lt,lt,lt,gt,isin_eq,base_series=EQ
LEGACY,2019-03-22,BL,SUNPHARMA,INE044A01036,BASE_SAME_ISIN,SUNPHARMA,EQ,INE044A01036,lt,lt,lt,gt,isin_eq,base_series=EQ
LEGACY,2019-03-22,BL,TCS,INE467B01029,BASE_SAME_ISIN,TCS,EQ,INE467B01029,lt,lt,lt,gt,isin_eq,base_series=EQ
LEGACY,2019-03-22,BL,ULTRACEMCO,INE481G01011,BASE_SAME_ISIN,ULTRACEMCO,EQ,INE481G01011,lt,lt,lt,lt,isin_eq,base_series=EQ
LEGACY,2019-03-22,BL,VEDL,INE205A01025,BASE_SAME_ISIN,VEDL,EQ,INE205A01025,lt,lt,lt,gt,isin_eq,base_series=EQ
LEGACY,2019-03-22,BL,WIPRO,INE075A01022,BASE_SAME_ISIN,WIPRO,EQ,INE075A01022,lt,lt,lt,gt,isin_eq,base_series=EQ
LEGACY,2019-03-22,BL,YESBANK,INE528G01027,BASE_SAME_ISIN,YESBANK,EQ,INE528G01027,lt,lt,lt,lt,isin_eq,base_series=EQ
LEGACY,2019-03-25,BL,ADANIPORTS,INE742F01042,BASE_SAME_ISIN,ADANIPORTS,EQ,INE742F01042,lt,lt,lt,lt,isin_eq,base_series=EQ
LEGACY,2019-03-25,BL,AMBUJACEM,INE079A01024,BASE_SAME_ISIN,AMBUJACEM,EQ,INE079A01024,lt,lt,lt,gt,isin_eq,base_series=EQ
LEGACY,2019-03-25,BL,ASIANPAINT,INE021A01026,BASE_SAME_ISIN,ASIANPAINT,EQ,INE021A01026,lt,lt,lt,gt,isin_eq,base_series=EQ
LEGACY,2019-03-25,BL,AUROPHARMA,INE406A01037,BASE_SAME_ISIN,AUROPHARMA,EQ,INE406A01037,lt,lt,lt,lt,isin_eq,base_series=EQ
LEGACY,2019-03-25,BL,BAJAJFINSV,INE918I01018,BASE_SAME_ISIN,BAJAJFINSV,EQ,INE918I01018,lt,lt,lt,gt,isin_eq,base_series=EQ
LEGACY,2019-03-25,BL,BAJFINANCE,INE296A01024,BASE_SAME_ISIN,BAJFINANCE,EQ,INE296A01024,lt,lt,lt,lt,isin_eq,base_series=EQ
LEGACY,2019-03-25,BL,DMART,INE192R01011,BASE_SAME_ISIN,DMART,EQ,INE192R01011,lt,lt,lt,gt,isin_eq,base_series=EQ
LEGACY,2019-03-25,BL,EICHERMOT,INE066A01013,BASE_SAME_ISIN,EICHERMOT,EQ,INE066A01013,lt,lt,lt,gt,isin_eq,base_series=EQ
LEGACY,2019-03-25,BL,HCLTECH,INE860A01027,BASE_SAME_ISIN,HCLTECH,EQ,INE860A01027,lt,lt,lt,gt,isin_eq,base_series=EQ
LEGACY,2019-03-25,BL,ICICIGI,INE765G01017,BASE_SAME_ISIN,ICICIGI,EQ,INE765G01017,lt,lt,lt,gt,isin_eq,base_series=EQ
LEGACY,2019-03-25,BL,M&M,INE101A01026,BASE_SAME_ISIN,M&M,EQ,INE101A01026,lt,lt,lt,gt,isin_eq,base_series=EQ
LEGACY,2019-03-25,BL,NESTLEIND,INE239A01016,BASE_SAME_ISIN,NESTLEIND,EQ,INE239A01016,lt,lt,lt,gt,isin_eq,base_series=EQ
LEGACY,2019-03-25,BL,PEL,INE140A01024,BASE_SAME_ISIN,PEL,EQ,INE140A01024,lt,lt,lt,gt,isin_eq,base_series=EQ
LEGACY,2019-03-25,BL,TITAN,INE280A01028,BASE_SAME_ISIN,TITAN,EQ,INE280A01028,lt,lt,lt,gt,isin_eq,base_series=EQ
LEGACY,2019-03-25,BL,UBL,INE686F01025,BASE_SAME_ISIN,UBL,EQ,INE686F01025,lt,lt,lt,gt,isin_eq,base_series=EQ
LEGACY,2019-03-25,BL,UPL,INE628A01036,BASE_SAME_ISIN,UPL,EQ,INE628A01036,lt,lt,lt,gt,isin_eq,base_series=EQ
LEGACY,2019-03-26,BL,MANGLMCEM,INE347A01017,BASE_SAME_ISIN,MANGLMCEM,EQ,INE347A01017,gt,gt,lt,gt,isin_eq,base_series=EQ
LEGACY,2019-03-26,BL,MOTILALOFS,INE338I01027,BASE_SAME_ISIN,MOTILALOFS,EQ,INE338I01027,gt,gt,lt,gt,isin_eq,base_series=EQ
LEGACY,2019-03-29,BL,MANGLMCEM,INE347A01017,BASE_SAME_ISIN,MANGLMCEM,EQ,INE347A01017,gt,gt,lt,gt,isin_eq,base_series=EQ
LEGACY,2019-04-08,BL,RELIGARE,INE621H01010,BASE_SAME_ISIN,RELIGARE,EQ,INE621H01010,gt,gt,lt,lt,isin_eq,base_series=EQ
LEGACY,2019-04-16,BL,LAKSHVILAS,INE694C01018,BASE_SAME_ISIN,LAKSHVILAS,EQ,INE694C01018,lt,lt,lt,gt,isin_eq,base_series=EQ
LEGACY,2019-05-17,BL,MANGLMCEM,INE347A01017,BASE_SAME_ISIN,MANGLMCEM,EQ,INE347A01017,gt,gt,lt,gt,isin_eq,base_series=EQ
LEGACY,2019-05-30,IT,GIRRESORTS,INE316N01015,NO_BASE_ORPHAN,,,,,,,,,
LEGACY,2019-05-31,IT,GIRRESORTS,INE316N01015,NO_BASE_ORPHAN,,,,,,,,,
LEGACY,2019-06-03,BL,ALLSEC,INE835G01018,BASE_SAME_ISIN,ALLSEC,BE,INE835G01018,gt,gt,lt,gt,isin_eq,base_series=BE
LEGACY,2019-06-20,IT,GIRRESORTS,INE316N01015,NO_BASE_ORPHAN,,,,,,,,,
LEGACY,2019-06-21,BL,SATIN,INE836B01017,BASE_SAME_ISIN,SATIN,EQ,INE836B01017,gt,gt,lt,gt,isin_eq,base_series=EQ
LEGACY,2019-06-27,BL,ASTERDM,INE914M01019,BASE_SAME_ISIN,ASTERDM,EQ,INE914M01019,gt,gt,lt,lt,isin_eq,base_series=EQ
LEGACY,2019-07-05,BL,LAKSHVILAS,INE694C01018,BASE_SAME_ISIN,LAKSHVILAS,EQ,INE694C01018,lt,lt,lt,gt,isin_eq,base_series=EQ
LEGACY,2019-07-29,BL,FLFL,INE452O01016,BASE_SAME_ISIN,FLFL,EQ,INE452O01016,gt,gt,lt,lt,isin_eq,base_series=EQ
LEGACY,2019-08-20,BL,MGL,INE002S01010,BASE_SAME_ISIN,MGL,EQ,INE002S01010,gt,gt,lt,lt,isin_eq,base_series=EQ
LEGACY,2019-08-21,BL,TRIDENT,INE064C01014,BASE_SAME_ISIN,TRIDENT,EQ,INE064C01014,gt,gt,lt,lt,isin_eq,base_series=EQ
LEGACY,2019-08-22,BL,ALKEM,INE540L01014,BASE_SAME_ISIN,ALKEM,EQ,INE540L01014,gt,gt,lt,lt,isin_eq,base_series=EQ
LEGACY,2019-08-27,BL,ASIANPAINT,INE021A01026,BASE_SAME_ISIN,ASIANPAINT,EQ,INE021A01026,lt,lt,lt,lt,isin_eq,base_series=EQ
LEGACY,2019-08-30,BL,GRUH,INE580B01029,BASE_SAME_ISIN,GRUH,EQ,INE580B01029,gt,gt,lt,lt,isin_eq,base_series=EQ
LEGACY,2019-09-12,BL,APOLLOHOSP,INE437A01024,BASE_SAME_ISIN,APOLLOHOSP,EQ,INE437A01024,gt,gt,lt,gt,isin_eq,base_series=EQ
LEGACY,2019-09-12,BL,ASIANPAINT,INE021A01026,BASE_SAME_ISIN,ASIANPAINT,EQ,INE021A01026,lt,lt,lt,gt,isin_eq,base_series=EQ
LEGACY,2019-09-13,IT,GIRRESORTS,INE316N01015,NO_BASE_ORPHAN,,,,,,,,,
LEGACY,2019-09-16,BL,CGPOWER,INE067A01029,BASE_SAME_ISIN,CGPOWER,EQ,INE067A01029,gt,gt,lt,lt,isin_eq,base_series=EQ
LEGACY,2019-09-18,BL,CEATLTD,INE482A01020,BASE_SAME_ISIN,CEATLTD,EQ,INE482A01020,gt,gt,lt,lt,isin_eq,base_series=EQ
LEGACY,2019-09-23,BL,HDFC,INE001A01036,BASE_SAME_ISIN,HDFC,EQ,INE001A01036,lt,lt,lt,lt,isin_eq,base_series=EQ
LEGACY,2019-09-25,BL,EICHERMOT,INE066A01013,BASE_SAME_ISIN,EICHERMOT,EQ,INE066A01013,lt,lt,lt,gt,isin_eq,base_series=EQ
LEGACY,2019-09-25,BL,HCLTECH,INE860A01027,BASE_SAME_ISIN,HCLTECH,EQ,INE860A01027,lt,lt,lt,lt,isin_eq,base_series=EQ
LEGACY,2019-09-25,BL,HDFCBANK,INE040A01034,BASE_SAME_ISIN,HDFCBANK,EQ,INE040A01034,lt,lt,lt,gt,isin_eq,base_series=EQ
LEGACY,2019-09-25,BL,INFRATEL,INE121J01017,BASE_SAME_ISIN,INFRATEL,EQ,INE121J01017,lt,lt,lt,gt,isin_eq,base_series=EQ
LEGACY,2019-09-25,BL,ITC,INE154A01025,BASE_SAME_ISIN,ITC,EQ,INE154A01025,lt,lt,lt,gt,isin_eq,base_series=EQ
LEGACY,2019-09-25,BL,POWERGRID,INE752E01010,BASE_SAME_ISIN,POWERGRID,EQ,INE752E01010,lt,lt,lt,lt,isin_eq,base_series=EQ
LEGACY,2019-09-25,BL,ZEEL,INE256A01028,BASE_SAME_ISIN,ZEEL,EQ,INE256A01028,lt,lt,lt,gt,isin_eq,base_series=EQ
LEGACY,2019-09-27,BL,RAMANEWS,INE278B01020,BASE_SAME_ISIN,RAMANEWS,EQ,INE278B01020,gt,gt,lt,gt,isin_eq,base_series=EQ
LEGACY,2019-09-27,IT,GIRRESORTS,INE316N01015,NO_BASE_ORPHAN,,,,,,,,,
LEGACY,2019-09-30,BL,WHEELS,INE715A01015,BASE_SAME_ISIN,WHEELS,EQ,INE715A01015,gt,gt,lt,gt,isin_eq,base_series=EQ
LEGACY,2019-10-09,BL,MOTILALOFS,INE338I01027,BASE_SAME_ISIN,MOTILALOFS,EQ,INE338I01027,gt,gt,lt,gt,isin_eq,base_series=EQ
LEGACY,2019-11-01,BL,JYOTHYLAB,INE668F01031,BASE_SAME_ISIN,JYOTHYLAB,EQ,INE668F01031,gt,gt,lt,lt,isin_eq,base_series=EQ
LEGACY,2019-11-06,BL,CEATLTD,INE482A01020,BASE_SAME_ISIN,CEATLTD,EQ,INE482A01020,gt,gt,lt,lt,isin_eq,base_series=EQ
LEGACY,2019-11-20,BL,INGERRAND,INE177A01018,BASE_SAME_ISIN,INGERRAND,EQ,INE177A01018,gt,gt,lt,lt,isin_eq,base_series=EQ
LEGACY,2019-11-21,BL,ZEEL,INE256A01028,BASE_SAME_ISIN,ZEEL,EQ,INE256A01028,gt,gt,lt,lt,isin_eq,base_series=EQ
LEGACY,2019-11-26,BL,STARCEMENT,INE460H01021,BASE_SAME_ISIN,STARCEMENT,EQ,INE460H01021,gt,gt,lt,gt,isin_eq,base_series=EQ
LEGACY,2019-11-28,BL,STARCEMENT,INE460H01021,BASE_SAME_ISIN,STARCEMENT,EQ,INE460H01021,gt,gt,lt,gt,isin_eq,base_series=EQ
LEGACY,2019-11-28,IT,MRO,INE330R01017,NO_BASE_ORPHAN,,,,,,,,,
LEGACY,2019-12-03,BL,CEATLTD,INE482A01020,BASE_SAME_ISIN,CEATLTD,EQ,INE482A01020,gt,gt,lt,lt,isin_eq,base_series=EQ
LEGACY,2019-12-04,BL,CEATLTD,INE482A01020,BASE_SAME_ISIN,CEATLTD,EQ,INE482A01020,gt,gt,lt,gt,isin_eq,base_series=EQ
LEGACY,2019-12-17,BL,BOSCHLTD,INE323A01026,BASE_SAME_ISIN,BOSCHLTD,EQ,INE323A01026,gt,gt,lt,lt,isin_eq,base_series=EQ
LEGACY,2019-12-23,BL,BHARATRAS,INE838B01013,BASE_SAME_ISIN,BHARATRAS,EQ,INE838B01013,gt,gt,lt,gt,isin_eq,base_series=EQ
LEGACY,2019-12-24,IT,MMNL,INE702S01015,NO_BASE_ORPHAN,,,,,,,,,
LEGACY,2019-12-30,BL,BALRAMCHIN,INE119A01028,BASE_SAME_ISIN,BALRAMCHIN,EQ,INE119A01028,gt,gt,lt,gt,isin_eq,base_series=EQ
LEGACY,2019-12-30,BL,DISHTV,INE836F01026,BASE_SAME_ISIN,DISHTV,EQ,INE836F01026,gt,gt,lt,lt,isin_eq,base_series=EQ
LEGACY,2020-01-09,BL,JSL,INE220G01021,BASE_SAME_ISIN,JSL,EQ,INE220G01021,lt,lt,lt,lt,isin_eq,base_series=EQ
LEGACY,2020-02-04,BL,MOTILALOFS,INE338I01027,BASE_SAME_ISIN,MOTILALOFS,EQ,INE338I01027,gt,gt,lt,lt,isin_eq,base_series=EQ
LEGACY,2020-02-11,BL,TRIDENT,INE064C01022,BASE_SAME_ISIN,TRIDENT,EQ,INE064C01022,gt,gt,lt,gt,isin_eq,base_series=EQ
LEGACY,2020-02-17,IT,3RDROCK,INE768P01012,NO_BASE_ORPHAN,,,,,,,,,
LEGACY,2020-02-18,BL,MANAPPURAM,INE522D01027,BASE_SAME_ISIN,MANAPPURAM,EQ,INE522D01027,lt,lt,lt,lt,isin_eq,base_series=EQ
LEGACY,2020-02-24,BL,TAKE,INE142I01023,BASE_SAME_ISIN,TAKE,EQ,INE142I01023,gt,gt,lt,gt,isin_eq,base_series=EQ
LEGACY,2020-02-24,BL,TRIDENT,INE064C01022,BASE_SAME_ISIN,TRIDENT,EQ,INE064C01022,gt,gt,lt,gt,isin_eq,base_series=EQ
LEGACY,2020-02-27,BL,JAICORPLTD,INE070D01027,BASE_SAME_ISIN,JAICORPLTD,EQ,INE070D01027,gt,gt,lt,gt,isin_eq,base_series=EQ
LEGACY,2020-02-27,BL,TITAN,INE280A01028,BASE_SAME_ISIN,TITAN,EQ,INE280A01028,lt,lt,lt,lt,isin_eq,base_series=EQ
LEGACY,2020-02-28,BL,AGCNET,INE676A01019,BASE_SAME_ISIN,AGCNET,EQ,INE676A01019,gt,gt,lt,lt,isin_eq,base_series=EQ
LEGACY,2020-02-28,BL,MCDOWELL-N,INE854D01024,BASE_SAME_ISIN,MCDOWELL-N,EQ,INE854D01024,gt,gt,lt,gt,isin_eq,base_series=EQ
LEGACY,2020-03-02,BL,DLF,INE271C01023,BASE_SAME_ISIN,DLF,EQ,INE271C01023,gt,gt,lt,gt,isin_eq,base_series=EQ
LEGACY,2020-03-03,BL,SHOPERSTOP,INE498B01024,BASE_SAME_ISIN,SHOPERSTOP,EQ,INE498B01024,gt,gt,lt,gt,isin_eq,base_series=EQ
LEGACY,2020-03-05,IT,3RDROCK,INE768P01012,NO_BASE_ORPHAN,,,,,,,,,
LEGACY,2020-03-06,BL,SMSPHARMA,INE812G01025,BASE_SAME_ISIN,SMSPHARMA,EQ,INE812G01025,gt,gt,lt,lt,isin_eq,base_series=EQ
LEGACY,2020-03-17,BL,SHOPERSTOP,INE498B01024,BASE_SAME_ISIN,SHOPERSTOP,EQ,INE498B01024,gt,gt,lt,gt,isin_eq,base_series=EQ
LEGACY,2020-03-17,IT,3RDROCK,INE768P01012,NO_BASE_ORPHAN,,,,,,,,,
LEGACY,2020-03-23,BL,BASF,INE373A01013,BASE_SAME_ISIN,BASF,EQ,INE373A01013,gt,gt,lt,gt,isin_eq,base_series=EQ
LEGACY,2020-03-25,IT,3RDROCK,INE768P01012,NO_BASE_ORPHAN,,,,,,,,,
LEGACY,2020-03-26,BL,JSLHISAR,INE455T01018,BASE_SAME_ISIN,JSLHISAR,EQ,INE455T01018,gt,gt,lt,gt,isin_eq,base_series=EQ
LEGACY,2020-03-30,BL,HDFCBANK,INE040A01034,BASE_SAME_ISIN,HDFCBANK,EQ,INE040A01034,lt,lt,lt,gt,isin_eq,base_series=EQ
LEGACY,2020-03-31,BL,DELTACORP,INE124G01033,BASE_SAME_ISIN,DELTACORP,EQ,INE124G01033,lt,lt,lt,lt,isin_eq,base_series=EQ
LEGACY,2020-03-31,BL,DLF,INE271C01023,BASE_SAME_ISIN,DLF,EQ,INE271C01023,lt,lt,lt,lt,isin_eq,base_series=EQ
LEGACY,2020-03-31,BL,HINDPETRO,INE094A01015,BASE_SAME_ISIN,HINDPETRO,EQ,INE094A01015,lt,lt,lt,lt,isin_eq,base_series=EQ
LEGACY,2020-03-31,BL,IDEA,INE669E01016,BASE_SAME_ISIN,IDEA,EQ,INE669E01016,lt,lt,lt,gt,isin_eq,base_series=EQ
LEGACY,2020-03-31,BL,SUNPHARMA,INE044A01036,BASE_SAME_ISIN,SUNPHARMA,EQ,INE044A01036,lt,lt,lt,lt,isin_eq,base_series=EQ
LEGACY,2020-05-18,BL,AUBANK,INE949L01017,BASE_SAME_ISIN,AUBANK,EQ,INE949L01017,gt,gt,lt,gt,isin_eq,base_series=EQ
LEGACY,2020-05-26,IT,3RDROCK,INE768P01012,NO_BASE_ORPHAN,,,,,,,,,
LEGACY,2020-06-16,BL,3MINDIA,INE470A01017,BASE_SAME_ISIN,3MINDIA,EQ,INE470A01017,gt,gt,lt,lt,isin_eq,base_series=EQ
LEGACY,2020-06-16,BL,SEQUENT,INE807F01027,BASE_SAME_ISIN,SEQUENT,EQ,INE807F01027,gt,gt,lt,gt,isin_eq,base_series=EQ
LEGACY,2020-06-17,BL,SEQUENT,INE807F01027,BASE_SAME_ISIN,SEQUENT,EQ,INE807F01027,gt,gt,lt,gt,isin_eq,base_series=EQ
LEGACY,2020-06-17,BL,TAKE,INE142I01023,BASE_SAME_ISIN,TAKE,EQ,INE142I01023,gt,gt,lt,lt,isin_eq,base_series=EQ
LEGACY,2020-06-22,BL,ICICIPRULI,INE726G01019,BASE_SAME_ISIN,ICICIPRULI,EQ,INE726G01019,gt,gt,lt,lt,isin_eq,base_series=EQ
LEGACY,2020-07-02,BL,SEQUENT,INE807F01027,BASE_SAME_ISIN,SEQUENT,EQ,INE807F01027,lt,lt,lt,lt,isin_eq,base_series=EQ
LEGACY,2020-07-14,BL,EVEREADY,INE128A01029,BASE_SAME_ISIN,EVEREADY,EQ,INE128A01029,gt,gt,lt,lt,isin_eq,base_series=EQ
LEGACY,2020-07-22,BL,TRIDENT,INE064C01022,BASE_SAME_ISIN,TRIDENT,EQ,INE064C01022,gt,gt,lt,gt,isin_eq,base_series=EQ
LEGACY,2020-07-27,BL,SEQUENT,INE807F01027,BASE_SAME_ISIN,SEQUENT,EQ,INE807F01027,lt,lt,lt,gt,isin_eq,base_series=EQ
LEGACY,2020-08-10,BL,AARTISURF,INE09EO01013,BASE_SAME_ISIN,AARTISURF,BE,INE09EO01013,gt,gt,lt,lt,isin_eq,base_series=BE
LEGACY,2020-08-13,BL,NBIFIN,INE365I01020,BASE_SAME_ISIN,NBIFIN,EQ,INE365I01020,gt,gt,lt,lt,isin_eq,base_series=EQ
LEGACY,2020-08-19,BL,BERGEPAINT,INE463A01038,BASE_SAME_ISIN,BERGEPAINT,EQ,INE463A01038,lt,lt,lt,gt,isin_eq,base_series=EQ
LEGACY,2020-08-19,BL,MANAPPURAM,INE522D01027,BASE_SAME_ISIN,MANAPPURAM,EQ,INE522D01027,lt,lt,lt,lt,isin_eq,base_series=EQ
LEGACY,2020-08-19,BL,SEQUENT,INE807F01027,BASE_SAME_ISIN,SEQUENT,EQ,INE807F01027,gt,gt,lt,lt,isin_eq,base_series=EQ
LEGACY,2020-08-19,BL,UJJIVAN,INE334L01012,BASE_SAME_ISIN,UJJIVAN,EQ,INE334L01012,lt,lt,lt,lt,isin_eq,base_series=EQ
LEGACY,2020-08-20,BL,VGUARD,INE951I01027,BASE_SAME_ISIN,VGUARD,EQ,INE951I01027,gt,gt,lt,lt,isin_eq,base_series=EQ
LEGACY,2020-08-27,BL,APOLLOTYRE,INE438A01022,BASE_SAME_ISIN,APOLLOTYRE,EQ,INE438A01022,lt,lt,lt,lt,isin_eq,base_series=EQ
LEGACY,2020-09-04,BL,TEXRAIL,INE621L01012,BASE_SAME_ISIN,TEXRAIL,EQ,INE621L01012,gt,gt,lt,lt,isin_eq,base_series=EQ
LEGACY,2020-09-07,BL,SHRIRAMCIT,INE722A01011,BASE_SAME_ISIN,SHRIRAMCIT,EQ,INE722A01011,gt,gt,lt,gt,isin_eq,base_series=EQ
LEGACY,2020-09-08,BL,JUBILANT,INE700A01033,BASE_SAME_ISIN,JUBILANT,EQ,INE700A01033,lt,gt,lt,gt,isin_eq,base_series=EQ
LEGACY,2020-09-11,BL,STAR,INE939A01011,BASE_SAME_ISIN,STAR,EQ,INE939A01011,lt,lt,lt,lt,isin_eq,base_series=EQ
LEGACY,2020-09-14,BL,BSE,INE118H01025,BASE_SAME_ISIN,BSE,EQ,INE118H01025,gt,gt,lt,lt,isin_eq,base_series=EQ
LEGACY,2020-09-15,BL,RADICO,INE944F01028,BASE_SAME_ISIN,RADICO,EQ,INE944F01028,lt,lt,lt,lt,isin_eq,base_series=EQ
LEGACY,2020-09-22,BL,BAJAJELEC,INE193E01025,BASE_SAME_ISIN,BAJAJELEC,EQ,INE193E01025,gt,gt,lt,gt,isin_eq,base_series=EQ
LEGACY,2020-09-23,BL,BANARISUG,INE459A01010,BASE_SAME_ISIN,BANARISUG,EQ,INE459A01010,gt,gt,lt,lt,isin_eq,base_series=EQ
LEGACY,2020-09-28,BL,TAKE,INE142I01023,BASE_SAME_ISIN,TAKE,EQ,INE142I01023,gt,gt,lt,lt,isin_eq,base_series=EQ
LEGACY,2020-10-20,BL,AGCNET,INE676A01019,BASE_SAME_ISIN,AGCNET,EQ,INE676A01019,gt,lt,lt,lt,isin_eq,base_series=EQ
LEGACY,2020-10-21,BL,BPCL,INE029A01011,BASE_SAME_ISIN,BPCL,EQ,INE029A01011,gt,gt,lt,lt,isin_eq,base_series=EQ
LEGACY,2020-11-04,BL,MATRIMONY,INE866R01028,BASE_SAME_ISIN,MATRIMONY,EQ,INE866R01028,gt,gt,lt,lt,isin_eq,base_series=EQ
LEGACY,2020-11-04,BL,STAR,INE939A01011,BASE_SAME_ISIN,STAR,EQ,INE939A01011,lt,lt,lt,gt,isin_eq,base_series=EQ
LEGACY,2020-11-12,BL,HATSUN,INE473B01035,BASE_SAME_ISIN,HATSUN,EQ,INE473B01035,gt,gt,lt,lt,isin_eq,base_series=EQ
LEGACY,2020-11-13,BL,HATSUN,INE473B01035,BASE_SAME_ISIN,HATSUN,EQ,INE473B01035,gt,gt,lt,lt,isin_eq,base_series=EQ
LEGACY,2020-11-18,BL,TRIDENT,INE064C01022,BASE_SAME_ISIN,TRIDENT,EQ,INE064C01022,gt,gt,lt,lt,isin_eq,base_series=EQ
LEGACY,2020-11-20,BL,TRIDENT,INE064C01022,BASE_SAME_ISIN,TRIDENT,EQ,INE064C01022,gt,gt,lt,lt,isin_eq,base_series=EQ
LEGACY,2020-11-25,BL,SMSPHARMA,INE812G01025,BASE_SAME_ISIN,SMSPHARMA,EQ,INE812G01025,gt,gt,lt,lt,isin_eq,base_series=EQ
LEGACY,2020-12-03,BL,ADFFOODS,INE982B01019,BASE_SAME_ISIN,ADFFOODS,EQ,INE982B01019,lt,lt,lt,eq,isin_eq,base_series=EQ
LEGACY,2020-12-04,BL,ADFFOODS,INE982B01019,BASE_SAME_ISIN,ADFFOODS,EQ,INE982B01019,gt,gt,lt,lt,isin_eq,base_series=EQ
LEGACY,2020-12-07,BL,SMSPHARMA,INE812G01025,BASE_SAME_ISIN,SMSPHARMA,EQ,INE812G01025,gt,gt,lt,lt,isin_eq,base_series=EQ
LEGACY,2020-12-08,BL,SMSLIFE,INE320X01016,BASE_SAME_ISIN,SMSLIFE,EQ,INE320X01016,gt,gt,lt,gt,isin_eq,base_series=EQ
LEGACY,2020-12-08,BL,SMSPHARMA,INE812G01025,BASE_SAME_ISIN,SMSPHARMA,EQ,INE812G01025,gt,gt,lt,lt,isin_eq,base_series=EQ
LEGACY,2020-12-09,BL,PRESSMN,INE980A01023,BASE_SAME_ISIN,PRESSMN,EQ,INE980A01023,gt,gt,lt,lt,isin_eq,base_series=EQ
LEGACY,2020-12-14,BL,PRESSMN,INE980A01023,BASE_SAME_ISIN,PRESSMN,EQ,INE980A01023,gt,gt,lt,lt,isin_eq,base_series=EQ
LEGACY,2020-12-15,BL,MUKANDLTD,INE304A01026,BASE_SAME_ISIN,MUKANDLTD,EQ,INE304A01026,gt,gt,lt,gt,isin_eq,base_series=EQ
LEGACY,2020-12-16,BL,CSBBANK,INE679A01013,BASE_SAME_ISIN,CSBBANK,EQ,INE679A01013,gt,gt,lt,lt,isin_eq,base_series=EQ
LEGACY,2020-12-16,BL,SPIC,INE147A01011,BASE_SAME_ISIN,SPIC,EQ,INE147A01011,gt,gt,lt,gt,isin_eq,base_series=EQ
LEGACY,2020-12-17,BL,SPIC,INE147A01011,BASE_SAME_ISIN,SPIC,EQ,INE147A01011,gt,gt,lt,lt,isin_eq,base_series=EQ
LEGACY,2020-12-18,BL,APLAPOLLO,INE702C01027,BASE_SAME_ISIN,APLAPOLLO,EQ,INE702C01027,gt,gt,lt,gt,isin_eq,base_series=EQ
LEGACY,2020-12-21,BL,BSOFT,INE836A01035,BASE_SAME_ISIN,BSOFT,EQ,INE836A01035,gt,gt,lt,gt,isin_eq,base_series=EQ
LEGACY,2020-12-21,BL,SPIC,INE147A01011,BASE_SAME_ISIN,SPIC,EQ,INE147A01011,gt,gt,lt,gt,isin_eq,base_series=EQ
LEGACY,2020-12-30,BL,SPIC,INE147A01011,BASE_SAME_ISIN,SPIC,EQ,INE147A01011,gt,gt,lt,lt,isin_eq,base_series=EQ
LEGACY,2021-01-20,BL,GSFC,INE026A01025,BASE_SAME_ISIN,GSFC,EQ,INE026A01025,lt,lt,lt,gt,isin_eq,base_series=EQ
LEGACY,2021-01-27,BL,HARITASEAT,INE939D01015,BASE_SAME_ISIN,HARITASEAT,EQ,INE939D01015,gt,gt,lt,lt,isin_eq,base_series=EQ
LEGACY,2021-02-05,BL,EIHOTEL,INE230A01023,BASE_SAME_ISIN,EIHOTEL,EQ,INE230A01023,gt,gt,lt,lt,isin_eq,base_series=EQ
LEGACY,2021-02-08,BL,NBIFIN,INE365I01020,BASE_SAME_ISIN,NBIFIN,EQ,INE365I01020,gt,gt,lt,lt,isin_eq,base_series=EQ
LEGACY,2021-02-12,BL,EIHOTEL,INE230A01023,BASE_SAME_ISIN,EIHOTEL,EQ,INE230A01023,gt,gt,lt,lt,isin_eq,base_series=EQ
LEGACY,2021-02-15,BL,SAFARI,INE429E01023,BASE_SAME_ISIN,SAFARI,EQ,INE429E01023,gt,gt,lt,lt,isin_eq,base_series=EQ
LEGACY,2021-02-16,BL,MOTILALOFS,INE338I01027,BASE_SAME_ISIN,MOTILALOFS,EQ,INE338I01027,gt,gt,lt,lt,isin_eq,base_series=EQ
LEGACY,2021-02-19,BL,EIHOTEL,INE230A01023,BASE_SAME_ISIN,EIHOTEL,EQ,INE230A01023,gt,gt,lt,gt,isin_eq,base_series=EQ
LEGACY,2021-02-24,IT,GIRRESORTS,INE316N01015,NO_BASE_ORPHAN,,,,,,,,,
LEGACY,2021-03-03,BL,POLYPLEX,INE633B01018,BASE_SAME_ISIN,POLYPLEX,EQ,INE633B01018,lt,lt,lt,lt,isin_eq,base_series=EQ
LEGACY,2021-03-08,BL,MFSL,INE180A01020,BASE_SAME_ISIN,MFSL,EQ,INE180A01020,gt,gt,lt,lt,isin_eq,base_series=EQ
LEGACY,2021-03-16,BL,TEXINFRA,INE435C01024,BASE_SAME_ISIN,TEXINFRA,EQ,INE435C01024,gt,gt,lt,lt,isin_eq,base_series=EQ
LEGACY,2021-03-18,BL,FORTIS,INE061F01013,BASE_SAME_ISIN,FORTIS,EQ,INE061F01013,gt,gt,lt,lt,isin_eq,base_series=EQ
LEGACY,2021-03-24,BL,TATACOMM,INE151A01013,BASE_SAME_ISIN,TATACOMM,EQ,INE151A01013,lt,lt,lt,lt,isin_eq,base_series=EQ
LEGACY,2021-03-25,BL,HARITASEAT,INE939D01015,BASE_SAME_ISIN,HARITASEAT,EQ,INE939D01015,gt,gt,lt,gt,isin_eq,base_series=EQ
LEGACY,2021-04-07,BL,AUROPHARMA,INE406A01037,BASE_SAME_ISIN,AUROPHARMA,EQ,INE406A01037,lt,lt,lt,gt,isin_eq,base_series=EQ
LEGACY,2021-04-08,BL,AMBUJACEM,INE079A01024,BASE_SAME_ISIN,AMBUJACEM,EQ,INE079A01024,lt,lt,lt,lt,isin_eq,base_series=EQ
LEGACY,2021-04-08,BL,AXISBANK,INE238A01034,BASE_SAME_ISIN,AXISBANK,EQ,INE238A01034,lt,lt,lt,gt,isin_eq,base_series=EQ
LEGACY,2021-04-08,BL,BAJAJFINSV,INE918I01018,BASE_SAME_ISIN,BAJAJFINSV,EQ,INE918I01018,lt,lt,lt,lt,isin_eq,base_series=EQ
LEGACY,2021-04-08,BL,BAJFINANCE,INE296A01024,BASE_SAME_ISIN,BAJFINANCE,EQ,INE296A01024,lt,lt,lt,gt,isin_eq,base_series=EQ
LEGACY,2021-04-08,BL,DMART,INE192R01011,BASE_SAME_ISIN,DMART,EQ,INE192R01011,lt,lt,lt,lt,isin_eq,base_series=EQ
LEGACY,2021-04-08,BL,HDFCLIFE,INE795G01014,BASE_SAME_ISIN,HDFCLIFE,EQ,INE795G01014,lt,lt,lt,lt,isin_eq,base_series=EQ
LEGACY,2021-04-08,BL,JUBLFOOD,INE797F01012,BASE_SAME_ISIN,JUBLFOOD,EQ,INE797F01012,lt,lt,lt,lt,isin_eq,base_series=EQ
LEGACY,2021-04-08,BL,KOTAKBANK,INE237A01028,BASE_SAME_ISIN,KOTAKBANK,EQ,INE237A01028,lt,lt,lt,gt,isin_eq,base_series=EQ
LEGACY,2021-04-08,BL,M&M,INE101A01026,BASE_SAME_ISIN,M&M,EQ,INE101A01026,lt,lt,lt,gt,isin_eq,base_series=EQ
LEGACY,2021-04-08,BL,NAUKRI,INE663F01024,BASE_SAME_ISIN,NAUKRI,EQ,INE663F01024,lt,lt,lt,lt,isin_eq,base_series=EQ
LEGACY,2021-04-08,BL,NTPC,INE733E01010,BASE_SAME_ISIN,NTPC,EQ,INE733E01010,lt,lt,lt,gt,isin_eq,base_series=EQ
LEGACY,2021-04-08,BL,PIDILITIND,INE318A01026,BASE_SAME_ISIN,PIDILITIND,EQ,INE318A01026,lt,lt,lt,lt,isin_eq,base_series=EQ
LEGACY,2021-04-08,BL,TCS,INE467B01029,BASE_SAME_ISIN,TCS,EQ,INE467B01029,lt,lt,lt,lt,isin_eq,base_series=EQ
LEGACY,2021-04-09,BL,TIMKEN,INE325A01013,BASE_SAME_ISIN,TIMKEN,EQ,INE325A01013,gt,gt,lt,lt,isin_eq,base_series=EQ
LEGACY,2021-04-13,BL,HDFCBANK,INE040A01034,BASE_SAME_ISIN,HDFCBANK,EQ,INE040A01034,lt,lt,lt,lt,isin_eq,base_series=EQ
LEGACY,2021-04-13,BL,KANSAINER,INE531A01024,BASE_SAME_ISIN,KANSAINER,EQ,INE531A01024,gt,gt,lt,gt,isin_eq,base_series=EQ
LEGACY,2021-04-13,BL,NESTLEIND,INE239A01016,BASE_SAME_ISIN,NESTLEIND,EQ,INE239A01016,lt,lt,lt,lt,isin_eq,base_series=EQ
LEGACY,2021-04-13,BL,ORIENTCEM,INE876N01018,BASE_SAME_ISIN,ORIENTCEM,EQ,INE876N01018,gt,gt,lt,lt,isin_eq,base_series=EQ
LEGACY,2021-04-15,BL,TATAMTRDVR,IN9155A01020,BASE_SAME_ISIN,TATAMTRDVR,EQ,IN9155A01020,gt,gt,lt,gt,isin_eq,base_series=EQ
LEGACY,2021-04-20,BL,SOLARA,INE624Z01016,BASE_SAME_ISIN,SOLARA,EQ,INE624Z01016,gt,gt,lt,gt,isin_eq,base_series=EQ
LEGACY,2021-04-26,BL,MAITHANALL,INE683C01011,BASE_SAME_ISIN,MAITHANALL,EQ,INE683C01011,gt,gt,lt,lt,isin_eq,base_series=EQ
LEGACY,2021-04-29,IT,GIRRESORTS,INE316N01015,NO_BASE_ORPHAN,,,,,,,,,
LEGACY,2021-05-03,BL,MAITHANALL,INE683C01011,BASE_SAME_ISIN,MAITHANALL,EQ,INE683C01011,lt,lt,lt,lt,isin_eq,base_series=EQ
LEGACY,2021-05-07,BL,TATASTEEL,INE081A01012,BASE_SAME_ISIN,TATASTEEL,EQ,INE081A01012,lt,lt,lt,lt,isin_eq,base_series=EQ
LEGACY,2021-05-10,BL,SOLARA,INE624Z01016,BASE_SAME_ISIN,SOLARA,EQ,INE624Z01016,gt,gt,lt,lt,isin_eq,base_series=EQ
LEGACY,2021-05-10,BL,TATASTEEL,INE081A01012,BASE_SAME_ISIN,TATASTEEL,EQ,INE081A01012,lt,lt,lt,lt,isin_eq,base_series=EQ
LEGACY,2021-05-21,BL,TATAMOTORS,INE155A01022,BASE_SAME_ISIN,TATAMOTORS,EQ,INE155A01022,lt,lt,lt,gt,isin_eq,base_series=EQ
LEGACY,2021-05-27,BL,RUPA,INE895B01021,BASE_SAME_ISIN,RUPA,EQ,INE895B01021,lt,lt,lt,lt,isin_eq,base_series=EQ
LEGACY,2021-06-07,BL,TVSMOTOR,INE494B01023,BASE_SAME_ISIN,TVSMOTOR,EQ,INE494B01023,gt,gt,lt,lt,isin_eq,base_series=EQ
LEGACY,2021-06-09,BL,NAZARA,INE418L01021,BASE_SAME_ISIN,NAZARA,EQ,INE418L01021,lt,lt,lt,lt,isin_eq,base_series=EQ
LEGACY,2021-06-11,BL,BHARATFORG,INE465A01025,BASE_SAME_ISIN,BHARATFORG,EQ,INE465A01025,gt,gt,lt,gt,isin_eq,base_series=EQ
LEGACY,2021-06-11,BL,HEG,INE545A01016,BASE_SAME_ISIN,HEG,EQ,INE545A01016,lt,lt,lt,gt,isin_eq,base_series=EQ
LEGACY,2021-06-14,BL,HEG,INE545A01016,BASE_SAME_ISIN,HEG,EQ,INE545A01016,lt,lt,lt,gt,isin_eq,base_series=EQ
LEGACY,2021-06-14,BL,VGUARD,INE951I01027,BASE_SAME_ISIN,VGUARD,EQ,INE951I01027,gt,gt,lt,lt,isin_eq,base_series=EQ
LEGACY,2021-06-15,BL,HEG,INE545A01016,BASE_SAME_ISIN,HEG,EQ,INE545A01016,lt,lt,lt,gt,isin_eq,base_series=EQ
LEGACY,2021-06-17,BL,HEG,INE545A01016,BASE_SAME_ISIN,HEG,EQ,INE545A01016,lt,lt,lt,gt,isin_eq,base_series=EQ
LEGACY,2021-06-18,BL,HEG,INE545A01016,BASE_SAME_ISIN,HEG,EQ,INE545A01016,lt,lt,lt,gt,isin_eq,base_series=EQ
LEGACY,2021-06-21,BL,HEG,INE545A01016,BASE_SAME_ISIN,HEG,EQ,INE545A01016,lt,lt,lt,lt,isin_eq,base_series=EQ
LEGACY,2021-06-22,BL,HEG,INE545A01016,BASE_SAME_ISIN,HEG,EQ,INE545A01016,lt,lt,lt,lt,isin_eq,base_series=EQ
LEGACY,2021-06-23,BL,HEG,INE545A01016,BASE_SAME_ISIN,HEG,EQ,INE545A01016,lt,lt,lt,gt,isin_eq,base_series=EQ
LEGACY,2021-06-23,BL,MINDAIND,INE405E01023,BASE_SAME_ISIN,MINDAIND,EQ,INE405E01023,gt,gt,lt,lt,isin_eq,base_series=EQ
LEGACY,2021-06-23,BL,RBLBANK,INE976G01028,BASE_SAME_ISIN,RBLBANK,EQ,INE976G01028,lt,lt,lt,gt,isin_eq,base_series=EQ
LEGACY,2021-06-24,BL,HEG,INE545A01016,BASE_SAME_ISIN,HEG,EQ,INE545A01016,lt,lt,lt,gt,isin_eq,base_series=EQ
LEGACY,2021-06-28,BL,MAXIND,INE0CG601016,BASE_SAME_ISIN,MAXIND,EQ,INE0CG601016,gt,gt,lt,lt,isin_eq,base_series=EQ
LEGACY,2021-06-28,BL,MAXVIL,INE154U01015,BASE_SAME_ISIN,MAXVIL,EQ,INE154U01015,gt,gt,lt,lt,isin_eq,base_series=EQ
LEGACY,2021-06-28,BL,MINDAIND,INE405E01023,BASE_SAME_ISIN,MINDAIND,EQ,INE405E01023,gt,gt,lt,gt,isin_eq,base_series=EQ
LEGACY,2021-06-28,BL,TANLA,INE483C01032,BASE_SAME_ISIN,TANLA,BE,INE483C01032,gt,gt,lt,gt,isin_eq,base_series=BE
LEGACY,2021-06-29,BL,GODREJPROP,INE484J01027,BASE_SAME_ISIN,GODREJPROP,EQ,INE484J01027,gt,gt,lt,gt,isin_eq,base_series=EQ
LEGACY,2021-07-02,BL,HDFCLIFE,INE795G01014,BASE_SAME_ISIN,HDFCLIFE,EQ,INE795G01014,lt,lt,lt,lt,isin_eq,base_series=EQ
LEGACY,2021-07-19,BL,ROSSARI,INE02A801020,BASE_SAME_ISIN,ROSSARI,EQ,INE02A801020,lt,lt,lt,lt,isin_eq,base_series=EQ
LEGACY,2021-07-20,BL,APOLLOHOSP,INE437A01024,BASE_SAME_ISIN,APOLLOHOSP,EQ,INE437A01024,lt,lt,lt,gt,isin_eq,base_series=EQ
LEGACY,2021-07-20,BL,AXISBANK,INE238A01034,BASE_SAME_ISIN,AXISBANK,EQ,INE238A01034,lt,lt,lt,gt,isin_eq,base_series=EQ
LEGACY,2021-07-20,BL,BHARTIARTL,INE397D01024,BASE_SAME_ISIN,BHARTIARTL,EQ,INE397D01024,lt,lt,lt,gt,isin_eq,base_series=EQ
LEGACY,2021-07-20,BL,GRASIM,INE047A01021,BASE_SAME_ISIN,GRASIM,EQ,INE047A01021,lt,lt,lt,lt,isin_eq,base_series=EQ
LEGACY,2021-07-20,BL,HCLTECH,INE860A01027,BASE_SAME_ISIN,HCLTECH,EQ,INE860A01027,lt,lt,lt,gt,isin_eq,base_series=EQ
LEGACY,2021-07-20,BL,HDFC,INE001A01036,BASE_SAME_ISIN,HDFC,EQ,INE001A01036,lt,lt,lt,gt,isin_eq,base_series=EQ
LEGACY,2021-07-20,BL,HDFCBANK,INE040A01034,BASE_SAME_ISIN,HDFCBANK,EQ,INE040A01034,lt,lt,lt,gt,isin_eq,base_series=EQ
LEGACY,2021-07-20,BL,PIIND,INE603J01030,BASE_SAME_ISIN,PIIND,EQ,INE603J01030,lt,lt,lt,gt,isin_eq,base_series=EQ
LEGACY,2021-07-20,BL,RELIANCE,INE002A01018,BASE_SAME_ISIN,RELIANCE,EQ,INE002A01018,lt,lt,lt,gt,isin_eq,base_series=EQ
LEGACY,2021-07-20,BL,SUNPHARMA,INE044A01036,BASE_SAME_ISIN,SUNPHARMA,EQ,INE044A01036,lt,lt,lt,gt,isin_eq,base_series=EQ
LEGACY,2021-07-23,BL,APOLLOHOSP,INE437A01024,BASE_SAME_ISIN,APOLLOHOSP,EQ,INE437A01024,lt,lt,lt,gt,isin_eq,base_series=EQ
LEGACY,2021-07-23,BL,AXISBANK,INE238A01034,BASE_SAME_ISIN,AXISBANK,EQ,INE238A01034,lt,lt,lt,lt,isin_eq,base_series=EQ
LEGACY,2021-07-23,BL,BHARTIARTL,INE397D01024,BASE_SAME_ISIN,BHARTIARTL,EQ,INE397D01024,lt,lt,lt,lt,isin_eq,base_series=EQ
LEGACY,2021-07-23,BL,DLF,INE271C01023,BASE_SAME_ISIN,DLF,EQ,INE271C01023,lt,lt,lt,lt,isin_eq,base_series=EQ
LEGACY,2021-07-23,BL,GRASIM,INE047A01021,BASE_SAME_ISIN,GRASIM,EQ,INE047A01021,lt,lt,lt,gt,isin_eq,base_series=EQ
LEGACY,2021-07-23,BL,HCLTECH,INE860A01027,BASE_SAME_ISIN,HCLTECH,EQ,INE860A01027,lt,lt,lt,lt,isin_eq,base_series=EQ
LEGACY,2021-07-23,BL,PETRONET,INE347G01014,BASE_SAME_ISIN,PETRONET,EQ,INE347G01014,lt,lt,lt,gt,isin_eq,base_series=EQ
LEGACY,2021-07-23,BL,RELIANCE,INE002A01018,BASE_SAME_ISIN,RELIANCE,EQ,INE002A01018,lt,lt,lt,gt,isin_eq,base_series=EQ
LEGACY,2021-07-23,BL,SUNPHARMA,INE044A01036,BASE_SAME_ISIN,SUNPHARMA,EQ,INE044A01036,lt,lt,lt,lt,isin_eq,base_series=EQ
LEGACY,2021-07-23,BL,ULTRACEMCO,INE481G01011,BASE_SAME_ISIN,ULTRACEMCO,EQ,INE481G01011,lt,lt,lt,lt,isin_eq,base_series=EQ
LEGACY,2021-07-23,BL,ZEEL,INE256A01028,BASE_SAME_ISIN,ZEEL,EQ,INE256A01028,lt,lt,lt,lt,isin_eq,base_series=EQ
LEGACY,2021-07-27,BL,AXISBANK,INE238A01034,BASE_SAME_ISIN,AXISBANK,EQ,INE238A01034,lt,lt,lt,gt,isin_eq,base_series=EQ
LEGACY,2021-07-27,BL,BHARTIARTL,INE397D01024,BASE_SAME_ISIN,BHARTIARTL,EQ,INE397D01024,lt,lt,lt,gt,isin_eq,base_series=EQ
LEGACY,2021-07-27,BL,DLF,INE271C01023,BASE_SAME_ISIN,DLF,EQ,INE271C01023,lt,lt,lt,lt,isin_eq,base_series=EQ
LEGACY,2021-07-27,BL,GRASIM,INE047A01021,BASE_SAME_ISIN,GRASIM,EQ,INE047A01021,lt,lt,lt,gt,isin_eq,base_series=EQ
LEGACY,2021-07-27,BL,HCLTECH,INE860A01027,BASE_SAME_ISIN,HCLTECH,EQ,INE860A01027,lt,lt,lt,gt,isin_eq,base_series=EQ
LEGACY,2021-07-27,BL,HDFC,INE001A01036,BASE_SAME_ISIN,HDFC,EQ,INE001A01036,lt,lt,lt,gt,isin_eq,base_series=EQ
LEGACY,2021-07-27,BL,PETRONET,INE347G01014,BASE_SAME_ISIN,PETRONET,EQ,INE347G01014,lt,lt,lt,gt,isin_eq,base_series=EQ
LEGACY,2021-07-27,BL,RELIANCE,INE002A01018,BASE_SAME_ISIN,RELIANCE,EQ,INE002A01018,lt,lt,lt,gt,isin_eq,base_series=EQ
LEGACY,2021-07-27,BL,SUNPHARMA,INE044A01036,BASE_SAME_ISIN,SUNPHARMA,EQ,INE044A01036,lt,lt,lt,gt,isin_eq,base_series=EQ
LEGACY,2021-07-27,BL,ULTRACEMCO,INE481G01011,BASE_SAME_ISIN,ULTRACEMCO,EQ,INE481G01011,lt,lt,lt,gt,isin_eq,base_series=EQ
LEGACY,2021-08-02,BL,TEJASNET,INE010J01012,BASE_SAME_ISIN,TEJASNET,BE,INE010J01012,gt,gt,lt,lt,isin_eq,base_series=BE
LEGACY,2021-08-09,BL,MUKANDLTD,INE304A01026,BASE_SAME_ISIN,MUKANDLTD,BE,INE304A01026,gt,gt,lt,gt,isin_eq,base_series=BE
LEGACY,2021-08-10,BL,ASTRON,INE646X01014,BASE_SAME_ISIN,ASTRON,EQ,INE646X01014,gt,gt,lt,lt,isin_eq,base_series=EQ
LEGACY,2021-08-11,BL,GLOBUSSPR,INE615I01010,BASE_SAME_ISIN,GLOBUSSPR,BE,INE615I01010,gt,gt,lt,lt,isin_eq,base_series=BE
LEGACY,2021-08-11,BL,TIMKEN,INE325A01013,BASE_SAME_ISIN,TIMKEN,EQ,INE325A01013,gt,gt,lt,gt,isin_eq,base_series=EQ
LEGACY,2021-08-12,BL,GLOBUSSPR,INE615I01010,BASE_SAME_ISIN,GLOBUSSPR,BE,INE615I01010,gt,gt,lt,lt,isin_eq,base_series=BE
LEGACY,2021-08-25,BL,JUBLPHARMA,INE700A01033,BASE_SAME_ISIN,JUBLPHARMA,EQ,INE700A01033,gt,gt,lt,lt,isin_eq,base_series=EQ
LEGACY,2021-08-26,BL,INFIBEAM,INE483S01020,BASE_SAME_ISIN,INFIBEAM,EQ,INE483S01020,gt,gt,lt,gt,isin_eq,base_series=EQ
LEGACY,2021-08-26,BL,JUBLPHARMA,INE700A01033,BASE_SAME_ISIN,JUBLPHARMA,EQ,INE700A01033,lt,lt,lt,gt,isin_eq,base_series=EQ
LEGACY,2021-08-26,BL,KARURVYSYA,INE036D01028,BASE_SAME_ISIN,KARURVYSYA,EQ,INE036D01028,gt,gt,lt,gt,isin_eq,base_series=EQ
LEGACY,2021-09-07,BL,OLECTRA,INE260D01016,BASE_SAME_ISIN,OLECTRA,BE,INE260D01016,gt,gt,lt,lt,isin_eq,base_series=BE
LEGACY,2021-09-08,BL,SHIL,INE05AN01011,BASE_SAME_ISIN,SHIL,BE,INE05AN01011,gt,gt,lt,lt,isin_eq,base_series=BE
LEGACY,2021-09-16,BL,RELAXO,INE131B01039,BASE_SAME_ISIN,RELAXO,EQ,INE131B01039,gt,gt,lt,gt,isin_eq,base_series=EQ
LEGACY,2021-09-17,BL,FAIRCHEMOR,INE0DNW01011,BASE_SAME_ISIN,FAIRCHEMOR,EQ,INE0DNW01011,gt,gt,lt,gt,isin_eq,base_series=EQ
LEGACY,2021-09-22,BL,RELAXO,INE131B01039,BASE_SAME_ISIN,RELAXO,EQ,INE131B01039,lt,lt,lt,lt,isin_eq,base_series=EQ
LEGACY,2021-09-23,BL,RSWM,INE611A01016,BASE_SAME_ISIN,RSWM,EQ,INE611A01016,gt,gt,lt,lt,isin_eq,base_series=EQ
LEGACY,2021-09-27,BL,GMRINFRA,INE776C01039,BASE_SAME_ISIN,GMRINFRA,EQ,INE776C01039,gt,gt,lt,lt,isin_eq,base_series=EQ
LEGACY,2021-09-27,BL,RELAXO,INE131B01039,BASE_SAME_ISIN,RELAXO,EQ,INE131B01039,lt,lt,lt,lt,isin_eq,base_series=EQ
LEGACY,2021-09-28,BL,RELAXO,INE131B01039,BASE_SAME_ISIN,RELAXO,EQ,INE131B01039,lt,lt,lt,lt,isin_eq,base_series=EQ
LEGACY,2021-10-01,BL,GKWLIMITED,INE528A01020,BASE_SAME_ISIN,GKWLIMITED,EQ,INE528A01020,gt,gt,lt,lt,isin_eq,base_series=EQ
LEGACY,2021-10-04,BL,ACC,INE012A01025,BASE_SAME_ISIN,ACC,EQ,INE012A01025,lt,lt,lt,lt,isin_eq,base_series=EQ
LEGACY,2021-10-04,BL,ADANIENT,INE423A01024,BASE_SAME_ISIN,ADANIENT,EQ,INE423A01024,lt,lt,lt,lt,isin_eq,base_series=EQ
LEGACY,2021-10-04,BL,ADANIPORTS,INE742F01042,BASE_SAME_ISIN,ADANIPORTS,EQ,INE742F01042,lt,lt,lt,lt,isin_eq,base_series=EQ
LEGACY,2021-10-04,BL,ADANITRANS,INE931S01010,BASE_SAME_ISIN,ADANITRANS,BE,INE931S01010,gt,gt,lt,lt,isin_eq,base_series=BE
LEGACY,2021-10-04,BL,AMBUJACEM,INE079A01024,BASE_SAME_ISIN,AMBUJACEM,EQ,INE079A01024,lt,lt,lt,lt,isin_eq,base_series=EQ
LEGACY,2021-10-04,BL,APOLLOHOSP,INE437A01024,BASE_SAME_ISIN,APOLLOHOSP,EQ,INE437A01024,lt,lt,lt,lt,isin_eq,base_series=EQ
LEGACY,2021-10-04,BL,ASIANPAINT,INE021A01026,BASE_SAME_ISIN,ASIANPAINT,EQ,INE021A01026,lt,lt,lt,lt,isin_eq,base_series=EQ
LEGACY,2021-10-04,BL,AUROPHARMA,INE406A01037,BASE_SAME_ISIN,AUROPHARMA,EQ,INE406A01037,lt,lt,lt,lt,isin_eq,base_series=EQ
LEGACY,2021-10-04,BL,AXISBANK,INE238A01034,BASE_SAME_ISIN,AXISBANK,EQ,INE238A01034,lt,lt,lt,lt,isin_eq,base_series=EQ
LEGACY,2021-10-04,BL,BAJAJ-AUTO,INE917I01010,BASE_SAME_ISIN,BAJAJ-AUTO,EQ,INE917I01010,lt,lt,lt,gt,isin_eq,base_series=EQ
LEGACY,2021-10-04,BL,BAJAJFINSV,INE918I01018,BASE_SAME_ISIN,BAJAJFINSV,EQ,INE918I01018,lt,lt,lt,lt,isin_eq,base_series=EQ
LEGACY,2021-10-04,BL,BAJFINANCE,INE296A01024,BASE_SAME_ISIN,BAJFINANCE,EQ,INE296A01024,lt,lt,lt,lt,isin_eq,base_series=EQ
LEGACY,2021-10-04,BL,BALKRISIND,INE787D01026,BASE_SAME_ISIN,BALKRISIND,EQ,INE787D01026,lt,lt,lt,gt,isin_eq,base_series=EQ
LEGACY,2021-10-04,BL,BANDHANBNK,INE545U01014,BASE_SAME_ISIN,BANDHANBNK,EQ,INE545U01014,lt,lt,lt,lt,isin_eq,base_series=EQ
LEGACY,2021-10-04,BL,BEL,INE263A01024,BASE_SAME_ISIN,BEL,EQ,INE263A01024,lt,lt,lt,lt,isin_eq,base_series=EQ
LEGACY,2021-10-04,BL,BERGEPAINT,INE463A01038,BASE_SAME_ISIN,BERGEPAINT,EQ,INE463A01038,lt,lt,lt,lt,isin_eq,base_series=EQ
LEGACY,2021-10-04,BL,BHARATFORG,INE465A01025,BASE_SAME_ISIN,BHARATFORG,EQ,INE465A01025,lt,lt,lt,lt,isin_eq,base_series=EQ
LEGACY,2021-10-04,BL,BHARTIARTL,INE397D01024,BASE_SAME_ISIN,BHARTIARTL,EQ,INE397D01024,lt,lt,lt,lt,isin_eq,base_series=EQ
LEGACY,2021-10-04,BL,BIOCON,INE376G01013,BASE_SAME_ISIN,BIOCON,EQ,INE376G01013,lt,lt,lt,gt,isin_eq,base_series=EQ
LEGACY,2021-10-04,BL,BPCL,INE029A01011,BASE_SAME_ISIN,BPCL,EQ,INE029A01011,lt,lt,lt,lt,isin_eq,base_series=EQ
LEGACY,2021-10-04,BL,BRITANNIA,INE216A01030,BASE_SAME_ISIN,BRITANNIA,EQ,INE216A01030,lt,lt,lt,gt,isin_eq,base_series=EQ
LEGACY,2021-10-04,BL,CHOLAFIN,INE121A01024,BASE_SAME_ISIN,CHOLAFIN,EQ,INE121A01024,lt,lt,lt,lt,isin_eq,base_series=EQ
LEGACY,2021-10-04,BL,CIPLA,INE059A01026,BASE_SAME_ISIN,CIPLA,EQ,INE059A01026,lt,lt,lt,gt,isin_eq,base_series=EQ
LEGACY,2021-10-04,BL,COALINDIA,INE522F01014,BASE_SAME_ISIN,COALINDIA,EQ,INE522F01014,lt,lt,lt,lt,isin_eq,base_series=EQ
LEGACY,2021-10-04,BL,COLPAL,INE259A01022,BASE_SAME_ISIN,COLPAL,EQ,INE259A01022,lt,lt,lt,gt,isin_eq,base_series=EQ
LEGACY,2021-10-04,BL,CONCOR,INE111A01025,BASE_SAME_ISIN,CONCOR,EQ,INE111A01025,lt,lt,lt,lt,isin_eq,base_series=EQ
LEGACY,2021-10-04,BL,DABUR,INE016A01026,BASE_SAME_ISIN,DABUR,EQ,INE016A01026,lt,lt,lt,lt,isin_eq,base_series=EQ
LEGACY,2021-10-04,BL,DLF,INE271C01023,BASE_SAME_ISIN,DLF,EQ,INE271C01023,lt,lt,lt,lt,isin_eq,base_series=EQ
LEGACY,2021-10-04,BL,DMART,INE192R01011,BASE_SAME_ISIN,DMART,EQ,INE192R01011,lt,lt,lt,lt,isin_eq,base_series=EQ
LEGACY,2021-10-04,BL,DRREDDY,INE089A01023,BASE_SAME_ISIN,DRREDDY,EQ,INE089A01023,lt,lt,lt,lt,isin_eq,base_series=EQ
LEGACY,2021-10-04,BL,EICHERMOT,INE066A01021,BASE_SAME_ISIN,EICHERMOT,EQ,INE066A01021,lt,lt,lt,gt,isin_eq,base_series=EQ
LEGACY,2021-10-04,BL,GAIL,INE129A01019,BASE_SAME_ISIN,GAIL,EQ,INE129A01019,lt,lt,lt,gt,isin_eq,base_series=EQ
LEGACY,2021-10-04,BL,GODREJCP,INE102D01028,BASE_SAME_ISIN,GODREJCP,EQ,INE102D01028,lt,lt,lt,lt,isin_eq,base_series=EQ
LEGACY,2021-10-04,BL,GRASIM,INE047A01021,BASE_SAME_ISIN,GRASIM,EQ,INE047A01021,lt,lt,lt,gt,isin_eq,base_series=EQ
LEGACY,2021-10-04,BL,HAVELLS,INE176B01034,BASE_SAME_ISIN,HAVELLS,EQ,INE176B01034,lt,lt,lt,lt,isin_eq,base_series=EQ
LEGACY,2021-10-04,BL,HCLTECH,INE860A01027,BASE_SAME_ISIN,HCLTECH,EQ,INE860A01027,lt,lt,lt,lt,isin_eq,base_series=EQ
LEGACY,2021-10-04,BL,HDFC,INE001A01036,BASE_SAME_ISIN,HDFC,EQ,INE001A01036,lt,lt,lt,lt,isin_eq,base_series=EQ
LEGACY,2021-10-04,BL,HDFCAMC,INE127D01025,BASE_SAME_ISIN,HDFCAMC,EQ,INE127D01025,lt,lt,lt,gt,isin_eq,base_series=EQ
LEGACY,2021-10-04,BL,HDFCLIFE,INE795G01014,BASE_SAME_ISIN,HDFCLIFE,EQ,INE795G01014,lt,lt,lt,gt,isin_eq,base_series=EQ
LEGACY,2021-10-04,BL,HEROMOTOCO,INE158A01026,BASE_SAME_ISIN,HEROMOTOCO,EQ,INE158A01026,lt,lt,lt,lt,isin_eq,base_series=EQ
LEGACY,2021-10-04,BL,HINDALCO,INE038A01020,BASE_SAME_ISIN,HINDALCO,EQ,INE038A01020,lt,lt,lt,lt,isin_eq,base_series=EQ
LEGACY,2021-10-04,BL,HINDPETRO,INE094A01015,BASE_SAME_ISIN,HINDPETRO,EQ,INE094A01015,lt,lt,lt,lt,isin_eq,base_series=EQ
LEGACY,2021-10-04,BL,HINDUNILVR,INE030A01027,BASE_SAME_ISIN,HINDUNILVR,EQ,INE030A01027,lt,lt,lt,gt,isin_eq,base_series=EQ
LEGACY,2021-10-04,BL,ICICIBANK,INE090A01021,BASE_SAME_ISIN,ICICIBANK,EQ,INE090A01021,lt,lt,lt,lt,isin_eq,base_series=EQ
LEGACY,2021-10-04,BL,ICICIGI,INE765G01017,BASE_SAME_ISIN,ICICIGI,EQ,INE765G01017,lt,lt,lt,gt,isin_eq,base_series=EQ
LEGACY,2021-10-04,BL,ICICIPRULI,INE726G01019,BASE_SAME_ISIN,ICICIPRULI,EQ,INE726G01019,lt,lt,lt,lt,isin_eq,base_series=EQ
LEGACY,2021-10-04,BL,IGL,INE203G01027,BASE_SAME_ISIN,IGL,EQ,INE203G01027,lt,lt,lt,gt,isin_eq,base_series=EQ
LEGACY,2021-10-04,BL,INDIGO,INE646L01027,BASE_SAME_ISIN,INDIGO,EQ,INE646L01027,lt,lt,lt,lt,isin_eq,base_series=EQ
LEGACY,2021-10-04,BL,INDUSTOWER,INE121J01017,BASE_SAME_ISIN,INDUSTOWER,EQ,INE121J01017,lt,lt,lt,gt,isin_eq,base_series=EQ
LEGACY,2021-10-04,BL,INFY,INE009A01021,BASE_SAME_ISIN,INFY,EQ,INE009A01021,gt,gt,lt,lt,isin_eq,base_series=EQ
LEGACY,2021-10-04,BL,IOC,INE242A01010,BASE_SAME_ISIN,IOC,EQ,INE242A01010,lt,lt,lt,gt,isin_eq,base_series=EQ
LEGACY,2021-10-04,BL,IPCALAB,INE571A01020,BASE_SAME_ISIN,IPCALAB,EQ,INE571A01020,lt,lt,lt,gt,isin_eq,base_series=EQ
LEGACY,2021-10-04,BL,ITC,INE154A01025,BASE_SAME_ISIN,ITC,EQ,INE154A01025,lt,lt,lt,lt,isin_eq,base_series=EQ
LEGACY,2021-10-04,BL,JSWSTEEL,INE019A01038,BASE_SAME_ISIN,JSWSTEEL,EQ,INE019A01038,lt,lt,lt,lt,isin_eq,base_series=EQ
LEGACY,2021-10-04,BL,JUBLFOOD,INE797F01012,BASE_SAME_ISIN,JUBLFOOD,EQ,INE797F01012,lt,lt,lt,lt,isin_eq,base_series=EQ
LEGACY,2021-10-04,BL,KOTAKBANK,INE237A01028,BASE_SAME_ISIN,KOTAKBANK,EQ,INE237A01028,lt,lt,lt,gt,isin_eq,base_series=EQ
LEGACY,2021-10-04,BL,LT,INE018A01030,BASE_SAME_ISIN,LT,EQ,INE018A01030,lt,lt,lt,lt,isin_eq,base_series=EQ
LEGACY,2021-10-04,BL,LUPIN,INE326A01037,BASE_SAME_ISIN,LUPIN,EQ,INE326A01037,lt,lt,lt,gt,isin_eq,base_series=EQ
LEGACY,2021-10-04,BL,M&M,INE101A01026,BASE_SAME_ISIN,M&M,EQ,INE101A01026,lt,lt,lt,lt,isin_eq,base_series=EQ
LEGACY,2021-10-04,BL,MARICO,INE196A01026,BASE_SAME_ISIN,MARICO,EQ,INE196A01026,lt,lt,lt,lt,isin_eq,base_series=EQ
LEGACY,2021-10-04,BL,MARUTI,INE585B01010,BASE_SAME_ISIN,MARUTI,EQ,INE585B01010,lt,lt,lt,lt,isin_eq,base_series=EQ
LEGACY,2021-10-04,BL,MCDOWELL-N,INE854D01024,BASE_SAME_ISIN,MCDOWELL-N,EQ,INE854D01024,lt,lt,lt,lt,isin_eq,base_series=EQ
LEGACY,2021-10-04,BL,MOTHERSUMI,INE775A01035,BASE_SAME_ISIN,MOTHERSUMI,EQ,INE775A01035,lt,lt,lt,lt,isin_eq,base_series=EQ
LEGACY,2021-10-04,BL,MRF,INE883A01011,BASE_SAME_ISIN,MRF,EQ,INE883A01011,lt,lt,lt,lt,isin_eq,base_series=EQ
LEGACY,2021-10-04,BL,MUTHOOTFIN,INE414G01012,BASE_SAME_ISIN,MUTHOOTFIN,EQ,INE414G01012,lt,lt,lt,gt,isin_eq,base_series=EQ
LEGACY,2021-10-04,BL,NAUKRI,INE663F01024,BASE_SAME_ISIN,NAUKRI,EQ,INE663F01024,lt,lt,lt,lt,isin_eq,base_series=EQ
LEGACY,2021-10-04,BL,NESTLEIND,INE239A01016,BASE_SAME_ISIN,NESTLEIND,EQ,INE239A01016,lt,lt,lt,gt,isin_eq,base_series=EQ
LEGACY,2021-10-04,BL,NTPC,INE733E01010,BASE_SAME_ISIN,NTPC,EQ,INE733E01010,lt,lt,lt,lt,isin_eq,base_series=EQ
LEGACY,2021-10-04,BL,ONGC,INE213A01029,BASE_SAME_ISIN,ONGC,EQ,INE213A01029,lt,lt,lt,lt,isin_eq,base_series=EQ
LEGACY,2021-10-04,BL,PEL,INE140A01024,BASE_SAME_ISIN,PEL,EQ,INE140A01024,lt,lt,lt,lt,isin_eq,base_series=EQ
LEGACY,2021-10-04,BL,PETRONET,INE347G01014,BASE_SAME_ISIN,PETRONET,EQ,INE347G01014,lt,lt,lt,lt,isin_eq,base_series=EQ
LEGACY,2021-10-04,BL,PIDILITIND,INE318A01026,BASE_SAME_ISIN,PIDILITIND,EQ,INE318A01026,lt,lt,lt,lt,isin_eq,base_series=EQ
LEGACY,2021-10-04,BL,PIIND,INE603J01030,BASE_SAME_ISIN,PIIND,EQ,INE603J01030,lt,lt,lt,lt,isin_eq,base_series=EQ
LEGACY,2021-10-04,BL,POWERGRID,INE752E01010,BASE_SAME_ISIN,POWERGRID,EQ,INE752E01010,lt,lt,lt,gt,isin_eq,base_series=EQ
LEGACY,2021-10-04,BL,RECLTD,INE020B01018,BASE_SAME_ISIN,RECLTD,EQ,INE020B01018,lt,lt,lt,lt,isin_eq,base_series=EQ
LEGACY,2021-10-04,BL,RELIANCE,INE002A01018,BASE_SAME_ISIN,RELIANCE,EQ,INE002A01018,lt,lt,lt,lt,isin_eq,base_series=EQ
LEGACY,2021-10-04,BL,SBICARD,INE018E01016,BASE_SAME_ISIN,SBICARD,EQ,INE018E01016,lt,lt,lt,lt,isin_eq,base_series=EQ
LEGACY,2021-10-04,BL,SBILIFE,INE123W01016,BASE_SAME_ISIN,SBILIFE,EQ,INE123W01016,lt,lt,lt,lt,isin_eq,base_series=EQ
LEGACY,2021-10-04,BL,SBIN,INE062A01020,BASE_SAME_ISIN,SBIN,EQ,INE062A01020,lt,lt,lt,lt,isin_eq,base_series=EQ
LEGACY,2021-10-04,BL,SIEMENS,INE003A01024,BASE_SAME_ISIN,SIEMENS,EQ,INE003A01024,lt,lt,lt,lt,isin_eq,base_series=EQ
LEGACY,2021-10-04,BL,SRTRANSFIN,INE721A01013,BASE_SAME_ISIN,SRTRANSFIN,EQ,INE721A01013,lt,lt,lt,lt,isin_eq,base_series=EQ
LEGACY,2021-10-04,BL,SUNPHARMA,INE044A01036,BASE_SAME_ISIN,SUNPHARMA,EQ,INE044A01036,lt,lt,lt,lt,isin_eq,base_series=EQ
LEGACY,2021-10-04,BL,TATACONSUM,INE192A01025,BASE_SAME_ISIN,TATACONSUM,EQ,INE192A01025,lt,lt,lt,lt,isin_eq,base_series=EQ
LEGACY,2021-10-04,BL,TATAMOTORS,INE155A01022,BASE_SAME_ISIN,TATAMOTORS,EQ,INE155A01022,lt,lt,lt,lt,isin_eq,base_series=EQ
LEGACY,2021-10-04,BL,TATASTEEL,INE081A01012,BASE_SAME_ISIN,TATASTEEL,EQ,INE081A01012,lt,lt,lt,lt,isin_eq,base_series=EQ
LEGACY,2021-10-04,BL,TCS,INE467B01029,BASE_SAME_ISIN,TCS,EQ,INE467B01029,lt,lt,lt,lt,isin_eq,base_series=EQ
LEGACY,2021-10-04,BL,TECHM,INE669C01036,BASE_SAME_ISIN,TECHM,EQ,INE669C01036,lt,lt,lt,lt,isin_eq,base_series=EQ
LEGACY,2021-10-04,BL,TITAN,INE280A01028,BASE_SAME_ISIN,TITAN,EQ,INE280A01028,lt,lt,lt,gt,isin_eq,base_series=EQ
LEGACY,2021-10-04,BL,TORNTPHARM,INE685A01028,BASE_SAME_ISIN,TORNTPHARM,EQ,INE685A01028,lt,lt,lt,lt,isin_eq,base_series=EQ
LEGACY,2021-10-04,BL,TRENT,INE849A01020,BASE_SAME_ISIN,TRENT,EQ,INE849A01020,lt,lt,lt,lt,isin_eq,base_series=EQ
LEGACY,2021-10-04,BL,ULTRACEMCO,INE481G01011,BASE_SAME_ISIN,ULTRACEMCO,EQ,INE481G01011,lt,lt,lt,lt,isin_eq,base_series=EQ
LEGACY,2021-10-04,BL,UPL,INE628A01036,BASE_SAME_ISIN,UPL,EQ,INE628A01036,lt,lt,lt,gt,isin_eq,base_series=EQ
LEGACY,2021-10-04,BL,VEDL,INE205A01025,BASE_SAME_ISIN,VEDL,EQ,INE205A01025,lt,lt,lt,lt,isin_eq,base_series=EQ
LEGACY,2021-10-04,BL,WIPRO,INE075A01022,BASE_SAME_ISIN,WIPRO,EQ,INE075A01022,lt,lt,lt,lt,isin_eq,base_series=EQ
LEGACY,2021-10-04,BL,YESBANK,INE528G01035,BASE_SAME_ISIN,YESBANK,EQ,INE528G01035,lt,lt,lt,lt,isin_eq,base_series=EQ
LEGACY,2021-10-05,BL,BAJAJFINSV,INE918I01018,BASE_SAME_ISIN,BAJAJFINSV,EQ,INE918I01018,lt,lt,lt,gt,isin_eq,base_series=EQ
LEGACY,2021-10-05,BL,COFORGE,INE591G01017,BASE_SAME_ISIN,COFORGE,EQ,INE591G01017,lt,lt,lt,lt,isin_eq,base_series=EQ
LEGACY,2021-10-05,BL,DALBHARAT,INE00R701025,BASE_SAME_ISIN,DALBHARAT,EQ,INE00R701025,lt,lt,lt,gt,isin_eq,base_series=EQ
LEGACY,2021-10-05,BL,HGS,INE170I01016,BASE_SAME_ISIN,HGS,BE,INE170I01016,gt,gt,lt,gt,isin_eq,base_series=BE
LEGACY,2021-10-05,BL,LTI,INE214T01019,BASE_SAME_ISIN,LTI,EQ,INE214T01019,lt,lt,lt,lt,isin_eq,base_series=EQ
LEGACY,2021-10-05,BL,QUESS,INE615P01015,BASE_SAME_ISIN,QUESS,EQ,INE615P01015,gt,gt,lt,gt,isin_eq,base_series=EQ
LEGACY,2021-10-14,BL,UNIDT,INE961D01019,BASE_SAME_ISIN,UNIDT,EQ,INE961D01019,lt,lt,lt,lt,isin_eq,base_series=EQ
LEGACY,2021-11-10,BL,FAIRCHEMOR,INE0DNW01011,BASE_SAME_ISIN,FAIRCHEMOR,EQ,INE0DNW01011,gt,gt,lt,gt,isin_eq,base_series=EQ
LEGACY,2021-11-18,BL,EDELWEISS,INE532F01054,BASE_SAME_ISIN,EDELWEISS,EQ,INE532F01054,gt,gt,lt,gt,isin_eq,base_series=EQ
LEGACY,2021-11-22,BL,THANGAMAYL,INE085J01014,BASE_SAME_ISIN,THANGAMAYL,EQ,INE085J01014,gt,gt,lt,gt,isin_eq,base_series=EQ
LEGACY,2021-12-09,BL,GOCOLORS,INE0BJS01011,BASE_SAME_ISIN,GOCOLORS,EQ,INE0BJS01011,gt,gt,lt,gt,isin_eq,base_series=EQ
LEGACY,2021-12-16,BL,IBULHSGFIN,INE148I01020,BASE_SAME_ISIN,IBULHSGFIN,EQ,INE148I01020,lt,lt,lt,gt,isin_eq,base_series=EQ
LEGACY,2021-12-16,BL,VEDL,INE205A01025,BASE_SAME_ISIN,VEDL,EQ,INE205A01025,gt,gt,lt,lt,isin_eq,base_series=EQ
LEGACY,2021-12-17,BL,KALPATPOWR,INE220B01022,BASE_SAME_ISIN,KALPATPOWR,EQ,INE220B01022,gt,gt,lt,gt,isin_eq,base_series=EQ
LEGACY,2021-12-21,BL,VEDL,INE205A01025,BASE_SAME_ISIN,VEDL,EQ,INE205A01025,gt,gt,lt,lt,isin_eq,base_series=EQ
LEGACY,2021-12-24,BL,VEDL,INE205A01025,BASE_SAME_ISIN,VEDL,EQ,INE205A01025,gt,gt,lt,lt,isin_eq,base_series=EQ
LEGACY,2021-12-27,BL,SASTASUNDR,INE019J01013,BASE_SAME_ISIN,SASTASUNDR,EQ,INE019J01013,gt,gt,lt,gt,isin_eq,base_series=EQ
LEGACY,2021-12-28,BL,DYNAMATECH,INE221B01012,BASE_SAME_ISIN,DYNAMATECH,BE,INE221B01012,gt,gt,lt,lt,isin_eq,base_series=BE
LEGACY,2022-01-11,BL,RUPA,INE895B01021,BASE_SAME_ISIN,RUPA,EQ,INE895B01021,lt,lt,lt,lt,isin_eq,base_series=EQ
LEGACY,2022-01-12,BL,TATAMTRDVR,IN9155A01020,BASE_SAME_ISIN,TATAMTRDVR,EQ,IN9155A01020,lt,lt,lt,lt,isin_eq,base_series=EQ
LEGACY,2022-01-20,BL,IBULHSGFIN,INE148I01020,BASE_SAME_ISIN,IBULHSGFIN,EQ,INE148I01020,lt,lt,lt,gt,isin_eq,base_series=EQ
LEGACY,2022-01-28,BL,GANECOS,INE845D01014,BASE_SAME_ISIN,GANECOS,EQ,INE845D01014,lt,lt,lt,lt,isin_eq,base_series=EQ
LEGACY,2022-02-01,BL,DLF,INE271C01023,BASE_SAME_ISIN,DLF,EQ,INE271C01023,lt,lt,lt,lt,isin_eq,base_series=EQ
LEGACY,2022-02-10,BL,CHEMCON,INE03YM01018,BASE_SAME_ISIN,CHEMCON,EQ,INE03YM01018,gt,gt,lt,gt,isin_eq,base_series=EQ
LEGACY,2022-02-14,BL,MOTILALOFS,INE338I01027,BASE_SAME_ISIN,MOTILALOFS,EQ,INE338I01027,gt,gt,lt,gt,isin_eq,base_series=EQ
LEGACY,2022-02-15,BL,INDNIPPON,INE092B01025,BASE_SAME_ISIN,INDNIPPON,EQ,INE092B01025,gt,gt,lt,lt,isin_eq,base_series=EQ
LEGACY,2022-02-15,BL,SHRIRAMCIT,INE722A01011,BASE_SAME_ISIN,SHRIRAMCIT,EQ,INE722A01011,gt,gt,lt,lt,isin_eq,base_series=EQ
LEGACY,2022-03-07,BL,HGS,INE170I01016,BASE_SAME_ISIN,HGS,EQ,INE170I01016,gt,gt,lt,gt,isin_eq,base_series=EQ
LEGACY,2022-03-09,BL,HGS,INE170I01016,BASE_SAME_ISIN,HGS,EQ,INE170I01016,gt,gt,lt,lt,isin_eq,base_series=EQ
LEGACY,2022-03-10,BL,ASTRON,INE646X01014,BASE_SAME_ISIN,ASTRON,EQ,INE646X01014,gt,gt,lt,lt,isin_eq,base_series=EQ
LEGACY,2022-03-11,BL,AUROPHARMA,INE406A01037,BASE_SAME_ISIN,AUROPHARMA,EQ,INE406A01037,lt,lt,lt,lt,isin_eq,base_series=EQ
LEGACY,2022-03-15,BL,HATSUN,INE473B01035,BASE_SAME_ISIN,HATSUN,EQ,INE473B01035,gt,gt,lt,gt,isin_eq,base_series=EQ
LEGACY,2022-03-15,BL,SANGHIIND,INE999B01013,BASE_SAME_ISIN,SANGHIIND,EQ,INE999B01013,gt,gt,lt,gt,isin_eq,base_series=EQ
LEGACY,2022-03-15,BL,SRTRANSFIN,INE721A01013,BASE_SAME_ISIN,SRTRANSFIN,EQ,INE721A01013,lt,lt,lt,gt,isin_eq,base_series=EQ
LEGACY,2022-03-17,BL,PVR,INE191H01014,BASE_SAME_ISIN,PVR,EQ,INE191H01014,lt,lt,lt,lt,isin_eq,base_series=EQ
LEGACY,2022-03-17,BL,SBIN,INE062A01020,BASE_SAME_ISIN,SBIN,EQ,INE062A01020,lt,lt,lt,lt,isin_eq,base_series=EQ
LEGACY,2022-03-21,BL,HGS,INE170I01016,BASE_SAME_ISIN,HGS,EQ,INE170I01016,gt,gt,lt,lt,isin_eq,base_series=EQ
LEGACY,2022-03-21,BL,SHANKARA,INE274V01019,BASE_SAME_ISIN,SHANKARA,EQ,INE274V01019,lt,lt,lt,lt,isin_eq,base_series=EQ
LEGACY,2022-03-23,BL,BAJAJFINSV,INE918I01018,BASE_SAME_ISIN,BAJAJFINSV,EQ,INE918I01018,lt,lt,lt,lt,isin_eq,base_series=EQ
LEGACY,2022-03-25,BL,BUTTERFLY,INE295F01017,BASE_SAME_ISIN,BUTTERFLY,EQ,INE295F01017,gt,gt,lt,gt,isin_eq,base_series=EQ
LEGACY,2022-03-29,BL,SBILIFE,INE123W01016,BASE_SAME_ISIN,SBILIFE,EQ,INE123W01016,gt,gt,lt,lt,isin_eq,base_series=EQ
LEGACY,2022-04-06,BL,JAIBALAJI,INE091G01018,BASE_SAME_ISIN,JAIBALAJI,EQ,INE091G01018,gt,gt,lt,lt,isin_eq,base_series=EQ
LEGACY,2022-04-21,BL,BARBEQUE,INE382M01027,BASE_SAME_ISIN,BARBEQUE,EQ,INE382M01027,gt,gt,lt,lt,isin_eq,base_series=EQ
LEGACY,2022-05-04,BL,JKIL,INE576I01022,BASE_SAME_ISIN,JKIL,EQ,INE576I01022,lt,lt,lt,lt,isin_eq,base_series=EQ
LEGACY,2022-05-09,IT,3RDROCK,INE768P01012,NO_BASE_ORPHAN,,,,,,,,,
LEGACY,2022-05-20,BL,GODREJAGRO,INE850D01014,BASE_SAME_ISIN,GODREJAGRO,EQ,INE850D01014,gt,gt,lt,lt,isin_eq,base_series=EQ
LEGACY,2022-05-24,BL,GMRINFRA,INE776C01039,BASE_SAME_ISIN,GMRINFRA,EQ,INE776C01039,gt,gt,lt,lt,isin_eq,base_series=EQ
LEGACY,2022-06-01,BL,NXTDIGITAL,INE353A01023,BASE_SAME_ISIN,NXTDIGITAL,EQ,INE353A01023,gt,gt,lt,gt,isin_eq,base_series=EQ
LEGACY,2022-06-02,BL,DYNAMATECH,INE221B01012,BASE_SAME_ISIN,DYNAMATECH,EQ,INE221B01012,gt,gt,lt,lt,isin_eq,base_series=EQ
LEGACY,2022-06-03,BL,SELAN,INE818A01017,BASE_SAME_ISIN,SELAN,EQ,INE818A01017,gt,gt,lt,gt,isin_eq,base_series=EQ
LEGACY,2022-06-07,BL,SAREGAMA,INE979A01025,BASE_SAME_ISIN,SAREGAMA,EQ,INE979A01025,gt,gt,lt,gt,isin_eq,base_series=EQ
LEGACY,2022-06-08,BL,SELAN,INE818A01017,BASE_SAME_ISIN,SELAN,EQ,INE818A01017,gt,gt,lt,gt,isin_eq,base_series=EQ
LEGACY,2022-06-10,BL,IIFL,INE530B01024,BASE_SAME_ISIN,IIFL,EQ,INE530B01024,lt,lt,lt,lt,isin_eq,base_series=EQ
LEGACY,2022-06-13,BL,UFLEX,INE516A01017,BASE_SAME_ISIN,UFLEX,EQ,INE516A01017,gt,gt,lt,gt,isin_eq,base_series=EQ
LEGACY,2022-06-15,BL,NXTDIGITAL,INE353A01023,BASE_SAME_ISIN,NXTDIGITAL,EQ,INE353A01023,gt,gt,lt,gt,isin_eq,base_series=EQ
LEGACY,2022-06-23,BL,KBCGLOBAL,INE278R01034,BASE_SAME_ISIN,KBCGLOBAL,EQ,INE278R01034,gt,gt,lt,gt,isin_eq,base_series=EQ
LEGACY,2022-07-25,BL,ACC,INE012A01025,BASE_SAME_ISIN,ACC,EQ,INE012A01025,lt,lt,lt,lt,isin_eq,base_series=EQ
LEGACY,2022-07-25,BL,ADANIENT,INE423A01024,BASE_SAME_ISIN,ADANIENT,EQ,INE423A01024,lt,lt,lt,lt,isin_eq,base_series=EQ
LEGACY,2022-07-25,BL,ADANIGREEN,INE364U01010,BASE_SAME_ISIN,ADANIGREEN,EQ,INE364U01010,lt,lt,lt,lt,isin_eq,base_series=EQ
LEGACY,2022-07-25,BL,ADANIPORTS,INE742F01042,BASE_SAME_ISIN,ADANIPORTS,EQ,INE742F01042,lt,lt,lt,gt,isin_eq,base_series=EQ
LEGACY,2022-07-25,BL,ADANIPOWER,INE814H01011,BASE_SAME_ISIN,ADANIPOWER,EQ,INE814H01011,lt,lt,lt,lt,isin_eq,base_series=EQ
LEGACY,2022-07-25,BL,ADANITRANS,INE931S01010,BASE_SAME_ISIN,ADANITRANS,EQ,INE931S01010,gt,gt,lt,gt,isin_eq,base_series=EQ
LEGACY,2022-07-25,BL,AMBUJACEM,INE079A01024,BASE_SAME_ISIN,AMBUJACEM,EQ,INE079A01024,lt,lt,lt,gt,isin_eq,base_series=EQ
LEGACY,2022-07-25,BL,APOLLOHOSP,INE437A01024,BASE_SAME_ISIN,APOLLOHOSP,EQ,INE437A01024,lt,lt,lt,lt,isin_eq,base_series=EQ
LEGACY,2022-07-25,BL,ASIANPAINT,INE021A01026,BASE_SAME_ISIN,ASIANPAINT,EQ,INE021A01026,lt,lt,lt,lt,isin_eq,base_series=EQ
LEGACY,2022-07-25,BL,ATGL,INE399L01023,BASE_SAME_ISIN,ATGL,EQ,INE399L01023,lt,lt,lt,lt,isin_eq,base_series=EQ
LEGACY,2022-07-25,BL,AUBANK,INE949L01017,BASE_SAME_ISIN,AUBANK,EQ,INE949L01017,lt,lt,lt,gt,isin_eq,base_series=EQ
LEGACY,2022-07-25,BL,AUROPHARMA,INE406A01037,BASE_SAME_ISIN,AUROPHARMA,EQ,INE406A01037,lt,lt,lt,gt,isin_eq,base_series=EQ
LEGACY,2022-07-25,BL,AXISBANK,INE238A01034,BASE_SAME_ISIN,AXISBANK,EQ,INE238A01034,lt,lt,lt,gt,isin_eq,base_series=EQ
LEGACY,2022-07-25,BL,BAJAJ-AUTO,INE917I01010,BASE_SAME_ISIN,BAJAJ-AUTO,EQ,INE917I01010,lt,lt,lt,gt,isin_eq,base_series=EQ
LEGACY,2022-07-25,BL,BAJAJFINSV,INE918I01018,BASE_SAME_ISIN,BAJAJFINSV,EQ,INE918I01018,lt,lt,lt,gt,isin_eq,base_series=EQ
LEGACY,2022-07-25,BL,BAJFINANCE,INE296A01024,BASE_SAME_ISIN,BAJFINANCE,EQ,INE296A01024,lt,lt,lt,gt,isin_eq,base_series=EQ
LEGACY,2022-07-25,BL,BALKRISIND,INE787D01026,BASE_SAME_ISIN,BALKRISIND,EQ,INE787D01026,lt,lt,lt,lt,isin_eq,base_series=EQ
LEGACY,2022-07-25,BL,BANDHANBNK,INE545U01014,BASE_SAME_ISIN,BANDHANBNK,EQ,INE545U01014,lt,lt,lt,gt,isin_eq,base_series=EQ
LEGACY,2022-07-25,BL,BEL,INE263A01024,BASE_SAME_ISIN,BEL,EQ,INE263A01024,lt,lt,lt,lt,isin_eq,base_series=EQ
LEGACY,2022-07-25,BL,BERGEPAINT,INE463A01038,BASE_SAME_ISIN,BERGEPAINT,EQ,INE463A01038,lt,lt,lt,lt,isin_eq,base_series=EQ
LEGACY,2022-07-25,BL,BHARATFORG,INE465A01025,BASE_SAME_ISIN,BHARATFORG,EQ,INE465A01025,lt,lt,lt,gt,isin_eq,base_series=EQ
LEGACY,2022-07-25,BL,BHARTIARTL,INE397D01024,BASE_SAME_ISIN,BHARTIARTL,EQ,INE397D01024,gt,gt,lt,gt,isin_eq,base_series=EQ
LEGACY,2022-07-25,BL,BIOCON,INE376G01013,BASE_SAME_ISIN,BIOCON,EQ,INE376G01013,lt,lt,lt,gt,isin_eq,base_series=EQ
LEGACY,2022-07-25,BL,BPCL,INE029A01011,BASE_SAME_ISIN,BPCL,EQ,INE029A01011,lt,lt,lt,gt,isin_eq,base_series=EQ
LEGACY,2022-07-25,BL,BRITANNIA,INE216A01030,BASE_SAME_ISIN,BRITANNIA,EQ,INE216A01030,lt,lt,lt,lt,isin_eq,base_series=EQ
LEGACY,2022-07-25,BL,CHOLAFIN,INE121A01024,BASE_SAME_ISIN,CHOLAFIN,EQ,INE121A01024,lt,lt,lt,gt,isin_eq,base_series=EQ
LEGACY,2022-07-25,BL,CIPLA,INE059A01026,BASE_SAME_ISIN,CIPLA,EQ,INE059A01026,lt,lt,lt,gt,isin_eq,base_series=EQ
LEGACY,2022-07-25,BL,COALINDIA,INE522F01014,BASE_SAME_ISIN,COALINDIA,EQ,INE522F01014,lt,lt,lt,lt,isin_eq,base_series=EQ
LEGACY,2022-07-25,BL,COLPAL,INE259A01022,BASE_SAME_ISIN,COLPAL,EQ,INE259A01022,lt,lt,lt,gt,isin_eq,base_series=EQ
LEGACY,2022-07-25,BL,CONCOR,INE111A01025,BASE_SAME_ISIN,CONCOR,EQ,INE111A01025,lt,lt,lt,gt,isin_eq,base_series=EQ
LEGACY,2022-07-25,BL,DABUR,INE016A01026,BASE_SAME_ISIN,DABUR,EQ,INE016A01026,lt,lt,lt,gt,isin_eq,base_series=EQ
LEGACY,2022-07-25,BL,DIVISLAB,INE361B01024,BASE_SAME_ISIN,DIVISLAB,EQ,INE361B01024,gt,gt,lt,gt,isin_eq,base_series=EQ
LEGACY,2022-07-25,BL,DLF,INE271C01023,BASE_SAME_ISIN,DLF,EQ,INE271C01023,lt,lt,lt,gt,isin_eq,base_series=EQ
LEGACY,2022-07-25,BL,DMART,INE192R01011,BASE_SAME_ISIN,DMART,EQ,INE192R01011,lt,lt,lt,lt,isin_eq,base_series=EQ
LEGACY,2022-07-25,BL,DRREDDY,INE089A01023,BASE_SAME_ISIN,DRREDDY,EQ,INE089A01023,lt,lt,lt,gt,isin_eq,base_series=EQ
LEGACY,2022-07-25,BL,EICHERMOT,INE066A01021,BASE_SAME_ISIN,EICHERMOT,EQ,INE066A01021,lt,lt,lt,gt,isin_eq,base_series=EQ
LEGACY,2022-07-25,BL,GAIL,INE129A01019,BASE_SAME_ISIN,GAIL,EQ,INE129A01019,lt,lt,lt,lt,isin_eq,base_series=EQ
LEGACY,2022-07-25,BL,GODREJCP,INE102D01028,BASE_SAME_ISIN,GODREJCP,EQ,INE102D01028,lt,lt,lt,gt,isin_eq,base_series=EQ
LEGACY,2022-07-25,BL,GODREJPROP,INE484J01027,BASE_SAME_ISIN,GODREJPROP,EQ,INE484J01027,lt,lt,lt,gt,isin_eq,base_series=EQ
LEGACY,2022-07-25,BL,GRASIM,INE047A01021,BASE_SAME_ISIN,GRASIM,EQ,INE047A01021,lt,lt,lt,gt,isin_eq,base_series=EQ
LEGACY,2022-07-25,BL,HAVELLS,INE176B01034,BASE_SAME_ISIN,HAVELLS,EQ,INE176B01034,lt,lt,lt,gt,isin_eq,base_series=EQ
LEGACY,2022-07-25,BL,HCLTECH,INE860A01027,BASE_SAME_ISIN,HCLTECH,EQ,INE860A01027,lt,lt,lt,lt,isin_eq,base_series=EQ
LEGACY,2022-07-25,BL,HDFC,INE001A01036,BASE_SAME_ISIN,HDFC,EQ,INE001A01036,gt,gt,lt,lt,isin_eq,base_series=EQ
LEGACY,2022-07-25,BL,HDFCBANK,INE040A01034,BASE_SAME_ISIN,HDFCBANK,EQ,INE040A01034,lt,lt,lt,lt,isin_eq,base_series=EQ
LEGACY,2022-07-25,BL,HDFCLIFE,INE795G01014,BASE_SAME_ISIN,HDFCLIFE,EQ,INE795G01014,lt,lt,lt,gt,isin_eq,base_series=EQ
LEGACY,2022-07-25,BL,HEROMOTOCO,INE158A01026,BASE_SAME_ISIN,HEROMOTOCO,EQ,INE158A01026,lt,lt,lt,gt,isin_eq,base_series=EQ
LEGACY,2022-07-25,BL,HINDALCO,INE038A01020,BASE_SAME_ISIN,HINDALCO,EQ,INE038A01020,lt,lt,lt,lt,isin_eq,base_series=EQ
LEGACY,2022-07-25,BL,HINDPETRO,INE094A01015,BASE_SAME_ISIN,HINDPETRO,EQ,INE094A01015,lt,lt,lt,gt,isin_eq,base_series=EQ
LEGACY,2022-07-25,BL,HINDUNILVR,INE030A01027,BASE_SAME_ISIN,HINDUNILVR,EQ,INE030A01027,lt,lt,lt,gt,isin_eq,base_series=EQ
LEGACY,2022-07-25,BL,ICICIBANK,INE090A01021,BASE_SAME_ISIN,ICICIBANK,EQ,INE090A01021,lt,lt,lt,lt,isin_eq,base_series=EQ
LEGACY,2022-07-25,BL,ICICIGI,INE765G01017,BASE_SAME_ISIN,ICICIGI,EQ,INE765G01017,lt,lt,lt,gt,isin_eq,base_series=EQ
LEGACY,2022-07-25,BL,ICICIPRULI,INE726G01019,BASE_SAME_ISIN,ICICIPRULI,EQ,INE726G01019,lt,lt,lt,gt,isin_eq,base_series=EQ
LEGACY,2022-07-25,BL,IGL,INE203G01027,BASE_SAME_ISIN,IGL,EQ,INE203G01027,lt,lt,lt,gt,isin_eq,base_series=EQ
LEGACY,2022-07-25,BL,INDIGO,INE646L01027,BASE_SAME_ISIN,INDIGO,EQ,INE646L01027,lt,lt,lt,lt,isin_eq,base_series=EQ
LEGACY,2022-07-25,BL,INDUSINDBK,INE095A01012,BASE_SAME_ISIN,INDUSINDBK,EQ,INE095A01012,lt,lt,lt,lt,isin_eq,base_series=EQ
LEGACY,2022-07-25,BL,INDUSTOWER,INE121J01017,BASE_SAME_ISIN,INDUSTOWER,EQ,INE121J01017,lt,lt,lt,gt,isin_eq,base_series=EQ
LEGACY,2022-07-25,BL,INFY,INE009A01021,BASE_SAME_ISIN,INFY,EQ,INE009A01021,lt,lt,lt,gt,isin_eq,base_series=EQ
LEGACY,2022-07-25,BL,IOC,INE242A01010,BASE_SAME_ISIN,IOC,EQ,INE242A01010,lt,lt,lt,gt,isin_eq,base_series=EQ
LEGACY,2022-07-25,BL,ITC,INE154A01025,BASE_SAME_ISIN,ITC,EQ,INE154A01025,lt,lt,lt,lt,isin_eq,base_series=EQ
LEGACY,2022-07-25,BL,JINDALSTEL,INE749A01030,BASE_SAME_ISIN,JINDALSTEL,EQ,INE749A01030,lt,lt,lt,lt,isin_eq,base_series=EQ
LEGACY,2022-07-25,BL,JSWSTEEL,INE019A01038,BASE_SAME_ISIN,JSWSTEEL,EQ,INE019A01038,lt,lt,lt,lt,isin_eq,base_series=EQ
LEGACY,2022-07-25,BL,JUBLFOOD,INE797F01020,BASE_SAME_ISIN,JUBLFOOD,EQ,INE797F01020,lt,lt,lt,gt,isin_eq,base_series=EQ
LEGACY,2022-07-25,BL,KOTAKBANK,INE237A01028,BASE_SAME_ISIN,KOTAKBANK,EQ,INE237A01028,lt,lt,lt,gt,isin_eq,base_series=EQ
LEGACY,2022-07-25,BL,LT,INE018A01030,BASE_SAME_ISIN,LT,EQ,INE018A01030,lt,lt,lt,lt,isin_eq,base_series=EQ
LEGACY,2022-07-25,BL,LTI,INE214T01019,BASE_SAME_ISIN,LTI,EQ,INE214T01019,lt,lt,lt,gt,isin_eq,base_series=EQ
LEGACY,2022-07-25,BL,LUPIN,INE326A01037,BASE_SAME_ISIN,LUPIN,EQ,INE326A01037,lt,lt,lt,gt,isin_eq,base_series=EQ
LEGACY,2022-07-25,BL,M&M,INE101A01026,BASE_SAME_ISIN,M&M,EQ,INE101A01026,lt,lt,lt,gt,isin_eq,base_series=EQ
LEGACY,2022-07-25,BL,MARICO,INE196A01026,BASE_SAME_ISIN,MARICO,EQ,INE196A01026,lt,lt,lt,gt,isin_eq,base_series=EQ
LEGACY,2022-07-25,BL,MARUTI,INE585B01010,BASE_SAME_ISIN,MARUTI,EQ,INE585B01010,lt,lt,lt,gt,isin_eq,base_series=EQ
LEGACY,2022-07-25,BL,MCDOWELL-N,INE854D01024,BASE_SAME_ISIN,MCDOWELL-N,EQ,INE854D01024,lt,lt,lt,lt,isin_eq,base_series=EQ
LEGACY,2022-07-25,BL,MINDTREE,INE018I01017,BASE_SAME_ISIN,MINDTREE,EQ,INE018I01017,lt,lt,lt,lt,isin_eq,base_series=EQ
LEGACY,2022-07-25,BL,MOTHERSON,INE775A01035,BASE_SAME_ISIN,MOTHERSON,EQ,INE775A01035,lt,lt,lt,gt,isin_eq,base_series=EQ
LEGACY,2022-07-25,BL,MPHASIS,INE356A01018,BASE_SAME_ISIN,MPHASIS,EQ,INE356A01018,lt,lt,lt,lt,isin_eq,base_series=EQ
LEGACY,2022-07-25,BL,MRF,INE883A01011,BASE_SAME_ISIN,MRF,EQ,INE883A01011,lt,lt,lt,lt,isin_eq,base_series=EQ
LEGACY,2022-07-25,BL,MUTHOOTFIN,INE414G01012,BASE_SAME_ISIN,MUTHOOTFIN,EQ,INE414G01012,lt,lt,lt,lt,isin_eq,base_series=EQ
LEGACY,2022-07-25,BL,NAUKRI,INE663F01024,BASE_SAME_ISIN,NAUKRI,EQ,INE663F01024,lt,lt,lt,gt,isin_eq,base_series=EQ
LEGACY,2022-07-25,BL,NESTLEIND,INE239A01016,BASE_SAME_ISIN,NESTLEIND,EQ,INE239A01016,gt,gt,lt,gt,isin_eq,base_series=EQ
LEGACY,2022-07-25,BL,NTPC,INE733E01010,BASE_SAME_ISIN,NTPC,EQ,INE733E01010,lt,lt,lt,lt,isin_eq,base_series=EQ
LEGACY,2022-07-25,BL,ONGC,INE213A01029,BASE_SAME_ISIN,ONGC,EQ,INE213A01029,lt,lt,lt,gt,isin_eq,base_series=EQ
LEGACY,2022-07-25,BL,PAGEIND,INE761H01022,BASE_SAME_ISIN,PAGEIND,EQ,INE761H01022,lt,lt,lt,lt,isin_eq,base_series=EQ
LEGACY,2022-07-25,BL,PEL,INE140A01024,BASE_SAME_ISIN,PEL,EQ,INE140A01024,lt,lt,lt,gt,isin_eq,base_series=EQ
LEGACY,2022-07-25,BL,PETRONET,INE347G01014,BASE_SAME_ISIN,PETRONET,EQ,INE347G01014,lt,lt,lt,gt,isin_eq,base_series=EQ
LEGACY,2022-07-25,BL,PIDILITIND,INE318A01026,BASE_SAME_ISIN,PIDILITIND,EQ,INE318A01026,lt,lt,lt,gt,isin_eq,base_series=EQ
LEGACY,2022-07-25,BL,PIIND,INE603J01030,BASE_SAME_ISIN,PIIND,EQ,INE603J01030,lt,lt,lt,lt,isin_eq,base_series=EQ
LEGACY,2022-07-25,BL,POWERGRID,INE752E01010,BASE_SAME_ISIN,POWERGRID,EQ,INE752E01010,lt,lt,lt,gt,isin_eq,base_series=EQ
LEGACY,2022-07-25,BL,RELIANCE,INE002A01018,BASE_SAME_ISIN,RELIANCE,EQ,INE002A01018,lt,lt,lt,gt,isin_eq,base_series=EQ
LEGACY,2022-07-25,BL,SBICARD,INE018E01016,BASE_SAME_ISIN,SBICARD,EQ,INE018E01016,lt,lt,lt,lt,isin_eq,base_series=EQ
LEGACY,2022-07-25,BL,SBILIFE,INE123W01016,BASE_SAME_ISIN,SBILIFE,EQ,INE123W01016,lt,lt,lt,gt,isin_eq,base_series=EQ
LEGACY,2022-07-25,BL,SBIN,INE062A01020,BASE_SAME_ISIN,SBIN,EQ,INE062A01020,lt,lt,lt,lt,isin_eq,base_series=EQ
LEGACY,2022-07-25,BL,SHREECEM,INE070A01015,BASE_SAME_ISIN,SHREECEM,EQ,INE070A01015,lt,lt,lt,gt,isin_eq,base_series=EQ
LEGACY,2022-07-25,BL,SIEMENS,INE003A01024,BASE_SAME_ISIN,SIEMENS,EQ,INE003A01024,lt,lt,lt,gt,isin_eq,base_series=EQ
LEGACY,2022-07-25,BL,SRF,INE647A01010,BASE_SAME_ISIN,SRF,EQ,INE647A01010,lt,lt,lt,lt,isin_eq,base_series=EQ
LEGACY,2022-07-25,BL,SRTRANSFIN,INE721A01013,BASE_SAME_ISIN,SRTRANSFIN,EQ,INE721A01013,lt,lt,lt,lt,isin_eq,base_series=EQ
LEGACY,2022-07-25,BL,SUNPHARMA,INE044A01036,BASE_SAME_ISIN,SUNPHARMA,EQ,INE044A01036,lt,lt,lt,gt,isin_eq,base_series=EQ
LEGACY,2022-07-25,BL,TATACONSUM,INE192A01025,BASE_SAME_ISIN,TATACONSUM,EQ,INE192A01025,lt,lt,lt,lt,isin_eq,base_series=EQ
LEGACY,2022-07-25,BL,TATAELXSI,INE670A01012,BASE_SAME_ISIN,TATAELXSI,EQ,INE670A01012,lt,lt,lt,lt,isin_eq,base_series=EQ
LEGACY,2022-07-25,BL,TATAMOTORS,INE155A01022,BASE_SAME_ISIN,TATAMOTORS,EQ,INE155A01022,lt,lt,lt,gt,isin_eq,base_series=EQ
LEGACY,2022-07-25,BL,TATAPOWER,INE245A01021,BASE_SAME_ISIN,TATAPOWER,EQ,INE245A01021,lt,lt,lt,lt,isin_eq,base_series=EQ
LEGACY,2022-07-25,BL,TATASTEEL,INE081A01012,BASE_SAME_ISIN,TATASTEEL,EQ,INE081A01012,lt,lt,lt,lt,isin_eq,base_series=EQ
LEGACY,2022-07-25,BL,TCS,INE467B01029,BASE_SAME_ISIN,TCS,EQ,INE467B01029,lt,lt,lt,gt,isin_eq,base_series=EQ
LEGACY,2022-07-25,BL,TECHM,INE669C01036,BASE_SAME_ISIN,TECHM,EQ,INE669C01036,lt,lt,lt,gt,isin_eq,base_series=EQ
LEGACY,2022-07-25,BL,TITAN,INE280A01028,BASE_SAME_ISIN,TITAN,EQ,INE280A01028,lt,lt,lt,lt,isin_eq,base_series=EQ
LEGACY,2022-07-25,BL,TORNTPHARM,INE685A01028,BASE_SAME_ISIN,TORNTPHARM,EQ,INE685A01028,lt,lt,lt,lt,isin_eq,base_series=EQ
LEGACY,2022-07-25,BL,TRENT,INE849A01020,BASE_SAME_ISIN,TRENT,EQ,INE849A01020,lt,lt,lt,gt,isin_eq,base_series=EQ
LEGACY,2022-07-25,BL,ULTRACEMCO,INE481G01011,BASE_SAME_ISIN,ULTRACEMCO,EQ,INE481G01011,lt,lt,lt,gt,isin_eq,base_series=EQ
LEGACY,2022-07-25,BL,UPL,INE628A01036,BASE_SAME_ISIN,UPL,EQ,INE628A01036,lt,lt,lt,lt,isin_eq,base_series=EQ
LEGACY,2022-07-25,BL,VEDL,INE205A01025,BASE_SAME_ISIN,VEDL,EQ,INE205A01025,lt,lt,lt,gt,isin_eq,base_series=EQ
LEGACY,2022-07-25,BL,WIPRO,INE075A01022,BASE_SAME_ISIN,WIPRO,EQ,INE075A01022,lt,lt,lt,lt,isin_eq,base_series=EQ
LEGACY,2022-07-25,BL,YESBANK,INE528G01035,BASE_SAME_ISIN,YESBANK,EQ,INE528G01035,lt,lt,lt,gt,isin_eq,base_series=EQ
LEGACY,2022-07-25,BL,ZOMATO,INE758T01015,BASE_SAME_ISIN,ZOMATO,EQ,INE758T01015,lt,lt,lt,gt,isin_eq,base_series=EQ
LEGACY,2022-08-08,BL,ACC,INE012A01025,BASE_SAME_ISIN,ACC,EQ,INE012A01025,lt,lt,lt,gt,isin_eq,base_series=EQ
LEGACY,2022-08-08,BL,ADANIENT,INE423A01024,BASE_SAME_ISIN,ADANIENT,EQ,INE423A01024,lt,lt,lt,lt,isin_eq,base_series=EQ
LEGACY,2022-08-08,BL,ADANIGREEN,INE364U01010,BASE_SAME_ISIN,ADANIGREEN,EQ,INE364U01010,lt,lt,lt,lt,isin_eq,base_series=EQ
LEGACY,2022-08-08,BL,ADANIPORTS,INE742F01042,BASE_SAME_ISIN,ADANIPORTS,EQ,INE742F01042,lt,lt,lt,gt,isin_eq,base_series=EQ
LEGACY,2022-08-08,BL,ADANIPOWER,INE814H01011,BASE_SAME_ISIN,ADANIPOWER,EQ,INE814H01011,lt,lt,lt,gt,isin_eq,base_series=EQ
LEGACY,2022-08-08,BL,ADANITRANS,INE931S01010,BASE_SAME_ISIN,ADANITRANS,EQ,INE931S01010,lt,lt,lt,lt,isin_eq,base_series=EQ
LEGACY,2022-08-08,BL,AMBUJACEM,INE079A01024,BASE_SAME_ISIN,AMBUJACEM,EQ,INE079A01024,lt,lt,lt,gt,isin_eq,base_series=EQ
LEGACY,2022-08-08,BL,APOLLOHOSP,INE437A01024,BASE_SAME_ISIN,APOLLOHOSP,EQ,INE437A01024,lt,lt,lt,lt,isin_eq,base_series=EQ
LEGACY,2022-08-08,BL,ASIANPAINT,INE021A01026,BASE_SAME_ISIN,ASIANPAINT,EQ,INE021A01026,lt,lt,lt,gt,isin_eq,base_series=EQ
LEGACY,2022-08-08,BL,ATGL,INE399L01023,BASE_SAME_ISIN,ATGL,EQ,INE399L01023,lt,lt,lt,lt,isin_eq,base_series=EQ
LEGACY,2022-08-08,BL,AUBANK,INE949L01017,BASE_SAME_ISIN,AUBANK,EQ,INE949L01017,lt,lt,lt,lt,isin_eq,base_series=EQ
LEGACY,2022-08-08,BL,AUROPHARMA,INE406A01037,BASE_SAME_ISIN,AUROPHARMA,EQ,INE406A01037,lt,lt,lt,gt,isin_eq,base_series=EQ
LEGACY,2022-08-08,BL,AXISBANK,INE238A01034,BASE_SAME_ISIN,AXISBANK,EQ,INE238A01034,lt,lt,lt,lt,isin_eq,base_series=EQ
LEGACY,2022-08-08,BL,BAJAJ-AUTO,INE917I01010,BASE_SAME_ISIN,BAJAJ-AUTO,EQ,INE917I01010,lt,lt,lt,lt,isin_eq,base_series=EQ
LEGACY,2022-08-08,BL,BAJAJFINSV,INE918I01018,BASE_SAME_ISIN,BAJAJFINSV,EQ,INE918I01018,lt,lt,lt,lt,isin_eq,base_series=EQ
LEGACY,2022-08-08,BL,BAJFINANCE,INE296A01024,BASE_SAME_ISIN,BAJFINANCE,EQ,INE296A01024,lt,lt,lt,lt,isin_eq,base_series=EQ
LEGACY,2022-08-08,BL,BALKRISIND,INE787D01026,BASE_SAME_ISIN,BALKRISIND,EQ,INE787D01026,lt,lt,lt,gt,isin_eq,base_series=EQ
LEGACY,2022-08-08,BL,BANDHANBNK,INE545U01014,BASE_SAME_ISIN,BANDHANBNK,EQ,INE545U01014,lt,lt,lt,lt,isin_eq,base_series=EQ
LEGACY,2022-08-08,BL,BEL,INE263A01024,BASE_SAME_ISIN,BEL,EQ,INE263A01024,lt,lt,lt,lt,isin_eq,base_series=EQ
LEGACY,2022-08-08,BL,BERGEPAINT,INE463A01038,BASE_SAME_ISIN,BERGEPAINT,EQ,INE463A01038,lt,lt,lt,lt,isin_eq,base_series=EQ
LEGACY,2022-08-08,BL,BHARATFORG,INE465A01025,BASE_SAME_ISIN,BHARATFORG,EQ,INE465A01025,lt,lt,lt,lt,isin_eq,base_series=EQ
LEGACY,2022-08-08,BL,BHARTIARTL,INE397D01024,BASE_SAME_ISIN,BHARTIARTL,EQ,INE397D01024,lt,lt,lt,lt,isin_eq,base_series=EQ
LEGACY,2022-08-08,BL,BIOCON,INE376G01013,BASE_SAME_ISIN,BIOCON,EQ,INE376G01013,lt,lt,lt,lt,isin_eq,base_series=EQ
LEGACY,2022-08-08,BL,BPCL,INE029A01011,BASE_SAME_ISIN,BPCL,EQ,INE029A01011,lt,lt,lt,gt,isin_eq,base_series=EQ
LEGACY,2022-08-08,BL,BRITANNIA,INE216A01030,BASE_SAME_ISIN,BRITANNIA,EQ,INE216A01030,lt,lt,lt,gt,isin_eq,base_series=EQ
LEGACY,2022-08-08,BL,CHOLAFIN,INE121A01024,BASE_SAME_ISIN,CHOLAFIN,EQ,INE121A01024,lt,lt,lt,lt,isin_eq,base_series=EQ
LEGACY,2022-08-08,BL,CIPLA,INE059A01026,BASE_SAME_ISIN,CIPLA,EQ,INE059A01026,lt,lt,lt,gt,isin_eq,base_series=EQ
LEGACY,2022-08-08,BL,COALINDIA,INE522F01014,BASE_SAME_ISIN,COALINDIA,EQ,INE522F01014,lt,lt,lt,lt,isin_eq,base_series=EQ
LEGACY,2022-08-08,BL,COLPAL,INE259A01022,BASE_SAME_ISIN,COLPAL,EQ,INE259A01022,lt,lt,lt,gt,isin_eq,base_series=EQ
LEGACY,2022-08-08,BL,CONCOR,INE111A01025,BASE_SAME_ISIN,CONCOR,EQ,INE111A01025,lt,lt,lt,lt,isin_eq,base_series=EQ
LEGACY,2022-08-08,BL,DABUR,INE016A01026,BASE_SAME_ISIN,DABUR,EQ,INE016A01026,lt,lt,lt,lt,isin_eq,base_series=EQ
LEGACY,2022-08-08,BL,DIVISLAB,INE361B01024,BASE_SAME_ISIN,DIVISLAB,EQ,INE361B01024,lt,lt,lt,lt,isin_eq,base_series=EQ
LEGACY,2022-08-08,BL,DLF,INE271C01023,BASE_SAME_ISIN,DLF,EQ,INE271C01023,lt,lt,lt,lt,isin_eq,base_series=EQ
LEGACY,2022-08-08,BL,DMART,INE192R01011,BASE_SAME_ISIN,DMART,EQ,INE192R01011,lt,lt,lt,lt,isin_eq,base_series=EQ
LEGACY,2022-08-08,BL,DRREDDY,INE089A01023,BASE_SAME_ISIN,DRREDDY,EQ,INE089A01023,lt,lt,lt,lt,isin_eq,base_series=EQ
LEGACY,2022-08-08,BL,EICHERMOT,INE066A01021,BASE_SAME_ISIN,EICHERMOT,EQ,INE066A01021,lt,lt,lt,lt,isin_eq,base_series=EQ
LEGACY,2022-08-08,BL,GAIL,INE129A01019,BASE_SAME_ISIN,GAIL,EQ,INE129A01019,lt,lt,lt,lt,isin_eq,base_series=EQ
LEGACY,2022-08-08,BL,GODREJCP,INE102D01028,BASE_SAME_ISIN,GODREJCP,EQ,INE102D01028,lt,lt,lt,gt,isin_eq,base_series=EQ
LEGACY,2022-08-08,BL,GODREJPROP,INE484J01027,BASE_SAME_ISIN,GODREJPROP,EQ,INE484J01027,lt,lt,lt,gt,isin_eq,base_series=EQ
LEGACY,2022-08-08,BL,GRASIM,INE047A01021,BASE_SAME_ISIN,GRASIM,EQ,INE047A01021,lt,lt,lt,lt,isin_eq,base_series=EQ
LEGACY,2022-08-08,BL,HAVELLS,INE176B01034,BASE_SAME_ISIN,HAVELLS,EQ,INE176B01034,lt,lt,lt,lt,isin_eq,base_series=EQ
LEGACY,2022-08-08,BL,HCLTECH,INE860A01027,BASE_SAME_ISIN,HCLTECH,EQ,INE860A01027,lt,lt,lt,lt,isin_eq,base_series=EQ
LEGACY,2022-08-08,BL,HDFC,INE001A01036,BASE_SAME_ISIN,HDFC,EQ,INE001A01036,gt,gt,lt,lt,isin_eq,base_series=EQ
LEGACY,2022-08-08,BL,HDFCBANK,INE040A01034,BASE_SAME_ISIN,HDFCBANK,EQ,INE040A01034,lt,lt,lt,lt,isin_eq,base_series=EQ
LEGACY,2022-08-08,BL,HDFCLIFE,INE795G01014,BASE_SAME_ISIN,HDFCLIFE,EQ,INE795G01014,lt,lt,lt,gt,isin_eq,base_series=EQ
LEGACY,2022-08-08,BL,HEROMOTOCO,INE158A01026,BASE_SAME_ISIN,HEROMOTOCO,EQ,INE158A01026,lt,lt,lt,gt,isin_eq,base_series=EQ
LEGACY,2022-08-08,BL,HINDALCO,INE038A01020,BASE_SAME_ISIN,HINDALCO,EQ,INE038A01020,lt,lt,lt,lt,isin_eq,base_series=EQ
LEGACY,2022-08-08,BL,HINDPETRO,INE094A01015,BASE_SAME_ISIN,HINDPETRO,EQ,INE094A01015,lt,lt,lt,gt,isin_eq,base_series=EQ
LEGACY,2022-08-08,BL,HINDUNILVR,INE030A01027,BASE_SAME_ISIN,HINDUNILVR,EQ,INE030A01027,gt,gt,lt,lt,isin_eq,base_series=EQ
LEGACY,2022-08-08,BL,ICICIBANK,INE090A01021,BASE_SAME_ISIN,ICICIBANK,EQ,INE090A01021,lt,lt,lt,gt,isin_eq,base_series=EQ
LEGACY,2022-08-08,BL,ICICIGI,INE765G01017,BASE_SAME_ISIN,ICICIGI,EQ,INE765G01017,lt,lt,lt,lt,isin_eq,base_series=EQ
LEGACY,2022-08-08,BL,ICICIPRULI,INE726G01019,BASE_SAME_ISIN,ICICIPRULI,EQ,INE726G01019,lt,lt,lt,gt,isin_eq,base_series=EQ
LEGACY,2022-08-08,BL,IGL,INE203G01027,BASE_SAME_ISIN,IGL,EQ,INE203G01027,lt,lt,lt,lt,isin_eq,base_series=EQ
LEGACY,2022-08-08,BL,INDIGO,INE646L01027,BASE_SAME_ISIN,INDIGO,EQ,INE646L01027,lt,lt,lt,gt,isin_eq,base_series=EQ
LEGACY,2022-08-08,BL,INDUSTOWER,INE121J01017,BASE_SAME_ISIN,INDUSTOWER,EQ,INE121J01017,lt,lt,lt,gt,isin_eq,base_series=EQ
LEGACY,2022-08-08,BL,INFY,INE009A01021,BASE_SAME_ISIN,INFY,EQ,INE009A01021,gt,gt,lt,lt,isin_eq,base_series=EQ
LEGACY,2022-08-08,BL,IOC,INE242A01010,BASE_SAME_ISIN,IOC,EQ,INE242A01010,lt,lt,lt,lt,isin_eq,base_series=EQ
LEGACY,2022-08-08,BL,ITC,INE154A01025,BASE_SAME_ISIN,ITC,EQ,INE154A01025,lt,lt,lt,lt,isin_eq,base_series=EQ
LEGACY,2022-08-08,BL,JINDALSTEL,INE749A01030,BASE_SAME_ISIN,JINDALSTEL,EQ,INE749A01030,lt,lt,lt,gt,isin_eq,base_series=EQ
LEGACY,2022-08-08,BL,JSWSTEEL,INE019A01038,BASE_SAME_ISIN,JSWSTEEL,EQ,INE019A01038,lt,lt,lt,lt,isin_eq,base_series=EQ
LEGACY,2022-08-08,BL,JUBLFOOD,INE797F01020,BASE_SAME_ISIN,JUBLFOOD,EQ,INE797F01020,lt,lt,lt,gt,isin_eq,base_series=EQ
LEGACY,2022-08-08,BL,KOTAKBANK,INE237A01028,BASE_SAME_ISIN,KOTAKBANK,EQ,INE237A01028,lt,lt,lt,lt,isin_eq,base_series=EQ
LEGACY,2022-08-08,BL,LT,INE018A01030,BASE_SAME_ISIN,LT,EQ,INE018A01030,lt,lt,lt,lt,isin_eq,base_series=EQ
LEGACY,2022-08-08,BL,LTI,INE214T01019,BASE_SAME_ISIN,LTI,EQ,INE214T01019,lt,lt,lt,gt,isin_eq,base_series=EQ
LEGACY,2022-08-08,BL,LUPIN,INE326A01037,BASE_SAME_ISIN,LUPIN,EQ,INE326A01037,lt,lt,lt,gt,isin_eq,base_series=EQ
LEGACY,2022-08-08,BL,M&M,INE101A01026,BASE_SAME_ISIN,M&M,EQ,INE101A01026,lt,lt,lt,lt,isin_eq,base_series=EQ
LEGACY,2022-08-08,BL,MARICO,INE196A01026,BASE_SAME_ISIN,MARICO,EQ,INE196A01026,lt,lt,lt,lt,isin_eq,base_series=EQ
LEGACY,2022-08-08,BL,MARUTI,INE585B01010,BASE_SAME_ISIN,MARUTI,EQ,INE585B01010,lt,lt,lt,lt,isin_eq,base_series=EQ
LEGACY,2022-08-08,BL,MCDOWELL-N,INE854D01024,BASE_SAME_ISIN,MCDOWELL-N,EQ,INE854D01024,lt,lt,lt,gt,isin_eq,base_series=EQ
LEGACY,2022-08-08,BL,MINDTREE,INE018I01017,BASE_SAME_ISIN,MINDTREE,EQ,INE018I01017,lt,lt,lt,gt,isin_eq,base_series=EQ
LEGACY,2022-08-08,BL,MOTHERSON,INE775A01035,BASE_SAME_ISIN,MOTHERSON,EQ,INE775A01035,lt,lt,lt,gt,isin_eq,base_series=EQ
LEGACY,2022-08-08,BL,MPHASIS,INE356A01018,BASE_SAME_ISIN,MPHASIS,EQ,INE356A01018,lt,lt,lt,gt,isin_eq,base_series=EQ
LEGACY,2022-08-08,BL,MRF,INE883A01011,BASE_SAME_ISIN,MRF,EQ,INE883A01011,lt,lt,lt,gt,isin_eq,base_series=EQ
LEGACY,2022-08-08,BL,MUTHOOTFIN,INE414G01012,BASE_SAME_ISIN,MUTHOOTFIN,EQ,INE414G01012,lt,lt,lt,gt,isin_eq,base_series=EQ
LEGACY,2022-08-08,BL,NAUKRI,INE663F01024,BASE_SAME_ISIN,NAUKRI,EQ,INE663F01024,lt,lt,lt,gt,isin_eq,base_series=EQ
LEGACY,2022-08-08,BL,NESTLEIND,INE239A01016,BASE_SAME_ISIN,NESTLEIND,EQ,INE239A01016,lt,lt,lt,gt,isin_eq,base_series=EQ
LEGACY,2022-08-08,BL,NTPC,INE733E01010,BASE_SAME_ISIN,NTPC,EQ,INE733E01010,lt,lt,lt,lt,isin_eq,base_series=EQ
LEGACY,2022-08-08,BL,ONGC,INE213A01029,BASE_SAME_ISIN,ONGC,EQ,INE213A01029,lt,lt,lt,eq,isin_eq,base_series=EQ
LEGACY,2022-08-08,BL,PAGEIND,INE761H01022,BASE_SAME_ISIN,PAGEIND,EQ,INE761H01022,lt,lt,lt,lt,isin_eq,base_series=EQ
LEGACY,2022-08-08,BL,PEL,INE140A01024,BASE_SAME_ISIN,PEL,EQ,INE140A01024,lt,lt,lt,lt,isin_eq,base_series=EQ
LEGACY,2022-08-08,BL,PETRONET,INE347G01014,BASE_SAME_ISIN,PETRONET,EQ,INE347G01014,lt,lt,lt,gt,isin_eq,base_series=EQ
LEGACY,2022-08-08,BL,PIDILITIND,INE318A01026,BASE_SAME_ISIN,PIDILITIND,EQ,INE318A01026,lt,lt,lt,lt,isin_eq,base_series=EQ
LEGACY,2022-08-08,BL,PIIND,INE603J01030,BASE_SAME_ISIN,PIIND,EQ,INE603J01030,lt,lt,lt,gt,isin_eq,base_series=EQ
LEGACY,2022-08-08,BL,POWERGRID,INE752E01010,BASE_SAME_ISIN,POWERGRID,EQ,INE752E01010,lt,lt,lt,gt,isin_eq,base_series=EQ
LEGACY,2022-08-08,BL,RELIANCE,INE002A01018,BASE_SAME_ISIN,RELIANCE,EQ,INE002A01018,lt,lt,lt,lt,isin_eq,base_series=EQ
LEGACY,2022-08-08,BL,SBICARD,INE018E01016,BASE_SAME_ISIN,SBICARD,EQ,INE018E01016,lt,lt,lt,gt,isin_eq,base_series=EQ
LEGACY,2022-08-08,BL,SBILIFE,INE123W01016,BASE_SAME_ISIN,SBILIFE,EQ,INE123W01016,lt,lt,lt,lt,isin_eq,base_series=EQ
LEGACY,2022-08-08,BL,SBIN,INE062A01020,BASE_SAME_ISIN,SBIN,EQ,INE062A01020,lt,lt,lt,gt,isin_eq,base_series=EQ
LEGACY,2022-08-08,BL,SHREECEM,INE070A01015,BASE_SAME_ISIN,SHREECEM,EQ,INE070A01015,lt,lt,lt,gt,isin_eq,base_series=EQ
LEGACY,2022-08-08,BL,SIEMENS,INE003A01024,BASE_SAME_ISIN,SIEMENS,EQ,INE003A01024,lt,lt,lt,lt,isin_eq,base_series=EQ
LEGACY,2022-08-08,BL,SRF,INE647A01010,BASE_SAME_ISIN,SRF,EQ,INE647A01010,lt,lt,lt,gt,isin_eq,base_series=EQ
LEGACY,2022-08-08,BL,SRTRANSFIN,INE721A01013,BASE_SAME_ISIN,SRTRANSFIN,EQ,INE721A01013,lt,lt,lt,lt,isin_eq,base_series=EQ
LEGACY,2022-08-08,BL,SUNPHARMA,INE044A01036,BASE_SAME_ISIN,SUNPHARMA,EQ,INE044A01036,lt,lt,lt,gt,isin_eq,base_series=EQ
LEGACY,2022-08-08,BL,TATACONSUM,INE192A01025,BASE_SAME_ISIN,TATACONSUM,EQ,INE192A01025,lt,lt,lt,lt,isin_eq,base_series=EQ
LEGACY,2022-08-08,BL,TATAELXSI,INE670A01012,BASE_SAME_ISIN,TATAELXSI,EQ,INE670A01012,lt,lt,lt,lt,isin_eq,base_series=EQ
LEGACY,2022-08-08,BL,TATAMOTORS,INE155A01022,BASE_SAME_ISIN,TATAMOTORS,EQ,INE155A01022,lt,lt,lt,lt,isin_eq,base_series=EQ
LEGACY,2022-08-08,BL,TATAPOWER,INE245A01021,BASE_SAME_ISIN,TATAPOWER,EQ,INE245A01021,lt,lt,lt,gt,isin_eq,base_series=EQ
LEGACY,2022-08-08,BL,TATASTEEL,INE081A01020,BASE_SAME_ISIN,TATASTEEL,EQ,INE081A01020,lt,lt,lt,gt,isin_eq,base_series=EQ
LEGACY,2022-08-08,BL,TCS,INE467B01029,BASE_SAME_ISIN,TCS,EQ,INE467B01029,gt,gt,lt,lt,isin_eq,base_series=EQ
LEGACY,2022-08-08,BL,TECHM,INE669C01036,BASE_SAME_ISIN,TECHM,EQ,INE669C01036,lt,lt,lt,gt,isin_eq,base_series=EQ
LEGACY,2022-08-08,BL,TITAN,INE280A01028,BASE_SAME_ISIN,TITAN,EQ,INE280A01028,lt,lt,lt,lt,isin_eq,base_series=EQ
LEGACY,2022-08-08,BL,TORNTPHARM,INE685A01028,BASE_SAME_ISIN,TORNTPHARM,EQ,INE685A01028,lt,lt,lt,gt,isin_eq,base_series=EQ
LEGACY,2022-08-08,BL,TRENT,INE849A01020,BASE_SAME_ISIN,TRENT,EQ,INE849A01020,lt,lt,lt,lt,isin_eq,base_series=EQ
LEGACY,2022-08-08,BL,ULTRACEMCO,INE481G01011,BASE_SAME_ISIN,ULTRACEMCO,EQ,INE481G01011,lt,lt,lt,gt,isin_eq,base_series=EQ
LEGACY,2022-08-08,BL,UPL,INE628A01036,BASE_SAME_ISIN,UPL,EQ,INE628A01036,lt,lt,lt,lt,isin_eq,base_series=EQ
LEGACY,2022-08-08,BL,VEDL,INE205A01025,BASE_SAME_ISIN,VEDL,EQ,INE205A01025,lt,lt,lt,lt,isin_eq,base_series=EQ
LEGACY,2022-08-08,BL,WIPRO,INE075A01022,BASE_SAME_ISIN,WIPRO,EQ,INE075A01022,lt,lt,lt,gt,isin_eq,base_series=EQ
LEGACY,2022-08-08,BL,YESBANK,INE528G01035,BASE_SAME_ISIN,YESBANK,EQ,INE528G01035,lt,lt,lt,gt,isin_eq,base_series=EQ
LEGACY,2022-09-01,BL,DODLA,INE021O01019,BASE_SAME_ISIN,DODLA,EQ,INE021O01019,gt,gt,lt,lt,isin_eq,base_series=EQ
LEGACY,2022-09-13,IT,3RDROCK,INE768P01012,NO_BASE_ORPHAN,,,,,,,,,
LEGACY,2022-09-19,BL,BSE,INE118H01025,BASE_SAME_ISIN,BSE,EQ,INE118H01025,lt,lt,lt,gt,isin_eq,base_series=EQ
LEGACY,2022-09-19,BL,CDSL,INE736A01011,BASE_SAME_ISIN,CDSL,EQ,INE736A01011,lt,lt,lt,gt,isin_eq,base_series=EQ
LEGACY,2022-09-19,BL,WESTLIFE,INE274F01020,BASE_SAME_ISIN,WESTLIFE,EQ,INE274F01020,gt,gt,lt,gt,isin_eq,base_series=EQ
LEGACY,2022-09-21,BL,DODLA,INE021O01019,BASE_SAME_ISIN,DODLA,EQ,INE021O01019,gt,gt,lt,lt,isin_eq,base_series=EQ
LEGACY,2022-09-21,BL,TRITURBINE,INE152M01016,BASE_SAME_ISIN,TRITURBINE,EQ,INE152M01016,gt,gt,lt,lt,isin_eq,base_series=EQ
LEGACY,2022-09-21,IT,3RDROCK,INE768P01012,NO_BASE_ORPHAN,,,,,,,,,
LEGACY,2022-09-22,BL,BHARTIARTL,INE397D01024,BASE_SAME_ISIN,BHARTIARTL,EQ,INE397D01024,gt,gt,lt,lt,isin_eq,base_series=EQ
LEGACY,2022-09-27,BL,GODREJAGRO,INE850D01014,BASE_SAME_ISIN,GODREJAGRO,EQ,INE850D01014,gt,gt,lt,lt,isin_eq,base_series=EQ
LEGACY,2022-09-27,BL,SAFARI,INE429E01023,BASE_SAME_ISIN,SAFARI,EQ,INE429E01023,gt,gt,lt,lt,isin_eq,base_series=EQ
LEGACY,2022-09-30,BL,APTUS,INE852O01025,BASE_SAME_ISIN,APTUS,EQ,INE852O01025,gt,gt,lt,gt,isin_eq,base_series=EQ
LEGACY,2022-09-30,BL,AUBANK,INE949L01017,BASE_SAME_ISIN,AUBANK,EQ,INE949L01017,gt,gt,lt,lt,isin_eq,base_series=EQ
LEGACY,2022-10-03,BL,3MINDIA,INE470A01017,BASE_SAME_ISIN,3MINDIA,EQ,INE470A01017,gt,gt,lt,gt,isin_eq,base_series=EQ
LEGACY,2022-10-03,BL,AARTIIND,INE769A01020,BASE_SAME_ISIN,AARTIIND,EQ,INE769A01020,lt,lt,lt,gt,isin_eq,base_series=EQ
LEGACY,2022-10-03,BL,AAVAS,INE216P01012,BASE_SAME_ISIN,AAVAS,EQ,INE216P01012,gt,gt,lt,gt,isin_eq,base_series=EQ
LEGACY,2022-10-03,BL,ABCAPITAL,INE674K01013,BASE_SAME_ISIN,ABCAPITAL,EQ,INE674K01013,lt,lt,lt,gt,isin_eq,base_series=EQ
LEGACY,2022-10-03,BL,ABFRL,INE647O01011,BASE_SAME_ISIN,ABFRL,EQ,INE647O01011,lt,lt,lt,gt,isin_eq,base_series=EQ
LEGACY,2022-10-03,BL,ACC,INE012A01025,BASE_SAME_ISIN,ACC,EQ,INE012A01025,lt,lt,lt,gt,isin_eq,base_series=EQ
LEGACY,2022-10-03,BL,ADANIENT,INE423A01024,BASE_SAME_ISIN,ADANIENT,EQ,INE423A01024,lt,lt,lt,gt,isin_eq,base_series=EQ
LEGACY,2022-10-03,BL,ADANIGREEN,INE364U01010,BASE_SAME_ISIN,ADANIGREEN,EQ,INE364U01010,lt,lt,lt,gt,isin_eq,base_series=EQ
LEGACY,2022-10-03,BL,ADANIPORTS,INE742F01042,BASE_SAME_ISIN,ADANIPORTS,EQ,INE742F01042,lt,lt,lt,gt,isin_eq,base_series=EQ
LEGACY,2022-10-03,BL,ADANIPOWER,INE814H01011,BASE_SAME_ISIN,ADANIPOWER,BE,INE814H01011,lt,lt,lt,gt,isin_eq,base_series=BE
LEGACY,2022-10-03,BL,ADANITRANS,INE931S01010,BASE_SAME_ISIN,ADANITRANS,EQ,INE931S01010,lt,lt,lt,gt,isin_eq,base_series=EQ
LEGACY,2022-10-03,BL,AEGISCHEM,INE208C01025,BASE_SAME_ISIN,AEGISCHEM,EQ,INE208C01025,lt,lt,lt,gt,isin_eq,base_series=EQ
LEGACY,2022-10-03,BL,AFFLE,INE00WC01027,BASE_SAME_ISIN,AFFLE,EQ,INE00WC01027,lt,lt,lt,gt,isin_eq,base_series=EQ
LEGACY,2022-10-03,BL,AIAENG,INE212H01026,BASE_SAME_ISIN,AIAENG,EQ,INE212H01026,gt,gt,lt,gt,isin_eq,base_series=EQ
LEGACY,2022-10-03,BL,AJANTPHARM,INE031B01049,BASE_SAME_ISIN,AJANTPHARM,EQ,INE031B01049,lt,lt,lt,lt,isin_eq,base_series=EQ
LEGACY,2022-10-03,BL,AMARAJABAT,INE885A01032,BASE_SAME_ISIN,AMARAJABAT,EQ,INE885A01032,lt,lt,lt,gt,isin_eq,base_series=EQ
LEGACY,2022-10-03,BL,AMBER,INE371P01015,BASE_SAME_ISIN,AMBER,EQ,INE371P01015,lt,lt,lt,lt,isin_eq,base_series=EQ
LEGACY,2022-10-03,BL,AMBUJACEM,INE079A01024,BASE_SAME_ISIN,AMBUJACEM,EQ,INE079A01024,lt,lt,lt,gt,isin_eq,base_series=EQ
LEGACY,2022-10-03,BL,ANGELONE,INE732I01013,BASE_SAME_ISIN,ANGELONE,EQ,INE732I01013,lt,lt,lt,lt,isin_eq,base_series=EQ
LEGACY,2022-10-03,BL,APLAPOLLO,INE702C01027,BASE_SAME_ISIN,APLAPOLLO,EQ,INE702C01027,lt,lt,lt,lt,isin_eq,base_series=EQ
LEGACY,2022-10-03,BL,APLLTD,INE901L01018,BASE_SAME_ISIN,APLLTD,EQ,INE901L01018,gt,gt,lt,lt,isin_eq,base_series=EQ
LEGACY,2022-10-03,BL,APOLLOHOSP,INE437A01024,BASE_SAME_ISIN,APOLLOHOSP,EQ,INE437A01024,lt,lt,lt,gt,isin_eq,base_series=EQ
LEGACY,2022-10-03,BL,APOLLOTYRE,INE438A01022,BASE_SAME_ISIN,APOLLOTYRE,EQ,INE438A01022,lt,lt,lt,gt,isin_eq,base_series=EQ
LEGACY,2022-10-03,BL,ASHOKLEY,INE208A01029,BASE_SAME_ISIN,ASHOKLEY,EQ,INE208A01029,lt,lt,lt,gt,isin_eq,base_series=EQ
LEGACY,2022-10-03,BL,ASIANPAINT,INE021A01026,BASE_SAME_ISIN,ASIANPAINT,EQ,INE021A01026,lt,lt,lt,gt,isin_eq,base_series=EQ
LEGACY,2022-10-03,BL,ASTRAL,INE006I01046,BASE_SAME_ISIN,ASTRAL,EQ,INE006I01046,lt,lt,lt,gt,isin_eq,base_series=EQ
LEGACY,2022-10-03,BL,ATGL,INE399L01023,BASE_SAME_ISIN,ATGL,EQ,INE399L01023,lt,lt,lt,gt,isin_eq,base_series=EQ
LEGACY,2022-10-03,BL,ATUL,INE100A01010,BASE_SAME_ISIN,ATUL,EQ,INE100A01010,gt,gt,lt,gt,isin_eq,base_series=EQ
LEGACY,2022-10-03,BL,AUBANK,INE949L01017,BASE_SAME_ISIN,AUBANK,EQ,INE949L01017,lt,lt,lt,gt,isin_eq,base_series=EQ
LEGACY,2022-10-03,BL,AUROPHARMA,INE406A01037,BASE_SAME_ISIN,AUROPHARMA,EQ,INE406A01037,lt,lt,lt,lt,isin_eq,base_series=EQ
LEGACY,2022-10-03,BL,AVANTIFEED,INE871C01038,BASE_SAME_ISIN,AVANTIFEED,EQ,INE871C01038,lt,lt,lt,lt,isin_eq,base_series=EQ
LEGACY,2022-10-03,BL,AXISBANK,INE238A01034,BASE_SAME_ISIN,AXISBANK,EQ,INE238A01034,lt,lt,lt,gt,isin_eq,base_series=EQ
LEGACY,2022-10-03,BL,BAJAJ-AUTO,INE917I01010,BASE_SAME_ISIN,BAJAJ-AUTO,EQ,INE917I01010,lt,lt,lt,gt,isin_eq,base_series=EQ
LEGACY,2022-10-03,BL,BAJAJELEC,INE193E01025,BASE_SAME_ISIN,BAJAJELEC,EQ,INE193E01025,lt,lt,lt,gt,isin_eq,base_series=EQ
LEGACY,2022-10-03,BL,BAJAJFINSV,INE918I01026,BASE_SAME_ISIN,BAJAJFINSV,EQ,INE918I01026,lt,lt,lt,gt,isin_eq,base_series=EQ
LEGACY,2022-10-03,BL,BAJFINANCE,INE296A01024,BASE_SAME_ISIN,BAJFINANCE,EQ,INE296A01024,lt,lt,lt,gt,isin_eq,base_series=EQ
LEGACY,2022-10-03,BL,BALAMINES,INE050E01027,BASE_SAME_ISIN,BALAMINES,EQ,INE050E01027,lt,lt,lt,gt,isin_eq,base_series=EQ
LEGACY,2022-10-03,BL,BALKRISIND,INE787D01026,BASE_SAME_ISIN,BALKRISIND,EQ,INE787D01026,lt,lt,lt,gt,isin_eq,base_series=EQ
LEGACY,2022-10-03,BL,BALRAMCHIN,INE119A01028,BASE_SAME_ISIN,BALRAMCHIN,EQ,INE119A01028,lt,lt,lt,gt,isin_eq,base_series=EQ
LEGACY,2022-10-03,BL,BANDHANBNK,INE545U01014,BASE_SAME_ISIN,BANDHANBNK,EQ,INE545U01014,lt,lt,lt,gt,isin_eq,base_series=EQ
LEGACY,2022-10-03,BL,BASF,INE373A01013,BASE_SAME_ISIN,BASF,EQ,INE373A01013,gt,gt,lt,lt,isin_eq,base_series=EQ
LEGACY,2022-10-03,BL,BATAINDIA,INE176A01028,BASE_SAME_ISIN,BATAINDIA,EQ,INE176A01028,lt,lt,lt,gt,isin_eq,base_series=EQ
LEGACY,2022-10-03,BL,BAYERCROP,INE462A01022,BASE_SAME_ISIN,BAYERCROP,EQ,INE462A01022,gt,gt,lt,gt,isin_eq,base_series=EQ
LEGACY,2022-10-03,BL,BCG,INE425B01027,BASE_SAME_ISIN,BCG,EQ,INE425B01027,lt,lt,lt,lt,isin_eq,base_series=EQ
LEGACY,2022-10-03,BL,BDL,INE171Z01018,BASE_SAME_ISIN,BDL,EQ,INE171Z01018,lt,lt,lt,lt,isin_eq,base_series=EQ
LEGACY,2022-10-03,BL,BEL,INE263A01024,BASE_SAME_ISIN,BEL,EQ,INE263A01024,lt,lt,lt,gt,isin_eq,base_series=EQ
LEGACY,2022-10-03,BL,BERGEPAINT,INE463A01038,BASE_SAME_ISIN,BERGEPAINT,EQ,INE463A01038,lt,lt,lt,gt,isin_eq,base_series=EQ
LEGACY,2022-10-03,BL,BHARATFORG,INE465A01025,BASE_SAME_ISIN,BHARATFORG,EQ,INE465A01025,lt,lt,lt,gt,isin_eq,base_series=EQ
LEGACY,2022-10-03,BL,BHARTIARTL,INE397D01024,BASE_SAME_ISIN,BHARTIARTL,EQ,INE397D01024,lt,lt,lt,lt,isin_eq,base_series=EQ
LEGACY,2022-10-03,BL,BHEL,INE257A01026,BASE_SAME_ISIN,BHEL,EQ,INE257A01026,lt,lt,lt,lt,isin_eq,base_series=EQ
LEGACY,2022-10-03,BL,BIOCON,INE376G01013,BASE_SAME_ISIN,BIOCON,EQ,INE376G01013,lt,lt,lt,lt,isin_eq,base_series=EQ
LEGACY,2022-10-03,BL,BIRLACORPN,INE340A01012,BASE_SAME_ISIN,BIRLACORPN,EQ,INE340A01012,gt,gt,lt,gt,isin_eq,base_series=EQ
LEGACY,2022-10-03,BL,BLUEDART,INE233B01017,BASE_SAME_ISIN,BLUEDART,EQ,INE233B01017,lt,lt,lt,lt,isin_eq,base_series=EQ
LEGACY,2022-10-03,BL,BLUESTARCO,INE472A01039,BASE_SAME_ISIN,BLUESTARCO,EQ,INE472A01039,lt,lt,lt,lt,isin_eq,base_series=EQ
LEGACY,2022-10-03,BL,BPCL,INE029A01011,BASE_SAME_ISIN,BPCL,EQ,INE029A01011,lt,lt,lt,lt,isin_eq,base_series=EQ
LEGACY,2022-10-03,BL,BRIGADE,INE791I01019,BASE_SAME_ISIN,BRIGADE,EQ,INE791I01019,lt,lt,lt,lt,isin_eq,base_series=EQ
LEGACY,2022-10-03,BL,BRITANNIA,INE216A01030,BASE_SAME_ISIN,BRITANNIA,EQ,INE216A01030,lt,lt,lt,gt,isin_eq,base_series=EQ
LEGACY,2022-10-03,BL,BSE,INE118H01025,BASE_SAME_ISIN,BSE,EQ,INE118H01025,lt,lt,lt,gt,isin_eq,base_series=EQ
LEGACY,2022-10-03,BL,BSOFT,INE836A01035,BASE_SAME_ISIN,BSOFT,EQ,INE836A01035,lt,lt,lt,gt,isin_eq,base_series=EQ
LEGACY,2022-10-03,BL,CAMS,INE596I01012,BASE_SAME_ISIN,CAMS,EQ,INE596I01012,lt,lt,lt,gt,isin_eq,base_series=EQ
LEGACY,2022-10-03,BL,CANBK,INE476A01014,BASE_SAME_ISIN,CANBK,EQ,INE476A01014,lt,lt,lt,gt,isin_eq,base_series=EQ
LEGACY,2022-10-03,BL,CANFINHOME,INE477A01020,BASE_SAME_ISIN,CANFINHOME,EQ,INE477A01020,lt,lt,lt,lt,isin_eq,base_series=EQ
LEGACY,2022-10-03,BL,CARBORUNIV,INE120A01034,BASE_SAME_ISIN,CARBORUNIV,EQ,INE120A01034,lt,lt,lt,gt,isin_eq,base_series=EQ
LEGACY,2022-10-03,BL,CDSL,INE736A01011,BASE_SAME_ISIN,CDSL,EQ,INE736A01011,lt,lt,lt,gt,isin_eq,base_series=EQ
LEGACY,2022-10-03,BL,CEATLTD,INE482A01020,BASE_SAME_ISIN,CEATLTD,EQ,INE482A01020,lt,lt,lt,gt,isin_eq,base_series=EQ
LEGACY,2022-10-03,BL,CENTURYPLY,INE348B01021,BASE_SAME_ISIN,CENTURYPLY,EQ,INE348B01021,gt,gt,lt,gt,isin_eq,base_series=EQ
LEGACY,2022-10-03,BL,CENTURYTEX,INE055A01016,BASE_SAME_ISIN,CENTURYTEX,EQ,INE055A01016,gt,gt,lt,gt,isin_eq,base_series=EQ
LEGACY,2022-10-03,BL,CESC,INE486A01021,BASE_SAME_ISIN,CESC,EQ,INE486A01021,lt,lt,lt,lt,isin_eq,base_series=EQ
LEGACY,2022-10-03,BL,CGPOWER,INE067A01029,BASE_SAME_ISIN,CGPOWER,EQ,INE067A01029,lt,lt,lt,gt,isin_eq,base_series=EQ
LEGACY,2022-10-03,BL,CHAMBLFERT,INE085A01013,BASE_SAME_ISIN,CHAMBLFERT,EQ,INE085A01013,lt,lt,lt,gt,isin_eq,base_series=EQ
LEGACY,2022-10-03,BL,CHOLAFIN,INE121A01024,BASE_SAME_ISIN,CHOLAFIN,EQ,INE121A01024,lt,lt,lt,gt,isin_eq,base_series=EQ
LEGACY,2022-10-03,BL,CHOLAHLDNG,INE149A01033,BASE_SAME_ISIN,CHOLAHLDNG,EQ,INE149A01033,gt,gt,lt,gt,isin_eq,base_series=EQ
LEGACY,2022-10-03,BL,CIPLA,INE059A01026,BASE_SAME_ISIN,CIPLA,EQ,INE059A01026,lt,lt,lt,lt,isin_eq,base_series=EQ
LEGACY,2022-10-03,BL,CLEAN,INE227W01023,BASE_SAME_ISIN,CLEAN,EQ,INE227W01023,lt,lt,lt,gt,isin_eq,base_series=EQ
LEGACY,2022-10-03,BL,COALINDIA,INE522F01014,BASE_SAME_ISIN,COALINDIA,EQ,INE522F01014,lt,lt,lt,lt,isin_eq,base_series=EQ
LEGACY,2022-10-03,BL,COFORGE,INE591G01017,BASE_SAME_ISIN,COFORGE,EQ,INE591G01017,lt,lt,lt,gt,isin_eq,base_series=EQ
LEGACY,2022-10-03,BL,COLPAL,INE259A01022,BASE_SAME_ISIN,COLPAL,EQ,INE259A01022,gt,gt,lt,gt,isin_eq,base_series=EQ
LEGACY,2022-10-03,BL,CONCOR,INE111A01025,BASE_SAME_ISIN,CONCOR,EQ,INE111A01025,lt,lt,lt,gt,isin_eq,base_series=EQ
LEGACY,2022-10-03,BL,COROMANDEL,INE169A01031,BASE_SAME_ISIN,COROMANDEL,EQ,INE169A01031,lt,lt,lt,gt,isin_eq,base_series=EQ
LEGACY,2022-10-03,BL,CREDITACC,INE741K01010,BASE_SAME_ISIN,CREDITACC,EQ,INE741K01010,gt,gt,lt,lt,isin_eq,base_series=EQ
LEGACY,2022-10-03,BL,CRISIL,INE007A01025,BASE_SAME_ISIN,CRISIL,EQ,INE007A01025,gt,gt,lt,gt,isin_eq,base_series=EQ
LEGACY,2022-10-03,BL,CROMPTON,INE299U01018,BASE_SAME_ISIN,CROMPTON,EQ,INE299U01018,lt,lt,lt,gt,isin_eq,base_series=EQ
LEGACY,2022-10-03,BL,CUB,INE491A01021,BASE_SAME_ISIN,CUB,EQ,INE491A01021,lt,lt,lt,gt,isin_eq,base_series=EQ
LEGACY,2022-10-03,BL,CUMMINSIND,INE298A01020,BASE_SAME_ISIN,CUMMINSIND,EQ,INE298A01020,lt,lt,lt,gt,isin_eq,base_series=EQ
LEGACY,2022-10-03,BL,CYIENT,INE136B01020,BASE_SAME_ISIN,CYIENT,EQ,INE136B01020,gt,gt,lt,gt,isin_eq,base_series=EQ
LEGACY,2022-10-03,BL,DABUR,INE016A01026,BASE_SAME_ISIN,DABUR,EQ,INE016A01026,lt,lt,lt,gt,isin_eq,base_series=EQ
LEGACY,2022-10-03,BL,DALBHARAT,INE00R701025,BASE_SAME_ISIN,DALBHARAT,EQ,INE00R701025,lt,lt,lt,gt,isin_eq,base_series=EQ
LEGACY,2022-10-03,BL,DEEPAKFERT,INE501A01019,BASE_SAME_ISIN,DEEPAKFERT,EQ,INE501A01019,lt,lt,lt,gt,isin_eq,base_series=EQ
LEGACY,2022-10-03,BL,DEEPAKNTR,INE288B01029,BASE_SAME_ISIN,DEEPAKNTR,EQ,INE288B01029,lt,lt,lt,lt,isin_eq,base_series=EQ
LEGACY,2022-10-03,BL,DEVYANI,INE872J01023,BASE_SAME_ISIN,DEVYANI,EQ,INE872J01023,lt,lt,lt,gt,isin_eq,base_series=EQ
LEGACY,2022-10-03,BL,DIVISLAB,INE361B01024,BASE_SAME_ISIN,DIVISLAB,EQ,INE361B01024,lt,lt,lt,lt,isin_eq,base_series=EQ
LEGACY,2022-10-03,BL,DIXON,INE935N01020,BASE_SAME_ISIN,DIXON,EQ,INE935N01020,lt,lt,lt,gt,isin_eq,base_series=EQ
LEGACY,2022-10-03,BL,DLF,INE271C01023,BASE_SAME_ISIN,DLF,EQ,INE271C01023,lt,lt,lt,gt,isin_eq,base_series=EQ
LEGACY,2022-10-03,BL,DMART,INE192R01011,BASE_SAME_ISIN,DMART,EQ,INE192R01011,lt,lt,lt,lt,isin_eq,base_series=EQ
LEGACY,2022-10-03,BL,DRREDDY,INE089A01023,BASE_SAME_ISIN,DRREDDY,EQ,INE089A01023,lt,lt,lt,lt,isin_eq,base_series=EQ
LEGACY,2022-10-03,BL,EDELWEISS,INE532F01054,BASE_SAME_ISIN,EDELWEISS,EQ,INE532F01054,gt,gt,lt,gt,isin_eq,base_series=EQ
LEGACY,2022-10-03,BL,EICHERMOT,INE066A01021,BASE_SAME_ISIN,EICHERMOT,EQ,INE066A01021,lt,lt,lt,gt,isin_eq,base_series=EQ
LEGACY,2022-10-03,BL,EIDPARRY,INE126A01031,BASE_SAME_ISIN,EIDPARRY,EQ,INE126A01031,lt,lt,lt,gt,isin_eq,base_series=EQ
LEGACY,2022-10-03,BL,EIHOTEL,INE230A01023,BASE_SAME_ISIN,EIHOTEL,EQ,INE230A01023,lt,lt,lt,lt,isin_eq,base_series=EQ
LEGACY,2022-10-03,BL,EMAMILTD,INE548C01032,BASE_SAME_ISIN,EMAMILTD,EQ,INE548C01032,gt,gt,lt,gt,isin_eq,base_series=EQ
LEGACY,2022-10-03,BL,ENDURANCE,INE913H01037,BASE_SAME_ISIN,ENDURANCE,EQ,INE913H01037,gt,gt,lt,gt,isin_eq,base_series=EQ
LEGACY,2022-10-03,BL,EXIDEIND,INE302A01020,BASE_SAME_ISIN,EXIDEIND,EQ,INE302A01020,lt,lt,lt,gt,isin_eq,base_series=EQ
LEGACY,2022-10-03,BL,FEDERALBNK,INE171A01029,BASE_SAME_ISIN,FEDERALBNK,EQ,INE171A01029,lt,lt,lt,gt,isin_eq,base_series=EQ
LEGACY,2022-10-03,BL,FINCABLES,INE235A01022,BASE_SAME_ISIN,FINCABLES,EQ,INE235A01022,gt,gt,lt,gt,isin_eq,base_series=EQ
LEGACY,2022-10-03,BL,FINEORG,INE686Y01026,BASE_SAME_ISIN,FINEORG,EQ,INE686Y01026,lt,lt,lt,gt,isin_eq,base_series=EQ
LEGACY,2022-10-03,BL,FINPIPE,INE183A01024,BASE_SAME_ISIN,FINPIPE,EQ,INE183A01024,lt,lt,lt,lt,isin_eq,base_series=EQ
LEGACY,2022-10-03,BL,FLUOROCHEM,INE09N301011,BASE_SAME_ISIN,FLUOROCHEM,EQ,INE09N301011,lt,lt,lt,lt,isin_eq,base_series=EQ
LEGACY,2022-10-03,BL,FORTIS,INE061F01013,BASE_SAME_ISIN,FORTIS,EQ,INE061F01013,lt,lt,lt,gt,isin_eq,base_series=EQ
LEGACY,2022-10-03,BL,FSL,INE684F01012,BASE_SAME_ISIN,FSL,EQ,INE684F01012,lt,lt,lt,gt,isin_eq,base_series=EQ
LEGACY,2022-10-03,BL,GAIL,INE129A01019,BASE_SAME_ISIN,GAIL,EQ,INE129A01019,lt,lt,lt,gt,isin_eq,base_series=EQ
LEGACY,2022-10-03,BL,GESHIP,INE017A01032,BASE_SAME_ISIN,GESHIP,EQ,INE017A01032,gt,gt,lt,gt,isin_eq,base_series=EQ
LEGACY,2022-10-03,BL,GHCL,INE539A01019,BASE_SAME_ISIN,GHCL,EQ,INE539A01019,lt,lt,lt,gt,isin_eq,base_series=EQ
LEGACY,2022-10-03,BL,GILLETTE,INE322A01010,BASE_SAME_ISIN,GILLETTE,EQ,INE322A01010,gt,gt,lt,lt,isin_eq,base_series=EQ
LEGACY,2022-10-03,BL,GLAXO,INE159A01016,BASE_SAME_ISIN,GLAXO,EQ,INE159A01016,gt,gt,lt,gt,isin_eq,base_series=EQ
LEGACY,2022-10-03,BL,GLENMARK,INE935A01035,BASE_SAME_ISIN,GLENMARK,EQ,INE935A01035,lt,lt,lt,lt,isin_eq,base_series=EQ
LEGACY,2022-10-03,BL,GMMPFAUDLR,INE541A01023,BASE_SAME_ISIN,GMMPFAUDLR,EQ,INE541A01023,lt,lt,lt,gt,isin_eq,base_series=EQ
LEGACY,2022-10-03,BL,GMRINFRA,INE776C01039,BASE_SAME_ISIN,GMRINFRA,EQ,INE776C01039,lt,lt,lt,gt,isin_eq,base_series=EQ
LEGACY,2022-10-03,BL,GNFC,INE113A01013,BASE_SAME_ISIN,GNFC,EQ,INE113A01013,lt,lt,lt,gt,isin_eq,base_series=EQ
LEGACY,2022-10-03,BL,GODREJCP,INE102D01028,BASE_SAME_ISIN,GODREJCP,EQ,INE102D01028,gt,gt,lt,gt,isin_eq,base_series=EQ
LEGACY,2022-10-03,BL,GODREJIND,INE233A01035,BASE_SAME_ISIN,GODREJIND,EQ,INE233A01035,gt,gt,lt,gt,isin_eq,base_series=EQ
LEGACY,2022-10-03,BL,GODREJPROP,INE484J01027,BASE_SAME_ISIN,GODREJPROP,EQ,INE484J01027,lt,lt,lt,gt,isin_eq,base_series=EQ
LEGACY,2022-10-03,BL,GPPL,INE517F01014,BASE_SAME_ISIN,GPPL,EQ,INE517F01014,gt,gt,lt,gt,isin_eq,base_series=EQ
LEGACY,2022-10-03,BL,GRANULES,INE101D01020,BASE_SAME_ISIN,GRANULES,EQ,INE101D01020,lt,lt,lt,lt,isin_eq,base_series=EQ
LEGACY,2022-10-03,BL,GRAPHITE,INE371A01025,BASE_SAME_ISIN,GRAPHITE,EQ,INE371A01025,gt,gt,lt,lt,isin_eq,base_series=EQ
LEGACY,2022-10-03,BL,GRASIM,INE047A01021,BASE_SAME_ISIN,GRASIM,EQ,INE047A01021,lt,lt,lt,gt,isin_eq,base_series=EQ
LEGACY,2022-10-03,BL,GRINDWELL,INE536A01023,BASE_SAME_ISIN,GRINDWELL,EQ,INE536A01023,gt,gt,lt,lt,isin_eq,base_series=EQ
LEGACY,2022-10-03,BL,GSPL,INE246F01010,BASE_SAME_ISIN,GSPL,EQ,INE246F01010,gt,gt,lt,gt,isin_eq,base_series=EQ
LEGACY,2022-10-03,BL,GUJGASLTD,INE844O01030,BASE_SAME_ISIN,GUJGASLTD,EQ,INE844O01030,lt,lt,lt,gt,isin_eq,base_series=EQ
LEGACY,2022-10-03,BL,HAPPSTMNDS,INE419U01012,BASE_SAME_ISIN,HAPPSTMNDS,EQ,INE419U01012,lt,lt,lt,gt,isin_eq,base_series=EQ
LEGACY,2022-10-03,BL,HAVELLS,INE176B01034,BASE_SAME_ISIN,HAVELLS,EQ,INE176B01034,lt,lt,lt,gt,isin_eq,base_series=EQ
LEGACY,2022-10-03,BL,HCLTECH,INE860A01027,BASE_SAME_ISIN,HCLTECH,EQ,INE860A01027,lt,lt,lt,gt,isin_eq,base_series=EQ
LEGACY,2022-10-03,BL,HDFC,INE001A01036,BASE_SAME_ISIN,HDFC,EQ,INE001A01036,lt,lt,lt,gt,isin_eq,base_series=EQ
LEGACY,2022-10-03,BL,HDFCLIFE,INE795G01014,BASE_SAME_ISIN,HDFCLIFE,EQ,INE795G01014,lt,lt,lt,gt,isin_eq,base_series=EQ
LEGACY,2022-10-03,BL,HEROMOTOCO,INE158A01026,BASE_SAME_ISIN,HEROMOTOCO,EQ,INE158A01026,lt,lt,lt,gt,isin_eq,base_series=EQ
LEGACY,2022-10-03,BL,HFCL,INE548A01028,BASE_SAME_ISIN,HFCL,EQ,INE548A01028,lt,lt,lt,lt,isin_eq,base_series=EQ
LEGACY,2022-10-03,BL,HINDALCO,INE038A01020,BASE_SAME_ISIN,HINDALCO,EQ,INE038A01020,lt,lt,lt,gt,isin_eq,base_series=EQ
LEGACY,2022-10-03,BL,HINDPETRO,INE094A01015,BASE_SAME_ISIN,HINDPETRO,EQ,INE094A01015,lt,lt,lt,gt,isin_eq,base_series=EQ
LEGACY,2022-10-03,BL,HINDUNILVR,INE030A01027,BASE_SAME_ISIN,HINDUNILVR,EQ,INE030A01027,lt,lt,lt,gt,isin_eq,base_series=EQ
LEGACY,2022-10-03,BL,IBREALEST,INE069I01010,BASE_SAME_ISIN,IBREALEST,EQ,INE069I01010,lt,lt,lt,gt,isin_eq,base_series=EQ
LEGACY,2022-10-03,BL,IBULHSGFIN,INE148I01020,BASE_SAME_ISIN,IBULHSGFIN,EQ,INE148I01020,lt,lt,lt,gt,isin_eq,base_series=EQ
LEGACY,2022-10-03,BL,ICICIBANK,INE090A01021,BASE_SAME_ISIN,ICICIBANK,EQ,INE090A01021,lt,lt,lt,gt,isin_eq,base_series=EQ
LEGACY,2022-10-03,BL,ICICIGI,INE765G01017,BASE_SAME_ISIN,ICICIGI,EQ,INE765G01017,lt,lt,lt,gt,isin_eq,base_series=EQ
LEGACY,2022-10-03,BL,ICICIPRULI,INE726G01019,BASE_SAME_ISIN,ICICIPRULI,EQ,INE726G01019,lt,lt,lt,gt,isin_eq,base_series=EQ
LEGACY,2022-10-03,BL,IDEA,INE669E01016,BASE_SAME_ISIN,IDEA,EQ,INE669E01016,lt,lt,lt,lt,isin_eq,base_series=EQ
LEGACY,2022-10-03,BL,IDFC,INE043D01016,BASE_SAME_ISIN,IDFC,EQ,INE043D01016,lt,lt,lt,gt,isin_eq,base_series=EQ
LEGACY,2022-10-03,BL,IDFCFIRSTB,INE092T01019,BASE_SAME_ISIN,IDFCFIRSTB,EQ,INE092T01019,lt,lt,lt,gt,isin_eq,base_series=EQ
LEGACY,2022-10-03,BL,IEX,INE022Q01020,BASE_SAME_ISIN,IEX,EQ,INE022Q01020,lt,lt,lt,gt,isin_eq,base_series=EQ
LEGACY,2022-10-03,BL,IGL,INE203G01027,BASE_SAME_ISIN,IGL,EQ,INE203G01027,lt,lt,lt,gt,isin_eq,base_series=EQ
LEGACY,2022-10-03,BL,IIFL,INE530B01024,BASE_SAME_ISIN,IIFL,EQ,INE530B01024,lt,lt,lt,lt,isin_eq,base_series=EQ
LEGACY,2022-10-03,BL,IIFLWAM,INE466L01020,BASE_SAME_ISIN,IIFLWAM,EQ,INE466L01020,gt,gt,lt,lt,isin_eq,base_series=EQ
LEGACY,2022-10-03,BL,INDHOTEL,INE053A01029,BASE_SAME_ISIN,INDHOTEL,EQ,INE053A01029,lt,lt,lt,lt,isin_eq,base_series=EQ
LEGACY,2022-10-03,BL,INDIACEM,INE383A01012,BASE_SAME_ISIN,INDIACEM,EQ,INE383A01012,lt,lt,lt,gt,isin_eq,base_series=EQ
LEGACY,2022-10-03,BL,INDIAMART,INE933S01016,BASE_SAME_ISIN,INDIAMART,EQ,INE933S01016,lt,lt,lt,lt,isin_eq,base_series=EQ
LEGACY,2022-10-03,BL,INDIANB,INE562A01011,BASE_SAME_ISIN,INDIANB,EQ,INE562A01011,lt,lt,lt,gt,isin_eq,base_series=EQ
LEGACY,2022-10-03,BL,INDIGO,INE646L01027,BASE_SAME_ISIN,INDIGO,EQ,INE646L01027,lt,lt,lt,gt,isin_eq,base_series=EQ
LEGACY,2022-10-03,BL,INDUSTOWER,INE121J01017,BASE_SAME_ISIN,INDUSTOWER,EQ,INE121J01017,lt,lt,lt,gt,isin_eq,base_series=EQ
LEGACY,2022-10-03,BL,INFY,INE009A01021,BASE_SAME_ISIN,INFY,EQ,INE009A01021,lt,lt,lt,gt,isin_eq,base_series=EQ
LEGACY,2022-10-03,BL,INOXLEISUR,INE312H01016,BASE_SAME_ISIN,INOXLEISUR,EQ,INE312H01016,lt,lt,lt,gt,isin_eq,base_series=EQ
LEGACY,2022-10-03,BL,INTELLECT,INE306R01017,BASE_SAME_ISIN,INTELLECT,EQ,INE306R01017,lt,lt,lt,gt,isin_eq,base_series=EQ
LEGACY,2022-10-03,BL,IOC,INE242A01010,BASE_SAME_ISIN,IOC,EQ,INE242A01010,lt,lt,lt,gt,isin_eq,base_series=EQ
LEGACY,2022-10-03,BL,IPCALAB,INE571A01038,BASE_SAME_ISIN,IPCALAB,EQ,INE571A01038,lt,lt,lt,lt,isin_eq,base_series=EQ
LEGACY,2022-10-03,BL,IRB,INE821I01014,BASE_SAME_ISIN,IRB,EQ,INE821I01014,lt,lt,lt,lt,isin_eq,base_series=EQ
LEGACY,2022-10-03,BL,ISEC,INE763G01038,BASE_SAME_ISIN,ISEC,EQ,INE763G01038,gt,gt,lt,gt,isin_eq,base_series=EQ
LEGACY,2022-10-03,BL,ITC,INE154A01025,BASE_SAME_ISIN,ITC,EQ,INE154A01025,lt,lt,lt,gt,isin_eq,base_series=EQ
LEGACY,2022-10-03,BL,JINDALSTEL,INE749A01030,BASE_SAME_ISIN,JINDALSTEL,EQ,INE749A01030,lt,lt,lt,gt,isin_eq,base_series=EQ
LEGACY,2022-10-03,BL,JKCEMENT,INE823G01014,BASE_SAME_ISIN,JKCEMENT,EQ,INE823G01014,lt,lt,lt,gt,isin_eq,base_series=EQ
LEGACY,2022-10-03,BL,JMFINANCIL,INE780C01023,BASE_SAME_ISIN,JMFINANCIL,EQ,INE780C01023,gt,gt,lt,gt,isin_eq,base_series=EQ
LEGACY,2022-10-03,BL,JSWSTEEL,INE019A01038,BASE_SAME_ISIN,JSWSTEEL,EQ,INE019A01038,lt,lt,lt,gt,isin_eq,base_series=EQ
LEGACY,2022-10-03,BL,JUBLFOOD,INE797F01020,BASE_SAME_ISIN,JUBLFOOD,EQ,INE797F01020,lt,lt,lt,gt,isin_eq,base_series=EQ
LEGACY,2022-10-03,BL,JUBLINGREA,INE0BY001018,BASE_SAME_ISIN,JUBLINGREA,EQ,INE0BY001018,gt,gt,lt,gt,isin_eq,base_series=EQ
LEGACY,2022-10-03,BL,JYOTHYLAB,INE668F01031,BASE_SAME_ISIN,JYOTHYLAB,EQ,INE668F01031,gt,gt,lt,lt,isin_eq,base_series=EQ
LEGACY,2022-10-03,BL,KAJARIACER,INE217B01036,BASE_SAME_ISIN,KAJARIACER,EQ,INE217B01036,gt,gt,lt,gt,isin_eq,base_series=EQ
LEGACY,2022-10-03,BL,KANSAINER,INE531A01024,BASE_SAME_ISIN,KANSAINER,EQ,INE531A01024,gt,gt,lt,lt,isin_eq,base_series=EQ
LEGACY,2022-10-03,BL,KARURVYSYA,INE036D01028,BASE_SAME_ISIN,KARURVYSYA,EQ,INE036D01028,lt,lt,lt,gt,isin_eq,base_series=EQ
LEGACY,2022-10-03,BL,KEC,INE389H01022,BASE_SAME_ISIN,KEC,EQ,INE389H01022,gt,gt,lt,gt,isin_eq,base_series=EQ
LEGACY,2022-10-03,BL,KEI,INE878B01027,BASE_SAME_ISIN,KEI,EQ,INE878B01027,gt,gt,lt,gt,isin_eq,base_series=EQ
LEGACY,2022-10-03,BL,KIMS,INE967H01017,BASE_SAME_ISIN,KIMS,EQ,INE967H01017,lt,lt,lt,gt,isin_eq,base_series=EQ
LEGACY,2022-10-03,BL,KOTAKBANK,INE237A01028,BASE_SAME_ISIN,KOTAKBANK,EQ,INE237A01028,lt,lt,lt,gt,isin_eq,base_series=EQ
LEGACY,2022-10-03,BL,KPITTECH,INE04I401011,BASE_SAME_ISIN,KPITTECH,EQ,INE04I401011,lt,lt,lt,gt,isin_eq,base_series=EQ
LEGACY,2022-10-03,BL,KPRMILL,INE930H01031,BASE_SAME_ISIN,KPRMILL,EQ,INE930H01031,gt,gt,lt,gt,isin_eq,base_series=EQ
LEGACY,2022-10-03,BL,L&TFH,INE498L01015,BASE_SAME_ISIN,L&TFH,EQ,INE498L01015,lt,lt,lt,gt,isin_eq,base_series=EQ
LEGACY,2022-10-03,BL,LALPATHLAB,INE600L01024,BASE_SAME_ISIN,LALPATHLAB,EQ,INE600L01024,lt,lt,lt,gt,isin_eq,base_series=EQ
LEGACY,2022-10-03,BL,LAURUSLABS,INE947Q01028,BASE_SAME_ISIN,LAURUSLABS,EQ,INE947Q01028,lt,lt,lt,gt,isin_eq,base_series=EQ
LEGACY,2022-10-03,BL,LAXMIMACH,INE269B01029,BASE_SAME_ISIN,LAXMIMACH,EQ,INE269B01029,gt,gt,lt,lt,isin_eq,base_series=EQ
LEGACY,2022-10-03,BL,LEMONTREE,INE970X01018,BASE_SAME_ISIN,LEMONTREE,EQ,INE970X01018,lt,lt,lt,lt,isin_eq,base_series=EQ
LEGACY,2022-10-03,BL,LICHSGFIN,INE115A01026,BASE_SAME_ISIN,LICHSGFIN,EQ,INE115A01026,lt,lt,lt,gt,isin_eq,base_series=EQ
LEGACY,2022-10-03,BL,LINDEINDIA,INE473A01011,BASE_SAME_ISIN,LINDEINDIA,EQ,INE473A01011,gt,gt,lt,lt,isin_eq,base_series=EQ
LEGACY,2022-10-03,BL,LT,INE018A01030,BASE_SAME_ISIN,LT,EQ,INE018A01030,lt,lt,lt,gt,isin_eq,base_series=EQ
LEGACY,2022-10-03,BL,LTI,INE214T01019,BASE_SAME_ISIN,LTI,EQ,INE214T01019,lt,lt,lt,gt,isin_eq,base_series=EQ
LEGACY,2022-10-03,BL,LUPIN,INE326A01037,BASE_SAME_ISIN,LUPIN,EQ,INE326A01037,lt,lt,lt,lt,isin_eq,base_series=EQ
LEGACY,2022-10-03,BL,M&M,INE101A01026,BASE_SAME_ISIN,M&M,EQ,INE101A01026,lt,lt,lt,gt,isin_eq,base_series=EQ
LEGACY,2022-10-03,BL,M&MFIN,INE774D01024,BASE_SAME_ISIN,M&MFIN,EQ,INE774D01024,lt,lt,lt,gt,isin_eq,base_series=EQ
LEGACY,2022-10-03,BL,MAHINDCIE,INE536H01010,BASE_SAME_ISIN,MAHINDCIE,EQ,INE536H01010,lt,lt,lt,lt,isin_eq,base_series=EQ
LEGACY,2022-10-03,BL,MAHLIFE,INE813A01018,BASE_SAME_ISIN,MAHLIFE,EQ,INE813A01018,gt,gt,lt,gt,isin_eq,base_series=EQ
LEGACY,2022-10-03,BL,MANAPPURAM,INE522D01027,BASE_SAME_ISIN,MANAPPURAM,EQ,INE522D01027,lt,lt,lt,gt,isin_eq,base_series=EQ
LEGACY,2022-10-03,BL,MARICO,INE196A01026,BASE_SAME_ISIN,MARICO,EQ,INE196A01026,lt,lt,lt,gt,isin_eq,base_series=EQ
LEGACY,2022-10-03,BL,MARUTI,INE585B01010,BASE_SAME_ISIN,MARUTI,EQ,INE585B01010,lt,lt,lt,gt,isin_eq,base_series=EQ
LEGACY,2022-10-03,BL,MAXHEALTH,INE027H01010,BASE_SAME_ISIN,MAXHEALTH,EQ,INE027H01010,lt,lt,lt,lt,isin_eq,base_series=EQ
LEGACY,2022-10-03,BL,MCDOWELL-N,INE854D01024,BASE_SAME_ISIN,MCDOWELL-N,EQ,INE854D01024,lt,lt,lt,gt,isin_eq,base_series=EQ
LEGACY,2022-10-03,BL,METROPOLIS,INE112L01020,BASE_SAME_ISIN,METROPOLIS,EQ,INE112L01020,lt,lt,lt,gt,isin_eq,base_series=EQ
LEGACY,2022-10-03,BL,MFSL,INE180A01020,BASE_SAME_ISIN,MFSL,EQ,INE180A01020,gt,gt,lt,gt,isin_eq,base_series=EQ
LEGACY,2022-10-03,BL,MGL,INE002S01010,BASE_SAME_ISIN,MGL,EQ,INE002S01010,lt,lt,lt,gt,isin_eq,base_series=EQ
LEGACY,2022-10-03,BL,MINDTREE,INE018I01017,BASE_SAME_ISIN,MINDTREE,EQ,INE018I01017,lt,lt,lt,gt,isin_eq,base_series=EQ
LEGACY,2022-10-03,BL,MOTILALOFS,INE338I01027,BASE_SAME_ISIN,MOTILALOFS,EQ,INE338I01027,gt,gt,lt,lt,isin_eq,base_series=EQ
LEGACY,2022-10-03,BL,MPHASIS,INE356A01018,BASE_SAME_ISIN,MPHASIS,EQ,INE356A01018,lt,lt,lt,gt,isin_eq,base_series=EQ
LEGACY,2022-10-03,BL,MRF,INE883A01011,BASE_SAME_ISIN,MRF,EQ,INE883A01011,lt,lt,lt,gt,isin_eq,base_series=EQ
LEGACY,2022-10-03,BL,MSUMI,INE0FS801015,BASE_SAME_ISIN,MSUMI,EQ,INE0FS801015,lt,lt,lt,lt,isin_eq,base_series=EQ
LEGACY,2022-10-03,BL,MUTHOOTFIN,INE414G01012,BASE_SAME_ISIN,MUTHOOTFIN,EQ,INE414G01012,lt,lt,lt,gt,isin_eq,base_series=EQ
LEGACY,2022-10-03,BL,NAM-INDIA,INE298J01013,BASE_SAME_ISIN,NAM-INDIA,EQ,INE298J01013,gt,gt,lt,gt,isin_eq,base_series=EQ
LEGACY,2022-10-03,BL,NATCOPHARM,INE987B01026,BASE_SAME_ISIN,NATCOPHARM,EQ,INE987B01026,lt,lt,lt,lt,isin_eq,base_series=EQ
LEGACY,2022-10-03,BL,NATIONALUM,INE139A01034,BASE_SAME_ISIN,NATIONALUM,EQ,INE139A01034,lt,lt,lt,gt,isin_eq,base_series=EQ
LEGACY,2022-10-03,BL,NAUKRI,INE663F01024,BASE_SAME_ISIN,NAUKRI,EQ,INE663F01024,lt,lt,lt,gt,isin_eq,base_series=EQ
LEGACY,2022-10-03,BL,NAVINFLUOR,INE048G01026,BASE_SAME_ISIN,NAVINFLUOR,EQ,INE048G01026,lt,lt,lt,gt,isin_eq,base_series=EQ
LEGACY,2022-10-03,BL,NESTLEIND,INE239A01016,BASE_SAME_ISIN,NESTLEIND,EQ,INE239A01016,lt,lt,lt,gt,isin_eq,base_series=EQ
LEGACY,2022-10-03,BL,NH,INE410P01011,BASE_SAME_ISIN,NH,EQ,INE410P01011,gt,gt,lt,lt,isin_eq,base_series=EQ
LEGACY,2022-10-03,BL,NTPC,INE733E01010,BASE_SAME_ISIN,NTPC,EQ,INE733E01010,lt,lt,lt,lt,isin_eq,base_series=EQ
LEGACY,2022-10-03,BL,NUVOCO,INE118D01016,BASE_SAME_ISIN,NUVOCO,EQ,INE118D01016,gt,gt,lt,gt,isin_eq,base_series=EQ
LEGACY,2022-10-03,BL,OBEROIRLTY,INE093I01010,BASE_SAME_ISIN,OBEROIRLTY,EQ,INE093I01010,lt,lt,lt,gt,isin_eq,base_series=EQ
LEGACY,2022-10-03,BL,OFSS,INE881D01027,BASE_SAME_ISIN,OFSS,EQ,INE881D01027,lt,lt,lt,gt,isin_eq,base_series=EQ
LEGACY,2022-10-03,BL,OIL,INE274J01014,BASE_SAME_ISIN,OIL,EQ,INE274J01014,lt,lt,lt,lt,isin_eq,base_series=EQ
LEGACY,2022-10-03,BL,ONGC,INE213A01029,BASE_SAME_ISIN,ONGC,EQ,INE213A01029,lt,lt,lt,lt,isin_eq,base_series=EQ
LEGACY,2022-10-03,BL,ORIENTELEC,INE142Z01019,BASE_SAME_ISIN,ORIENTELEC,EQ,INE142Z01019,gt,gt,lt,eq,isin_eq,base_series=EQ
LEGACY,2022-10-03,BL,PAGEIND,INE761H01022,BASE_SAME_ISIN,PAGEIND,EQ,INE761H01022,lt,lt,lt,gt,isin_eq,base_series=EQ
LEGACY,2022-10-03,BL,PEL,INE140A01024,BASE_SAME_ISIN,PEL,EQ,INE140A01024,lt,lt,lt,gt,isin_eq,base_series=EQ
LEGACY,2022-10-03,BL,PERSISTENT,INE262H01013,BASE_SAME_ISIN,PERSISTENT,EQ,INE262H01013,lt,lt,lt,gt,isin_eq,base_series=EQ
LEGACY,2022-10-03,BL,PETRONET,INE347G01014,BASE_SAME_ISIN,PETRONET,EQ,INE347G01014,lt,lt,lt,gt,isin_eq,base_series=EQ
LEGACY,2022-10-03,BL,PGHL,INE199A01012,BASE_SAME_ISIN,PGHL,EQ,INE199A01012,gt,gt,lt,lt,isin_eq,base_series=EQ
LEGACY,2022-10-03,BL,PHOENIXLTD,INE211B01039,BASE_SAME_ISIN,PHOENIXLTD,EQ,INE211B01039,lt,lt,lt,gt,isin_eq,base_series=EQ
LEGACY,2022-10-03,BL,PIDILITIND,INE318A01026,BASE_SAME_ISIN,PIDILITIND,EQ,INE318A01026,lt,lt,lt,gt,isin_eq,base_series=EQ
LEGACY,2022-10-03,BL,PIIND,INE603J01030,BASE_SAME_ISIN,PIIND,EQ,INE603J01030,lt,lt,lt,gt,isin_eq,base_series=EQ
LEGACY,2022-10-03,BL,POLICYBZR,INE417T01026,BASE_SAME_ISIN,POLICYBZR,EQ,INE417T01026,gt,gt,lt,gt,isin_eq,base_series=EQ
LEGACY,2022-10-03,BL,POLYCAB,INE455K01017,BASE_SAME_ISIN,POLYCAB,EQ,INE455K01017,lt,lt,lt,gt,isin_eq,base_series=EQ
LEGACY,2022-10-03,BL,POLYPLEX,INE633B01018,BASE_SAME_ISIN,POLYPLEX,EQ,INE633B01018,lt,lt,lt,gt,isin_eq,base_series=EQ
LEGACY,2022-10-03,BL,POONAWALLA,INE511C01022,BASE_SAME_ISIN,POONAWALLA,EQ,INE511C01022,lt,lt,lt,lt,isin_eq,base_series=EQ
LEGACY,2022-10-03,BL,POWERGRID,INE752E01010,BASE_SAME_ISIN,POWERGRID,EQ,INE752E01010,lt,lt,lt,gt,isin_eq,base_series=EQ
LEGACY,2022-10-03,BL,POWERINDIA,INE07Y701011,BASE_SAME_ISIN,POWERINDIA,EQ,INE07Y701011,gt,gt,lt,gt,isin_eq,base_series=EQ
LEGACY,2022-10-03,BL,PRAJIND,INE074A01025,BASE_SAME_ISIN,PRAJIND,EQ,INE074A01025,lt,lt,lt,gt,isin_eq,base_series=EQ
LEGACY,2022-10-03,BL,PRESTIGE,INE811K01011,BASE_SAME_ISIN,PRESTIGE,EQ,INE811K01011,lt,lt,lt,lt,isin_eq,base_series=EQ
LEGACY,2022-10-03,BL,PVR,INE191H01014,BASE_SAME_ISIN,PVR,EQ,INE191H01014,lt,lt,lt,gt,isin_eq,base_series=EQ
LEGACY,2022-10-03,BL,QUESS,INE615P01015,BASE_SAME_ISIN,QUESS,EQ,INE615P01015,gt,gt,lt,gt,isin_eq,base_series=EQ
LEGACY,2022-10-03,BL,RADICO,INE944F01028,BASE_SAME_ISIN,RADICO,EQ,INE944F01028,lt,lt,lt,lt,isin_eq,base_series=EQ
LEGACY,2022-10-03,BL,RAIN,INE855B01025,BASE_SAME_ISIN,RAIN,EQ,INE855B01025,lt,lt,lt,gt,isin_eq,base_series=EQ
LEGACY,2022-10-03,BL,RAJESHEXPO,INE343B01030,BASE_SAME_ISIN,RAJESHEXPO,EQ,INE343B01030,gt,gt,lt,gt,isin_eq,base_series=EQ
LEGACY,2022-10-03,BL,RAMCOCEM,INE331A01037,BASE_SAME_ISIN,RAMCOCEM,EQ,INE331A01037,lt,lt,lt,gt,isin_eq,base_series=EQ
LEGACY,2022-10-03,BL,RAYMOND,INE301A01014,BASE_SAME_ISIN,RAYMOND,EQ,INE301A01014,lt,lt,lt,lt,isin_eq,base_series=EQ
LEGACY,2022-10-03,BL,RBLBANK,INE976G01028,BASE_SAME_ISIN,RBLBANK,EQ,INE976G01028,lt,lt,lt,gt,isin_eq,base_series=EQ
LEGACY,2022-10-03,BL,RECLTD,INE020B01018,BASE_SAME_ISIN,RECLTD,EQ,INE020B01018,lt,lt,lt,gt,isin_eq,base_series=EQ
LEGACY,2022-10-03,BL,REDINGTON,INE891D01026,BASE_SAME_ISIN,REDINGTON,EQ,INE891D01026,lt,lt,lt,lt,isin_eq,base_series=EQ
LEGACY,2022-10-03,BL,RELAXO,INE131B01039,BASE_SAME_ISIN,RELAXO,EQ,INE131B01039,lt,lt,lt,lt,isin_eq,base_series=EQ
LEGACY,2022-10-03,BL,RELIANCE,INE002A01018,BASE_SAME_ISIN,RELIANCE,EQ,INE002A01018,lt,lt,lt,gt,isin_eq,base_series=EQ
LEGACY,2022-10-03,BL,RENUKA,INE087H01022,BASE_SAME_ISIN,RENUKA,EQ,INE087H01022,lt,lt,lt,gt,isin_eq,base_series=EQ
LEGACY,2022-10-03,BL,ROUTE,INE450U01017,BASE_SAME_ISIN,ROUTE,EQ,INE450U01017,lt,lt,lt,lt,isin_eq,base_series=EQ
LEGACY,2022-10-03,BL,SANOFI,INE058A01010,BASE_SAME_ISIN,SANOFI,EQ,INE058A01010,lt,lt,lt,lt,isin_eq,base_series=EQ
LEGACY,2022-10-03,BL,SBICARD,INE018E01016,BASE_SAME_ISIN,SBICARD,EQ,INE018E01016,lt,lt,lt,gt,isin_eq,base_series=EQ
LEGACY,2022-10-03,BL,SBILIFE,INE123W01016,BASE_SAME_ISIN,SBILIFE,EQ,INE123W01016,lt,lt,lt,gt,isin_eq,base_series=EQ
LEGACY,2022-10-03,BL,SBIN,INE062A01020,BASE_SAME_ISIN,SBIN,EQ,INE062A01020,lt,lt,lt,gt,isin_eq,base_series=EQ
LEGACY,2022-10-03,BL,SCHAEFFLER,INE513A01022,BASE_SAME_ISIN,SCHAEFFLER,EQ,INE513A01022,lt,lt,lt,gt,isin_eq,base_series=EQ
LEGACY,2022-10-03,BL,SFL,INE916U01025,BASE_SAME_ISIN,SFL,EQ,INE916U01025,gt,gt,lt,gt,isin_eq,base_series=EQ
LEGACY,2022-10-03,BL,SHREECEM,INE070A01015,BASE_SAME_ISIN,SHREECEM,EQ,INE070A01015,lt,lt,lt,gt,isin_eq,base_series=EQ
LEGACY,2022-10-03,BL,SHRIRAMCIT,INE722A01011,BASE_SAME_ISIN,SHRIRAMCIT,EQ,INE722A01011,gt,gt,lt,gt,isin_eq,base_series=EQ
LEGACY,2022-10-03,BL,SIEMENS,INE003A01024,BASE_SAME_ISIN,SIEMENS,EQ,INE003A01024,lt,lt,lt,gt,isin_eq,base_series=EQ
LEGACY,2022-10-03,BL,SKFINDIA,INE640A01023,BASE_SAME_ISIN,SKFINDIA,EQ,INE640A01023,lt,lt,lt,gt,isin_eq,base_series=EQ
LEGACY,2022-10-03,BL,SOLARINDS,INE343H01029,BASE_SAME_ISIN,SOLARINDS,EQ,INE343H01029,lt,lt,lt,lt,isin_eq,base_series=EQ
LEGACY,2022-10-03,BL,SONATSOFTW,INE269A01021,BASE_SAME_ISIN,SONATSOFTW,EQ,INE269A01021,gt,gt,lt,gt,isin_eq,base_series=EQ
LEGACY,2022-10-03,BL,SRF,INE647A01010,BASE_SAME_ISIN,SRF,EQ,INE647A01010,lt,lt,lt,gt,isin_eq,base_series=EQ
LEGACY,2022-10-03,BL,SRTRANSFIN,INE721A01013,BASE_SAME_ISIN,SRTRANSFIN,EQ,INE721A01013,lt,lt,lt,gt,isin_eq,base_series=EQ
LEGACY,2022-10-03,BL,STLTECH,INE089C01029,BASE_SAME_ISIN,STLTECH,EQ,INE089C01029,lt,lt,lt,gt,isin_eq,base_series=EQ
LEGACY,2022-10-03,BL,SUMICHEM,INE258G01013,BASE_SAME_ISIN,SUMICHEM,EQ,INE258G01013,lt,lt,lt,lt,isin_eq,base_series=EQ
LEGACY,2022-10-03,BL,SUNDRMFAST,INE387A01021,BASE_SAME_ISIN,SUNDRMFAST,EQ,INE387A01021,gt,gt,lt,lt,isin_eq,base_series=EQ
LEGACY,2022-10-03,BL,SUNPHARMA,INE044A01036,BASE_SAME_ISIN,SUNPHARMA,EQ,INE044A01036,lt,lt,lt,gt,isin_eq,base_series=EQ
LEGACY,2022-10-03,BL,SUNTECK,INE805D01034,BASE_SAME_ISIN,SUNTECK,EQ,INE805D01034,gt,gt,lt,gt,isin_eq,base_series=EQ
LEGACY,2022-10-03,BL,SUNTV,INE424H01027,BASE_SAME_ISIN,SUNTV,EQ,INE424H01027,lt,lt,lt,gt,isin_eq,base_series=EQ
LEGACY,2022-10-03,BL,SUPREMEIND,INE195A01028,BASE_SAME_ISIN,SUPREMEIND,EQ,INE195A01028,gt,gt,lt,gt,isin_eq,base_series=EQ
LEGACY,2022-10-03,BL,SUVENPHAR,INE03QK01018,BASE_SAME_ISIN,SUVENPHAR,EQ,INE03QK01018,gt,gt,lt,gt,isin_eq,base_series=EQ
LEGACY,2022-10-03,BL,SYNGENE,INE398R01022,BASE_SAME_ISIN,SYNGENE,EQ,INE398R01022,lt,lt,lt,gt,isin_eq,base_series=EQ
LEGACY,2022-10-03,BL,TANLA,INE483C01032,BASE_SAME_ISIN,TANLA,EQ,INE483C01032,lt,lt,lt,lt,isin_eq,base_series=EQ
LEGACY,2022-10-03,BL,TATACHEM,INE092A01019,BASE_SAME_ISIN,TATACHEM,EQ,INE092A01019,lt,lt,lt,gt,isin_eq,base_series=EQ
LEGACY,2022-10-03,BL,TATACOMM,INE151A01013,BASE_SAME_ISIN,TATACOMM,EQ,INE151A01013,lt,lt,lt,lt,isin_eq,base_series=EQ
LEGACY,2022-10-03,BL,TATACONSUM,INE192A01025,BASE_SAME_ISIN,TATACONSUM,EQ,INE192A01025,lt,lt,lt,gt,isin_eq,base_series=EQ
LEGACY,2022-10-03,BL,TATAELXSI,INE670A01012,BASE_SAME_ISIN,TATAELXSI,EQ,INE670A01012,lt,lt,lt,gt,isin_eq,base_series=EQ
LEGACY,2022-10-03,BL,TATAMOTORS,INE155A01022,BASE_SAME_ISIN,TATAMOTORS,EQ,INE155A01022,lt,lt,lt,gt,isin_eq,base_series=EQ
LEGACY,2022-10-03,BL,TATAPOWER,INE245A01021,BASE_SAME_ISIN,TATAPOWER,EQ,INE245A01021,lt,lt,lt,gt,isin_eq,base_series=EQ
LEGACY,2022-10-03,BL,TATASTEEL,INE081A01020,BASE_SAME_ISIN,TATASTEEL,EQ,INE081A01020,lt,lt,lt,gt,isin_eq,base_series=EQ
LEGACY,2022-10-03,BL,TCS,INE467B01029,BASE_SAME_ISIN,TCS,EQ,INE467B01029,lt,lt,lt,gt,isin_eq,base_series=EQ
LEGACY,2022-10-03,BL,TEAMLEASE,INE985S01024,BASE_SAME_ISIN,TEAMLEASE,EQ,INE985S01024,gt,gt,lt,lt,isin_eq,base_series=EQ
LEGACY,2022-10-03,BL,TECHM,INE669C01036,BASE_SAME_ISIN,TECHM,EQ,INE669C01036,lt,lt,lt,gt,isin_eq,base_series=EQ
LEGACY,2022-10-03,BL,THERMAX,INE152A01029,BASE_SAME_ISIN,THERMAX,EQ,INE152A01029,gt,gt,lt,lt,isin_eq,base_series=EQ
LEGACY,2022-10-03,BL,TIINDIA,INE974X01010,BASE_SAME_ISIN,TIINDIA,EQ,INE974X01010,lt,lt,lt,gt,isin_eq,base_series=EQ
LEGACY,2022-10-03,BL,TIMKEN,INE325A01013,BASE_SAME_ISIN,TIMKEN,EQ,INE325A01013,lt,lt,lt,lt,isin_eq,base_series=EQ
LEGACY,2022-10-03,BL,TITAN,INE280A01028,BASE_SAME_ISIN,TITAN,EQ,INE280A01028,lt,lt,lt,gt,isin_eq,base_series=EQ
LEGACY,2022-10-03,BL,TORNTPHARM,INE685A01028,BASE_SAME_ISIN,TORNTPHARM,EQ,INE685A01028,lt,lt,lt,lt,isin_eq,base_series=EQ
LEGACY,2022-10-03,BL,TORNTPOWER,INE813H01021,BASE_SAME_ISIN,TORNTPOWER,EQ,INE813H01021,lt,lt,lt,gt,isin_eq,base_series=EQ
LEGACY,2022-10-03,BL,TRENT,INE849A01020,BASE_SAME_ISIN,TRENT,EQ,INE849A01020,lt,lt,lt,gt,isin_eq,base_series=EQ
LEGACY,2022-10-03,BL,TRIDENT,INE064C01022,BASE_SAME_ISIN,TRIDENT,EQ,INE064C01022,lt,lt,lt,gt,isin_eq,base_series=EQ
LEGACY,2022-10-03,BL,TTKPRESTIG,INE690A01028,BASE_SAME_ISIN,TTKPRESTIG,EQ,INE690A01028,gt,gt,lt,lt,isin_eq,base_series=EQ
LEGACY,2022-10-03,BL,TVSMOTOR,INE494B01023,BASE_SAME_ISIN,TVSMOTOR,EQ,INE494B01023,lt,lt,lt,gt,isin_eq,base_series=EQ
LEGACY,2022-10-03,BL,ULTRACEMCO,INE481G01011,BASE_SAME_ISIN,ULTRACEMCO,EQ,INE481G01011,lt,lt,lt,gt,isin_eq,base_series=EQ
LEGACY,2022-10-03,BL,UNOMINDA,INE405E01023,BASE_SAME_ISIN,UNOMINDA,EQ,INE405E01023,gt,gt,lt,gt,isin_eq,base_series=EQ
LEGACY,2022-10-03,BL,UPL,INE628A01036,BASE_SAME_ISIN,UPL,EQ,INE628A01036,lt,lt,lt,gt,isin_eq,base_series=EQ
LEGACY,2022-10-03,BL,UTIAMC,INE094J01016,BASE_SAME_ISIN,UTIAMC,EQ,INE094J01016,gt,gt,lt,gt,isin_eq,base_series=EQ
LEGACY,2022-10-03,BL,VEDL,INE205A01025,BASE_SAME_ISIN,VEDL,EQ,INE205A01025,lt,lt,lt,gt,isin_eq,base_series=EQ
LEGACY,2022-10-03,BL,VGUARD,INE951I01027,BASE_SAME_ISIN,VGUARD,EQ,INE951I01027,gt,gt,lt,gt,isin_eq,base_series=EQ
LEGACY,2022-10-03,BL,VINATIORGA,INE410B01037,BASE_SAME_ISIN,VINATIORGA,EQ,INE410B01037,gt,gt,lt,gt,isin_eq,base_series=EQ
LEGACY,2022-10-03,BL,VIPIND,INE054A01027,BASE_SAME_ISIN,VIPIND,EQ,INE054A01027,lt,lt,lt,lt,isin_eq,base_series=EQ
LEGACY,2022-10-03,BL,VOLTAS,INE226A01021,BASE_SAME_ISIN,VOLTAS,EQ,INE226A01021,lt,lt,lt,gt,isin_eq,base_series=EQ
LEGACY,2022-10-03,BL,VTL,INE825A01020,BASE_SAME_ISIN,VTL,EQ,INE825A01020,gt,gt,lt,gt,isin_eq,base_series=EQ
LEGACY,2022-10-03,BL,WELCORP,INE191B01025,BASE_SAME_ISIN,WELCORP,EQ,INE191B01025,lt,lt,lt,gt,isin_eq,base_series=EQ
LEGACY,2022-10-03,BL,WESTLIFE,INE274F01020,BASE_SAME_ISIN,WESTLIFE,EQ,INE274F01020,gt,gt,lt,gt,isin_eq,base_series=EQ
LEGACY,2022-10-03,BL,WHIRLPOOL,INE716A01013,BASE_SAME_ISIN,WHIRLPOOL,EQ,INE716A01013,lt,lt,lt,gt,isin_eq,base_series=EQ
LEGACY,2022-10-03,BL,WIPRO,INE075A01022,BASE_SAME_ISIN,WIPRO,EQ,INE075A01022,lt,lt,lt,lt,isin_eq,base_series=EQ
LEGACY,2022-10-03,BL,YESBANK,INE528G01035,BASE_SAME_ISIN,YESBANK,EQ,INE528G01035,gt,gt,lt,gt,isin_eq,base_series=EQ
LEGACY,2022-10-03,BL,ZEEL,INE256A01028,BASE_SAME_ISIN,ZEEL,EQ,INE256A01028,lt,lt,lt,gt,isin_eq,base_series=EQ
LEGACY,2022-10-03,BL,ZOMATO,INE758T01015,BASE_SAME_ISIN,ZOMATO,EQ,INE758T01015,lt,lt,lt,gt,isin_eq,base_series=EQ
LEGACY,2022-10-04,BL,MOTHERSON,INE775A01035,BASE_SAME_ISIN,MOTHERSON,EQ,INE775A01035,lt,lt,lt,gt,isin_eq,base_series=EQ
LEGACY,2022-10-04,BL,SUZLON,INE040H01021,BASE_SAME_ISIN,SUZLON,EQ,INE040H01021,lt,lt,lt,eq,isin_eq,base_series=EQ
LEGACY,2022-10-11,BL,ADANIENT,INE423A01024,BASE_SAME_ISIN,ADANIENT,EQ,INE423A01024,lt,lt,lt,lt,isin_eq,base_series=EQ
LEGACY,2022-10-11,BL,ADANITRANS,INE931S01010,BASE_SAME_ISIN,ADANITRANS,EQ,INE931S01010,lt,lt,lt,gt,isin_eq,base_series=EQ
LEGACY,2022-10-11,BL,ASIANPAINT,INE021A01026,BASE_SAME_ISIN,ASIANPAINT,EQ,INE021A01026,lt,lt,lt,lt,isin_eq,base_series=EQ
LEGACY,2022-10-11,BL,BSE,INE118H01025,BASE_SAME_ISIN,BSE,EQ,INE118H01025,lt,lt,lt,gt,isin_eq,base_series=EQ
LEGACY,2022-10-11,BL,CDSL,INE736A01011,BASE_SAME_ISIN,CDSL,EQ,INE736A01011,lt,lt,lt,gt,isin_eq,base_series=EQ
LEGACY,2022-10-11,BL,HDFC,INE001A01036,BASE_SAME_ISIN,HDFC,EQ,INE001A01036,lt,lt,lt,gt,isin_eq,base_series=EQ
LEGACY,2022-10-11,BL,ICICIBANK,INE090A01021,BASE_SAME_ISIN,ICICIBANK,EQ,INE090A01021,lt,lt,lt,gt,isin_eq,base_series=EQ
LEGACY,2022-10-11,BL,ITC,INE154A01025,BASE_SAME_ISIN,ITC,EQ,INE154A01025,lt,lt,lt,gt,isin_eq,base_series=EQ
LEGACY,2022-10-11,BL,KOTAKBANK,INE237A01028,BASE_SAME_ISIN,KOTAKBANK,EQ,INE237A01028,lt,lt,lt,gt,isin_eq,base_series=EQ
LEGACY,2022-10-11,BL,SBIN,INE062A01020,BASE_SAME_ISIN,SBIN,EQ,INE062A01020,lt,lt,lt,gt,isin_eq,base_series=EQ
LEGACY,2022-10-11,BL,SUNPHARMA,INE044A01036,BASE_SAME_ISIN,SUNPHARMA,EQ,INE044A01036,lt,lt,lt,gt,isin_eq,base_series=EQ
LEGACY,2022-10-11,BL,THERMAX,INE152A01029,BASE_SAME_ISIN,THERMAX,EQ,INE152A01029,lt,lt,lt,gt,isin_eq,base_series=EQ
LEGACY,2022-10-11,BL,TITAN,INE280A01028,BASE_SAME_ISIN,TITAN,EQ,INE280A01028,lt,lt,lt,gt,isin_eq,base_series=EQ
LEGACY,2022-10-14,IT,3RDROCK,INE768P01012,NO_BASE_ORPHAN,,,,,,,,,
LEGACY,2022-10-17,BL,ABCAPITAL,INE674K01013,BASE_SAME_ISIN,ABCAPITAL,EQ,INE674K01013,lt,lt,lt,lt,isin_eq,base_series=EQ
LEGACY,2022-10-17,BL,ASHOKLEY,INE208A01029,BASE_SAME_ISIN,ASHOKLEY,EQ,INE208A01029,lt,lt,lt,lt,isin_eq,base_series=EQ
LEGACY,2022-10-17,BL,AXISBANK,INE238A01034,BASE_SAME_ISIN,AXISBANK,EQ,INE238A01034,lt,lt,lt,lt,isin_eq,base_series=EQ
LEGACY,2022-10-17,BL,BHEL,INE257A01026,BASE_SAME_ISIN,BHEL,EQ,INE257A01026,lt,lt,lt,lt,isin_eq,base_series=EQ
LEGACY,2022-10-17,BL,BPCL,INE029A01011,BASE_SAME_ISIN,BPCL,EQ,INE029A01011,lt,lt,lt,gt,isin_eq,base_series=EQ
LEGACY,2022-10-17,BL,BSE,INE118H01025,BASE_SAME_ISIN,BSE,EQ,INE118H01025,lt,lt,lt,gt,isin_eq,base_series=EQ
LEGACY,2022-10-17,BL,CDSL,INE736A01011,BASE_SAME_ISIN,CDSL,EQ,INE736A01011,lt,lt,lt,gt,isin_eq,base_series=EQ
LEGACY,2022-10-17,BL,CGPOWER,INE067A01029,BASE_SAME_ISIN,CGPOWER,EQ,INE067A01029,gt,gt,lt,gt,isin_eq,base_series=EQ
LEGACY,2022-10-17,BL,COALINDIA,INE522F01014,BASE_SAME_ISIN,COALINDIA,EQ,INE522F01014,lt,lt,lt,lt,isin_eq,base_series=EQ
LEGACY,2022-10-17,BL,CUB,INE491A01021,BASE_SAME_ISIN,CUB,EQ,INE491A01021,lt,lt,lt,lt,isin_eq,base_series=EQ
LEGACY,2022-10-17,BL,EXIDEIND,INE302A01020,BASE_SAME_ISIN,EXIDEIND,EQ,INE302A01020,gt,gt,lt,lt,isin_eq,base_series=EQ
LEGACY,2022-10-17,BL,FEDERALBNK,INE171A01029,BASE_SAME_ISIN,FEDERALBNK,EQ,INE171A01029,lt,lt,lt,lt,isin_eq,base_series=EQ
LEGACY,2022-10-17,BL,HCLTECH,INE860A01027,BASE_SAME_ISIN,HCLTECH,EQ,INE860A01027,lt,lt,lt,gt,isin_eq,base_series=EQ
LEGACY,2022-10-17,BL,HFCL,INE548A01028,BASE_SAME_ISIN,HFCL,EQ,INE548A01028,lt,lt,lt,gt,isin_eq,base_series=EQ
LEGACY,2022-10-17,BL,HINDALCO,INE038A01020,BASE_SAME_ISIN,HINDALCO,EQ,INE038A01020,lt,lt,lt,gt,isin_eq,base_series=EQ
LEGACY,2022-10-17,BL,IEX,INE022Q01020,BASE_SAME_ISIN,IEX,EQ,INE022Q01020,lt,lt,lt,gt,isin_eq,base_series=EQ
LEGACY,2022-10-17,BL,INDHOTEL,INE053A01029,BASE_SAME_ISIN,INDHOTEL,EQ,INE053A01029,lt,lt,lt,lt,isin_eq,base_series=EQ
LEGACY,2022-10-17,BL,INDUSTOWER,INE121J01017,BASE_SAME_ISIN,INDUSTOWER,EQ,INE121J01017,gt,gt,lt,gt,isin_eq,base_series=EQ
LEGACY,2022-10-17,BL,L&TFH,INE498L01015,BASE_SAME_ISIN,L&TFH,EQ,INE498L01015,lt,lt,lt,lt,isin_eq,base_series=EQ
LEGACY,2022-10-17,BL,M&MFIN,INE774D01024,BASE_SAME_ISIN,M&MFIN,EQ,INE774D01024,lt,lt,lt,lt,isin_eq,base_series=EQ
LEGACY,2022-10-17,BL,MANAPPURAM,INE522D01027,BASE_SAME_ISIN,MANAPPURAM,EQ,INE522D01027,lt,lt,lt,lt,isin_eq,base_series=EQ
LEGACY,2022-10-17,BL,MSUMI,INE0FS801015,BASE_SAME_ISIN,MSUMI,EQ,INE0FS801015,gt,gt,lt,gt,isin_eq,base_series=EQ
LEGACY,2022-10-17,BL,NATIONALUM,INE139A01034,BASE_SAME_ISIN,NATIONALUM,EQ,INE139A01034,lt,lt,lt,gt,isin_eq,base_series=EQ
LEGACY,2022-10-17,BL,OIL,INE274J01014,BASE_SAME_ISIN,OIL,EQ,INE274J01014,lt,lt,lt,gt,isin_eq,base_series=EQ
LEGACY,2022-10-17,BL,PETRONET,INE347G01014,BASE_SAME_ISIN,PETRONET,EQ,INE347G01014,gt,gt,lt,gt,isin_eq,base_series=EQ
LEGACY,2022-10-17,BL,RBLBANK,INE976G01028,BASE_SAME_ISIN,RBLBANK,EQ,INE976G01028,lt,lt,lt,lt,isin_eq,base_series=EQ
LEGACY,2022-10-17,BL,REDINGTON,INE891D01026,BASE_SAME_ISIN,REDINGTON,EQ,INE891D01026,gt,gt,lt,gt,isin_eq,base_series=EQ
LEGACY,2022-10-17,BL,RELIANCE,INE002A01018,BASE_SAME_ISIN,RELIANCE,EQ,INE002A01018,lt,lt,lt,lt,isin_eq,base_series=EQ
LEGACY,2022-10-17,BL,SBIN,INE062A01020,BASE_SAME_ISIN,SBIN,EQ,INE062A01020,lt,lt,lt,lt,isin_eq,base_series=EQ
LEGACY,2022-10-17,BL,SUNPHARMA,INE044A01036,BASE_SAME_ISIN,SUNPHARMA,EQ,INE044A01036,lt,lt,lt,lt,isin_eq,base_series=EQ
LEGACY,2022-10-17,BL,TATAMOTORS,INE155A01022,BASE_SAME_ISIN,TATAMOTORS,EQ,INE155A01022,lt,lt,lt,gt,isin_eq,base_series=EQ
LEGACY,2022-10-17,BL,TATAPOWER,INE245A01021,BASE_SAME_ISIN,TATAPOWER,EQ,INE245A01021,lt,lt,lt,lt,isin_eq,base_series=EQ
LEGACY,2022-10-17,BL,TTML,INE517B01013,BASE_SAME_ISIN,TTML,BE,INE517B01013,lt,lt,lt,gt,isin_eq,base_series=BE
LEGACY,2022-10-17,BL,WIPRO,INE075A01022,BASE_SAME_ISIN,WIPRO,EQ,INE075A01022,lt,lt,lt,gt,isin_eq,base_series=EQ
LEGACY,2022-10-17,BL,ZEEL,INE256A01028,BASE_SAME_ISIN,ZEEL,EQ,INE256A01028,lt,lt,lt,gt,isin_eq,base_series=EQ
LEGACY,2022-10-18,BL,ZEEL,INE256A01028,BASE_SAME_ISIN,ZEEL,EQ,INE256A01028,gt,gt,lt,lt,isin_eq,base_series=EQ
LEGACY,2022-10-25,BL,ADANIENT,INE423A01024,BASE_SAME_ISIN,ADANIENT,EQ,INE423A01024,lt,lt,lt,gt,isin_eq,base_series=EQ
LEGACY,2022-10-25,BL,ADANIGREEN,INE364U01010,BASE_SAME_ISIN,ADANIGREEN,EQ,INE364U01010,lt,lt,lt,gt,isin_eq,base_series=EQ
LEGACY,2022-10-25,BL,ADANITRANS,INE931S01010,BASE_SAME_ISIN,ADANITRANS,EQ,INE931S01010,lt,lt,lt,gt,isin_eq,base_series=EQ
LEGACY,2022-10-25,BL,ASIANPAINT,INE021A01026,BASE_SAME_ISIN,ASIANPAINT,EQ,INE021A01026,lt,lt,lt,gt,isin_eq,base_series=EQ
LEGACY,2022-10-25,BL,ATGL,INE399L01023,BASE_SAME_ISIN,ATGL,EQ,INE399L01023,lt,lt,lt,lt,isin_eq,base_series=EQ
LEGACY,2022-10-25,BL,AXISBANK,INE238A01034,BASE_SAME_ISIN,AXISBANK,EQ,INE238A01034,lt,lt,lt,gt,isin_eq,base_series=EQ
LEGACY,2022-10-25,BL,BAJFINANCE,INE296A01024,BASE_SAME_ISIN,BAJFINANCE,EQ,INE296A01024,lt,lt,lt,gt,isin_eq,base_series=EQ
LEGACY,2022-10-25,BL,BHARTIARTL,INE397D01024,BASE_SAME_ISIN,BHARTIARTL,EQ,INE397D01024,lt,lt,lt,lt,isin_eq,base_series=EQ
LEGACY,2022-10-25,BL,CDSL,INE736A01011,BASE_SAME_ISIN,CDSL,EQ,INE736A01011,lt,lt,lt,lt,isin_eq,base_series=EQ
LEGACY,2022-10-25,BL,CYIENT,INE136B01020,BASE_SAME_ISIN,CYIENT,EQ,INE136B01020,lt,gt,lt,gt,isin_eq,base_series=EQ
LEGACY,2022-10-25,BL,DMART,INE192R01011,BASE_SAME_ISIN,DMART,EQ,INE192R01011,lt,lt,lt,lt,isin_eq,base_series=EQ
LEGACY,2022-10-25,BL,HCLTECH,INE860A01027,BASE_SAME_ISIN,HCLTECH,EQ,INE860A01027,lt,lt,lt,gt,isin_eq,base_series=EQ
LEGACY,2022-10-25,BL,HDFC,INE001A01036,BASE_SAME_ISIN,HDFC,EQ,INE001A01036,lt,lt,lt,gt,isin_eq,base_series=EQ
LEGACY,2022-10-25,BL,HINDUNILVR,INE030A01027,BASE_SAME_ISIN,HINDUNILVR,EQ,INE030A01027,lt,lt,lt,gt,isin_eq,base_series=EQ
LEGACY,2022-10-25,BL,ICICIBANK,INE090A01021,BASE_SAME_ISIN,ICICIBANK,EQ,INE090A01021,lt,lt,lt,gt,isin_eq,base_series=EQ
LEGACY,2022-10-25,BL,ITC,INE154A01025,BASE_SAME_ISIN,ITC,EQ,INE154A01025,lt,lt,lt,gt,isin_eq,base_series=EQ
LEGACY,2022-10-25,BL,KOTAKBANK,INE237A01028,BASE_SAME_ISIN,KOTAKBANK,EQ,INE237A01028,lt,lt,lt,gt,isin_eq,base_series=EQ
LEGACY,2022-10-25,BL,LT,INE018A01030,BASE_SAME_ISIN,LT,EQ,INE018A01030,lt,lt,lt,lt,isin_eq,base_series=EQ
LEGACY,2022-10-25,BL,M&M,INE101A01026,BASE_SAME_ISIN,M&M,EQ,INE101A01026,lt,lt,lt,lt,isin_eq,base_series=EQ
LEGACY,2022-10-25,BL,MARUTI,INE585B01010,BASE_SAME_ISIN,MARUTI,EQ,INE585B01010,lt,lt,lt,lt,isin_eq,base_series=EQ
LEGACY,2022-10-25,BL,NESTLEIND,INE239A01016,BASE_SAME_ISIN,NESTLEIND,EQ,INE239A01016,lt,lt,lt,gt,isin_eq,base_series=EQ
LEGACY,2022-10-25,BL,NTPC,INE733E01010,BASE_SAME_ISIN,NTPC,EQ,INE733E01010,lt,lt,lt,lt,isin_eq,base_series=EQ
LEGACY,2022-10-25,BL,POWERGRID,INE752E01010,BASE_SAME_ISIN,POWERGRID,EQ,INE752E01010,lt,lt,lt,gt,isin_eq,base_series=EQ
LEGACY,2022-10-25,BL,SBILIFE,INE123W01016,BASE_SAME_ISIN,SBILIFE,EQ,INE123W01016,lt,lt,lt,gt,isin_eq,base_series=EQ
LEGACY,2022-10-25,BL,SBIN,INE062A01020,BASE_SAME_ISIN,SBIN,EQ,INE062A01020,lt,lt,lt,lt,isin_eq,base_series=EQ
LEGACY,2022-10-25,BL,SUNPHARMA,INE044A01036,BASE_SAME_ISIN,SUNPHARMA,EQ,INE044A01036,lt,lt,lt,lt,isin_eq,base_series=EQ
LEGACY,2022-10-25,BL,TATAMOTORS,INE155A01022,BASE_SAME_ISIN,TATAMOTORS,EQ,INE155A01022,lt,lt,lt,lt,isin_eq,base_series=EQ
LEGACY,2022-10-25,BL,TATASTEEL,INE081A01020,BASE_SAME_ISIN,TATASTEEL,EQ,INE081A01020,lt,lt,lt,eq,isin_eq,base_series=EQ
LEGACY,2022-10-25,BL,TCS,INE467B01029,BASE_SAME_ISIN,TCS,EQ,INE467B01029,lt,lt,lt,lt,isin_eq,base_series=EQ
LEGACY,2022-10-25,BL,TECHM,INE669C01036,BASE_SAME_ISIN,TECHM,EQ,INE669C01036,lt,lt,lt,lt,isin_eq,base_series=EQ
LEGACY,2022-10-25,BL,TITAN,INE280A01028,BASE_SAME_ISIN,TITAN,EQ,INE280A01028,lt,lt,lt,gt,isin_eq,base_series=EQ
LEGACY,2022-10-25,BL,ULTRACEMCO,INE481G01011,BASE_SAME_ISIN,ULTRACEMCO,EQ,INE481G01011,lt,lt,lt,lt,isin_eq,base_series=EQ
LEGACY,2022-11-02,BL,SHREMINVIT,INE0GTI23014,BASE_SAME_ISIN,SHREMINVIT,IV,INE0GTI23014,gt,gt,lt,eq,isin_eq,base_series=IV
LEGACY,2022-11-03,BL,ABFRL,INE647O01011,BASE_SAME_ISIN,ABFRL,EQ,INE647O01011,lt,lt,lt,lt,isin_eq,base_series=EQ
LEGACY,2022-11-03,BL,ACC,INE012A01025,BASE_SAME_ISIN,ACC,EQ,INE012A01025,lt,lt,lt,lt,isin_eq,base_series=EQ
LEGACY,2022-11-03,BL,ADANIENT,INE423A01024,BASE_SAME_ISIN,ADANIENT,EQ,INE423A01024,lt,lt,lt,lt,isin_eq,base_series=EQ
LEGACY,2022-11-03,BL,ADANIGREEN,INE364U01010,BASE_SAME_ISIN,ADANIGREEN,EQ,INE364U01010,lt,lt,lt,gt,isin_eq,base_series=EQ
LEGACY,2022-11-03,BL,ADANIPORTS,INE742F01042,BASE_SAME_ISIN,ADANIPORTS,EQ,INE742F01042,lt,lt,lt,lt,isin_eq,base_series=EQ
LEGACY,2022-11-03,BL,ADANITRANS,INE931S01010,BASE_SAME_ISIN,ADANITRANS,EQ,INE931S01010,lt,lt,lt,gt,isin_eq,base_series=EQ
LEGACY,2022-11-03,BL,AIAENG,INE212H01026,BASE_SAME_ISIN,AIAENG,EQ,INE212H01026,gt,gt,lt,gt,isin_eq,base_series=EQ
LEGACY,2022-11-03,BL,AMBUJACEM,INE079A01024,BASE_SAME_ISIN,AMBUJACEM,EQ,INE079A01024,lt,lt,lt,gt,isin_eq,base_series=EQ
LEGACY,2022-11-03,BL,APLAPOLLO,INE702C01027,BASE_SAME_ISIN,APLAPOLLO,EQ,INE702C01027,lt,lt,lt,lt,isin_eq,base_series=EQ
LEGACY,2022-11-03,BL,APOLLOHOSP,INE437A01024,BASE_SAME_ISIN,APOLLOHOSP,EQ,INE437A01024,lt,lt,lt,lt,isin_eq,base_series=EQ
LEGACY,2022-11-03,BL,APOLLOTYRE,INE438A01022,BASE_SAME_ISIN,APOLLOTYRE,EQ,INE438A01022,lt,lt,lt,gt,isin_eq,base_series=EQ
LEGACY,2022-11-03,BL,ASIANPAINT,INE021A01026,BASE_SAME_ISIN,ASIANPAINT,EQ,INE021A01026,lt,lt,lt,lt,isin_eq,base_series=EQ
LEGACY,2022-11-03,BL,ASTRAL,INE006I01046,BASE_SAME_ISIN,ASTRAL,EQ,INE006I01046,lt,lt,lt,lt,isin_eq,base_series=EQ
LEGACY,2022-11-03,BL,ATGL,INE399L01023,BASE_SAME_ISIN,ATGL,EQ,INE399L01023,gt,gt,lt,lt,isin_eq,base_series=EQ
LEGACY,2022-11-03,BL,ATUL,INE100A01010,BASE_SAME_ISIN,ATUL,EQ,INE100A01010,lt,lt,lt,lt,isin_eq,base_series=EQ
LEGACY,2022-11-03,BL,AUROPHARMA,INE406A01037,BASE_SAME_ISIN,AUROPHARMA,EQ,INE406A01037,lt,lt,lt,lt,isin_eq,base_series=EQ
LEGACY,2022-11-03,BL,AXISBANK,INE238A01034,BASE_SAME_ISIN,AXISBANK,EQ,INE238A01034,lt,lt,lt,lt,isin_eq,base_series=EQ
LEGACY,2022-11-03,BL,BAJAJ-AUTO,INE917I01010,BASE_SAME_ISIN,BAJAJ-AUTO,EQ,INE917I01010,lt,lt,lt,lt,isin_eq,base_series=EQ
LEGACY,2022-11-03,BL,BAJFINANCE,INE296A01024,BASE_SAME_ISIN,BAJFINANCE,EQ,INE296A01024,lt,lt,lt,gt,isin_eq,base_series=EQ
LEGACY,2022-11-03,BL,BALKRISIND,INE787D01026,BASE_SAME_ISIN,BALKRISIND,EQ,INE787D01026,lt,lt,lt,gt,isin_eq,base_series=EQ
LEGACY,2022-11-03,BL,BEL,INE263A01024,BASE_SAME_ISIN,BEL,EQ,INE263A01024,lt,lt,lt,lt,isin_eq,base_series=EQ
LEGACY,2022-11-03,BL,BERGEPAINT,INE463A01038,BASE_SAME_ISIN,BERGEPAINT,EQ,INE463A01038,lt,lt,lt,lt,isin_eq,base_series=EQ
LEGACY,2022-11-03,BL,BHARTIARTL,INE397D01024,BASE_SAME_ISIN,BHARTIARTL,EQ,INE397D01024,lt,lt,lt,lt,isin_eq,base_series=EQ
LEGACY,2022-11-03,BL,BIOCON,INE376G01013,BASE_SAME_ISIN,BIOCON,EQ,INE376G01013,lt,lt,lt,lt,isin_eq,base_series=EQ
LEGACY,2022-11-03,BL,BPCL,INE029A01011,BASE_SAME_ISIN,BPCL,EQ,INE029A01011,lt,lt,lt,gt,isin_eq,base_series=EQ
LEGACY,2022-11-03,BL,BRITANNIA,INE216A01030,BASE_SAME_ISIN,BRITANNIA,EQ,INE216A01030,gt,gt,lt,lt,isin_eq,base_series=EQ
LEGACY,2022-11-03,BL,CGPOWER,INE067A01029,BASE_SAME_ISIN,CGPOWER,EQ,INE067A01029,lt,lt,lt,gt,isin_eq,base_series=EQ
LEGACY,2022-11-03,BL,CHOLAFIN,INE121A01024,BASE_SAME_ISIN,CHOLAFIN,EQ,INE121A01024,lt,lt,lt,lt,isin_eq,base_series=EQ
LEGACY,2022-11-03,BL,CIPLA,INE059A01026,BASE_SAME_ISIN,CIPLA,EQ,INE059A01026,lt,lt,lt,lt,isin_eq,base_series=EQ
LEGACY,2022-11-03,BL,COALINDIA,INE522F01014,BASE_SAME_ISIN,COALINDIA,EQ,INE522F01014,lt,lt,lt,lt,isin_eq,base_series=EQ
LEGACY,2022-11-03,BL,CONCOR,INE111A01025,BASE_SAME_ISIN,CONCOR,EQ,INE111A01025,lt,lt,lt,lt,isin_eq,base_series=EQ
LEGACY,2022-11-03,BL,CUMMINSIND,INE298A01020,BASE_SAME_ISIN,CUMMINSIND,EQ,INE298A01020,lt,lt,lt,gt,isin_eq,base_series=EQ
LEGACY,2022-11-03,BL,DABUR,INE016A01026,BASE_SAME_ISIN,DABUR,EQ,INE016A01026,gt,gt,lt,gt,isin_eq,base_series=EQ
LEGACY,2022-11-03,BL,DALBHARAT,INE00R701025,BASE_SAME_ISIN,DALBHARAT,EQ,INE00R701025,lt,lt,lt,lt,isin_eq,base_series=EQ
LEGACY,2022-11-03,BL,DIVISLAB,INE361B01024,BASE_SAME_ISIN,DIVISLAB,EQ,INE361B01024,lt,lt,lt,eq,isin_eq,base_series=EQ
LEGACY,2022-11-03,BL,DIXON,INE935N01020,BASE_SAME_ISIN,DIXON,EQ,INE935N01020,lt,lt,lt,gt,isin_eq,base_series=EQ
LEGACY,2022-11-03,BL,DLF,INE271C01023,BASE_SAME_ISIN,DLF,EQ,INE271C01023,lt,lt,lt,gt,isin_eq,base_series=EQ
LEGACY,2022-11-03,BL,DMART,INE192R01011,BASE_SAME_ISIN,DMART,EQ,INE192R01011,gt,gt,lt,lt,isin_eq,base_series=EQ
LEGACY,2022-11-03,BL,DRREDDY,INE089A01023,BASE_SAME_ISIN,DRREDDY,EQ,INE089A01023,lt,lt,lt,lt,isin_eq,base_series=EQ
LEGACY,2022-11-03,BL,EICHERMOT,INE066A01021,BASE_SAME_ISIN,EICHERMOT,EQ,INE066A01021,lt,lt,lt,gt,isin_eq,base_series=EQ
LEGACY,2022-11-03,BL,EMAMILTD,INE548C01032,BASE_SAME_ISIN,EMAMILTD,EQ,INE548C01032,gt,gt,lt,gt,isin_eq,base_series=EQ
LEGACY,2022-11-03,BL,FLUOROCHEM,INE09N301011,BASE_SAME_ISIN,FLUOROCHEM,EQ,INE09N301011,lt,lt,lt,gt,isin_eq,base_series=EQ
LEGACY,2022-11-03,BL,FORTIS,INE061F01013,BASE_SAME_ISIN,FORTIS,EQ,INE061F01013,lt,lt,lt,lt,isin_eq,base_series=EQ
LEGACY,2022-11-03,BL,GAIL,INE129A01019,BASE_SAME_ISIN,GAIL,EQ,INE129A01019,lt,lt,lt,gt,isin_eq,base_series=EQ
LEGACY,2022-11-03,BL,GODREJCP,INE102D01028,BASE_SAME_ISIN,GODREJCP,EQ,INE102D01028,gt,gt,lt,gt,isin_eq,base_series=EQ
LEGACY,2022-11-03,BL,GODREJPROP,INE484J01027,BASE_SAME_ISIN,GODREJPROP,EQ,INE484J01027,lt,lt,lt,lt,isin_eq,base_series=EQ
LEGACY,2022-11-03,BL,GRASIM,INE047A01021,BASE_SAME_ISIN,GRASIM,EQ,INE047A01021,gt,gt,lt,gt,isin_eq,base_series=EQ
LEGACY,2022-11-03,BL,HAVELLS,INE176B01034,BASE_SAME_ISIN,HAVELLS,EQ,INE176B01034,lt,lt,lt,gt,isin_eq,base_series=EQ
LEGACY,2022-11-03,BL,HDFCLIFE,INE795G01014,BASE_SAME_ISIN,HDFCLIFE,EQ,INE795G01014,lt,lt,lt,lt,isin_eq,base_series=EQ
LEGACY,2022-11-03,BL,HEROMOTOCO,INE158A01026,BASE_SAME_ISIN,HEROMOTOCO,EQ,INE158A01026,lt,lt,lt,lt,isin_eq,base_series=EQ
LEGACY,2022-11-03,BL,HINDALCO,INE038A01020,BASE_SAME_ISIN,HINDALCO,EQ,INE038A01020,lt,lt,lt,gt,isin_eq,base_series=EQ
LEGACY,2022-11-03,BL,HINDPETRO,INE094A01015,BASE_SAME_ISIN,HINDPETRO,EQ,INE094A01015,lt,lt,lt,gt,isin_eq,base_series=EQ
LEGACY,2022-11-03,BL,HINDUNILVR,INE030A01027,BASE_SAME_ISIN,HINDUNILVR,EQ,INE030A01027,gt,gt,lt,lt,isin_eq,base_series=EQ
LEGACY,2022-11-03,BL,ICICIGI,INE765G01017,BASE_SAME_ISIN,ICICIGI,EQ,INE765G01017,lt,lt,lt,gt,isin_eq,base_series=EQ
LEGACY,2022-11-03,BL,ICICIPRULI,INE726G01019,BASE_SAME_ISIN,ICICIPRULI,EQ,INE726G01019,gt,gt,lt,lt,isin_eq,base_series=EQ
LEGACY,2022-11-03,BL,INDHOTEL,INE053A01029,BASE_SAME_ISIN,INDHOTEL,EQ,INE053A01029,lt,lt,lt,gt,isin_eq,base_series=EQ
LEGACY,2022-11-03,BL,INDIGO,INE646L01027,BASE_SAME_ISIN,INDIGO,EQ,INE646L01027,lt,lt,lt,gt,isin_eq,base_series=EQ
LEGACY,2022-11-03,BL,INFY,INE009A01021,BASE_SAME_ISIN,INFY,EQ,INE009A01021,gt,gt,lt,gt,isin_eq,base_series=EQ
LEGACY,2022-11-03,BL,IPCALAB,INE571A01038,BASE_SAME_ISIN,IPCALAB,EQ,INE571A01038,lt,lt,lt,gt,isin_eq,base_series=EQ
LEGACY,2022-11-03,BL,ITC,INE154A01025,BASE_SAME_ISIN,ITC,EQ,INE154A01025,lt,lt,lt,gt,isin_eq,base_series=EQ
LEGACY,2022-11-03,BL,JINDALSTEL,INE749A01030,BASE_SAME_ISIN,JINDALSTEL,EQ,INE749A01030,lt,lt,lt,gt,isin_eq,base_series=EQ
LEGACY,2022-11-03,BL,JSWSTEEL,INE019A01038,BASE_SAME_ISIN,JSWSTEEL,EQ,INE019A01038,lt,lt,lt,gt,isin_eq,base_series=EQ
LEGACY,2022-11-03,BL,JUBLFOOD,INE797F01020,BASE_SAME_ISIN,JUBLFOOD,EQ,INE797F01020,lt,lt,lt,gt,isin_eq,base_series=EQ
LEGACY,2022-11-03,BL,KAJARIACER,INE217B01036,BASE_SAME_ISIN,KAJARIACER,EQ,INE217B01036,lt,lt,lt,gt,isin_eq,base_series=EQ
LEGACY,2022-11-03,BL,KEI,INE878B01027,BASE_SAME_ISIN,KEI,EQ,INE878B01027,lt,lt,lt,gt,isin_eq,base_series=EQ
LEGACY,2022-11-03,BL,KOTAKBANK,INE237A01028,BASE_SAME_ISIN,KOTAKBANK,EQ,INE237A01028,lt,lt,lt,gt,isin_eq,base_series=EQ
LEGACY,2022-11-03,BL,LAURUSLABS,INE947Q01028,BASE_SAME_ISIN,LAURUSLABS,EQ,INE947Q01028,lt,lt,lt,lt,isin_eq,base_series=EQ
LEGACY,2022-11-03,BL,LICHSGFIN,INE115A01026,BASE_SAME_ISIN,LICHSGFIN,EQ,INE115A01026,lt,lt,lt,lt,isin_eq,base_series=EQ
LEGACY,2022-11-03,BL,LTI,INE214T01019,BASE_SAME_ISIN,LTI,EQ,INE214T01019,lt,lt,lt,gt,isin_eq,base_series=EQ
LEGACY,2022-11-03,BL,LUPIN,INE326A01037,BASE_SAME_ISIN,LUPIN,EQ,INE326A01037,lt,lt,lt,lt,isin_eq,base_series=EQ
LEGACY,2022-11-03,BL,MARICO,INE196A01026,BASE_SAME_ISIN,MARICO,EQ,INE196A01026,lt,lt,lt,lt,isin_eq,base_series=EQ
LEGACY,2022-11-03,BL,MCDOWELL-N,INE854D01024,BASE_SAME_ISIN,MCDOWELL-N,EQ,INE854D01024,lt,lt,lt,gt,isin_eq,base_series=EQ
LEGACY,2022-11-03,BL,MOTHERSON,INE775A01035,BASE_SAME_ISIN,MOTHERSON,EQ,INE775A01035,lt,lt,lt,gt,isin_eq,base_series=EQ
LEGACY,2022-11-03,BL,MSUMI,INE0FS801015,BASE_SAME_ISIN,MSUMI,EQ,INE0FS801015,lt,lt,lt,gt,isin_eq,base_series=EQ
LEGACY,2022-11-03,BL,MUTHOOTFIN,INE414G01012,BASE_SAME_ISIN,MUTHOOTFIN,EQ,INE414G01012,lt,lt,lt,gt,isin_eq,base_series=EQ
LEGACY,2022-11-03,BL,NAUKRI,INE663F01024,BASE_SAME_ISIN,NAUKRI,EQ,INE663F01024,lt,lt,lt,gt,isin_eq,base_series=EQ
LEGACY,2022-11-03,BL,NAVINFLUOR,INE048G01026,BASE_SAME_ISIN,NAVINFLUOR,EQ,INE048G01026,lt,lt,lt,gt,isin_eq,base_series=EQ
LEGACY,2022-11-03,BL,NESTLEIND,INE239A01016,BASE_SAME_ISIN,NESTLEIND,EQ,INE239A01016,gt,gt,lt,lt,isin_eq,base_series=EQ
LEGACY,2022-11-03,BL,NTPC,INE733E01010,BASE_SAME_ISIN,NTPC,EQ,INE733E01010,lt,lt,lt,gt,isin_eq,base_series=EQ
LEGACY,2022-11-03,BL,ONGC,INE213A01029,BASE_SAME_ISIN,ONGC,EQ,INE213A01029,lt,lt,lt,gt,isin_eq,base_series=EQ
LEGACY,2022-11-03,BL,PAGEIND,INE761H01022,BASE_SAME_ISIN,PAGEIND,EQ,INE761H01022,lt,lt,lt,gt,isin_eq,base_series=EQ
LEGACY,2022-11-03,BL,PERSISTENT,INE262H01013,BASE_SAME_ISIN,PERSISTENT,EQ,INE262H01013,lt,lt,lt,lt,isin_eq,base_series=EQ
LEGACY,2022-11-03,BL,PETRONET,INE347G01014,BASE_SAME_ISIN,PETRONET,EQ,INE347G01014,lt,lt,lt,gt,isin_eq,base_series=EQ
LEGACY,2022-11-03,BL,PHOENIXLTD,INE211B01039,BASE_SAME_ISIN,PHOENIXLTD,EQ,INE211B01039,lt,lt,lt,lt,isin_eq,base_series=EQ
LEGACY,2022-11-03,BL,PIDILITIND,INE318A01026,BASE_SAME_ISIN,PIDILITIND,EQ,INE318A01026,gt,gt,lt,lt,isin_eq,base_series=EQ
LEGACY,2022-11-03,BL,POLYCAB,INE455K01017,BASE_SAME_ISIN,POLYCAB,EQ,INE455K01017,lt,lt,lt,gt,isin_eq,base_series=EQ
LEGACY,2022-11-03,BL,POWERGRID,INE752E01010,BASE_SAME_ISIN,POWERGRID,EQ,INE752E01010,lt,lt,lt,gt,isin_eq,base_series=EQ
LEGACY,2022-11-03,BL,RELIANCE,INE002A01018,BASE_SAME_ISIN,RELIANCE,EQ,INE002A01018,gt,gt,lt,lt,isin_eq,base_series=EQ
LEGACY,2022-11-03,BL,SBICARD,INE018E01016,BASE_SAME_ISIN,SBICARD,EQ,INE018E01016,lt,lt,lt,gt,isin_eq,base_series=EQ
LEGACY,2022-11-03,BL,SBILIFE,INE123W01016,BASE_SAME_ISIN,SBILIFE,EQ,INE123W01016,gt,gt,lt,lt,isin_eq,base_series=EQ
LEGACY,2022-11-03,BL,SBIN,INE062A01020,BASE_SAME_ISIN,SBIN,EQ,INE062A01020,lt,lt,lt,lt,isin_eq,base_series=EQ
LEGACY,2022-11-03,BL,SCHAEFFLER,INE513A01022,BASE_SAME_ISIN,SCHAEFFLER,EQ,INE513A01022,lt,lt,lt,gt,isin_eq,base_series=EQ
LEGACY,2022-11-03,BL,SHREECEM,INE070A01015,BASE_SAME_ISIN,SHREECEM,EQ,INE070A01015,lt,lt,lt,lt,isin_eq,base_series=EQ
LEGACY,2022-11-03,BL,SOLARINDS,INE343H01029,BASE_SAME_ISIN,SOLARINDS,EQ,INE343H01029,lt,lt,lt,lt,isin_eq,base_series=EQ
LEGACY,2022-11-03,BL,SRF,INE647A01010,BASE_SAME_ISIN,SRF,EQ,INE647A01010,lt,lt,lt,lt,isin_eq,base_series=EQ
LEGACY,2022-11-03,BL,SRTRANSFIN,INE721A01013,BASE_SAME_ISIN,SRTRANSFIN,EQ,INE721A01013,lt,lt,lt,lt,isin_eq,base_series=EQ
LEGACY,2022-11-03,BL,SUNPHARMA,INE044A01036,BASE_SAME_ISIN,SUNPHARMA,EQ,INE044A01036,lt,lt,lt,gt,isin_eq,base_series=EQ
LEGACY,2022-11-03,BL,TATACHEM,INE092A01019,BASE_SAME_ISIN,TATACHEM,EQ,INE092A01019,lt,lt,lt,gt,isin_eq,base_series=EQ
LEGACY,2022-11-03,BL,TATACOMM,INE151A01013,BASE_SAME_ISIN,TATACOMM,EQ,INE151A01013,lt,lt,lt,lt,isin_eq,base_series=EQ
LEGACY,2022-11-03,BL,TATACONSUM,INE192A01025,BASE_SAME_ISIN,TATACONSUM,EQ,INE192A01025,lt,lt,lt,gt,isin_eq,base_series=EQ
LEGACY,2022-11-03,BL,TATAELXSI,INE670A01012,BASE_SAME_ISIN,TATAELXSI,EQ,INE670A01012,lt,lt,lt,gt,isin_eq,base_series=EQ
LEGACY,2022-11-03,BL,TATAMOTORS,INE155A01022,BASE_SAME_ISIN,TATAMOTORS,EQ,INE155A01022,lt,lt,lt,gt,isin_eq,base_series=EQ
LEGACY,2022-11-03,BL,TATAPOWER,INE245A01021,BASE_SAME_ISIN,TATAPOWER,EQ,INE245A01021,lt,lt,lt,gt,isin_eq,base_series=EQ
LEGACY,2022-11-03,BL,TATASTEEL,INE081A01020,BASE_SAME_ISIN,TATASTEEL,EQ,INE081A01020,lt,lt,lt,lt,isin_eq,base_series=EQ
LEGACY,2022-11-03,BL,TECHM,INE669C01036,BASE_SAME_ISIN,TECHM,EQ,INE669C01036,lt,lt,lt,gt,isin_eq,base_series=EQ
LEGACY,2022-11-03,BL,TIINDIA,INE974X01010,BASE_SAME_ISIN,TIINDIA,EQ,INE974X01010,lt,lt,lt,lt,isin_eq,base_series=EQ
LEGACY,2022-11-03,BL,TITAN,INE280A01028,BASE_SAME_ISIN,TITAN,EQ,INE280A01028,lt,lt,lt,lt,isin_eq,base_series=EQ
LEGACY,2022-11-03,BL,TORNTPHARM,INE685A01028,BASE_SAME_ISIN,TORNTPHARM,EQ,INE685A01028,lt,lt,lt,gt,isin_eq,base_series=EQ
LEGACY,2022-11-03,BL,TRENT,INE849A01020,BASE_SAME_ISIN,TRENT,EQ,INE849A01020,lt,lt,lt,lt,isin_eq,base_series=EQ
LEGACY,2022-11-03,BL,ULTRACEMCO,INE481G01011,BASE_SAME_ISIN,ULTRACEMCO,EQ,INE481G01011,lt,lt,lt,gt,isin_eq,base_series=EQ
LEGACY,2022-11-03,BL,UPL,INE628A01036,BASE_SAME_ISIN,UPL,EQ,INE628A01036,lt,lt,lt,lt,isin_eq,base_series=EQ
LEGACY,2022-11-03,BL,VEDL,INE205A01025,BASE_SAME_ISIN,VEDL,EQ,INE205A01025,lt,lt,lt,lt,isin_eq,base_series=EQ
LEGACY,2022-11-03,BL,VOLTAS,INE226A01021,BASE_SAME_ISIN,VOLTAS,EQ,INE226A01021,lt,lt,lt,gt,isin_eq,base_series=EQ
LEGACY,2022-11-03,BL,WIPRO,INE075A01022,BASE_SAME_ISIN,WIPRO,EQ,INE075A01022,lt,lt,lt,gt,isin_eq,base_series=EQ
LEGACY,2022-11-03,BL,ZOMATO,INE758T01015,BASE_SAME_ISIN,ZOMATO,EQ,INE758T01015,lt,lt,lt,gt,isin_eq,base_series=EQ
LEGACY,2022-11-14,BL,AARTIIND,INE769A01020,BASE_SAME_ISIN,AARTIIND,EQ,INE769A01020,lt,lt,lt,gt,isin_eq,base_series=EQ
LEGACY,2022-11-14,BL,ACC,INE012A01025,BASE_SAME_ISIN,ACC,EQ,INE012A01025,lt,lt,lt,lt,isin_eq,base_series=EQ
LEGACY,2022-11-14,BL,ADANIENT,INE423A01024,BASE_SAME_ISIN,ADANIENT,EQ,INE423A01024,lt,lt,lt,lt,isin_eq,base_series=EQ
LEGACY,2022-11-14,BL,ADANIGREEN,INE364U01010,BASE_SAME_ISIN,ADANIGREEN,EQ,INE364U01010,lt,lt,lt,gt,isin_eq,base_series=EQ
LEGACY,2022-11-14,BL,ADANIPORTS,INE742F01042,BASE_SAME_ISIN,ADANIPORTS,EQ,INE742F01042,lt,lt,lt,lt,isin_eq,base_series=EQ
LEGACY,2022-11-14,BL,ADANITRANS,INE931S01010,BASE_SAME_ISIN,ADANITRANS,EQ,INE931S01010,lt,lt,lt,gt,isin_eq,base_series=EQ
LEGACY,2022-11-14,BL,AIAENG,INE212H01026,BASE_SAME_ISIN,AIAENG,EQ,INE212H01026,lt,lt,lt,lt,isin_eq,base_series=EQ
LEGACY,2022-11-14,BL,AMBUJACEM,INE079A01024,BASE_SAME_ISIN,AMBUJACEM,EQ,INE079A01024,lt,lt,lt,lt,isin_eq,base_series=EQ
LEGACY,2022-11-14,BL,APLAPOLLO,INE702C01027,BASE_SAME_ISIN,APLAPOLLO,EQ,INE702C01027,lt,lt,lt,lt,isin_eq,base_series=EQ
LEGACY,2022-11-14,BL,APOLLOHOSP,INE437A01024,BASE_SAME_ISIN,APOLLOHOSP,EQ,INE437A01024,lt,lt,lt,lt,isin_eq,base_series=EQ
LEGACY,2022-11-14,BL,APOLLOTYRE,INE438A01022,BASE_SAME_ISIN,APOLLOTYRE,EQ,INE438A01022,lt,lt,lt,gt,isin_eq,base_series=EQ
LEGACY,2022-11-14,BL,ASHOKLEY,INE208A01029,BASE_SAME_ISIN,ASHOKLEY,EQ,INE208A01029,lt,lt,lt,lt,isin_eq,base_series=EQ
LEGACY,2022-11-14,BL,ASIANPAINT,INE021A01026,BASE_SAME_ISIN,ASIANPAINT,EQ,INE021A01026,lt,lt,lt,gt,isin_eq,base_series=EQ
LEGACY,2022-11-14,BL,ASTRAL,INE006I01046,BASE_SAME_ISIN,ASTRAL,EQ,INE006I01046,lt,lt,lt,gt,isin_eq,base_series=EQ
LEGACY,2022-11-14,BL,ATGL,INE399L01023,BASE_SAME_ISIN,ATGL,EQ,INE399L01023,gt,gt,lt,lt,isin_eq,base_series=EQ
LEGACY,2022-11-14,BL,ATUL,INE100A01010,BASE_SAME_ISIN,ATUL,EQ,INE100A01010,lt,lt,lt,gt,isin_eq,base_series=EQ
LEGACY,2022-11-14,BL,AUROPHARMA,INE406A01037,BASE_SAME_ISIN,AUROPHARMA,EQ,INE406A01037,lt,lt,lt,gt,isin_eq,base_series=EQ
LEGACY,2022-11-14,BL,AXISBANK,INE238A01034,BASE_SAME_ISIN,AXISBANK,EQ,INE238A01034,lt,lt,lt,lt,isin_eq,base_series=EQ
LEGACY,2022-11-14,BL,BAJAJ-AUTO,INE917I01010,BASE_SAME_ISIN,BAJAJ-AUTO,EQ,INE917I01010,lt,lt,lt,gt,isin_eq,base_series=EQ
LEGACY,2022-11-14,BL,BAJAJFINSV,INE918I01026,BASE_SAME_ISIN,BAJAJFINSV,EQ,INE918I01026,lt,lt,lt,gt,isin_eq,base_series=EQ
LEGACY,2022-11-14,BL,BAJFINANCE,INE296A01024,BASE_SAME_ISIN,BAJFINANCE,EQ,INE296A01024,lt,lt,lt,gt,isin_eq,base_series=EQ
LEGACY,2022-11-14,BL,BALKRISIND,INE787D01026,BASE_SAME_ISIN,BALKRISIND,EQ,INE787D01026,lt,lt,lt,gt,isin_eq,base_series=EQ
LEGACY,2022-11-14,BL,BANDHANBNK,INE545U01014,BASE_SAME_ISIN,BANDHANBNK,EQ,INE545U01014,lt,lt,lt,gt,isin_eq,base_series=EQ
LEGACY,2022-11-14,BL,BEL,INE263A01024,BASE_SAME_ISIN,BEL,EQ,INE263A01024,lt,lt,lt,gt,isin_eq,base_series=EQ
LEGACY,2022-11-14,BL,BERGEPAINT,INE463A01038,BASE_SAME_ISIN,BERGEPAINT,EQ,INE463A01038,lt,lt,lt,lt,isin_eq,base_series=EQ
LEGACY,2022-11-14,BL,BHARATFORG,INE465A01025,BASE_SAME_ISIN,BHARATFORG,EQ,INE465A01025,lt,lt,lt,gt,isin_eq,base_series=EQ
LEGACY,2022-11-14,BL,BHARTIARTL,INE397D01024,BASE_SAME_ISIN,BHARTIARTL,EQ,INE397D01024,lt,lt,lt,gt,isin_eq,base_series=EQ
LEGACY,2022-11-14,BL,BIOCON,INE376G01013,BASE_SAME_ISIN,BIOCON,EQ,INE376G01013,lt,lt,lt,lt,isin_eq,base_series=EQ
LEGACY,2022-11-14,BL,BPCL,INE029A01011,BASE_SAME_ISIN,BPCL,EQ,INE029A01011,gt,gt,lt,gt,isin_eq,base_series=EQ
LEGACY,2022-11-14,BL,BRITANNIA,INE216A01030,BASE_SAME_ISIN,BRITANNIA,EQ,INE216A01030,lt,lt,lt,lt,isin_eq,base_series=EQ
LEGACY,2022-11-14,BL,CGPOWER,INE067A01029,BASE_SAME_ISIN,CGPOWER,EQ,INE067A01029,lt,lt,lt,gt,isin_eq,base_series=EQ
LEGACY,2022-11-14,BL,CHOLAFIN,INE121A01024,BASE_SAME_ISIN,CHOLAFIN,EQ,INE121A01024,lt,lt,lt,gt,isin_eq,base_series=EQ
LEGACY,2022-11-14,BL,CIPLA,INE059A01026,BASE_SAME_ISIN,CIPLA,EQ,INE059A01026,lt,lt,lt,lt,isin_eq,base_series=EQ
LEGACY,2022-11-14,BL,COALINDIA,INE522F01014,BASE_SAME_ISIN,COALINDIA,EQ,INE522F01014,lt,lt,lt,gt,isin_eq,base_series=EQ
LEGACY,2022-11-14,BL,COLPAL,INE259A01022,BASE_SAME_ISIN,COLPAL,EQ,INE259A01022,lt,lt,lt,gt,isin_eq,base_series=EQ
LEGACY,2022-11-14,BL,CONCOR,INE111A01025,BASE_SAME_ISIN,CONCOR,EQ,INE111A01025,lt,lt,lt,gt,isin_eq,base_series=EQ
LEGACY,2022-11-14,BL,CROMPTON,INE299U01018,BASE_SAME_ISIN,CROMPTON,EQ,INE299U01018,lt,lt,lt,lt,isin_eq,base_series=EQ
LEGACY,2022-11-14,BL,CUMMINSIND,INE298A01020,BASE_SAME_ISIN,CUMMINSIND,EQ,INE298A01020,lt,lt,lt,gt,isin_eq,base_series=EQ
LEGACY,2022-11-14,BL,DABUR,INE016A01026,BASE_SAME_ISIN,DABUR,EQ,INE016A01026,lt,lt,lt,lt,isin_eq,base_series=EQ
LEGACY,2022-11-14,BL,DALBHARAT,INE00R701025,BASE_SAME_ISIN,DALBHARAT,EQ,INE00R701025,lt,lt,lt,lt,isin_eq,base_series=EQ
LEGACY,2022-11-14,BL,DEEPAKNTR,INE288B01029,BASE_SAME_ISIN,DEEPAKNTR,EQ,INE288B01029,lt,lt,lt,lt,isin_eq,base_series=EQ
LEGACY,2022-11-14,BL,DIVISLAB,INE361B01024,BASE_SAME_ISIN,DIVISLAB,EQ,INE361B01024,lt,lt,lt,lt,isin_eq,base_series=EQ
LEGACY,2022-11-14,BL,DIXON,INE935N01020,BASE_SAME_ISIN,DIXON,EQ,INE935N01020,lt,lt,lt,lt,isin_eq,base_series=EQ
LEGACY,2022-11-14,BL,DLF,INE271C01023,BASE_SAME_ISIN,DLF,EQ,INE271C01023,lt,lt,lt,lt,isin_eq,base_series=EQ
LEGACY,2022-11-14,BL,DMART,INE192R01011,BASE_SAME_ISIN,DMART,EQ,INE192R01011,lt,lt,lt,gt,isin_eq,base_series=EQ
LEGACY,2022-11-14,BL,DRREDDY,INE089A01023,BASE_SAME_ISIN,DRREDDY,EQ,INE089A01023,lt,lt,lt,gt,isin_eq,base_series=EQ
LEGACY,2022-11-14,BL,EICHERMOT,INE066A01021,BASE_SAME_ISIN,EICHERMOT,EQ,INE066A01021,lt,lt,lt,gt,isin_eq,base_series=EQ
LEGACY,2022-11-14,BL,FEDERALBNK,INE171A01029,BASE_SAME_ISIN,FEDERALBNK,EQ,INE171A01029,lt,lt,lt,lt,isin_eq,base_series=EQ
LEGACY,2022-11-14,BL,FORTIS,INE061F01013,BASE_SAME_ISIN,FORTIS,EQ,INE061F01013,lt,lt,lt,lt,isin_eq,base_series=EQ
LEGACY,2022-11-14,BL,GAIL,INE129A01019,BASE_SAME_ISIN,GAIL,EQ,INE129A01019,lt,lt,lt,gt,isin_eq,base_series=EQ
LEGACY,2022-11-14,BL,GODREJCP,INE102D01028,BASE_SAME_ISIN,GODREJCP,EQ,INE102D01028,lt,lt,lt,lt,isin_eq,base_series=EQ
LEGACY,2022-11-14,BL,GODREJPROP,INE484J01027,BASE_SAME_ISIN,GODREJPROP,EQ,INE484J01027,lt,lt,lt,lt,isin_eq,base_series=EQ
LEGACY,2022-11-14,BL,GRASIM,INE047A01021,BASE_SAME_ISIN,GRASIM,EQ,INE047A01021,lt,lt,lt,lt,isin_eq,base_series=EQ
LEGACY,2022-11-14,BL,HAVELLS,INE176B01034,BASE_SAME_ISIN,HAVELLS,EQ,INE176B01034,lt,lt,lt,lt,isin_eq,base_series=EQ
LEGACY,2022-11-14,BL,HCLTECH,INE860A01027,BASE_SAME_ISIN,HCLTECH,EQ,INE860A01027,lt,lt,lt,lt,isin_eq,base_series=EQ
LEGACY,2022-11-14,BL,HDFCLIFE,INE795G01014,BASE_SAME_ISIN,HDFCLIFE,EQ,INE795G01014,lt,lt,lt,gt,isin_eq,base_series=EQ
LEGACY,2022-11-14,BL,HEROMOTOCO,INE158A01026,BASE_SAME_ISIN,HEROMOTOCO,EQ,INE158A01026,lt,lt,lt,lt,isin_eq,base_series=EQ
LEGACY,2022-11-14,BL,HINDALCO,INE038A01020,BASE_SAME_ISIN,HINDALCO,EQ,INE038A01020,lt,lt,lt,lt,isin_eq,base_series=EQ
LEGACY,2022-11-14,BL,HINDPETRO,INE094A01015,BASE_SAME_ISIN,HINDPETRO,EQ,INE094A01015,lt,lt,lt,lt,isin_eq,base_series=EQ
LEGACY,2022-11-14,BL,HINDUNILVR,INE030A01027,BASE_SAME_ISIN,HINDUNILVR,EQ,INE030A01027,lt,lt,lt,gt,isin_eq,base_series=EQ
LEGACY,2022-11-14,BL,ICICIBANK,INE090A01021,BASE_SAME_ISIN,ICICIBANK,EQ,INE090A01021,lt,lt,lt,gt,isin_eq,base_series=EQ
LEGACY,2022-11-14,BL,ICICIGI,INE765G01017,BASE_SAME_ISIN,ICICIGI,EQ,INE765G01017,gt,gt,lt,lt,isin_eq,base_series=EQ
LEGACY,2022-11-14,BL,ICICIPRULI,INE726G01019,BASE_SAME_ISIN,ICICIPRULI,EQ,INE726G01019,lt,lt,lt,gt,isin_eq,base_series=EQ
LEGACY,2022-11-14,BL,IDFCFIRSTB,INE092T01019,BASE_SAME_ISIN,IDFCFIRSTB,EQ,INE092T01019,lt,lt,lt,gt,isin_eq,base_series=EQ
LEGACY,2022-11-14,BL,INDHOTEL,INE053A01029,BASE_SAME_ISIN,INDHOTEL,EQ,INE053A01029,lt,lt,lt,gt,isin_eq,base_series=EQ
LEGACY,2022-11-14,BL,INDIGO,INE646L01027,BASE_SAME_ISIN,INDIGO,EQ,INE646L01027,lt,lt,lt,lt,isin_eq,base_series=EQ
LEGACY,2022-11-14,BL,IOC,INE242A01010,BASE_SAME_ISIN,IOC,EQ,INE242A01010,lt,lt,lt,gt,isin_eq,base_series=EQ
LEGACY,2022-11-14,BL,IPCALAB,INE571A01038,BASE_SAME_ISIN,IPCALAB,EQ,INE571A01038,lt,lt,lt,lt,isin_eq,base_series=EQ
LEGACY,2022-11-14,BL,ITC,INE154A01025,BASE_SAME_ISIN,ITC,EQ,INE154A01025,lt,lt,lt,gt,isin_eq,base_series=EQ
LEGACY,2022-11-14,BL,JINDALSTEL,INE749A01030,BASE_SAME_ISIN,JINDALSTEL,EQ,INE749A01030,lt,lt,lt,lt,isin_eq,base_series=EQ
LEGACY,2022-11-14,BL,JSWSTEEL,INE019A01038,BASE_SAME_ISIN,JSWSTEEL,EQ,INE019A01038,lt,lt,lt,lt,isin_eq,base_series=EQ
LEGACY,2022-11-14,BL,JUBLFOOD,INE797F01020,BASE_SAME_ISIN,JUBLFOOD,EQ,INE797F01020,lt,lt,lt,gt,isin_eq,base_series=EQ
LEGACY,2022-11-14,BL,KEI,INE878B01027,BASE_SAME_ISIN,KEI,EQ,INE878B01027,gt,gt,lt,lt,isin_eq,base_series=EQ
LEGACY,2022-11-14,BL,KOTAKBANK,INE237A01028,BASE_SAME_ISIN,KOTAKBANK,EQ,INE237A01028,lt,lt,lt,lt,isin_eq,base_series=EQ
LEGACY,2022-11-14,BL,LAURUSLABS,INE947Q01028,BASE_SAME_ISIN,LAURUSLABS,EQ,INE947Q01028,lt,lt,lt,lt,isin_eq,base_series=EQ
LEGACY,2022-11-14,BL,LICHSGFIN,INE115A01026,BASE_SAME_ISIN,LICHSGFIN,EQ,INE115A01026,lt,lt,lt,gt,isin_eq,base_series=EQ
LEGACY,2022-11-14,BL,LT,INE018A01030,BASE_SAME_ISIN,LT,EQ,INE018A01030,lt,lt,lt,gt,isin_eq,base_series=EQ
LEGACY,2022-11-14,BL,LTI,INE214T01019,BASE_SAME_ISIN,LTI,EQ,INE214T01019,lt,lt,lt,lt,isin_eq,base_series=EQ
LEGACY,2022-11-14,BL,LUPIN,INE326A01037,BASE_SAME_ISIN,LUPIN,EQ,INE326A01037,lt,lt,lt,lt,isin_eq,base_series=EQ
LEGACY,2022-11-14,BL,M&M,INE101A01026,BASE_SAME_ISIN,M&M,EQ,INE101A01026,lt,lt,lt,gt,isin_eq,base_series=EQ
LEGACY,2022-11-14,BL,MARICO,INE196A01026,BASE_SAME_ISIN,MARICO,EQ,INE196A01026,lt,lt,lt,lt,isin_eq,base_series=EQ
LEGACY,2022-11-14,BL,MARUTI,INE585B01010,BASE_SAME_ISIN,MARUTI,EQ,INE585B01010,lt,lt,lt,lt,isin_eq,base_series=EQ
LEGACY,2022-11-14,BL,MAXHEALTH,INE027H01010,BASE_SAME_ISIN,MAXHEALTH,EQ,INE027H01010,lt,lt,lt,gt,isin_eq,base_series=EQ
LEGACY,2022-11-14,BL,MCDOWELL-N,INE854D01024,BASE_SAME_ISIN,MCDOWELL-N,EQ,INE854D01024,gt,gt,lt,gt,isin_eq,base_series=EQ
LEGACY,2022-11-14,BL,MFSL,INE180A01020,BASE_SAME_ISIN,MFSL,EQ,INE180A01020,lt,lt,lt,gt,isin_eq,base_series=EQ
LEGACY,2022-11-14,BL,MINDTREE,INE018I01017,BASE_SAME_ISIN,MINDTREE,EQ,INE018I01017,lt,lt,lt,lt,isin_eq,base_series=EQ
LEGACY,2022-11-14,BL,MOTHERSON,INE775A01035,BASE_SAME_ISIN,MOTHERSON,EQ,INE775A01035,lt,lt,lt,lt,isin_eq,base_series=EQ
LEGACY,2022-11-14,BL,MPHASIS,INE356A01018,BASE_SAME_ISIN,MPHASIS,EQ,INE356A01018,lt,lt,lt,lt,isin_eq,base_series=EQ
LEGACY,2022-11-14,BL,MRF,INE883A01011,BASE_SAME_ISIN,MRF,EQ,INE883A01011,lt,lt,lt,lt,isin_eq,base_series=EQ
LEGACY,2022-11-14,BL,MUTHOOTFIN,INE414G01012,BASE_SAME_ISIN,MUTHOOTFIN,EQ,INE414G01012,lt,lt,lt,lt,isin_eq,base_series=EQ
LEGACY,2022-11-14,BL,NAUKRI,INE663F01024,BASE_SAME_ISIN,NAUKRI,EQ,INE663F01024,lt,lt,lt,lt,isin_eq,base_series=EQ
LEGACY,2022-11-14,BL,NAVINFLUOR,INE048G01026,BASE_SAME_ISIN,NAVINFLUOR,EQ,INE048G01026,lt,lt,lt,gt,isin_eq,base_series=EQ
LEGACY,2022-11-14,BL,NESTLEIND,INE239A01016,BASE_SAME_ISIN,NESTLEIND,EQ,INE239A01016,gt,gt,lt,gt,isin_eq,base_series=EQ
LEGACY,2022-11-14,BL,NTPC,INE733E01010,BASE_SAME_ISIN,NTPC,EQ,INE733E01010,lt,lt,lt,eq,isin_eq,base_series=EQ
LEGACY,2022-11-14,BL,ONGC,INE213A01029,BASE_SAME_ISIN,ONGC,EQ,INE213A01029,lt,lt,lt,gt,isin_eq,base_series=EQ
LEGACY,2022-11-14,BL,PAGEIND,INE761H01022,BASE_SAME_ISIN,PAGEIND,EQ,INE761H01022,lt,lt,lt,gt,isin_eq,base_series=EQ
LEGACY,2022-11-14,BL,PERSISTENT,INE262H01013,BASE_SAME_ISIN,PERSISTENT,EQ,INE262H01013,lt,lt,lt,lt,isin_eq,base_series=EQ
LEGACY,2022-11-14,BL,PETRONET,INE347G01014,BASE_SAME_ISIN,PETRONET,EQ,INE347G01014,gt,gt,lt,lt,isin_eq,base_series=EQ
LEGACY,2022-11-14,BL,PHOENIXLTD,INE211B01039,BASE_SAME_ISIN,PHOENIXLTD,EQ,INE211B01039,lt,lt,lt,gt,isin_eq,base_series=EQ
LEGACY,2022-11-14,BL,PIDILITIND,INE318A01026,BASE_SAME_ISIN,PIDILITIND,EQ,INE318A01026,lt,lt,lt,gt,isin_eq,base_series=EQ
LEGACY,2022-11-14,BL,PIIND,INE603J01030,BASE_SAME_ISIN,PIIND,EQ,INE603J01030,lt,lt,lt,gt,isin_eq,base_series=EQ
LEGACY,2022-11-14,BL,POLYCAB,INE455K01017,BASE_SAME_ISIN,POLYCAB,EQ,INE455K01017,lt,lt,lt,gt,isin_eq,base_series=EQ
LEGACY,2022-11-14,BL,POWERGRID,INE752E01010,BASE_SAME_ISIN,POWERGRID,EQ,INE752E01010,lt,lt,lt,lt,isin_eq,base_series=EQ
LEGACY,2022-11-14,BL,SBICARD,INE018E01016,BASE_SAME_ISIN,SBICARD,EQ,INE018E01016,lt,lt,lt,gt,isin_eq,base_series=EQ
LEGACY,2022-11-14,BL,SBILIFE,INE123W01016,BASE_SAME_ISIN,SBILIFE,EQ,INE123W01016,lt,lt,lt,gt,isin_eq,base_series=EQ
LEGACY,2022-11-14,BL,SBIN,INE062A01020,BASE_SAME_ISIN,SBIN,EQ,INE062A01020,lt,lt,lt,gt,isin_eq,base_series=EQ
LEGACY,2022-11-14,BL,SCHAEFFLER,INE513A01022,BASE_SAME_ISIN,SCHAEFFLER,EQ,INE513A01022,gt,gt,lt,gt,isin_eq,base_series=EQ
LEGACY,2022-11-14,BL,SHREECEM,INE070A01015,BASE_SAME_ISIN,SHREECEM,EQ,INE070A01015,lt,lt,lt,lt,isin_eq,base_series=EQ
LEGACY,2022-11-14,BL,SIEMENS,INE003A01024,BASE_SAME_ISIN,SIEMENS,EQ,INE003A01024,lt,lt,lt,gt,isin_eq,base_series=EQ
LEGACY,2022-11-14,BL,SRF,INE647A01010,BASE_SAME_ISIN,SRF,EQ,INE647A01010,lt,lt,lt,gt,isin_eq,base_series=EQ
LEGACY,2022-11-14,BL,SRTRANSFIN,INE721A01013,BASE_SAME_ISIN,SRTRANSFIN,EQ,INE721A01013,lt,lt,lt,gt,isin_eq,base_series=EQ
LEGACY,2022-11-14,BL,SUNPHARMA,INE044A01036,BASE_SAME_ISIN,SUNPHARMA,EQ,INE044A01036,lt,lt,lt,lt,isin_eq,base_series=EQ
LEGACY,2022-11-14,BL,SUPREMEIND,INE195A01028,BASE_SAME_ISIN,SUPREMEIND,EQ,INE195A01028,gt,gt,lt,gt,isin_eq,base_series=EQ
LEGACY,2022-11-14,BL,TATACHEM,INE092A01019,BASE_SAME_ISIN,TATACHEM,EQ,INE092A01019,lt,lt,lt,gt,isin_eq,base_series=EQ
LEGACY,2022-11-14,BL,TATACOMM,INE151A01013,BASE_SAME_ISIN,TATACOMM,EQ,INE151A01013,lt,lt,lt,lt,isin_eq,base_series=EQ
LEGACY,2022-11-14,BL,TATACONSUM,INE192A01025,BASE_SAME_ISIN,TATACONSUM,EQ,INE192A01025,gt,gt,lt,gt,isin_eq,base_series=EQ
LEGACY,2022-11-14,BL,TATAELXSI,INE670A01012,BASE_SAME_ISIN,TATAELXSI,EQ,INE670A01012,lt,lt,lt,lt,isin_eq,base_series=EQ
LEGACY,2022-11-14,BL,TATAMOTORS,INE155A01022,BASE_SAME_ISIN,TATAMOTORS,EQ,INE155A01022,lt,lt,lt,lt,isin_eq,base_series=EQ
LEGACY,2022-11-14,BL,TATAPOWER,INE245A01021,BASE_SAME_ISIN,TATAPOWER,EQ,INE245A01021,lt,lt,lt,gt,isin_eq,base_series=EQ
LEGACY,2022-11-14,BL,TATASTEEL,INE081A01020,BASE_SAME_ISIN,TATASTEEL,EQ,INE081A01020,lt,lt,lt,lt,isin_eq,base_series=EQ
LEGACY,2022-11-14,BL,TCS,INE467B01029,BASE_SAME_ISIN,TCS,EQ,INE467B01029,gt,gt,lt,lt,isin_eq,base_series=EQ
LEGACY,2022-11-14,BL,TECHM,INE669C01036,BASE_SAME_ISIN,TECHM,EQ,INE669C01036,lt,lt,lt,lt,isin_eq,base_series=EQ
LEGACY,2022-11-14,BL,TIINDIA,INE974X01010,BASE_SAME_ISIN,TIINDIA,EQ,INE974X01010,lt,lt,lt,gt,isin_eq,base_series=EQ
LEGACY,2022-11-14,BL,TITAN,INE280A01028,BASE_SAME_ISIN,TITAN,EQ,INE280A01028,lt,lt,lt,gt,isin_eq,base_series=EQ
LEGACY,2022-11-14,BL,TORNTPHARM,INE685A01028,BASE_SAME_ISIN,TORNTPHARM,EQ,INE685A01028,lt,lt,lt,gt,isin_eq,base_series=EQ
LEGACY,2022-11-14,BL,TRENT,INE849A01020,BASE_SAME_ISIN,TRENT,EQ,INE849A01020,lt,lt,lt,lt,isin_eq,base_series=EQ
LEGACY,2022-11-14,BL,TVSMOTOR,INE494B01023,BASE_SAME_ISIN,TVSMOTOR,EQ,INE494B01023,lt,lt,lt,gt,isin_eq,base_series=EQ
LEGACY,2022-11-14,BL,ULTRACEMCO,INE481G01011,BASE_SAME_ISIN,ULTRACEMCO,EQ,INE481G01011,lt,lt,lt,lt,isin_eq,base_series=EQ
LEGACY,2022-11-14,BL,UPL,INE628A01036,BASE_SAME_ISIN,UPL,EQ,INE628A01036,lt,lt,lt,lt,isin_eq,base_series=EQ
LEGACY,2022-11-14,BL,VEDL,INE205A01025,BASE_SAME_ISIN,VEDL,EQ,INE205A01025,lt,lt,lt,lt,isin_eq,base_series=EQ
LEGACY,2022-11-14,BL,VOLTAS,INE226A01021,BASE_SAME_ISIN,VOLTAS,EQ,INE226A01021,lt,lt,lt,gt,isin_eq,base_series=EQ
LEGACY,2022-11-14,BL,WIPRO,INE075A01022,BASE_SAME_ISIN,WIPRO,EQ,INE075A01022,lt,lt,lt,gt,isin_eq,base_series=EQ
LEGACY,2022-11-14,BL,ZEEL,INE256A01028,BASE_SAME_ISIN,ZEEL,EQ,INE256A01028,lt,lt,lt,gt,isin_eq,base_series=EQ
LEGACY,2022-11-14,BL,ZOMATO,INE758T01015,BASE_SAME_ISIN,ZOMATO,EQ,INE758T01015,lt,lt,lt,gt,isin_eq,base_series=EQ
LEGACY,2022-11-17,IT,3RDROCK,INE768P01012,NO_BASE_ORPHAN,,,,,,,,,
LEGACY,2022-11-18,BL,NYKAA,INE388Y01029,BASE_SAME_ISIN,NYKAA,EQ,INE388Y01029,gt,gt,lt,lt,isin_eq,base_series=EQ
LEGACY,2022-11-24,BL,DECCANCE,INE583C01021,BASE_SAME_ISIN,DECCANCE,EQ,INE583C01021,gt,gt,lt,lt,isin_eq,base_series=EQ
LEGACY,2022-11-24,BL,ISMTLTD,INE732F01019,BASE_SAME_ISIN,ISMTLTD,EQ,INE732F01019,gt,gt,lt,gt,isin_eq,base_series=EQ
LEGACY,2022-11-28,BL,AMIORG,INE00FF01017,BASE_SAME_ISIN,AMIORG,EQ,INE00FF01017,gt,gt,lt,lt,isin_eq,base_series=EQ
LEGACY,2022-12-02,BL,POLICYBZR,INE417T01026,BASE_SAME_ISIN,POLICYBZR,EQ,INE417T01026,gt,gt,lt,lt,isin_eq,base_series=EQ
LEGACY,2022-12-07,BL,BINDALAGRO,INE143A01010,BASE_SAME_ISIN,BINDALAGRO,EQ,INE143A01010,gt,gt,lt,gt,isin_eq,base_series=EQ
LEGACY,2022-12-07,BL,MARICO,INE196A01026,BASE_SAME_ISIN,MARICO,EQ,INE196A01026,lt,lt,lt,lt,isin_eq,base_series=EQ
LEGACY,2022-12-07,BL,STYLAMIND,INE239C01020,BASE_SAME_ISIN,STYLAMIND,EQ,INE239C01020,gt,gt,lt,lt,isin_eq,base_series=EQ
LEGACY,2022-12-12,BL,PSPPROJECT,INE488V01015,BASE_SAME_ISIN,PSPPROJECT,EQ,INE488V01015,lt,lt,lt,lt,isin_eq,base_series=EQ
LEGACY,2022-12-15,BL,DOLLAR,INE325C01035,BASE_SAME_ISIN,DOLLAR,EQ,INE325C01035,gt,gt,lt,gt,isin_eq,base_series=EQ
LEGACY,2022-12-19,BL,DECCANCE,INE583C01021,BASE_SAME_ISIN,DECCANCE,EQ,INE583C01021,gt,gt,lt,lt,isin_eq,base_series=EQ
LEGACY,2022-12-19,BL,JAIBALAJI,INE091G01018,BASE_SAME_ISIN,JAIBALAJI,EQ,INE091G01018,gt,gt,lt,gt,isin_eq,base_series=EQ
LEGACY,2022-12-22,BL,AJANTPHARM,INE031B01049,BASE_SAME_ISIN,AJANTPHARM,EQ,INE031B01049,gt,gt,lt,lt,isin_eq,base_series=EQ
LEGACY,2022-12-27,BL,BAJAJFINSV,INE918I01026,BASE_SAME_ISIN,BAJAJFINSV,EQ,INE918I01026,lt,lt,lt,gt,isin_eq,base_series=EQ
LEGACY,2022-12-28,BL,BAJAJFINSV,INE918I01026,BASE_SAME_ISIN,BAJAJFINSV,EQ,INE918I01026,lt,lt,lt,gt,isin_eq,base_series=EQ
LEGACY,2022-12-30,BL,NDTV,INE155G01029,BASE_SAME_ISIN,NDTV,EQ,INE155G01029,gt,gt,lt,lt,isin_eq,base_series=EQ
LEGACY,2023-01-02,BL,HDFCBANK,INE040A01034,BASE_SAME_ISIN,HDFCBANK,EQ,INE040A01034,lt,lt,lt,lt,isin_eq,base_series=EQ
LEGACY,2023-01-12,BL,BAJAJFINSV,INE918I01026,BASE_SAME_ISIN,BAJAJFINSV,EQ,INE918I01026,lt,lt,lt,gt,isin_eq,base_series=EQ
LEGACY,2023-01-17,BL,BAJAJFINSV,INE918I01026,BASE_SAME_ISIN,BAJAJFINSV,EQ,INE918I01026,lt,lt,lt,gt,isin_eq,base_series=EQ
LEGACY,2023-01-25,IT,GIRRESORTS,INE316N01015,NO_BASE_ORPHAN,,,,,,,,,
LEGACY,2023-01-31,BL,JTLIND,INE391J01024,BASE_SAME_ISIN,JTLIND,EQ,INE391J01024,gt,gt,lt,lt,isin_eq,base_series=EQ
LEGACY,2023-02-01,BL,AUBANK,INE949L01017,BASE_SAME_ISIN,AUBANK,EQ,INE949L01017,gt,gt,lt,gt,isin_eq,base_series=EQ
LEGACY,2023-02-06,IT,3RDROCK,INE768P01012,NO_BASE_ORPHAN,,,,,,,,,
LEGACY,2023-02-13,BL,DLF,INE271C01023,BASE_SAME_ISIN,DLF,EQ,INE271C01023,gt,gt,lt,gt,isin_eq,base_series=EQ
LEGACY,2023-02-14,BL,BAJAJ-AUTO,INE917I01010,BASE_SAME_ISIN,BAJAJ-AUTO,EQ,INE917I01010,lt,lt,lt,gt,isin_eq,base_series=EQ
LEGACY,2023-02-15,BL,BAJAJFINSV,INE918I01026,BASE_SAME_ISIN,BAJAJFINSV,EQ,INE918I01026,lt,lt,lt,lt,isin_eq,base_series=EQ
LEGACY,2023-02-17,BL,PRICOLLTD,INE726V01018,BASE_SAME_ISIN,PRICOLLTD,EQ,INE726V01018,lt,lt,lt,gt,isin_eq,base_series=EQ
LEGACY,2023-02-22,IT,3RDROCK,INE768P01012,NO_BASE_ORPHAN,,,,,,,,,
LEGACY,2023-03-01,BL,BAJAJFINSV,INE918I01026,BASE_SAME_ISIN,BAJAJFINSV,EQ,INE918I01026,lt,lt,lt,gt,isin_eq,base_series=EQ
LEGACY,2023-03-02,BL,ADANIGREEN,INE364U01010,BASE_SAME_ISIN,ADANIGREEN,EQ,INE364U01010,gt,gt,lt,lt,isin_eq,base_series=EQ
LEGACY,2023-03-02,BL,ADANIPORTS,INE742F01042,BASE_SAME_ISIN,ADANIPORTS,EQ,INE742F01042,gt,gt,lt,lt,isin_eq,base_series=EQ
LEGACY,2023-03-02,BL,ADANITRANS,INE931S01010,BASE_SAME_ISIN,ADANITRANS,EQ,INE931S01010,gt,gt,lt,lt,isin_eq,base_series=EQ
LEGACY,2023-03-03,BL,EMBASSY,INE041025011,BASE_SAME_ISIN,EMBASSY,RR,INE041025011,gt,gt,lt,lt,isin_eq,base_series=RR
LEGACY,2023-03-06,BL,BAJAJFINSV,INE918I01026,BASE_SAME_ISIN,BAJAJFINSV,EQ,INE918I01026,lt,lt,lt,gt,isin_eq,base_series=EQ
LEGACY,2023-03-08,BL,KIRLOSENG,INE146L01010,BASE_SAME_ISIN,KIRLOSENG,EQ,INE146L01010,gt,gt,lt,lt,isin_eq,base_series=EQ
LEGACY,2023-03-14,BL,BAJAJFINSV,INE918I01026,BASE_SAME_ISIN,BAJAJFINSV,EQ,INE918I01026,lt,lt,lt,gt,isin_eq,base_series=EQ
LEGACY,2023-03-14,BL,LAURUSLABS,INE947Q01028,BASE_SAME_ISIN,LAURUSLABS,EQ,INE947Q01028,lt,lt,lt,lt,isin_eq,base_series=EQ
LEGACY,2023-03-15,BL,HIKAL,INE475B01022,BASE_SAME_ISIN,HIKAL,EQ,INE475B01022,lt,lt,lt,gt,isin_eq,base_series=EQ
LEGACY,2023-03-16,BL,BAJAJFINSV,INE918I01026,BASE_SAME_ISIN,BAJAJFINSV,EQ,INE918I01026,lt,lt,lt,gt,isin_eq,base_series=EQ
LEGACY,2023-03-21,IT,3RDROCK,INE768P01012,NO_BASE_ORPHAN,,,,,,,,,
LEGACY,2023-03-22,BL,MFSL,INE180A01020,BASE_SAME_ISIN,MFSL,EQ,INE180A01020,lt,lt,lt,lt,isin_eq,base_series=EQ
LEGACY,2023-03-24,BL,ASAHIINDIA,INE439A01020,BASE_SAME_ISIN,ASAHIINDIA,EQ,INE439A01020,gt,gt,lt,gt,isin_eq,base_series=EQ
LEGACY,2023-03-27,BL,TRIDENT,INE064C01022,BASE_SAME_ISIN,TRIDENT,EQ,INE064C01022,lt,lt,lt,gt,isin_eq,base_series=EQ
LEGACY,2023-03-28,BL,BAJAJFINSV,INE918I01026,BASE_SAME_ISIN,BAJAJFINSV,EQ,INE918I01026,lt,lt,lt,gt,isin_eq,base_series=EQ
LEGACY,2023-03-29,BL,INOXWIND,INE066P01011,BASE_SAME_ISIN,INOXWIND,EQ,INE066P01011,gt,gt,lt,gt,isin_eq,base_series=EQ
LEGACY,2023-03-29,BL,NBIFIN,INE365I01020,BASE_SAME_ISIN,NBIFIN,EQ,INE365I01020,gt,gt,lt,lt,isin_eq,base_series=EQ
LEGACY,2023-03-31,BL,PSPPROJECT,INE488V01015,BASE_SAME_ISIN,PSPPROJECT,EQ,INE488V01015,gt,gt,lt,lt,isin_eq,base_series=EQ
LEGACY,2023-03-31,BL,SHRIRAMPPS,INE217L01019,BASE_SAME_ISIN,SHRIRAMPPS,EQ,INE217L01019,gt,gt,lt,lt,isin_eq,base_series=EQ
LEGACY,2023-04-13,BO,EMAMILTD,INE548C01032,BASE_SAME_ISIN,EMAMILTD,EQ,INE548C01032,lt,lt,lt,gt,isin_eq,base_series=EQ
LEGACY,2023-04-17,BL,POONAWALLA,INE511C01022,BASE_SAME_ISIN,POONAWALLA,EQ,INE511C01022,gt,gt,lt,lt,isin_eq,base_series=EQ
LEGACY,2023-04-17,BO,EMAMILTD,INE548C01032,BASE_SAME_ISIN,EMAMILTD,EQ,INE548C01032,lt,lt,lt,gt,isin_eq,base_series=EQ
LEGACY,2023-04-18,BO,EMAMILTD,INE548C01032,BASE_SAME_ISIN,EMAMILTD,EQ,INE548C01032,lt,lt,lt,gt,isin_eq,base_series=EQ
LEGACY,2023-04-19,BO,EMAMILTD,INE548C01032,BASE_SAME_ISIN,EMAMILTD,EQ,INE548C01032,lt,lt,lt,gt,isin_eq,base_series=EQ
LEGACY,2023-04-20,BO,EMAMILTD,INE548C01032,BASE_SAME_ISIN,EMAMILTD,EQ,INE548C01032,lt,lt,lt,gt,isin_eq,base_series=EQ
LEGACY,2023-04-21,BO,EMAMILTD,INE548C01032,BASE_SAME_ISIN,EMAMILTD,EQ,INE548C01032,lt,lt,lt,gt,isin_eq,base_series=EQ
LEGACY,2023-04-24,BL,ABCAPITAL,INE674K01013,BASE_SAME_ISIN,ABCAPITAL,EQ,INE674K01013,gt,gt,lt,lt,isin_eq,base_series=EQ
LEGACY,2023-04-24,BO,EMAMILTD,INE548C01032,BASE_SAME_ISIN,EMAMILTD,EQ,INE548C01032,lt,lt,lt,gt,isin_eq,base_series=EQ
LEGACY,2023-04-25,BL,PFOCUS,INE367G01038,BASE_SAME_ISIN,PFOCUS,EQ,INE367G01038,gt,gt,lt,gt,isin_eq,base_series=EQ
LEGACY,2023-04-25,BO,EMAMILTD,INE548C01032,BASE_SAME_ISIN,EMAMILTD,EQ,INE548C01032,lt,lt,lt,gt,isin_eq,base_series=EQ
LEGACY,2023-04-26,BL,ABCAPITAL,INE674K01013,BASE_SAME_ISIN,ABCAPITAL,EQ,INE674K01013,gt,gt,lt,lt,isin_eq,base_series=EQ
LEGACY,2023-04-26,BO,EMAMILTD,INE548C01032,BASE_SAME_ISIN,EMAMILTD,EQ,INE548C01032,lt,lt,lt,gt,isin_eq,base_series=EQ
LEGACY,2023-04-27,BL,RADIANTCMS,INE855R01021,BASE_SAME_ISIN,RADIANTCMS,EQ,INE855R01021,gt,gt,lt,lt,isin_eq,base_series=EQ
LEGACY,2023-04-27,BO,EMAMILTD,INE548C01032,BASE_SAME_ISIN,EMAMILTD,EQ,INE548C01032,lt,lt,lt,gt,isin_eq,base_series=EQ
LEGACY,2023-04-28,BO,EMAMILTD,INE548C01032,BASE_SAME_ISIN,EMAMILTD,EQ,INE548C01032,lt,lt,lt,gt,isin_eq,base_series=EQ
LEGACY,2023-05-02,BO,EMAMILTD,INE548C01032,BASE_SAME_ISIN,EMAMILTD,EQ,INE548C01032,lt,lt,lt,gt,isin_eq,base_series=EQ
LEGACY,2023-05-03,BO,EMAMILTD,INE548C01032,BASE_SAME_ISIN,EMAMILTD,EQ,INE548C01032,lt,lt,lt,gt,isin_eq,base_series=EQ
LEGACY,2023-05-04,BO,EMAMILTD,INE548C01032,BASE_SAME_ISIN,EMAMILTD,EQ,INE548C01032,lt,lt,lt,gt,isin_eq,base_series=EQ
LEGACY,2023-05-05,BO,EMAMILTD,INE548C01032,BASE_SAME_ISIN,EMAMILTD,EQ,INE548C01032,lt,lt,lt,gt,isin_eq,base_series=EQ
LEGACY,2023-05-08,BO,EMAMILTD,INE548C01032,BASE_SAME_ISIN,EMAMILTD,EQ,INE548C01032,lt,lt,lt,gt,isin_eq,base_series=EQ
LEGACY,2023-05-09,BO,EMAMILTD,INE548C01032,BASE_SAME_ISIN,EMAMILTD,EQ,INE548C01032,lt,lt,lt,gt,isin_eq,base_series=EQ
LEGACY,2023-05-10,BO,EMAMILTD,INE548C01032,BASE_SAME_ISIN,EMAMILTD,EQ,INE548C01032,lt,lt,lt,gt,isin_eq,base_series=EQ
LEGACY,2023-05-11,BO,EMAMILTD,INE548C01032,BASE_SAME_ISIN,EMAMILTD,EQ,INE548C01032,lt,lt,lt,gt,isin_eq,base_series=EQ
LEGACY,2023-05-12,BL,NAZARA,INE418L01021,BASE_SAME_ISIN,NAZARA,EQ,INE418L01021,gt,gt,lt,gt,isin_eq,base_series=EQ
LEGACY,2023-05-12,BO,EMAMILTD,INE548C01032,BASE_SAME_ISIN,EMAMILTD,EQ,INE548C01032,lt,lt,lt,gt,isin_eq,base_series=EQ
LEGACY,2023-05-15,BO,EMAMILTD,INE548C01032,BASE_SAME_ISIN,EMAMILTD,EQ,INE548C01032,lt,lt,lt,gt,isin_eq,base_series=EQ
LEGACY,2023-05-16,BO,EMAMILTD,INE548C01032,BASE_SAME_ISIN,EMAMILTD,EQ,INE548C01032,lt,lt,lt,gt,isin_eq,base_series=EQ
LEGACY,2023-05-17,BO,EMAMILTD,INE548C01032,BASE_SAME_ISIN,EMAMILTD,EQ,INE548C01032,lt,lt,lt,gt,isin_eq,base_series=EQ
LEGACY,2023-05-18,BO,EMAMILTD,INE548C01032,BASE_SAME_ISIN,EMAMILTD,EQ,INE548C01032,lt,lt,lt,gt,isin_eq,base_series=EQ
LEGACY,2023-05-19,BO,EMAMILTD,INE548C01032,BASE_SAME_ISIN,EMAMILTD,EQ,INE548C01032,lt,lt,lt,gt,isin_eq,base_series=EQ
LEGACY,2023-05-22,BO,EMAMILTD,INE548C01032,BASE_SAME_ISIN,EMAMILTD,EQ,INE548C01032,lt,lt,lt,gt,isin_eq,base_series=EQ
LEGACY,2023-05-23,BO,EMAMILTD,INE548C01032,BASE_SAME_ISIN,EMAMILTD,EQ,INE548C01032,lt,lt,lt,gt,isin_eq,base_series=EQ
LEGACY,2023-05-24,BO,EMAMILTD,INE548C01032,BASE_SAME_ISIN,EMAMILTD,EQ,INE548C01032,lt,lt,lt,gt,isin_eq,base_series=EQ
LEGACY,2023-05-25,BO,EMAMILTD,INE548C01032,BASE_SAME_ISIN,EMAMILTD,EQ,INE548C01032,lt,lt,lt,gt,isin_eq,base_series=EQ
LEGACY,2023-05-26,BO,EMAMILTD,INE548C01032,BASE_SAME_ISIN,EMAMILTD,EQ,INE548C01032,lt,lt,lt,lt,isin_eq,base_series=EQ
LEGACY,2023-05-29,BL,GRAVITA,INE024L01027,BASE_SAME_ISIN,GRAVITA,EQ,INE024L01027,gt,gt,lt,lt,isin_eq,base_series=EQ
LEGACY,2023-05-29,BO,EMAMILTD,INE548C01032,BASE_SAME_ISIN,EMAMILTD,EQ,INE548C01032,lt,lt,lt,gt,isin_eq,base_series=EQ
LEGACY,2023-05-30,BO,EMAMILTD,INE548C01032,BASE_SAME_ISIN,EMAMILTD,EQ,INE548C01032,lt,lt,lt,gt,isin_eq,base_series=EQ
LEGACY,2023-05-31,BO,EMAMILTD,INE548C01032,BASE_SAME_ISIN,EMAMILTD,EQ,INE548C01032,lt,lt,lt,gt,isin_eq,base_series=EQ
LEGACY,2023-06-01,BL,HCG,INE075I01017,BASE_SAME_ISIN,HCG,EQ,INE075I01017,gt,gt,lt,lt,isin_eq,base_series=EQ
LEGACY,2023-06-01,BO,EMAMILTD,INE548C01032,BASE_SAME_ISIN,EMAMILTD,EQ,INE548C01032,lt,lt,lt,gt,isin_eq,base_series=EQ
LEGACY,2023-06-02,BO,EMAMILTD,INE548C01032,BASE_SAME_ISIN,EMAMILTD,EQ,INE548C01032,lt,lt,lt,lt,isin_eq,base_series=EQ
LEGACY,2023-06-05,BO,EMAMILTD,INE548C01032,BASE_SAME_ISIN,EMAMILTD,EQ,INE548C01032,lt,lt,lt,gt,isin_eq,base_series=EQ
LEGACY,2023-06-06,BO,EMAMILTD,INE548C01032,BASE_SAME_ISIN,EMAMILTD,EQ,INE548C01032,lt,lt,lt,gt,isin_eq,base_series=EQ
LEGACY,2023-06-07,BO,EMAMILTD,INE548C01032,BASE_SAME_ISIN,EMAMILTD,EQ,INE548C01032,lt,lt,lt,gt,isin_eq,base_series=EQ
LEGACY,2023-06-08,BO,EMAMILTD,INE548C01032,BASE_SAME_ISIN,EMAMILTD,EQ,INE548C01032,lt,lt,lt,gt,isin_eq,base_series=EQ
LEGACY,2023-06-09,BO,EMAMILTD,INE548C01032,BASE_SAME_ISIN,EMAMILTD,EQ,INE548C01032,lt,lt,lt,gt,isin_eq,base_series=EQ
LEGACY,2023-06-12,BO,EMAMILTD,INE548C01032,BASE_SAME_ISIN,EMAMILTD,EQ,INE548C01032,lt,lt,lt,gt,isin_eq,base_series=EQ
LEGACY,2023-06-13,BL,BAJAJFINSV,INE918I01026,BASE_SAME_ISIN,BAJAJFINSV,EQ,INE918I01026,lt,lt,lt,lt,isin_eq,base_series=EQ
LEGACY,2023-06-13,BO,EMAMILTD,INE548C01032,BASE_SAME_ISIN,EMAMILTD,EQ,INE548C01032,lt,lt,lt,lt,isin_eq,base_series=EQ
LEGACY,2023-06-14,BO,EMAMILTD,INE548C01032,BASE_SAME_ISIN,EMAMILTD,EQ,INE548C01032,lt,lt,lt,gt,isin_eq,base_series=EQ
LEGACY,2023-06-15,BL,AXISBANK,INE238A01034,BASE_SAME_ISIN,AXISBANK,EQ,INE238A01034,gt,gt,lt,lt,isin_eq,base_series=EQ
LEGACY,2023-06-15,BO,EMAMILTD,INE548C01032,BASE_SAME_ISIN,EMAMILTD,EQ,INE548C01032,lt,lt,lt,gt,isin_eq,base_series=EQ
LEGACY,2023-06-16,BL,IIFL,INE530B01024,BASE_SAME_ISIN,IIFL,EQ,INE530B01024,gt,gt,lt,lt,isin_eq,base_series=EQ
LEGACY,2023-06-16,BL,KALYANKJIL,INE303R01014,BASE_SAME_ISIN,KALYANKJIL,EQ,INE303R01014,gt,gt,lt,lt,isin_eq,base_series=EQ
LEGACY,2023-06-16,BO,EMAMILTD,INE548C01032,BASE_SAME_ISIN,EMAMILTD,EQ,INE548C01032,lt,lt,lt,lt,isin_eq,base_series=EQ
LEGACY,2023-06-19,BO,EMAMILTD,INE548C01032,BASE_SAME_ISIN,EMAMILTD,EQ,INE548C01032,lt,lt,lt,gt,isin_eq,base_series=EQ
LEGACY,2023-06-20,BO,EMAMILTD,INE548C01032,BASE_SAME_ISIN,EMAMILTD,EQ,INE548C01032,lt,lt,lt,gt,isin_eq,base_series=EQ
LEGACY,2023-06-21,BL,SHRIRAMFIN,INE721A01013,BASE_SAME_ISIN,SHRIRAMFIN,EQ,INE721A01013,gt,gt,lt,lt,isin_eq,base_series=EQ
LEGACY,2023-06-21,BO,EMAMILTD,INE548C01032,BASE_SAME_ISIN,EMAMILTD,EQ,INE548C01032,lt,lt,lt,gt,isin_eq,base_series=EQ
LEGACY,2023-06-22,BL,CRAFTSMAN,INE00LO01017,BASE_SAME_ISIN,CRAFTSMAN,EQ,INE00LO01017,gt,gt,lt,lt,isin_eq,base_series=EQ
LEGACY,2023-06-22,BL,SANSERA,INE953O01021,BASE_SAME_ISIN,SANSERA,EQ,INE953O01021,gt,gt,lt,lt,isin_eq,base_series=EQ
LEGACY,2023-06-22,BO,EMAMILTD,INE548C01032,BASE_SAME_ISIN,EMAMILTD,EQ,INE548C01032,lt,lt,lt,gt,isin_eq,base_series=EQ
LEGACY,2023-06-23,BL,LANDMARK,INE559R01029,BASE_SAME_ISIN,LANDMARK,EQ,INE559R01029,gt,gt,lt,lt,isin_eq,base_series=EQ
LEGACY,2023-06-23,BL,SWSOLAR,INE00M201021,BASE_SAME_ISIN,SWSOLAR,EQ,INE00M201021,lt,lt,lt,gt,isin_eq,base_series=EQ
LEGACY,2023-06-23,BO,EMAMILTD,INE548C01032,BASE_SAME_ISIN,EMAMILTD,EQ,INE548C01032,lt,lt,lt,gt,isin_eq,base_series=EQ
LEGACY,2023-06-26,BL,INDNIPPON,INE092B01025,BASE_SAME_ISIN,INDNIPPON,EQ,INE092B01025,gt,gt,lt,lt,isin_eq,base_series=EQ
LEGACY,2023-06-26,BO,EMAMILTD,INE548C01032,BASE_SAME_ISIN,EMAMILTD,EQ,INE548C01032,lt,lt,lt,gt,isin_eq,base_series=EQ
LEGACY,2023-06-27,BL,SAPPHIRE,INE806T01012,BASE_SAME_ISIN,SAPPHIRE,EQ,INE806T01012,gt,gt,lt,lt,isin_eq,base_series=EQ
LEGACY,2023-06-27,BO,EMAMILTD,INE548C01032,BASE_SAME_ISIN,EMAMILTD,EQ,INE548C01032,lt,lt,lt,gt,isin_eq,base_series=EQ
LEGACY,2023-06-28,BO,EMAMILTD,INE548C01032,BASE_SAME_ISIN,EMAMILTD,EQ,INE548C01032,lt,lt,lt,gt,isin_eq,base_series=EQ
LEGACY,2023-06-30,BL,ERIS,INE406M01024,BASE_SAME_ISIN,ERIS,EQ,INE406M01024,gt,gt,lt,lt,isin_eq,base_series=EQ
LEGACY,2023-06-30,BL,SYRMA,INE0DYJ01015,BASE_SAME_ISIN,SYRMA,EQ,INE0DYJ01015,gt,gt,lt,lt,isin_eq,base_series=EQ
LEGACY,2023-06-30,BL,TDPOWERSYS,INE419M01027,BASE_SAME_ISIN,TDPOWERSYS,EQ,INE419M01027,gt,gt,lt,lt,isin_eq,base_series=EQ
LEGACY,2023-06-30,BO,EMAMILTD,INE548C01032,BASE_SAME_ISIN,EMAMILTD,EQ,INE548C01032,lt,lt,lt,gt,isin_eq,base_series=EQ
LEGACY,2023-07-03,BO,EMAMILTD,INE548C01032,BASE_SAME_ISIN,EMAMILTD,EQ,INE548C01032,lt,lt,lt,lt,isin_eq,base_series=EQ
LEGACY,2023-07-04,BO,EMAMILTD,INE548C01032,BASE_SAME_ISIN,EMAMILTD,EQ,INE548C01032,lt,lt,lt,gt,isin_eq,base_series=EQ
LEGACY,2023-07-06,BL,ERIS,INE406M01024,BASE_SAME_ISIN,ERIS,EQ,INE406M01024,gt,gt,lt,lt,isin_eq,base_series=EQ
LEGACY,2023-07-11,IT,3RDROCK,INE768P01012,NO_BASE_ORPHAN,,,,,,,,,
LEGACY,2023-07-12,IT,3RDROCK,INE768P01012,NO_BASE_ORPHAN,,,,,,,,,
LEGACY,2023-07-14,BL,PATANJALI,INE619A01035,BASE_SAME_ISIN,PATANJALI,BE,INE619A01035,gt,gt,lt,lt,isin_eq,base_series=BE
LEGACY,2023-07-17,BL,GODREJCP,INE102D01028,BASE_SAME_ISIN,GODREJCP,EQ,INE102D01028,lt,lt,lt,gt,isin_eq,base_series=EQ
LEGACY,2023-07-17,BL,INFY,INE009A01021,BASE_SAME_ISIN,INFY,EQ,INE009A01021,lt,lt,lt,gt,isin_eq,base_series=EQ
LEGACY,2023-07-17,BL,KOTAKBANK,INE237A01028,BASE_SAME_ISIN,KOTAKBANK,EQ,INE237A01028,lt,lt,lt,lt,isin_eq,base_series=EQ
LEGACY,2023-07-17,BL,M&M,INE101A01026,BASE_SAME_ISIN,M&M,EQ,INE101A01026,lt,lt,lt,gt,isin_eq,base_series=EQ
LEGACY,2023-07-17,BL,MARICO,INE196A01026,BASE_SAME_ISIN,MARICO,EQ,INE196A01026,lt,lt,lt,gt,isin_eq,base_series=EQ
LEGACY,2023-07-17,BL,TCS,INE467B01029,BASE_SAME_ISIN,TCS,EQ,INE467B01029,lt,lt,lt,gt,isin_eq,base_series=EQ
LEGACY,2023-07-17,BL,TECHM,INE669C01036,BASE_SAME_ISIN,TECHM,EQ,INE669C01036,lt,lt,lt,lt,isin_eq,base_series=EQ
LEGACY,2023-07-17,BL,TIINDIA,INE974X01010,BASE_SAME_ISIN,TIINDIA,EQ,INE974X01010,lt,lt,lt,gt,isin_eq,base_series=EQ
LEGACY,2023-07-18,BL,HDFCBANK,INE040A01034,BASE_SAME_ISIN,HDFCBANK,EQ,INE040A01034,lt,lt,lt,gt,isin_eq,base_series=EQ
LEGACY,2023-07-18,BL,RALLIS,INE613A01020,BASE_SAME_ISIN,RALLIS,EQ,INE613A01020,gt,gt,lt,lt,isin_eq,base_series=EQ
LEGACY,2023-07-18,IT,3RDROCK,INE768P01012,NO_BASE_ORPHAN,,,,,,,,,
LEGACY,2023-07-19,IT,3RDROCK,INE768P01012,NO_BASE_ORPHAN,,,,,,,,,
LEGACY,2023-07-25,IT,3RDROCK,INE768P01012,NO_BASE_ORPHAN,,,,,,,,,
LEGACY,2023-07-26,BL,UBL,INE686F01025,BASE_SAME_ISIN,UBL,EQ,INE686F01025,gt,gt,lt,lt,isin_eq,base_series=EQ
LEGACY,2023-07-31,BL,SBILIFE,INE123W01016,BASE_SAME_ISIN,SBILIFE,EQ,INE123W01016,lt,lt,lt,gt,isin_eq,base_series=EQ
LEGACY,2023-08-02,BL,UNICHEMLAB,INE351A01035,BASE_SAME_ISIN,UNICHEMLAB,EQ,INE351A01035,gt,gt,lt,gt,isin_eq,base_series=EQ
LEGACY,2023-08-10,BL,DLF,INE271C01023,BASE_SAME_ISIN,DLF,EQ,INE271C01023,lt,lt,lt,lt,isin_eq,base_series=EQ
LEGACY,2023-08-10,BL,HDFCBANK,INE040A01034,BASE_SAME_ISIN,HDFCBANK,EQ,INE040A01034,lt,lt,lt,gt,isin_eq,base_series=EQ
LEGACY,2023-08-10,BL,INFIBEAM,INE483S01020,BASE_SAME_ISIN,INFIBEAM,EQ,INE483S01020,lt,lt,lt,gt,isin_eq,base_series=EQ
LEGACY,2023-08-11,IT,3RDROCK,INE768P01012,NO_BASE_ORPHAN,,,,,,,,,
LEGACY,2023-08-11,IT,GIRRESORTS,INE316N01015,NO_BASE_ORPHAN,,,,,,,,,
LEGACY,2023-08-16,BL,IIFLSEC,INE489L01022,BASE_SAME_ISIN,IIFLSEC,EQ,INE489L01022,gt,gt,lt,lt,isin_eq,base_series=EQ
LEGACY,2023-08-16,BL,INFY,INE009A01021,BASE_SAME_ISIN,INFY,EQ,INE009A01021,lt,lt,lt,gt,isin_eq,base_series=EQ
LEGACY,2023-08-16,BL,SYRMA,INE0DYJ01015,BASE_SAME_ISIN,SYRMA,EQ,INE0DYJ01015,lt,lt,lt,gt,isin_eq,base_series=EQ
LEGACY,2023-08-17,BL,SYRMA,INE0DYJ01015,BASE_SAME_ISIN,SYRMA,EQ,INE0DYJ01015,lt,lt,lt,gt,isin_eq,base_series=EQ
LEGACY,2023-08-22,BO,CLEDUCATE,INE201M01029,BASE_SAME_ISIN,CLEDUCATE,EQ,INE201M01029,lt,lt,lt,gt,isin_eq,base_series=EQ
LEGACY,2023-08-24,BL,MFSL,INE180A01020,BASE_SAME_ISIN,MFSL,EQ,INE180A01020,lt,lt,lt,lt,isin_eq,base_series=EQ
LEGACY,2023-08-24,BO,CLEDUCATE,INE201M01029,BASE_SAME_ISIN,CLEDUCATE,EQ,INE201M01029,lt,lt,lt,gt,isin_eq,base_series=EQ
LEGACY,2023-08-25,BL,AMBER,INE371P01015,BASE_SAME_ISIN,AMBER,EQ,INE371P01015,gt,gt,lt,gt,isin_eq,base_series=EQ
LEGACY,2023-08-25,BO,CLEDUCATE,INE201M01029,BASE_SAME_ISIN,CLEDUCATE,EQ,INE201M01029,lt,lt,lt,gt,isin_eq,base_series=EQ
LEGACY,2023-08-28,BL,STAR,INE939A01011,BASE_SAME_ISIN,STAR,EQ,INE939A01011,lt,lt,lt,lt,isin_eq,base_series=EQ
LEGACY,2023-08-28,BL,ZOMATO,INE758T01015,BASE_SAME_ISIN,ZOMATO,EQ,INE758T01015,lt,lt,lt,lt,isin_eq,base_series=EQ
LEGACY,2023-08-29,BO,CLEDUCATE,INE201M01029,BASE_SAME_ISIN,CLEDUCATE,EQ,INE201M01029,lt,lt,lt,gt,isin_eq,base_series=EQ
LEGACY,2023-08-30,BL,ZOMATO,INE758T01015,BASE_SAME_ISIN,ZOMATO,EQ,INE758T01015,lt,lt,lt,lt,isin_eq,base_series=EQ
LEGACY,2023-08-31,BO,CLEDUCATE,INE201M01029,BASE_SAME_ISIN,CLEDUCATE,EQ,INE201M01029,lt,lt,lt,lt,isin_eq,base_series=EQ
LEGACY,2023-09-01,BL,TRITURBINE,INE152M01016,BASE_SAME_ISIN,TRITURBINE,EQ,INE152M01016,gt,gt,lt,gt,isin_eq,base_series=EQ
LEGACY,2023-09-01,BO,CLEDUCATE,INE201M01029,BASE_SAME_ISIN,CLEDUCATE,EQ,INE201M01029,lt,lt,lt,gt,isin_eq,base_series=EQ
LEGACY,2023-09-04,BO,CLEDUCATE,INE201M01029,BASE_SAME_ISIN,CLEDUCATE,EQ,INE201M01029,lt,lt,lt,gt,isin_eq,base_series=EQ
LEGACY,2023-09-05,BO,CLEDUCATE,INE201M01029,BASE_SAME_ISIN,CLEDUCATE,EQ,INE201M01029,lt,lt,lt,gt,isin_eq,base_series=EQ
LEGACY,2023-09-06,BO,CLEDUCATE,INE201M01029,BASE_SAME_ISIN,CLEDUCATE,EQ,INE201M01029,lt,lt,lt,gt,isin_eq,base_series=EQ
LEGACY,2023-09-07,BO,CLEDUCATE,INE201M01029,BASE_SAME_ISIN,CLEDUCATE,EQ,INE201M01029,lt,lt,lt,gt,isin_eq,base_series=EQ
LEGACY,2023-09-07,IT,3RDROCK,INE768P01012,NO_BASE_ORPHAN,,,,,,,,,
LEGACY,2023-09-08,BO,CLEDUCATE,INE201M01029,BASE_SAME_ISIN,CLEDUCATE,EQ,INE201M01029,lt,lt,lt,gt,isin_eq,base_series=EQ
LEGACY,2023-09-11,BL,IDFCFIRSTB,INE092T01019,BASE_SAME_ISIN,IDFCFIRSTB,EQ,INE092T01019,gt,gt,lt,lt,isin_eq,base_series=EQ
LEGACY,2023-09-11,BO,CLEDUCATE,INE201M01029,BASE_SAME_ISIN,CLEDUCATE,EQ,INE201M01029,lt,lt,lt,gt,isin_eq,base_series=EQ
LEGACY,2023-09-11,IT,3RDROCK,INE768P01012,NO_BASE_ORPHAN,,,,,,,,,
LEGACY,2023-09-12,BO,CLEDUCATE,INE201M01029,BASE_SAME_ISIN,CLEDUCATE,EQ,INE201M01029,lt,lt,lt,gt,isin_eq,base_series=EQ
LEGACY,2023-09-13,BO,CLEDUCATE,INE201M01029,BASE_SAME_ISIN,CLEDUCATE,EQ,INE201M01029,lt,lt,lt,lt,isin_eq,base_series=EQ
LEGACY,2023-09-13,IT,3RDROCK,INE768P01012,NO_BASE_ORPHAN,,,,,,,,,
LEGACY,2023-09-14,BO,CLEDUCATE,INE201M01029,BASE_SAME_ISIN,CLEDUCATE,EQ,INE201M01029,lt,lt,lt,lt,isin_eq,base_series=EQ
LEGACY,2023-09-15,BL,FIVESTAR,INE128S01021,BASE_SAME_ISIN,FIVESTAR,EQ,INE128S01021,gt,gt,lt,gt,isin_eq,base_series=EQ
LEGACY,2023-09-15,BL,RBA,INE07T201019,BASE_SAME_ISIN,RBA,EQ,INE07T201019,gt,gt,lt,lt,isin_eq,base_series=EQ
LEGACY,2023-09-18,BO,CLEDUCATE,INE201M01029,BASE_SAME_ISIN,CLEDUCATE,EQ,INE201M01029,lt,lt,lt,gt,isin_eq,base_series=EQ
LEGACY,2023-09-22,BL,HGS,INE170I01016,BASE_SAME_ISIN,HGS,EQ,INE170I01016,gt,gt,lt,gt,isin_eq,base_series=EQ
LEGACY,2023-09-22,BL,SHYAMMETL,INE810G01011,BASE_SAME_ISIN,SHYAMMETL,EQ,INE810G01011,gt,gt,lt,lt,isin_eq,base_series=EQ
LEGACY,2023-09-26,BO,CLEDUCATE,INE201M01029,BASE_SAME_ISIN,CLEDUCATE,EQ,INE201M01029,lt,lt,lt,gt,isin_eq,base_series=EQ
LEGACY,2023-09-27,BL,WESTLIFE,INE274F01020,BASE_SAME_ISIN,WESTLIFE,EQ,INE274F01020,lt,lt,lt,gt,isin_eq,base_series=EQ
LEGACY,2023-09-27,BO,CLEDUCATE,INE201M01029,BASE_SAME_ISIN,CLEDUCATE,EQ,INE201M01029,lt,lt,lt,lt,isin_eq,base_series=EQ
LEGACY,2023-09-28,BL,NCLIND,INE732C01016,BASE_SAME_ISIN,NCLIND,EQ,INE732C01016,gt,gt,lt,lt,isin_eq,base_series=EQ
LEGACY,2023-09-29,BO,CLEDUCATE,INE201M01029,BASE_SAME_ISIN,CLEDUCATE,EQ,INE201M01029,lt,lt,lt,gt,isin_eq,base_series=EQ
LEGACY,2023-10-03,BL,KRSNAA,INE08LI01020,BASE_SAME_ISIN,KRSNAA,EQ,INE08LI01020,lt,lt,lt,lt,isin_eq,base_series=EQ
LEGACY,2023-10-03,BL,SFL,INE916U01025,BASE_SAME_ISIN,SFL,EQ,INE916U01025,gt,gt,lt,lt,isin_eq,base_series=EQ
LEGACY,2023-10-03,BO,CLEDUCATE,INE201M01029,BASE_SAME_ISIN,CLEDUCATE,EQ,INE201M01029,lt,lt,lt,gt,isin_eq,base_series=EQ
LEGACY,2023-10-04,IT,GIRRESORTS,INE316N01015,NO_BASE_ORPHAN,,,,,,,,,
LEGACY,2023-10-05,BL,INFIBEAM,INE483S01020,BASE_SAME_ISIN,INFIBEAM,EQ,INE483S01020,lt,lt,lt,lt,isin_eq,base_series=EQ
LEGACY,2023-10-05,BO,CLEDUCATE,INE201M01029,BASE_SAME_ISIN,CLEDUCATE,EQ,INE201M01029,lt,lt,lt,gt,isin_eq,base_series=EQ
LEGACY,2023-10-05,IT,GIRRESORTS,INE316N01015,NO_BASE_ORPHAN,,,,,,,,,
LEGACY,2023-10-06,BL,POLICYBZR,INE417T01026,BASE_SAME_ISIN,POLICYBZR,EQ,INE417T01026,gt,gt,lt,gt,isin_eq,base_series=EQ
LEGACY,2023-10-06,BO,CLEDUCATE,INE201M01029,BASE_SAME_ISIN,CLEDUCATE,EQ,INE201M01029,lt,lt,lt,eq,isin_eq,base_series=EQ
LEGACY,2023-10-09,BL,INFIBEAM,INE483S01020,BASE_SAME_ISIN,INFIBEAM,EQ,INE483S01020,lt,lt,lt,gt,isin_eq,base_series=EQ
LEGACY,2023-10-10,BO,CLEDUCATE,INE201M01029,BASE_SAME_ISIN,CLEDUCATE,EQ,INE201M01029,lt,lt,lt,gt,isin_eq,base_series=EQ
LEGACY,2023-10-11,BL,INFIBEAM,INE483S01020,BASE_SAME_ISIN,INFIBEAM,EQ,INE483S01020,lt,lt,lt,gt,isin_eq,base_series=EQ
LEGACY,2023-10-11,BO,CLEDUCATE,INE201M01029,BASE_SAME_ISIN,CLEDUCATE,EQ,INE201M01029,lt,lt,lt,gt,isin_eq,base_series=EQ
LEGACY,2023-10-12,BO,CLEDUCATE,INE201M01029,BASE_SAME_ISIN,CLEDUCATE,EQ,INE201M01029,lt,lt,lt,gt,isin_eq,base_series=EQ
LEGACY,2023-10-13,BO,CLEDUCATE,INE201M01029,BASE_SAME_ISIN,CLEDUCATE,EQ,INE201M01029,lt,lt,lt,gt,isin_eq,base_series=EQ
LEGACY,2023-10-16,BO,CLEDUCATE,INE201M01029,BASE_SAME_ISIN,CLEDUCATE,EQ,INE201M01029,lt,lt,lt,gt,isin_eq,base_series=EQ
LEGACY,2023-10-17,BL,INFIBEAM,INE483S01020,BASE_SAME_ISIN,INFIBEAM,EQ,INE483S01020,lt,lt,lt,gt,isin_eq,base_series=EQ
LEGACY,2023-10-17,BO,CLEDUCATE,INE201M01029,BASE_SAME_ISIN,CLEDUCATE,EQ,INE201M01029,lt,lt,lt,gt,isin_eq,base_series=EQ
LEGACY,2023-10-18,BL,NBIFIN,INE365I01020,BASE_SAME_ISIN,NBIFIN,EQ,INE365I01020,gt,gt,lt,gt,isin_eq,base_series=EQ
LEGACY,2023-10-18,BO,CLEDUCATE,INE201M01029,BASE_SAME_ISIN,CLEDUCATE,EQ,INE201M01029,lt,lt,lt,gt,isin_eq,base_series=EQ
LEGACY,2023-10-19,BL,DCW,INE500A01029,BASE_SAME_ISIN,DCW,EQ,INE500A01029,lt,lt,lt,lt,isin_eq,base_series=EQ
LEGACY,2023-10-19,BL,KIRIINDUS,INE415I01015,BASE_SAME_ISIN,KIRIINDUS,EQ,INE415I01015,gt,gt,lt,lt,isin_eq,base_series=EQ
LEGACY,2023-10-19,BO,CLEDUCATE,INE201M01029,BASE_SAME_ISIN,CLEDUCATE,EQ,INE201M01029,lt,lt,lt,gt,isin_eq,base_series=EQ
LEGACY,2023-10-20,BL,ZOMATO,INE758T01015,BASE_SAME_ISIN,ZOMATO,EQ,INE758T01015,gt,gt,lt,lt,isin_eq,base_series=EQ
LEGACY,2023-10-25,BL,ABFRL,INE647O01011,BASE_SAME_ISIN,ABFRL,EQ,INE647O01011,gt,gt,lt,gt,isin_eq,base_series=EQ
LEGACY,2023-10-26,BL,GRASIM,INE047A01021,BASE_SAME_ISIN,GRASIM,EQ,INE047A01021,lt,lt,lt,lt,isin_eq,base_series=EQ
LEGACY,2023-10-26,BL,JSL,INE220G01021,BASE_SAME_ISIN,JSL,EQ,INE220G01021,gt,gt,lt,gt,isin_eq,base_series=EQ
LEGACY,2023-10-27,BL,JSL,INE220G01021,BASE_SAME_ISIN,JSL,EQ,INE220G01021,gt,gt,lt,gt,isin_eq,base_series=EQ
LEGACY,2023-10-27,BO,CLEDUCATE,INE201M01029,BASE_SAME_ISIN,CLEDUCATE,EQ,INE201M01029,lt,lt,lt,lt,isin_eq,base_series=EQ
LEGACY,2023-10-30,BL,KESORAMIND,INE087A01019,BASE_SAME_ISIN,KESORAMIND,BE,INE087A01019,gt,gt,lt,lt,isin_eq,base_series=BE
LEGACY,2023-10-30,BO,CLEDUCATE,INE201M01029,BASE_SAME_ISIN,CLEDUCATE,EQ,INE201M01029,lt,lt,lt,gt,isin_eq,base_series=EQ
LEGACY,2023-10-31,BL,BAJAJFINSV,INE918I01026,BASE_SAME_ISIN,BAJAJFINSV,EQ,INE918I01026,lt,lt,lt,gt,isin_eq,base_series=EQ
LEGACY,2023-10-31,BO,CLEDUCATE,INE201M01029,BASE_SAME_ISIN,CLEDUCATE,EQ,INE201M01029,lt,lt,lt,gt,isin_eq,base_series=EQ
LEGACY,2023-11-01,BL,HDFCBANK,INE040A01034,BASE_SAME_ISIN,HDFCBANK,EQ,INE040A01034,lt,lt,lt,gt,isin_eq,base_series=EQ
LEGACY,2023-11-01,BO,CLEDUCATE,INE201M01029,BASE_SAME_ISIN,CLEDUCATE,EQ,INE201M01029,lt,lt,lt,gt,isin_eq,base_series=EQ
LEGACY,2023-11-02,BO,CLEDUCATE,INE201M01029,BASE_SAME_ISIN,CLEDUCATE,EQ,INE201M01029,lt,lt,lt,gt,isin_eq,base_series=EQ
LEGACY,2023-11-03,BL,ISMTLTD,INE732F01019,BASE_SAME_ISIN,ISMTLTD,EQ,INE732F01019,gt,gt,lt,lt,isin_eq,base_series=EQ
LEGACY,2023-11-03,BO,CLEDUCATE,INE201M01029,BASE_SAME_ISIN,CLEDUCATE,EQ,INE201M01029,lt,lt,lt,gt,isin_eq,base_series=EQ
LEGACY,2023-11-06,BO,CLEDUCATE,INE201M01029,BASE_SAME_ISIN,CLEDUCATE,EQ,INE201M01029,lt,lt,lt,gt,isin_eq,base_series=EQ
LEGACY,2023-11-07,BO,CLEDUCATE,INE201M01029,BASE_SAME_ISIN,CLEDUCATE,EQ,INE201M01029,lt,lt,lt,gt,isin_eq,base_series=EQ
LEGACY,2023-11-08,BL,BAJAJFINSV,INE918I01026,BASE_SAME_ISIN,BAJAJFINSV,EQ,INE918I01026,gt,gt,lt,lt,isin_eq,base_series=EQ
LEGACY,2023-11-08,BO,CLEDUCATE,INE201M01029,BASE_SAME_ISIN,CLEDUCATE,EQ,INE201M01029,lt,lt,lt,lt,isin_eq,base_series=EQ
LEGACY,2023-11-09,BL,RELIANCE,INE002A01018,BASE_SAME_ISIN,RELIANCE,EQ,INE002A01018,lt,lt,lt,gt,isin_eq,base_series=EQ
LEGACY,2023-11-09,BO,CLEDUCATE,INE201M01029,BASE_SAME_ISIN,CLEDUCATE,EQ,INE201M01029,lt,lt,lt,gt,isin_eq,base_series=EQ
LEGACY,2023-11-10,BL,APTUS,INE852O01025,BASE_SAME_ISIN,APTUS,EQ,INE852O01025,gt,gt,lt,lt,isin_eq,base_series=EQ
LEGACY,2023-11-10,BL,THEINVEST,INE924D01017,BASE_SAME_ISIN,THEINVEST,EQ,INE924D01017,gt,gt,lt,gt,isin_eq,base_series=EQ
LEGACY,2023-11-10,BO,CLEDUCATE,INE201M01029,BASE_SAME_ISIN,CLEDUCATE,EQ,INE201M01029,lt,lt,lt,gt,isin_eq,base_series=EQ
LEGACY,2023-11-17,BL,JSL,INE220G01021,BASE_SAME_ISIN,JSL,EQ,INE220G01021,lt,lt,lt,lt,isin_eq,base_series=EQ
LEGACY,2023-11-20,BO,CLEDUCATE,INE201M01029,BASE_SAME_ISIN,CLEDUCATE,EQ,INE201M01029,lt,lt,lt,lt,isin_eq,base_series=EQ
LEGACY,2023-11-21,BL,CREST,INE559D01011,BASE_SAME_ISIN,CREST,EQ,INE559D01011,gt,gt,lt,gt,isin_eq,base_series=EQ
LEGACY,2023-11-21,BL,JSL,INE220G01021,BASE_SAME_ISIN,JSL,EQ,INE220G01021,lt,lt,lt,lt,isin_eq,base_series=EQ
LEGACY,2023-11-21,BO,CLEDUCATE,INE201M01029,BASE_SAME_ISIN,CLEDUCATE,EQ,INE201M01029,lt,lt,lt,lt,isin_eq,base_series=EQ
LEGACY,2023-11-22,BO,CLEDUCATE,INE201M01029,BASE_SAME_ISIN,CLEDUCATE,EQ,INE201M01029,lt,lt,lt,lt,isin_eq,base_series=EQ
LEGACY,2023-11-23,BL,BAJAJELEC,INE193E01025,BASE_SAME_ISIN,BAJAJELEC,EQ,INE193E01025,gt,gt,lt,lt,isin_eq,base_series=EQ
LEGACY,2023-11-28,BL,ICICIBANK,INE090A01021,BASE_SAME_ISIN,ICICIBANK,EQ,INE090A01021,lt,lt,lt,gt,isin_eq,base_series=EQ
LEGACY,2023-11-28,BL,RELIANCE,INE002A01018,BASE_SAME_ISIN,RELIANCE,EQ,INE002A01018,lt,lt,lt,lt,isin_eq,base_series=EQ
LEGACY,2023-11-28,BL,SHAREINDIA,INE932X01018,BASE_SAME_ISIN,SHAREINDIA,EQ,INE932X01018,gt,gt,lt,lt,isin_eq,base_series=EQ
LEGACY,2023-12-01,BL,BHARTIARTL,INE397D01024,BASE_SAME_ISIN,BHARTIARTL,EQ,INE397D01024,gt,gt,lt,gt,isin_eq,base_series=EQ
LEGACY,2023-12-01,BL,HCC,INE549A01026,BASE_SAME_ISIN,HCC,EQ,INE549A01026,lt,lt,lt,gt,isin_eq,base_series=EQ
LEGACY,2023-12-01,BL,SJVN,INE002L01015,BASE_SAME_ISIN,SJVN,EQ,INE002L01015,lt,lt,lt,gt,isin_eq,base_series=EQ
LEGACY,2023-12-05,BL,SANGHIIND,INE999B01013,BASE_SAME_ISIN,SANGHIIND,EQ,INE999B01013,gt,gt,lt,lt,isin_eq,base_series=EQ
LEGACY,2023-12-05,BL,SWANENERGY,INE665A01038,BASE_SAME_ISIN,SWANENERGY,EQ,INE665A01038,lt,lt,lt,lt,isin_eq,base_series=EQ
LEGACY,2023-12-05,BO,ATUL,INE100A01010,BASE_SAME_ISIN,ATUL,EQ,INE100A01010,lt,lt,lt,gt,isin_eq,base_series=EQ
LEGACY,2023-12-06,BL,DELHIVERY,INE148O01028,BASE_SAME_ISIN,DELHIVERY,EQ,INE148O01028,lt,lt,lt,gt,isin_eq,base_series=EQ
LEGACY,2023-12-06,BL,SWANENERGY,INE665A01038,BASE_SAME_ISIN,SWANENERGY,EQ,INE665A01038,lt,lt,lt,gt,isin_eq,base_series=EQ
LEGACY,2023-12-06,BO,ATUL,INE100A01010,BASE_SAME_ISIN,ATUL,EQ,INE100A01010,lt,lt,lt,gt,isin_eq,base_series=EQ
LEGACY,2023-12-07,BO,ATUL,INE100A01010,BASE_SAME_ISIN,ATUL,EQ,INE100A01010,lt,lt,lt,lt,isin_eq,base_series=EQ
LEGACY,2023-12-08,BL,SASTASUNDR,INE019J01013,BASE_SAME_ISIN,SASTASUNDR,EQ,INE019J01013,lt,lt,lt,gt,isin_eq,base_series=EQ
LEGACY,2023-12-08,BL,ZOMATO,INE758T01015,BASE_SAME_ISIN,ZOMATO,EQ,INE758T01015,gt,gt,lt,gt,isin_eq,base_series=EQ
LEGACY,2023-12-08,BO,ATUL,INE100A01010,BASE_SAME_ISIN,ATUL,EQ,INE100A01010,lt,lt,lt,gt,isin_eq,base_series=EQ
LEGACY,2023-12-11,BL,SWANENERGY,INE665A01038,BASE_SAME_ISIN,SWANENERGY,EQ,INE665A01038,lt,lt,lt,lt,isin_eq,base_series=EQ
LEGACY,2023-12-11,BO,ATUL,INE100A01010,BASE_SAME_ISIN,ATUL,EQ,INE100A01010,lt,lt,lt,gt,isin_eq,base_series=EQ
LEGACY,2023-12-12,BO,ATUL,INE100A01010,BASE_SAME_ISIN,ATUL,EQ,INE100A01010,lt,lt,lt,gt,isin_eq,base_series=EQ
LEGACY,2023-12-13,BL,AXISBANK,INE238A01034,BASE_SAME_ISIN,AXISBANK,EQ,INE238A01034,gt,gt,lt,gt,isin_eq,base_series=EQ
LEGACY,2023-12-14,BL,ZENTEC,INE251B01027,BASE_SAME_ISIN,ZENTEC,EQ,INE251B01027,gt,gt,lt,lt,isin_eq,base_series=EQ
LEGACY,2023-12-15,BL,PVRINOX,INE191H01014,BASE_SAME_ISIN,PVRINOX,EQ,INE191H01014,gt,gt,lt,lt,isin_eq,base_series=EQ
LEGACY,2023-12-15,BL,SWANENERGY,INE665A01038,BASE_SAME_ISIN,SWANENERGY,EQ,INE665A01038,lt,lt,lt,lt,isin_eq,base_series=EQ
LEGACY,2023-12-18,BL,PRICOLLTD,INE726V01018,BASE_SAME_ISIN,PRICOLLTD,EQ,INE726V01018,gt,gt,lt,gt,isin_eq,base_series=EQ
LEGACY,2023-12-18,BO,ATUL,INE100A01010,BASE_SAME_ISIN,ATUL,EQ,INE100A01010,lt,lt,lt,gt,isin_eq,base_series=EQ
LEGACY,2023-12-19,BL,JINDALSAW,INE324A01024,BASE_SAME_ISIN,JINDALSAW,EQ,INE324A01024,gt,gt,lt,lt,isin_eq,base_series=EQ
LEGACY,2023-12-19,BO,ATUL,INE100A01010,BASE_SAME_ISIN,ATUL,EQ,INE100A01010,lt,lt,lt,gt,isin_eq,base_series=EQ
LEGACY,2023-12-20,BL,ASTRAL,INE006I01046,BASE_SAME_ISIN,ASTRAL,EQ,INE006I01046,gt,gt,lt,gt,isin_eq,base_series=EQ
LEGACY,2023-12-20,BL,SHRIPISTON,INE526E01018,BASE_SAME_ISIN,SHRIPISTON,EQ,INE526E01018,gt,gt,lt,lt,isin_eq,base_series=EQ
LEGACY,2023-12-20,BO,ATUL,INE100A01010,BASE_SAME_ISIN,ATUL,EQ,INE100A01010,lt,lt,lt,gt,isin_eq,base_series=EQ
LEGACY,2023-12-21,BL,NYKAA,INE388Y01029,BASE_SAME_ISIN,NYKAA,EQ,INE388Y01029,lt,lt,lt,lt,isin_eq,base_series=EQ
LEGACY,2023-12-21,BO,ATUL,INE100A01010,BASE_SAME_ISIN,ATUL,EQ,INE100A01010,lt,lt,lt,lt,isin_eq,base_series=EQ
LEGACY,2023-12-22,BL,DALBHARAT,INE00R701025,BASE_SAME_ISIN,DALBHARAT,EQ,INE00R701025,gt,gt,lt,gt,isin_eq,base_series=EQ
LEGACY,2023-12-22,BL,MOTHERSON,INE775A01035,BASE_SAME_ISIN,MOTHERSON,EQ,INE775A01035,lt,lt,lt,lt,isin_eq,base_series=EQ
LEGACY,2023-12-22,BL,NYKAA,INE388Y01029,BASE_SAME_ISIN,NYKAA,EQ,INE388Y01029,lt,lt,lt,lt,isin_eq,base_series=EQ
LEGACY,2023-12-22,BL,VGUARD,INE951I01027,BASE_SAME_ISIN,VGUARD,EQ,INE951I01027,gt,gt,lt,lt,isin_eq,base_series=EQ
LEGACY,2023-12-22,BO,ATUL,INE100A01010,BASE_SAME_ISIN,ATUL,EQ,INE100A01010,lt,lt,lt,lt,isin_eq,base_series=EQ
LEGACY,2023-12-26,BL,LUMAXTECH,INE872H01027,BASE_SAME_ISIN,LUMAXTECH,EQ,INE872H01027,gt,gt,lt,lt,isin_eq,base_series=EQ
LEGACY,2023-12-27,BL,AMIORG,INE00FF01017,BASE_SAME_ISIN,AMIORG,EQ,INE00FF01017,lt,lt,lt,lt,isin_eq,base_series=EQ
LEGACY,2023-12-27,BO,ATUL,INE100A01010,BASE_SAME_ISIN,ATUL,EQ,INE100A01010,lt,lt,lt,gt,isin_eq,base_series=EQ
LEGACY,2023-12-28,BL,ZYDUSWELL,INE768C01010,BASE_SAME_ISIN,ZYDUSWELL,EQ,INE768C01010,gt,gt,lt,lt,isin_eq,base_series=EQ
LEGACY,2023-12-29,BL,DALBHARAT,INE00R701025,BASE_SAME_ISIN,DALBHARAT,EQ,INE00R701025,gt,gt,lt,gt,isin_eq,base_series=EQ
LEGACY,2023-12-29,BL,RAMCOIND,INE614A01028,BASE_SAME_ISIN,RAMCOIND,EQ,INE614A01028,gt,gt,lt,lt,isin_eq,base_series=EQ
LEGACY,2024-01-05,BL,INFIBEAM,INE483S01020,BASE_SAME_ISIN,INFIBEAM,EQ,INE483S01020,lt,lt,lt,lt,isin_eq,base_series=EQ
LEGACY,2024-01-05,BL,SWANENERGY,INE665A01038,BASE_SAME_ISIN,SWANENERGY,EQ,INE665A01038,lt,lt,lt,lt,isin_eq,base_series=EQ
LEGACY,2024-01-09,BL,INFIBEAM,INE483S01020,BASE_SAME_ISIN,INFIBEAM,EQ,INE483S01020,lt,lt,lt,gt,isin_eq,base_series=EQ
LEGACY,2024-01-09,BL,YASHO,INE616Z01012,BASE_SAME_ISIN,YASHO,EQ,INE616Z01012,gt,gt,lt,lt,isin_eq,base_series=EQ
LEGACY,2024-01-11,BL,INFIBEAM,INE483S01020,BASE_SAME_ISIN,INFIBEAM,EQ,INE483S01020,lt,lt,lt,eq,isin_eq,base_series=EQ
LEGACY,2024-01-15,BL,INFIBEAM,INE483S01020,BASE_SAME_ISIN,INFIBEAM,EQ,INE483S01020,lt,lt,lt,gt,isin_eq,base_series=EQ
LEGACY,2024-01-15,BL,ZOMATO,INE758T01015,BASE_SAME_ISIN,ZOMATO,EQ,INE758T01015,lt,lt,lt,gt,isin_eq,base_series=EQ
LEGACY,2024-01-16,BL,SOUTHWEST,INE980Y01015,BASE_SAME_ISIN,SOUTHWEST,BE,INE980Y01015,gt,gt,lt,gt,isin_eq,base_series=BE
LEGACY,2024-01-17,BL,JINDALSAW,INE324A01024,BASE_SAME_ISIN,JINDALSAW,EQ,INE324A01024,lt,lt,lt,lt,isin_eq,base_series=EQ
LEGACY,2024-01-17,BL,PRICOLLTD,INE726V01018,BASE_SAME_ISIN,PRICOLLTD,EQ,INE726V01018,gt,gt,lt,lt,isin_eq,base_series=EQ
LEGACY,2024-01-18,BL,HCLTECH,INE860A01027,BASE_SAME_ISIN,HCLTECH,EQ,INE860A01027,lt,lt,lt,gt,isin_eq,base_series=EQ
LEGACY,2024-01-18,BL,INFIBEAM,INE483S01020,BASE_SAME_ISIN,INFIBEAM,EQ,INE483S01020,lt,lt,lt,lt,isin_eq,base_series=EQ
LEGACY,2024-01-24,BL,INFIBEAM,INE483S01020,BASE_SAME_ISIN,INFIBEAM,EQ,INE483S01020,lt,lt,lt,lt,isin_eq,base_series=EQ
LEGACY,2024-01-24,BL,POONAWALLA,INE511C01022,BASE_SAME_ISIN,POONAWALLA,EQ,INE511C01022,gt,gt,lt,gt,isin_eq,base_series=EQ
LEGACY,2024-01-25,BL,ADANIPORTS,INE742F01042,BASE_SAME_ISIN,ADANIPORTS,EQ,INE742F01042,lt,lt,lt,lt,isin_eq,base_series=EQ
LEGACY,2024-01-25,BL,ALKEM,INE540L01014,BASE_SAME_ISIN,ALKEM,EQ,INE540L01014,lt,lt,lt,gt,isin_eq,base_series=EQ
LEGACY,2024-01-25,BL,ANANDRATHI,INE463V01026,BASE_SAME_ISIN,ANANDRATHI,EQ,INE463V01026,lt,lt,lt,lt,isin_eq,base_series=EQ
LEGACY,2024-01-25,BL,APOLLOTYRE,INE438A01022,BASE_SAME_ISIN,APOLLOTYRE,EQ,INE438A01022,lt,lt,lt,gt,isin_eq,base_series=EQ
LEGACY,2024-01-25,BL,ASIANPAINT,INE021A01026,BASE_SAME_ISIN,ASIANPAINT,EQ,INE021A01026,lt,lt,lt,gt,isin_eq,base_series=EQ
LEGACY,2024-01-25,BL,AUROPHARMA,INE406A01037,BASE_SAME_ISIN,AUROPHARMA,EQ,INE406A01037,lt,lt,lt,gt,isin_eq,base_series=EQ
LEGACY,2024-01-25,BL,AXISBANK,INE238A01034,BASE_SAME_ISIN,AXISBANK,EQ,INE238A01034,lt,lt,lt,gt,isin_eq,base_series=EQ
LEGACY,2024-01-25,BL,BANDHANBNK,INE545U01014,BASE_SAME_ISIN,BANDHANBNK,EQ,INE545U01014,lt,lt,lt,gt,isin_eq,base_series=EQ
LEGACY,2024-01-25,BL,BANKBARODA,INE028A01039,BASE_SAME_ISIN,BANKBARODA,EQ,INE028A01039,lt,lt,lt,gt,isin_eq,base_series=EQ
LEGACY,2024-01-25,BL,BANKINDIA,INE084A01016,BASE_SAME_ISIN,BANKINDIA,EQ,INE084A01016,gt,gt,lt,gt,isin_eq,base_series=EQ
LEGACY,2024-01-25,BL,BHEL,INE257A01026,BASE_SAME_ISIN,BHEL,EQ,INE257A01026,lt,lt,lt,lt,isin_eq,base_series=EQ
LEGACY,2024-01-25,BL,BOSCHLTD,INE323A01026,BASE_SAME_ISIN,BOSCHLTD,EQ,INE323A01026,gt,gt,lt,lt,isin_eq,base_series=EQ
LEGACY,2024-01-25,BL,BPCL,INE029A01011,BASE_SAME_ISIN,BPCL,EQ,INE029A01011,lt,lt,lt,gt,isin_eq,base_series=EQ
LEGACY,2024-01-25,BL,BSE,INE118H01025,BASE_SAME_ISIN,BSE,EQ,INE118H01025,gt,gt,lt,lt,isin_eq,base_series=EQ
LEGACY,2024-01-25,BL,CAMPUS,INE278Y01022,BASE_SAME_ISIN,CAMPUS,EQ,INE278Y01022,gt,gt,lt,gt,isin_eq,base_series=EQ
LEGACY,2024-01-25,BL,CAMS,INE596I01012,BASE_SAME_ISIN,CAMS,EQ,INE596I01012,gt,gt,lt,lt,isin_eq,base_series=EQ
LEGACY,2024-01-25,BL,CANBK,INE476A01014,BASE_SAME_ISIN,CANBK,EQ,INE476A01014,lt,lt,lt,lt,isin_eq,base_series=EQ
LEGACY,2024-01-25,BL,CMSINFO,INE925R01014,BASE_SAME_ISIN,CMSINFO,EQ,INE925R01014,lt,lt,lt,lt,isin_eq,base_series=EQ
LEGACY,2024-01-25,BL,CONCOR,INE111A01025,BASE_SAME_ISIN,CONCOR,EQ,INE111A01025,lt,lt,lt,gt,isin_eq,base_series=EQ
LEGACY,2024-01-25,BL,DALBHARAT,INE00R701025,BASE_SAME_ISIN,DALBHARAT,EQ,INE00R701025,lt,lt,lt,lt,isin_eq,base_series=EQ
LEGACY,2024-01-25,BL,DBREALTY,INE879I01012,BASE_SAME_ISIN,DBREALTY,EQ,INE879I01012,gt,gt,lt,gt,isin_eq,base_series=EQ
LEGACY,2024-01-25,BL,DEVYANI,INE872J01023,BASE_SAME_ISIN,DEVYANI,EQ,INE872J01023,lt,lt,lt,lt,isin_eq,base_series=EQ
LEGACY,2024-01-25,BL,DOMS,INE321T01012,BASE_SAME_ISIN,DOMS,EQ,INE321T01012,lt,lt,lt,lt,isin_eq,base_series=EQ
LEGACY,2024-01-25,BL,GMRINFRA,INE776C01039,BASE_SAME_ISIN,GMRINFRA,EQ,INE776C01039,lt,lt,lt,lt,isin_eq,base_series=EQ
LEGACY,2024-01-25,BL,GRASIM,INE047A01021,BASE_SAME_ISIN,GRASIM,EQ,INE047A01021,gt,gt,lt,lt,isin_eq,base_series=EQ
LEGACY,2024-01-25,BL,HCLTECH,INE860A01027,BASE_SAME_ISIN,HCLTECH,EQ,INE860A01027,lt,lt,lt,gt,isin_eq,base_series=EQ
LEGACY,2024-01-25,BL,ICICIPRULI,INE726G01019,BASE_SAME_ISIN,ICICIPRULI,EQ,INE726G01019,lt,lt,lt,gt,isin_eq,base_series=EQ
LEGACY,2024-01-25,BL,INDIANB,INE562A01011,BASE_SAME_ISIN,INDIANB,EQ,INE562A01011,lt,lt,lt,lt,isin_eq,base_series=EQ
LEGACY,2024-01-25,BL,INDUSINDBK,INE095A01012,BASE_SAME_ISIN,INDUSINDBK,EQ,INE095A01012,lt,lt,lt,lt,isin_eq,base_series=EQ
LEGACY,2024-01-25,BL,INDUSTOWER,INE121J01017,BASE_SAME_ISIN,INDUSTOWER,EQ,INE121J01017,lt,lt,lt,gt,isin_eq,base_series=EQ
LEGACY,2024-01-25,BL,INFY,INE009A01021,BASE_SAME_ISIN,INFY,EQ,INE009A01021,lt,lt,lt,gt,isin_eq,base_series=EQ
LEGACY,2024-01-25,BL,IOC,INE242A01010,BASE_SAME_ISIN,IOC,EQ,INE242A01010,lt,lt,lt,lt,isin_eq,base_series=EQ
LEGACY,2024-01-25,BL,IREDA,INE202E01016,BASE_SAME_ISIN,IREDA,EQ,INE202E01016,lt,lt,lt,lt,isin_eq,base_series=EQ
LEGACY,2024-01-25,BL,JYOTHYLAB,INE668F01031,BASE_SAME_ISIN,JYOTHYLAB,EQ,INE668F01031,lt,lt,lt,lt,isin_eq,base_series=EQ
LEGACY,2024-01-25,BL,KALAMANDIR,INE438K01021,BASE_SAME_ISIN,KALAMANDIR,EQ,INE438K01021,gt,gt,lt,lt,isin_eq,base_series=EQ
LEGACY,2024-01-25,BL,KAYNES,INE918Z01012,BASE_SAME_ISIN,KAYNES,EQ,INE918Z01012,lt,lt,lt,lt,isin_eq,base_series=EQ
LEGACY,2024-01-25,BL,LICI,INE0J1Y01017,BASE_SAME_ISIN,LICI,EQ,INE0J1Y01017,lt,lt,lt,gt,isin_eq,base_series=EQ
LEGACY,2024-01-25,BL,LODHA,INE670K01029,BASE_SAME_ISIN,LODHA,EQ,INE670K01029,lt,lt,lt,gt,isin_eq,base_series=EQ
LEGACY,2024-01-25,BL,LT,INE018A01030,BASE_SAME_ISIN,LT,EQ,INE018A01030,lt,lt,lt,lt,isin_eq,base_series=EQ
LEGACY,2024-01-25,BL,MANAPPURAM,INE522D01027,BASE_SAME_ISIN,MANAPPURAM,EQ,INE522D01027,lt,lt,lt,lt,isin_eq,base_series=EQ
LEGACY,2024-01-25,BL,MANKIND,INE634S01028,BASE_SAME_ISIN,MANKIND,EQ,INE634S01028,lt,lt,lt,gt,isin_eq,base_series=EQ
LEGACY,2024-01-25,BL,MANYAVAR,INE825V01034,BASE_SAME_ISIN,MANYAVAR,EQ,INE825V01034,lt,lt,lt,lt,isin_eq,base_series=EQ
LEGACY,2024-01-25,BL,NHPC,INE848E01016,BASE_SAME_ISIN,NHPC,EQ,INE848E01016,lt,lt,lt,lt,isin_eq,base_series=EQ
LEGACY,2024-01-25,BL,NXST,INE0NDH25011,BASE_SAME_ISIN,NXST,RR,INE0NDH25011,gt,gt,lt,gt,isin_eq,base_series=RR
LEGACY,2024-01-25,BL,NYKAA,INE388Y01029,BASE_SAME_ISIN,NYKAA,EQ,INE388Y01029,gt,gt,lt,gt,isin_eq,base_series=EQ
LEGACY,2024-01-25,BL,OBEROIRLTY,INE093I01010,BASE_SAME_ISIN,OBEROIRLTY,EQ,INE093I01010,lt,lt,lt,gt,isin_eq,base_series=EQ
LEGACY,2024-01-25,BL,PAYTM,INE982J01020,BASE_SAME_ISIN,PAYTM,EQ,INE982J01020,lt,lt,lt,lt,isin_eq,base_series=EQ
LEGACY,2024-01-25,BL,PGINVIT,INE0GGX23010,BASE_SAME_ISIN,PGINVIT,IV,INE0GGX23010,gt,gt,lt,gt,isin_eq,base_series=IV
LEGACY,2024-01-25,BL,PHOENIXLTD,INE211B01039,BASE_SAME_ISIN,PHOENIXLTD,EQ,INE211B01039,lt,lt,lt,gt,isin_eq,base_series=EQ
LEGACY,2024-01-25,BL,POLICYBZR,INE417T01026,BASE_SAME_ISIN,POLICYBZR,EQ,INE417T01026,gt,gt,lt,gt,isin_eq,base_series=EQ
LEGACY,2024-01-25,BL,POWERGRID,INE752E01010,BASE_SAME_ISIN,POWERGRID,EQ,INE752E01010,lt,lt,lt,gt,isin_eq,base_series=EQ
LEGACY,2024-01-25,BL,SAPPHIRE,INE806T01012,BASE_SAME_ISIN,SAPPHIRE,EQ,INE806T01012,gt,gt,lt,gt,isin_eq,base_series=EQ
LEGACY,2024-01-25,BL,SHRIRAMFIN,INE721A01013,BASE_SAME_ISIN,SHRIRAMFIN,EQ,INE721A01013,gt,gt,lt,lt,isin_eq,base_series=EQ
LEGACY,2024-01-25,BL,STAR,INE939A01011,BASE_SAME_ISIN,STAR,EQ,INE939A01011,lt,lt,lt,lt,isin_eq,base_series=EQ
LEGACY,2024-01-25,BL,SUNDARMFIN,INE660A01013,BASE_SAME_ISIN,SUNDARMFIN,EQ,INE660A01013,gt,gt,lt,gt,isin_eq,base_series=EQ
LEGACY,2024-01-25,BL,SUNPHARMA,INE044A01036,BASE_SAME_ISIN,SUNPHARMA,EQ,INE044A01036,lt,lt,lt,gt,isin_eq,base_series=EQ
LEGACY,2024-01-25,BL,SYRMA,INE0DYJ01015,BASE_SAME_ISIN,SYRMA,EQ,INE0DYJ01015,lt,lt,lt,lt,isin_eq,base_series=EQ
LEGACY,2024-01-25,BL,TATASTEEL,INE081A01020,BASE_SAME_ISIN,TATASTEEL,EQ,INE081A01020,lt,lt,lt,gt,isin_eq,base_series=EQ
LEGACY,2024-01-25,BL,TCS,INE467B01029,BASE_SAME_ISIN,TCS,EQ,INE467B01029,lt,lt,lt,gt,isin_eq,base_series=EQ
LEGACY,2024-01-25,BL,TITAN,INE280A01028,BASE_SAME_ISIN,TITAN,EQ,INE280A01028,lt,lt,lt,lt,isin_eq,base_series=EQ
LEGACY,2024-01-25,BL,UBL,INE686F01025,BASE_SAME_ISIN,UBL,EQ,INE686F01025,lt,lt,lt,gt,isin_eq,base_series=EQ
LEGACY,2024-01-25,BL,UNIONBANK,INE692A01016,BASE_SAME_ISIN,UNIONBANK,EQ,INE692A01016,lt,lt,lt,gt,isin_eq,base_series=EQ
LEGACY,2024-01-25,BL,WIPRO,INE075A01022,BASE_SAME_ISIN,WIPRO,EQ,INE075A01022,lt,lt,lt,gt,isin_eq,base_series=EQ
LEGACY,2024-01-25,BL,ZOMATO,INE758T01015,BASE_SAME_ISIN,ZOMATO,EQ,INE758T01015,lt,lt,lt,gt,isin_eq,base_series=EQ
LEGACY,2024-01-29,BL,INFIBEAM,INE483S01020,BASE_SAME_ISIN,INFIBEAM,EQ,INE483S01020,lt,lt,lt,eq,isin_eq,base_series=EQ
LEGACY,2024-01-31,BL,INFIBEAM,INE483S01020,BASE_SAME_ISIN,INFIBEAM,EQ,INE483S01020,lt,lt,lt,gt,isin_eq,base_series=EQ
LEGACY,2024-02-02,BL,INFIBEAM,INE483S01020,BASE_SAME_ISIN,INFIBEAM,EQ,INE483S01020,lt,lt,lt,lt,isin_eq,base_series=EQ
LEGACY,2024-02-07,BL,BSE,INE118H01025,BASE_SAME_ISIN,BSE,EQ,INE118H01025,lt,lt,lt,lt,isin_eq,base_series=EQ
LEGACY,2024-02-08,BL,KALYANKJIL,INE303R01014,BASE_SAME_ISIN,KALYANKJIL,EQ,INE303R01014,gt,gt,lt,lt,isin_eq,base_series=EQ
LEGACY,2024-02-08,BL,MANKIND,INE634S01028,BASE_SAME_ISIN,MANKIND,EQ,INE634S01028,gt,gt,lt,lt,isin_eq,base_series=EQ
LEGACY,2024-02-08,BL,VENUSPIPES,INE0JA001018,BASE_SAME_ISIN,VENUSPIPES,EQ,INE0JA001018,gt,gt,lt,lt,isin_eq,base_series=EQ
LEGACY,2024-02-12,BL,PEL,INE140A01024,BASE_SAME_ISIN,PEL,EQ,INE140A01024,gt,gt,lt,gt,isin_eq,base_series=EQ
LEGACY,2024-02-14,BL,BAJAJFINSV,INE918I01026,BASE_SAME_ISIN,BAJAJFINSV,EQ,INE918I01026,gt,gt,lt,gt,isin_eq,base_series=EQ
LEGACY,2024-02-14,BL,JSL,INE220G01021,BASE_SAME_ISIN,JSL,EQ,INE220G01021,gt,gt,lt,gt,isin_eq,base_series=EQ
LEGACY,2024-02-20,BL,JINDALSAW,INE324A01024,BASE_SAME_ISIN,JINDALSAW,EQ,INE324A01024,gt,gt,lt,lt,isin_eq,base_series=EQ
LEGACY,2024-02-20,BL,JSL,INE220G01021,BASE_SAME_ISIN,JSL,EQ,INE220G01021,lt,lt,lt,lt,isin_eq,base_series=EQ
LEGACY,2024-02-20,BL,TFCILTD,INE305A01015,BASE_SAME_ISIN,TFCILTD,EQ,INE305A01015,gt,gt,lt,lt,isin_eq,base_series=EQ
LEGACY,2024-02-21,BL,CAMPUS,INE278Y01022,BASE_SAME_ISIN,CAMPUS,EQ,INE278Y01022,lt,lt,lt,lt,isin_eq,base_series=EQ
LEGACY,2024-02-21,BL,DEVYANI,INE872J01023,BASE_SAME_ISIN,DEVYANI,EQ,INE872J01023,gt,gt,lt,lt,isin_eq,base_series=EQ
LEGACY,2024-02-27,BL,BSE,INE118H01025,BASE_SAME_ISIN,BSE,EQ,INE118H01025,lt,lt,lt,lt,isin_eq,base_series=EQ
LEGACY,2024-02-28,BL,APTUS,INE852O01025,BASE_SAME_ISIN,APTUS,EQ,INE852O01025,gt,gt,lt,lt,isin_eq,base_series=EQ
LEGACY,2024-02-28,BL,CUPID,INE509F01011,BASE_SAME_ISIN,CUPID,BE,INE509F01011,lt,lt,lt,lt,isin_eq,base_series=BE
LEGACY,2024-02-28,BL,KAMDHENU,INE390H01012,BASE_SAME_ISIN,KAMDHENU,EQ,INE390H01012,lt,lt,lt,lt,isin_eq,base_series=EQ
LEGACY,2024-02-29,BL,JSL,INE220G01021,BASE_SAME_ISIN,JSL,EQ,INE220G01021,gt,gt,lt,gt,isin_eq,base_series=EQ
LEGACY,2024-03-01,BL,JSL,INE220G01021,BASE_SAME_ISIN,JSL,EQ,INE220G01021,gt,gt,lt,gt,isin_eq,base_series=EQ
LEGACY,2024-03-05,BL,HATSUN,INE473B01035,BASE_SAME_ISIN,HATSUN,EQ,INE473B01035,gt,gt,lt,gt,isin_eq,base_series=EQ
LEGACY,2024-03-06,BL,DOLLAR,INE325C01035,BASE_SAME_ISIN,DOLLAR,EQ,INE325C01035,lt,lt,lt,lt,isin_eq,base_series=EQ
LEGACY,2024-03-06,BL,WELCORP,INE191B01025,BASE_SAME_ISIN,WELCORP,EQ,INE191B01025,lt,lt,lt,gt,isin_eq,base_series=EQ
LEGACY,2024-03-07,BL,BHARTIARTL,INE397D01024,BASE_SAME_ISIN,BHARTIARTL,EQ,INE397D01024,gt,gt,lt,lt,isin_eq,base_series=EQ
LEGACY,2024-03-07,BL,BSOFT,INE836A01035,BASE_SAME_ISIN,BSOFT,EQ,INE836A01035,lt,lt,lt,lt,isin_eq,base_series=EQ
LEGACY,2024-03-07,BL,HINDZINC,INE267A01025,BASE_SAME_ISIN,HINDZINC,EQ,INE267A01025,gt,gt,lt,lt,isin_eq,base_series=EQ
LEGACY,2024-03-07,BL,INDIGO,INE646L01027,BASE_SAME_ISIN,INDIGO,EQ,INE646L01027,lt,lt,lt,lt,isin_eq,base_series=EQ
LEGACY,2024-03-07,BL,LODHA,INE670K01029,BASE_SAME_ISIN,LODHA,EQ,INE670K01029,lt,lt,lt,gt,isin_eq,base_series=EQ
LEGACY,2024-03-07,BL,TATAMOTORS,INE155A01022,BASE_SAME_ISIN,TATAMOTORS,EQ,INE155A01022,lt,lt,lt,lt,isin_eq,base_series=EQ
LEGACY,2024-03-07,BL,TORNTPHARM,INE685A01028,BASE_SAME_ISIN,TORNTPHARM,EQ,INE685A01028,lt,lt,lt,gt,isin_eq,base_series=EQ
LEGACY,2024-03-12,BL,INFIBEAM,INE483S01020,BASE_SAME_ISIN,INFIBEAM,EQ,INE483S01020,lt,lt,lt,gt,isin_eq,base_series=EQ
LEGACY,2024-03-14,BL,INFIBEAM,INE483S01020,BASE_SAME_ISIN,INFIBEAM,EQ,INE483S01020,lt,lt,lt,lt,isin_eq,base_series=EQ
LEGACY,2024-03-18,BL,INFIBEAM,INE483S01020,BASE_SAME_ISIN,INFIBEAM,EQ,INE483S01020,lt,lt,lt,gt,isin_eq,base_series=EQ
LEGACY,2024-03-19,BL,LORDSCHLO,INE846D01012,BASE_SAME_ISIN,LORDSCHLO,EQ,INE846D01012,gt,gt,lt,lt,isin_eq,base_series=EQ
LEGACY,2024-03-19,IT,GIRRESORTS,INE316N01015,NO_BASE_ORPHAN,,,,,,,,,
LEGACY,2024-03-20,BL,INFIBEAM,INE483S01020,BASE_SAME_ISIN,INFIBEAM,EQ,INE483S01020,lt,lt,lt,eq,isin_eq,base_series=EQ
LEGACY,2024-03-22,BL,INFIBEAM,INE483S01020,BASE_SAME_ISIN,INFIBEAM,EQ,INE483S01020,lt,lt,lt,lt,isin_eq,base_series=EQ
LEGACY,2024-03-22,BL,SHRIRAMFIN,INE721A01013,BASE_SAME_ISIN,SHRIRAMFIN,EQ,INE721A01013,gt,gt,lt,lt,isin_eq,base_series=EQ
LEGACY,2024-03-22,BL,SOTL,INE035D01020,BASE_SAME_ISIN,SOTL,EQ,INE035D01020,gt,gt,lt,lt,isin_eq,base_series=EQ
LEGACY,2024-03-22,BL,SUNDARMHLD,INE202Z01029,BASE_SAME_ISIN,SUNDARMHLD,EQ,INE202Z01029,gt,gt,lt,lt,isin_eq,base_series=EQ
LEGACY,2024-03-27,BL,SAMHI,INE08U801020,BASE_SAME_ISIN,SAMHI,EQ,INE08U801020,gt,gt,lt,lt,isin_eq,base_series=EQ
LEGACY,2024-03-27,BL,VIJAYA,INE043W01024,BASE_SAME_ISIN,VIJAYA,EQ,INE043W01024,gt,gt,lt,lt,isin_eq,base_series=EQ
LEGACY,2024-03-27,IT,GIRRESORTS,INE316N01015,NO_BASE_ORPHAN,,,,,,,,,
LEGACY,2024-03-28,BL,DHANI,INE274G01010,BASE_SAME_ISIN,DHANI,EQ,INE274G01010,gt,gt,lt,gt,isin_eq,base_series=EQ
LEGACY,2024-03-28,BL,SHRIRAMFIN,INE721A01013,BASE_SAME_ISIN,SHRIRAMFIN,EQ,INE721A01013,gt,gt,lt,gt,isin_eq,base_series=EQ
LEGACY,2024-03-28,T0,AMBUJACEM,INE079A01024,BASE_SAME_ISIN,AMBUJACEM,EQ,INE079A01024,lt,lt,lt,eq,isin_eq,base_series=EQ
LEGACY,2024-03-28,T0,ASHOKLEY,INE208A01029,BASE_SAME_ISIN,ASHOKLEY,EQ,INE208A01029,lt,lt,lt,eq,isin_eq,base_series=EQ
LEGACY,2024-03-28,T0,BANKBARODA,INE028A01039,BASE_SAME_ISIN,BANKBARODA,EQ,INE028A01039,lt,lt,lt,eq,isin_eq,base_series=EQ
LEGACY,2024-03-28,T0,DIVISLAB,INE361B01024,BASE_SAME_ISIN,DIVISLAB,EQ,INE361B01024,lt,lt,lt,eq,isin_eq,base_series=EQ
LEGACY,2024-03-28,T0,HINDALCO,INE038A01020,BASE_SAME_ISIN,HINDALCO,EQ,INE038A01020,lt,lt,lt,eq,isin_eq,base_series=EQ
LEGACY,2024-03-28,T0,LICHSGFIN,INE115A01026,BASE_SAME_ISIN,LICHSGFIN,EQ,INE115A01026,lt,lt,lt,eq,isin_eq,base_series=EQ
LEGACY,2024-03-28,T0,LTIM,INE214T01019,BASE_SAME_ISIN,LTIM,EQ,INE214T01019,lt,lt,lt,eq,isin_eq,base_series=EQ
LEGACY,2024-03-28,T0,MOTHERSON,INE775A01035,BASE_SAME_ISIN,MOTHERSON,EQ,INE775A01035,lt,lt,lt,eq,isin_eq,base_series=EQ
LEGACY,2024-03-28,T0,NESTLEIND,INE239A01024,BASE_SAME_ISIN,NESTLEIND,EQ,INE239A01024,lt,lt,lt,eq,isin_eq,base_series=EQ
LEGACY,2024-03-28,T0,NMDC,INE584A01023,BASE_SAME_ISIN,NMDC,EQ,INE584A01023,lt,lt,lt,eq,isin_eq,base_series=EQ
LEGACY,2024-03-28,T0,ONGC,INE213A01029,BASE_SAME_ISIN,ONGC,EQ,INE213A01029,lt,lt,lt,eq,isin_eq,base_series=EQ
LEGACY,2024-03-28,T0,SBIN,INE062A01020,BASE_SAME_ISIN,SBIN,EQ,INE062A01020,lt,lt,lt,eq,isin_eq,base_series=EQ
LEGACY,2024-03-28,T0,TRENT,INE849A01020,BASE_SAME_ISIN,TRENT,EQ,INE849A01020,lt,lt,lt,eq,isin_eq,base_series=EQ
LEGACY,2024-03-28,T0,UNIONBANK,INE692A01016,BASE_SAME_ISIN,UNIONBANK,EQ,INE692A01016,lt,lt,lt,eq,isin_eq,base_series=EQ
LEGACY,2024-04-02,T0,SBIN,INE062A01020,BASE_SAME_ISIN,SBIN,EQ,INE062A01020,lt,lt,lt,eq,isin_eq,base_series=EQ
LEGACY,2024-04-02,T0,VEDL,INE205A01025,BASE_SAME_ISIN,VEDL,EQ,INE205A01025,lt,lt,lt,eq,isin_eq,base_series=EQ
LEGACY,2024-04-03,T0,NMDC,INE584A01023,BASE_SAME_ISIN,NMDC,EQ,INE584A01023,lt,lt,lt,eq,isin_eq,base_series=EQ
LEGACY,2024-04-03,T0,VEDL,INE205A01025,BASE_SAME_ISIN,VEDL,EQ,INE205A01025,lt,lt,lt,eq,isin_eq,base_series=EQ
LEGACY,2024-04-04,T0,SBIN,INE062A01020,BASE_SAME_ISIN,SBIN,EQ,INE062A01020,lt,lt,lt,eq,isin_eq,base_series=EQ
LEGACY,2024-04-08,T0,SBIN,INE062A01020,BASE_SAME_ISIN,SBIN,EQ,INE062A01020,lt,lt,lt,eq,isin_eq,base_series=EQ
LEGACY,2024-04-09,BL,AXISBANK,INE238A01034,BASE_SAME_ISIN,AXISBANK,EQ,INE238A01034,lt,lt,lt,lt,isin_eq,base_series=EQ
LEGACY,2024-04-09,BL,HCLTECH,INE860A01027,BASE_SAME_ISIN,HCLTECH,EQ,INE860A01027,lt,lt,lt,lt,isin_eq,base_series=EQ
LEGACY,2024-04-09,BL,HDFCBANK,INE040A01034,BASE_SAME_ISIN,HDFCBANK,EQ,INE040A01034,lt,lt,lt,lt,isin_eq,base_series=EQ
LEGACY,2024-04-09,BL,M&M,INE101A01026,BASE_SAME_ISIN,M&M,EQ,INE101A01026,lt,lt,lt,lt,isin_eq,base_series=EQ
LEGACY,2024-04-09,BL,MGL,INE002S01010,BASE_SAME_ISIN,MGL,EQ,INE002S01010,lt,lt,lt,gt,isin_eq,base_series=EQ
LEGACY,2024-04-09,BL,PETRONET,INE347G01014,BASE_SAME_ISIN,PETRONET,EQ,INE347G01014,lt,lt,lt,lt,isin_eq,base_series=EQ
LEGACY,2024-04-19,T0,NMDC,INE584A01023,BASE_SAME_ISIN,NMDC,EQ,INE584A01023,lt,lt,lt,eq,isin_eq,base_series=EQ
LEGACY,2024-04-23,BL,BANDHANBNK,INE545U01014,BASE_SAME_ISIN,BANDHANBNK,EQ,INE545U01014,gt,gt,lt,lt,isin_eq,base_series=EQ
LEGACY,2024-04-23,BL,BANKBARODA,INE028A01039,BASE_SAME_ISIN,BANKBARODA,EQ,INE028A01039,gt,gt,lt,gt,isin_eq,base_series=EQ
LEGACY,2024-04-23,BL,BANKINDIA,INE084A01016,BASE_SAME_ISIN,BANKINDIA,EQ,INE084A01016,lt,lt,lt,lt,isin_eq,base_series=EQ
LEGACY,2024-04-23,BL,BIKAJI,INE00E101023,BASE_SAME_ISIN,BIKAJI,EQ,INE00E101023,gt,gt,lt,lt,isin_eq,base_series=EQ
LEGACY,2024-04-23,BL,CAMPUS,INE278Y01022,BASE_SAME_ISIN,CAMPUS,EQ,INE278Y01022,gt,gt,lt,lt,isin_eq,base_series=EQ
LEGACY,2024-04-23,BL,CANBK,INE476A01014,BASE_SAME_ISIN,CANBK,EQ,INE476A01014,gt,gt,lt,lt,isin_eq,base_series=EQ
LEGACY,2024-04-23,BL,CHALET,INE427F01016,BASE_SAME_ISIN,CHALET,EQ,INE427F01016,gt,gt,lt,gt,isin_eq,base_series=EQ
LEGACY,2024-04-23,BL,DEVYANI,INE872J01023,BASE_SAME_ISIN,DEVYANI,EQ,INE872J01023,lt,lt,lt,lt,isin_eq,base_series=EQ
LEGACY,2024-04-23,BL,ISEC,INE763G01038,BASE_SAME_ISIN,ISEC,EQ,INE763G01038,lt,lt,lt,lt,isin_eq,base_series=EQ
LEGACY,2024-04-23,BL,LICI,INE0J1Y01017,BASE_SAME_ISIN,LICI,EQ,INE0J1Y01017,lt,lt,lt,lt,isin_eq,base_series=EQ
LEGACY,2024-04-23,BL,MANAPPURAM,INE522D01027,BASE_SAME_ISIN,MANAPPURAM,EQ,INE522D01027,gt,gt,lt,gt,isin_eq,base_series=EQ
LEGACY,2024-04-23,BL,MANYAVAR,INE825V01034,BASE_SAME_ISIN,MANYAVAR,EQ,INE825V01034,gt,gt,lt,gt,isin_eq,base_series=EQ
LEGACY,2024-04-23,BL,NXST,INE0NDH25011,BASE_SAME_ISIN,NXST,RR,INE0NDH25011,gt,gt,lt,gt,isin_eq,base_series=RR
LEGACY,2024-04-23,BL,PFC,INE134E01011,BASE_SAME_ISIN,PFC,EQ,INE134E01011,lt,lt,lt,gt,isin_eq,base_series=EQ
LEGACY,2024-04-23,BL,PNBHOUSING,INE572E01012,BASE_SAME_ISIN,PNBHOUSING,EQ,INE572E01012,lt,lt,lt,lt,isin_eq,base_series=EQ
LEGACY,2024-04-23,BL,POLICYBZR,INE417T01026,BASE_SAME_ISIN,POLICYBZR,EQ,INE417T01026,lt,lt,lt,gt,isin_eq,base_series=EQ
LEGACY,2024-04-23,BL,PRESTIGE,INE811K01011,BASE_SAME_ISIN,PRESTIGE,EQ,INE811K01011,lt,lt,lt,lt,isin_eq,base_series=EQ
LEGACY,2024-04-23,BL,RECLTD,INE020B01018,BASE_SAME_ISIN,RECLTD,EQ,INE020B01018,lt,lt,lt,lt,isin_eq,base_series=EQ
LEGACY,2024-04-23,BL,SAMHI,INE08U801020,BASE_SAME_ISIN,SAMHI,EQ,INE08U801020,lt,lt,lt,lt,isin_eq,base_series=EQ
LEGACY,2024-04-23,BL,UNIONBANK,INE692A01016,BASE_SAME_ISIN,UNIONBANK,EQ,INE692A01016,lt,lt,lt,gt,isin_eq,base_series=EQ
LEGACY,2024-04-23,BL,ZOMATO,INE758T01015,BASE_SAME_ISIN,ZOMATO,EQ,INE758T01015,lt,lt,lt,gt,isin_eq,base_series=EQ
LEGACY,2024-04-24,BL,DELHIVERY,INE148O01028,BASE_SAME_ISIN,DELHIVERY,EQ,INE148O01028,gt,gt,lt,lt,isin_eq,base_series=EQ
LEGACY,2024-04-26,T0,NMDC,INE584A01023,BASE_SAME_ISIN,NMDC,EQ,INE584A01023,lt,lt,lt,eq,isin_eq,base_series=EQ
LEGACY,2024-04-26,T0,SBIN,INE062A01020,BASE_SAME_ISIN,SBIN,EQ,INE062A01020,lt,lt,lt,eq,isin_eq,base_series=EQ
LEGACY,2024-05-02,BL,ZAGGLE,INE07K301024,BASE_SAME_ISIN,ZAGGLE,EQ,INE07K301024,gt,gt,lt,lt,isin_eq,base_series=EQ
LEGACY,2024-05-03,BL,GRAVITA,INE024L01027,BASE_SAME_ISIN,GRAVITA,EQ,INE024L01027,gt,gt,lt,lt,isin_eq,base_series=EQ
LEGACY,2024-05-10,BL,JINDALSAW,INE324A01024,BASE_SAME_ISIN,JINDALSAW,EQ,INE324A01024,lt,lt,lt,lt,isin_eq,base_series=EQ
LEGACY,2024-05-15,BL,CIPLA,INE059A01026,BASE_SAME_ISIN,CIPLA,EQ,INE059A01026,gt,gt,lt,lt,isin_eq,base_series=EQ
LEGACY,2024-05-16,BL,JINDALSAW,INE324A01024,BASE_SAME_ISIN,JINDALSAW,EQ,INE324A01024,gt,gt,lt,gt,isin_eq,base_series=EQ
LEGACY,2024-05-17,BL,POLICYBZR,INE417T01026,BASE_SAME_ISIN,POLICYBZR,EQ,INE417T01026,gt,gt,lt,lt,isin_eq,base_series=EQ
LEGACY,2024-05-22,BL,GRANULES,INE101D01020,BASE_SAME_ISIN,GRANULES,EQ,INE101D01020,gt,gt,lt,lt,isin_eq,base_series=EQ
LEGACY,2024-05-23,BL,INTLCONV,INE575C01027,BASE_SAME_ISIN,INTLCONV,EQ,INE575C01027,gt,gt,lt,gt,isin_eq,base_series=EQ
LEGACY,2024-05-23,BL,STARHEALTH,INE575P01011,BASE_SAME_ISIN,STARHEALTH,EQ,INE575P01011,gt,gt,lt,lt,isin_eq,base_series=EQ
LEGACY,2024-05-27,BL,LUMAXTECH,INE872H01027,BASE_SAME_ISIN,LUMAXTECH,EQ,INE872H01027,gt,gt,lt,lt,isin_eq,base_series=EQ
LEGACY,2024-05-29,T0,SBIN,INE062A01020,BASE_SAME_ISIN,SBIN,EQ,INE062A01020,lt,lt,lt,eq,isin_eq,base_series=EQ
LEGACY,2024-06-03,T0,BANKBARODA,INE028A01039,BASE_SAME_ISIN,BANKBARODA,EQ,INE028A01039,lt,lt,lt,eq,isin_eq,base_series=EQ
LEGACY,2024-06-04,BL,HGS,INE170I01016,BASE_SAME_ISIN,HGS,EQ,INE170I01016,gt,gt,lt,gt,isin_eq,base_series=EQ
LEGACY,2024-06-06,BL,PONNIERODE,INE838E01017,BASE_SAME_ISIN,PONNIERODE,EQ,INE838E01017,gt,gt,lt,gt,isin_eq,base_series=EQ
LEGACY,2024-06-11,BL,IWEL,INE0FLR01028,BASE_SAME_ISIN,IWEL,BE,INE0FLR01028,gt,gt,lt,gt,isin_eq,base_series=BE
LEGACY,2024-06-11,BL,RRKABEL,INE777K01022,BASE_SAME_ISIN,RRKABEL,EQ,INE777K01022,lt,lt,lt,gt,isin_eq,base_series=EQ
LEGACY,2024-06-13,BL,INDIGO,INE646L01027,BASE_SAME_ISIN,INDIGO,EQ,INE646L01027,lt,lt,lt,lt,isin_eq,base_series=EQ
LEGACY,2024-06-14,BL,DALBHARAT,INE00R701025,BASE_SAME_ISIN,DALBHARAT,EQ,INE00R701025,gt,gt,lt,lt,isin_eq,base_series=EQ
LEGACY,2024-06-14,BL,PAYTM,INE982J01020,BASE_SAME_ISIN,PAYTM,EQ,INE982J01020,lt,lt,lt,gt,isin_eq,base_series=EQ
LEGACY,2024-06-14,BL,SHRIRAMFIN,INE721A01013,BASE_SAME_ISIN,SHRIRAMFIN,EQ,INE721A01013,lt,lt,lt,lt,isin_eq,base_series=EQ
LEGACY,2024-06-14,T0,ONGC,INE213A01029,BASE_SAME_ISIN,ONGC,EQ,INE213A01029,lt,lt,lt,eq,isin_eq,base_series=EQ
LEGACY,2024-06-18,BL,JSL,INE220G01021,BASE_SAME_ISIN,JSL,EQ,INE220G01021,lt,lt,lt,gt,isin_eq,base_series=EQ
LEGACY,2024-06-18,BL,MOTHERSON,INE775A01035,BASE_SAME_ISIN,MOTHERSON,EQ,INE775A01035,lt,lt,lt,lt,isin_eq,base_series=EQ
LEGACY,2024-06-18,BL,PAYTM,INE982J01020,BASE_SAME_ISIN,PAYTM,EQ,INE982J01020,lt,lt,lt,gt,isin_eq,base_series=EQ
LEGACY,2024-06-18,BL,SHRIRAMFIN,INE721A01013,BASE_SAME_ISIN,SHRIRAMFIN,EQ,INE721A01013,lt,lt,lt,lt,isin_eq,base_series=EQ
LEGACY,2024-06-19,BL,ADVENZYMES,INE837H01020,BASE_SAME_ISIN,ADVENZYMES,EQ,INE837H01020,gt,gt,lt,gt,isin_eq,base_series=EQ
LEGACY,2024-06-19,BL,PEL,INE140A01024,BASE_SAME_ISIN,PEL,EQ,INE140A01024,gt,gt,lt,gt,isin_eq,base_series=EQ
LEGACY,2024-06-19,BL,SANSERA,INE953O01021,BASE_SAME_ISIN,SANSERA,EQ,INE953O01021,gt,gt,lt,lt,isin_eq,base_series=EQ
LEGACY,2024-06-20,BL,PEL,INE140A01024,BASE_SAME_ISIN,PEL,EQ,INE140A01024,gt,gt,lt,lt,isin_eq,base_series=EQ
LEGACY,2024-06-20,BL,RATEGAIN,INE0CLI01024,BASE_SAME_ISIN,RATEGAIN,EQ,INE0CLI01024,gt,gt,lt,lt,isin_eq,base_series=EQ
LEGACY,2024-06-21,BL,PEL,INE140A01024,BASE_SAME_ISIN,PEL,EQ,INE140A01024,gt,gt,lt,gt,isin_eq,base_series=EQ
LEGACY,2024-06-24,BL,JSL,INE220G01021,BASE_SAME_ISIN,JSL,EQ,INE220G01021,gt,gt,lt,gt,isin_eq,base_series=EQ
LEGACY,2024-06-24,BL,PEL,INE140A01024,BASE_SAME_ISIN,PEL,EQ,INE140A01024,gt,gt,lt,gt,isin_eq,base_series=EQ
LEGACY,2024-06-25,BL,ALKEM,INE540L01014,BASE_SAME_ISIN,ALKEM,EQ,INE540L01014,lt,lt,lt,lt,isin_eq,base_series=EQ
LEGACY,2024-06-25,BL,PEL,INE140A01024,BASE_SAME_ISIN,PEL,EQ,INE140A01024,gt,gt,lt,lt,isin_eq,base_series=EQ
LEGACY,2024-06-26,BL,HNDFDS,INE254N01026,BASE_SAME_ISIN,HNDFDS,EQ,INE254N01026,gt,gt,lt,lt,isin_eq,base_series=EQ
LEGACY,2024-06-26,BL,PEL,INE140A01024,BASE_SAME_ISIN,PEL,EQ,INE140A01024,lt,lt,lt,lt,isin_eq,base_series=EQ
LEGACY,2024-06-26,BL,SHARDAMOTR,INE597I01028,BASE_SAME_ISIN,SHARDAMOTR,EQ,INE597I01028,gt,gt,lt,lt,isin_eq,base_series=EQ
LEGACY,2024-06-27,BL,CSBBANK,INE679A01013,BASE_SAME_ISIN,CSBBANK,EQ,INE679A01013,gt,gt,lt,lt,isin_eq,base_series=EQ
LEGACY,2024-06-28,BL,HCLTECH,INE860A01027,BASE_SAME_ISIN,HCLTECH,EQ,INE860A01027,gt,gt,lt,lt,isin_eq,base_series=EQ
LEGACY,2024-06-28,BL,SOLARA,INE624Z01016,BASE_SAME_ISIN,SOLARA,EQ,INE624Z01016,gt,gt,lt,lt,isin_eq,base_series=EQ
LEGACY,2024-06-28,T0,ASHOKLEY,INE208A01029,BASE_SAME_ISIN,ASHOKLEY,EQ,INE208A01029,lt,lt,lt,eq,isin_eq,base_series=EQ
LEGACY,2024-07-01,T0,MOTHERSON,INE775A01035,BASE_SAME_ISIN,MOTHERSON,EQ,INE775A01035,lt,lt,lt,eq,isin_eq,base_series=EQ
UDIFF,2024-07-08,BL,SWANENERGY,INE665A01038,BASE_SAME_ISIN,SWANENERGY,EQ,INE665A01038,gt,gt,lt,lt,isin_eq,base_series=EQ
UDIFF,2024-07-09,T0,VEDL,INE205A01025,BASE_SAME_ISIN,VEDL,EQ,INE205A01025,lt,lt,lt,eq,isin_eq,base_series=EQ
UDIFF,2024-07-10,BL,MANKIND,INE634S01028,BASE_SAME_ISIN,MANKIND,EQ,INE634S01028,gt,gt,lt,lt,isin_eq,base_series=EQ
UDIFF,2024-07-10,BL,NYKAA,INE388Y01029,BASE_SAME_ISIN,NYKAA,EQ,INE388Y01029,gt,gt,lt,lt,isin_eq,base_series=EQ
UDIFF,2024-07-11,BL,GODREJAGRO,INE850D01014,BASE_SAME_ISIN,GODREJAGRO,EQ,INE850D01014,gt,gt,lt,lt,isin_eq,base_series=EQ
UDIFF,2024-07-11,BL,GODREJPROP,INE484J01027,BASE_SAME_ISIN,GODREJPROP,EQ,INE484J01027,gt,gt,lt,gt,isin_eq,base_series=EQ
UDIFF,2024-07-11,BL,INDIGRID,INE219X23014,BASE_SAME_ISIN,INDIGRID,IV,INE219X23014,gt,gt,lt,lt,isin_eq,base_series=IV
UDIFF,2024-07-15,BL,GODREJCP,INE102D01028,BASE_SAME_ISIN,GODREJCP,EQ,INE102D01028,gt,gt,lt,gt,isin_eq,base_series=EQ
UDIFF,2024-07-16,BL,ZOMATO,INE758T01015,BASE_SAME_ISIN,ZOMATO,EQ,INE758T01015,lt,lt,lt,gt,isin_eq,base_series=EQ
UDIFF,2024-07-29,BL,INDHOTEL,INE053A01029,BASE_SAME_ISIN,INDHOTEL,EQ,INE053A01029,lt,lt,lt,lt,isin_eq,base_series=EQ
UDIFF,2024-07-29,BL,JYOTICNC,INE980O01024,BASE_SAME_ISIN,JYOTICNC,EQ,INE980O01024,gt,gt,lt,lt,isin_eq,base_series=EQ
UDIFF,2024-07-30,BL,BAJAJFINSV,INE918I01026,BASE_SAME_ISIN,BAJAJFINSV,EQ,INE918I01026,lt,lt,lt,gt,isin_eq,base_series=EQ
UDIFF,2024-07-30,BL,SARDAEN,INE385C01021,BASE_SAME_ISIN,SARDAEN,EQ,INE385C01021,gt,gt,lt,gt,isin_eq,base_series=EQ
UDIFF,2024-08-02,BL,NETWEB,INE0NT901020,BASE_SAME_ISIN,NETWEB,EQ,INE0NT901020,gt,gt,lt,lt,isin_eq,base_series=EQ
UDIFF,2024-08-05,BL,JUBLPHARMA,INE700A01033,BASE_SAME_ISIN,JUBLPHARMA,EQ,INE700A01033,gt,gt,lt,gt,isin_eq,base_series=EQ
UDIFF,2024-08-06,BL,ZYDUSWELL,INE768C01010,BASE_SAME_ISIN,ZYDUSWELL,EQ,INE768C01010,gt,gt,lt,lt,isin_eq,base_series=EQ
UDIFF,2024-08-07,BL,ADANIENSOL,INE931S01010,BASE_SAME_ISIN,ADANIENSOL,EQ,INE931S01010,lt,lt,lt,lt,isin_eq,base_series=EQ
UDIFF,2024-08-07,BL,ADFFOODS,INE982B01027,BASE_SAME_ISIN,ADFFOODS,EQ,INE982B01027,gt,gt,lt,lt,isin_eq,base_series=EQ
UDIFF,2024-08-07,BL,ORIENTCER,INE569C01020,BASE_SAME_ISIN,ORIENTCER,EQ,INE569C01020,gt,gt,lt,lt,isin_eq,base_series=EQ
UDIFF,2024-08-07,BL,TRENT,INE849A01020,BASE_SAME_ISIN,TRENT,EQ,INE849A01020,lt,lt,lt,lt,isin_eq,base_series=EQ
UDIFF,2024-08-08,BL,DCW,INE500A01029,BASE_SAME_ISIN,DCW,EQ,INE500A01029,lt,lt,lt,gt,isin_eq,base_series=EQ
UDIFF,2024-08-13,BL,SUNDRMFAST,INE387A01021,BASE_SAME_ISIN,SUNDRMFAST,EQ,INE387A01021,gt,gt,lt,lt,isin_eq,base_series=EQ
UDIFF,2024-08-14,BL,ASHAPURMIN,INE348A01023,BASE_SAME_ISIN,ASHAPURMIN,EQ,INE348A01023,gt,gt,lt,lt,isin_eq,base_series=EQ
UDIFF,2024-08-19,BL,ETHOSLTD,INE04TZ01018,BASE_SAME_ISIN,ETHOSLTD,EQ,INE04TZ01018,gt,gt,lt,gt,isin_eq,base_series=EQ
UDIFF,2024-08-19,BL,SHRIRAMFIN,INE721A01013,BASE_SAME_ISIN,SHRIRAMFIN,EQ,INE721A01013,lt,lt,lt,lt,isin_eq,base_series=EQ
UDIFF,2024-08-19,T0,SBIN,INE062A01020,BASE_SAME_ISIN,SBIN,EQ,INE062A01020,lt,lt,lt,eq,isin_eq,base_series=EQ
UDIFF,2024-08-20,BL,ADFFOODS,INE982B01027,BASE_SAME_ISIN,ADFFOODS,EQ,INE982B01027,gt,gt,lt,lt,isin_eq,base_series=EQ
UDIFF,2024-08-20,BL,VERTOZ,INE188Y01023,BASE_SAME_ISIN,VERTOZ,EQ,INE188Y01023,gt,gt,lt,gt,isin_eq,base_series=EQ
UDIFF,2024-08-21,BL,KIRIINDUS,INE415I01015,BASE_SAME_ISIN,KIRIINDUS,EQ,INE415I01015,gt,gt,lt,gt,isin_eq,base_series=EQ
UDIFF,2024-08-21,BL,TRENT,INE849A01020,BASE_SAME_ISIN,TRENT,EQ,INE849A01020,lt,lt,lt,gt,isin_eq,base_series=EQ
UDIFF,2024-08-22,BL,ALKEM,INE540L01014,BASE_SAME_ISIN,ALKEM,EQ,INE540L01014,gt,gt,lt,lt,isin_eq,base_series=EQ
UDIFF,2024-08-22,BL,ALMONDZ,INE326B01035,BASE_SAME_ISIN,ALMONDZ,BE,INE326B01035,gt,gt,lt,lt,isin_eq,base_series=BE
UDIFF,2024-08-22,BL,ERIS,INE406M01024,BASE_SAME_ISIN,ERIS,EQ,INE406M01024,gt,gt,lt,lt,isin_eq,base_series=EQ
UDIFF,2024-08-22,BL,KALYANKJIL,INE303R01014,BASE_SAME_ISIN,KALYANKJIL,EQ,INE303R01014,gt,gt,lt,lt,isin_eq,base_series=EQ
UDIFF,2024-08-22,BL,NIITLTD,INE161A01038,BASE_SAME_ISIN,NIITLTD,EQ,INE161A01038,gt,gt,lt,lt,isin_eq,base_series=EQ
UDIFF,2024-08-23,BL,AMBUJACEM,INE079A01024,BASE_SAME_ISIN,AMBUJACEM,EQ,INE079A01024,gt,gt,lt,lt,isin_eq,base_series=EQ
UDIFF,2024-08-23,BL,SEAMECLTD,INE497B01018,BASE_SAME_ISIN,SEAMECLTD,EQ,INE497B01018,gt,gt,lt,gt,isin_eq,base_series=EQ
UDIFF,2024-08-23,BL,WEL,INE02WG01016,BASE_SAME_ISIN,WEL,EQ,INE02WG01016,gt,gt,lt,gt,isin_eq,base_series=EQ
UDIFF,2024-08-26,BL,ADANIPOWER,INE814H01011,BASE_SAME_ISIN,ADANIPOWER,EQ,INE814H01011,lt,lt,lt,gt,isin_eq,base_series=EQ
UDIFF,2024-08-26,BL,AUBANK,INE949L01017,BASE_SAME_ISIN,AUBANK,EQ,INE949L01017,gt,gt,lt,lt,isin_eq,base_series=EQ
UDIFF,2024-08-26,BL,CGPOWER,INE067A01029,BASE_SAME_ISIN,CGPOWER,EQ,INE067A01029,lt,lt,lt,lt,isin_eq,base_series=EQ
UDIFF,2024-08-26,BL,SEAMECLTD,INE497B01018,BASE_SAME_ISIN,SEAMECLTD,EQ,INE497B01018,gt,gt,lt,gt,isin_eq,base_series=EQ
UDIFF,2024-08-26,BL,VBL,INE200M01021,BASE_SAME_ISIN,VBL,EQ,INE200M01021,lt,lt,lt,gt,isin_eq,base_series=EQ
UDIFF,2024-08-26,BL,WEL,INE02WG01016,BASE_SAME_ISIN,WEL,EQ,INE02WG01016,lt,lt,lt,gt,isin_eq,base_series=EQ
UDIFF,2024-08-27,BL,BAJAJFINSV,INE918I01026,BASE_SAME_ISIN,BAJAJFINSV,EQ,INE918I01026,lt,lt,lt,lt,isin_eq,base_series=EQ
UDIFF,2024-08-27,BL,TRENT,INE849A01020,BASE_SAME_ISIN,TRENT,EQ,INE849A01020,gt,gt,lt,gt,isin_eq,base_series=EQ
UDIFF,2024-08-28,BL,ADANIGREEN,INE364U01010,BASE_SAME_ISIN,ADANIGREEN,EQ,INE364U01010,lt,lt,lt,lt,isin_eq,base_series=EQ
UDIFF,2024-08-28,BL,ADFFOODS,INE982B01027,BASE_SAME_ISIN,ADFFOODS,EQ,INE982B01027,gt,gt,lt,gt,isin_eq,base_series=EQ
UDIFF,2024-08-28,BL,DMART,INE192R01011,BASE_SAME_ISIN,DMART,EQ,INE192R01011,lt,lt,lt,lt,isin_eq,base_series=EQ
UDIFF,2024-08-28,BL,GMMPFAUDLR,INE541A01023,BASE_SAME_ISIN,GMMPFAUDLR,EQ,INE541A01023,lt,lt,lt,lt,isin_eq,base_series=EQ
UDIFF,2024-08-28,BL,HNDFDS,INE254N01026,BASE_SAME_ISIN,HNDFDS,EQ,INE254N01026,gt,gt,lt,lt,isin_eq,base_series=EQ
UDIFF,2024-08-28,BL,KIMS,INE967H01017,BASE_SAME_ISIN,KIMS,EQ,INE967H01017,gt,gt,lt,lt,isin_eq,base_series=EQ
UDIFF,2024-08-28,BL,MAXHEALTH,INE027H01010,BASE_SAME_ISIN,MAXHEALTH,EQ,INE027H01010,lt,lt,lt,lt,isin_eq,base_series=EQ
UDIFF,2024-08-29,BL,JLHL,INE682M01012,BASE_SAME_ISIN,JLHL,EQ,INE682M01012,gt,gt,lt,lt,isin_eq,base_series=EQ
UDIFF,2024-08-29,BL,WELSPUNLIV,INE192B01031,BASE_SAME_ISIN,WELSPUNLIV,EQ,INE192B01031,lt,lt,lt,gt,isin_eq,base_series=EQ
UDIFF,2024-09-02,BL,HDFCBANK,INE040A01034,BASE_SAME_ISIN,HDFCBANK,EQ,INE040A01034,lt,lt,lt,gt,isin_eq,base_series=EQ
UDIFF,2024-09-02,BL,TRENT,INE849A01020,BASE_SAME_ISIN,TRENT,EQ,INE849A01020,gt,gt,lt,lt,isin_eq,base_series=EQ
UDIFF,2024-09-03,BL,CYIENTDLM,INE055S01018,BASE_SAME_ISIN,CYIENTDLM,EQ,INE055S01018,gt,gt,lt,gt,isin_eq,base_series=EQ
UDIFF,2024-09-03,BL,KPIGREEN,INE542W01025,BASE_SAME_ISIN,KPIGREEN,BE,INE542W01025,lt,lt,lt,lt,isin_eq,base_series=BE
UDIFF,2024-09-03,BL,MEDIASSIST,INE456Z01021,BASE_SAME_ISIN,MEDIASSIST,EQ,INE456Z01021,gt,gt,lt,gt,isin_eq,base_series=EQ
UDIFF,2024-09-03,BL,RBLBANK,INE976G01028,BASE_SAME_ISIN,RBLBANK,EQ,INE976G01028,lt,lt,lt,gt,isin_eq,base_series=EQ
UDIFF,2024-09-03,BL,SULA,INE142Q01026,BASE_SAME_ISIN,SULA,EQ,INE142Q01026,lt,lt,lt,gt,isin_eq,base_series=EQ
UDIFF,2024-09-03,BL,TFCILTD,INE305A01015,BASE_SAME_ISIN,TFCILTD,EQ,INE305A01015,gt,gt,lt,lt,isin_eq,base_series=EQ
UDIFF,2024-09-04,BL,CAMLINFINE,INE052I01032,BASE_SAME_ISIN,CAMLINFINE,EQ,INE052I01032,lt,lt,lt,lt,isin_eq,base_series=EQ
UDIFF,2024-09-04,BL,SASTASUNDR,INE019J01013,BASE_SAME_ISIN,SASTASUNDR,EQ,INE019J01013,gt,gt,lt,gt,isin_eq,base_series=EQ
UDIFF,2024-09-04,BL,TRENT,INE849A01020,BASE_SAME_ISIN,TRENT,EQ,INE849A01020,lt,lt,lt,lt,isin_eq,base_series=EQ
UDIFF,2024-09-05,T0,SBIN,INE062A01020,BASE_SAME_ISIN,SBIN,EQ,INE062A01020,lt,lt,lt,eq,isin_eq,base_series=EQ
UDIFF,2024-09-06,BL,HGS,INE170I01016,BASE_SAME_ISIN,HGS,EQ,INE170I01016,gt,gt,lt,gt,isin_eq,base_series=EQ
UDIFF,2024-09-06,BL,METROBRAND,INE317I01021,BASE_SAME_ISIN,METROBRAND,EQ,INE317I01021,gt,gt,lt,gt,isin_eq,base_series=EQ
UDIFF,2024-09-06,BL,SHRIPISTON,INE526E01018,BASE_SAME_ISIN,SHRIPISTON,EQ,INE526E01018,gt,gt,lt,lt,isin_eq,base_series=EQ
UDIFF,2024-09-09,BL,TRENT,INE849A01020,BASE_SAME_ISIN,TRENT,EQ,INE849A01020,gt,gt,lt,lt,isin_eq,base_series=EQ
UDIFF,2024-09-10,BL,TRENT,INE849A01020,BASE_SAME_ISIN,TRENT,EQ,INE849A01020,lt,lt,lt,lt,isin_eq,base_series=EQ
UDIFF,2024-09-11,BL,ARVINDFASN,INE955V01021,BASE_SAME_ISIN,ARVINDFASN,EQ,INE955V01021,lt,lt,lt,lt,isin_eq,base_series=EQ
UDIFF,2024-09-12,BL,PNBHOUSING,INE572E01012,BASE_SAME_ISIN,PNBHOUSING,EQ,INE572E01012,lt,lt,lt,lt,isin_eq,base_series=EQ
UDIFF,2024-09-13,BL,EDELWEISS,INE532F01054,BASE_SAME_ISIN,EDELWEISS,EQ,INE532F01054,gt,gt,lt,lt,isin_eq,base_series=EQ
UDIFF,2024-09-13,BL,JAGSNPHARM,INE048B01027,BASE_SAME_ISIN,JAGSNPHARM,EQ,INE048B01027,gt,gt,lt,lt,isin_eq,base_series=EQ
UDIFF,2024-09-16,BL,EDELWEISS,INE532F01054,BASE_SAME_ISIN,EDELWEISS,EQ,INE532F01054,lt,lt,lt,lt,isin_eq,base_series=EQ
UDIFF,2024-09-16,BL,GANESHHOUC,INE460C01014,BASE_SAME_ISIN,GANESHHOUC,EQ,INE460C01014,gt,gt,lt,gt,isin_eq,base_series=EQ
UDIFF,2024-09-17,BL,NUVOCO,INE118D01016,BASE_SAME_ISIN,NUVOCO,EQ,INE118D01016,lt,lt,lt,lt,isin_eq,base_series=EQ
UDIFF,2024-09-17,BL,TRENT,INE849A01020,BASE_SAME_ISIN,TRENT,EQ,INE849A01020,gt,gt,lt,lt,isin_eq,base_series=EQ
UDIFF,2024-09-18,BL,RBA,INE07T201019,BASE_SAME_ISIN,RBA,EQ,INE07T201019,gt,gt,lt,lt,isin_eq,base_series=EQ
UDIFF,2024-09-23,BL,CAPACITE,INE264T01014,BASE_SAME_ISIN,CAPACITE,EQ,INE264T01014,lt,lt,lt,gt,isin_eq,base_series=EQ
UDIFF,2024-09-23,BL,V2RETAIL,INE945H01013,BASE_SAME_ISIN,V2RETAIL,BE,INE945H01013,gt,gt,lt,lt,isin_eq,base_series=BE
UDIFF,2024-09-24,BL,TRENT,INE849A01020,BASE_SAME_ISIN,TRENT,EQ,INE849A01020,gt,gt,lt,lt,isin_eq,base_series=EQ
UDIFF,2024-09-25,BL,CAPACITE,INE264T01014,BASE_SAME_ISIN,CAPACITE,EQ,INE264T01014,lt,lt,lt,lt,isin_eq,base_series=EQ
UDIFF,2024-09-25,BL,EDELWEISS,INE532F01054,BASE_SAME_ISIN,EDELWEISS,EQ,INE532F01054,lt,lt,lt,gt,isin_eq,base_series=EQ
UDIFF,2024-09-26,BL,FIVESTAR,INE128S01021,BASE_SAME_ISIN,FIVESTAR,EQ,INE128S01021,lt,lt,lt,gt,isin_eq,base_series=EQ
UDIFF,2024-09-27,BL,BAJAJFINSV,INE918I01026,BASE_SAME_ISIN,BAJAJFINSV,EQ,INE918I01026,lt,lt,lt,lt,isin_eq,base_series=EQ
UDIFF,2024-09-27,BL,CAPACITE,INE264T01014,BASE_SAME_ISIN,CAPACITE,EQ,INE264T01014,lt,lt,lt,gt,isin_eq,base_series=EQ
UDIFF,2024-09-27,BL,ONWARDTEC,INE229A01017,BASE_SAME_ISIN,ONWARDTEC,EQ,INE229A01017,gt,gt,lt,lt,isin_eq,base_series=EQ
UDIFF,2024-09-27,BL,SBCL,INE386D01027,BASE_SAME_ISIN,SBCL,EQ,INE386D01027,gt,gt,lt,lt,isin_eq,base_series=EQ
UDIFF,2024-09-30,BL,BAJAJ-AUTO,INE917I01010,BASE_SAME_ISIN,BAJAJ-AUTO,EQ,INE917I01010,lt,lt,lt,gt,isin_eq,base_series=EQ
UDIFF,2024-09-30,BL,BAJAJFINSV,INE918I01026,BASE_SAME_ISIN,BAJAJFINSV,EQ,INE918I01026,lt,lt,lt,gt,isin_eq,base_series=EQ
UDIFF,2024-09-30,BL,IDEA,INE669E01016,BASE_SAME_ISIN,IDEA,EQ,INE669E01016,lt,lt,lt,lt,isin_eq,base_series=EQ
UDIFF,2024-09-30,BL,TRENT,INE849A01020,BASE_SAME_ISIN,TRENT,EQ,INE849A01020,lt,lt,lt,lt,isin_eq,base_series=EQ
UDIFF,2024-10-08,BL,TRENT,INE849A01020,BASE_SAME_ISIN,TRENT,EQ,INE849A01020,lt,lt,lt,lt,isin_eq,base_series=EQ
UDIFF,2024-10-14,BL,TARIL,INE763I01026,BASE_SAME_ISIN,TARIL,BE,INE763I01026,gt,gt,lt,lt,isin_eq,base_series=BE
UDIFF,2024-10-14,BL,TRENT,INE849A01020,BASE_SAME_ISIN,TRENT,EQ,INE849A01020,gt,gt,lt,lt,isin_eq,base_series=EQ
UDIFF,2024-10-18,BL,ZOMATO,INE758T01015,BASE_SAME_ISIN,ZOMATO,EQ,INE758T01015,lt,lt,lt,gt,isin_eq,base_series=EQ
UDIFF,2024-10-21,IT,3RDROCK,INE768P01012,NO_BASE_ORPHAN,,,,,,,,,
UDIFF,2024-10-22,BL,TRENT,INE849A01020,BASE_SAME_ISIN,TRENT,EQ,INE849A01020,gt,gt,lt,lt,isin_eq,base_series=EQ
UDIFF,2024-10-28,BL,TRENT,INE849A01020,BASE_SAME_ISIN,TRENT,EQ,INE849A01020,gt,gt,lt,lt,isin_eq,base_series=EQ
UDIFF,2024-10-29,BL,RAMCOIND,INE614A01028,BASE_SAME_ISIN,RAMCOIND,EQ,INE614A01028,gt,gt,lt,lt,isin_eq,base_series=EQ
UDIFF,2024-11-04,BL,TRENT,INE849A01020,BASE_SAME_ISIN,TRENT,EQ,INE849A01020,gt,gt,lt,lt,isin_eq,base_series=EQ
UDIFF,2024-11-05,BL,MOTILALOFS,INE338I01027,BASE_SAME_ISIN,MOTILALOFS,EQ,INE338I01027,lt,lt,lt,gt,isin_eq,base_series=EQ
UDIFF,2024-11-06,BL,AMBUJACEM,INE079A01024,BASE_SAME_ISIN,AMBUJACEM,EQ,INE079A01024,gt,gt,lt,lt,isin_eq,base_series=EQ
UDIFF,2024-11-06,BL,DIVISLAB,INE361B01024,BASE_SAME_ISIN,DIVISLAB,EQ,INE361B01024,lt,lt,lt,gt,isin_eq,base_series=EQ
UDIFF,2024-11-06,BL,DODLA,INE021O01019,BASE_SAME_ISIN,DODLA,EQ,INE021O01019,lt,lt,lt,gt,isin_eq,base_series=EQ
UDIFF,2024-11-06,BL,GODREJCP,INE102D01028,BASE_SAME_ISIN,GODREJCP,EQ,INE102D01028,gt,gt,lt,lt,isin_eq,base_series=EQ
UDIFF,2024-11-06,BL,HDFCBANK,INE040A01034,BASE_SAME_ISIN,HDFCBANK,EQ,INE040A01034,lt,lt,lt,lt,isin_eq,base_series=EQ
UDIFF,2024-11-06,BL,ICICIBANK,INE090A01021,BASE_SAME_ISIN,ICICIBANK,EQ,INE090A01021,lt,lt,lt,gt,isin_eq,base_series=EQ
UDIFF,2024-11-06,BL,UNITDSPR,INE854D01024,BASE_SAME_ISIN,UNITDSPR,EQ,INE854D01024,gt,gt,lt,lt,isin_eq,base_series=EQ
UDIFF,2024-11-07,BL,BAJAJHLDNG,INE118A01012,BASE_SAME_ISIN,BAJAJHLDNG,EQ,INE118A01012,lt,lt,lt,gt,isin_eq,base_series=EQ
UDIFF,2024-11-07,BL,HDFCBANK,INE040A01034,BASE_SAME_ISIN,HDFCBANK,EQ,INE040A01034,lt,lt,lt,lt,isin_eq,base_series=EQ
UDIFF,2024-11-07,BL,JIOFIN,INE758E01017,BASE_SAME_ISIN,JIOFIN,EQ,INE758E01017,lt,lt,lt,gt,isin_eq,base_series=EQ
UDIFF,2024-11-07,BL,SONACOMS,INE073K01018,BASE_SAME_ISIN,SONACOMS,EQ,INE073K01018,lt,lt,lt,gt,isin_eq,base_series=EQ
UDIFF,2024-11-07,BL,TRENT,INE849A01020,BASE_SAME_ISIN,TRENT,EQ,INE849A01020,lt,lt,lt,lt,isin_eq,base_series=EQ
UDIFF,2024-11-08,BL,WIPRO,INE075A01022,BASE_SAME_ISIN,WIPRO,EQ,INE075A01022,gt,gt,lt,lt,isin_eq,base_series=EQ
UDIFF,2024-11-08,IT,3RDROCK,INE768P01012,NO_BASE_ORPHAN,,,,,,,,,
UDIFF,2024-11-11,IT,3RDROCK,INE768P01012,NO_BASE_ORPHAN,,,,,,,,,
UDIFF,2024-11-13,BL,TRENT,INE849A01020,BASE_SAME_ISIN,TRENT,EQ,INE849A01020,gt,gt,lt,lt,isin_eq,base_series=EQ
UDIFF,2024-11-14,BL,RKFORGE,INE399G01023,BASE_SAME_ISIN,RKFORGE,EQ,INE399G01023,gt,gt,lt,lt,isin_eq,base_series=EQ
UDIFF,2024-11-14,IT,3RDROCK,INE768P01012,NO_BASE_ORPHAN,,,,,,,,,
UDIFF,2024-11-18,BL,MEDPLUS,INE804L01022,BASE_SAME_ISIN,MEDPLUS,EQ,INE804L01022,gt,gt,lt,lt,isin_eq,base_series=EQ
UDIFF,2024-11-19,BL,SASTASUNDR,INE019J01013,BASE_SAME_ISIN,SASTASUNDR,EQ,INE019J01013,gt,gt,lt,gt,isin_eq,base_series=EQ
UDIFF,2024-11-19,BL,TRENT,INE849A01020,BASE_SAME_ISIN,TRENT,EQ,INE849A01020,gt,gt,lt,gt,isin_eq,base_series=EQ
UDIFF,2024-11-22,BL,SHREEPUSHK,INE712K01011,BASE_SAME_ISIN,SHREEPUSHK,BE,INE712K01011,gt,gt,lt,gt,isin_eq,base_series=BE
UDIFF,2024-12-02,BL,CIPLA,INE059A01026,BASE_SAME_ISIN,CIPLA,EQ,INE059A01026,gt,gt,lt,gt,isin_eq,base_series=EQ
UDIFF,2024-12-04,BL,RATNAMANI,INE703B01027,BASE_SAME_ISIN,RATNAMANI,EQ,INE703B01027,gt,gt,lt,gt,isin_eq,base_series=EQ
UDIFF,2024-12-05,BL,INDUSTOWER,INE121J01017,BASE_SAME_ISIN,INDUSTOWER,EQ,INE121J01017,gt,gt,lt,lt,isin_eq,base_series=EQ
UDIFF,2024-12-11,BL,AWFIS,INE108V01019,BASE_SAME_ISIN,AWFIS,EQ,INE108V01019,gt,gt,lt,lt,isin_eq,base_series=EQ
UDIFF,2024-12-16,BL,MANGLMCEM,INE347A01017,BASE_SAME_ISIN,MANGLMCEM,EQ,INE347A01017,gt,gt,lt,lt,isin_eq,base_series=EQ
UDIFF,2024-12-17,T0,SBIN,INE062A01020,BASE_SAME_ISIN,SBIN,EQ,INE062A01020,lt,lt,lt,eq,isin_eq,base_series=EQ
UDIFF,2024-12-18,BL,EDELWEISS,INE532F01054,BASE_SAME_ISIN,EDELWEISS,EQ,INE532F01054,lt,lt,lt,gt,isin_eq,base_series=EQ
UDIFF,2024-12-18,BL,SHOPERSTOP,INE498B01024,BASE_SAME_ISIN,SHOPERSTOP,EQ,INE498B01024,gt,gt,lt,lt,isin_eq,base_series=EQ
UDIFF,2024-12-18,T0,SBIN,INE062A01020,BASE_SAME_ISIN,SBIN,EQ,INE062A01020,lt,lt,lt,eq,isin_eq,base_series=EQ
UDIFF,2024-12-19,BL,GODREJIND,INE233A01035,BASE_SAME_ISIN,GODREJIND,EQ,INE233A01035,gt,gt,lt,gt,isin_eq,base_series=EQ
UDIFF,2024-12-20,BL,AMBER,INE371P01015,BASE_SAME_ISIN,AMBER,EQ,INE371P01015,lt,lt,lt,lt,isin_eq,base_series=EQ
UDIFF,2024-12-20,BL,DIAMONDYD,INE393P01035,BASE_SAME_ISIN,DIAMONDYD,EQ,INE393P01035,lt,lt,lt,lt,isin_eq,base_series=EQ
UDIFF,2024-12-20,BL,GRANULES,INE101D01020,BASE_SAME_ISIN,GRANULES,EQ,INE101D01020,lt,lt,lt,gt,isin_eq,base_series=EQ
UDIFF,2024-12-27,BL,STARCEMENT,INE460H01021,BASE_SAME_ISIN,STARCEMENT,EQ,INE460H01021,gt,gt,lt,lt,isin_eq,base_series=EQ
UDIFF,2024-12-27,BL,UPL,INE628A01036,BASE_SAME_ISIN,UPL,EQ,INE628A01036,lt,lt,lt,gt,isin_eq,base_series=EQ
UDIFF,2024-12-30,BL,KOTHARIPRO,INE823A01017,BASE_SAME_ISIN,KOTHARIPRO,EQ,INE823A01017,gt,gt,lt,lt,isin_eq,base_series=EQ
UDIFF,2024-12-31,BL,WANBURY,INE107F01022,BASE_SAME_ISIN,WANBURY,EQ,INE107F01022,gt,gt,lt,lt,isin_eq,base_series=EQ
UDIFF,2025-01-08,T0,SBIN,INE062A01020,BASE_SAME_ISIN,SBIN,EQ,INE062A01020,lt,lt,lt,eq,isin_eq,base_series=EQ
UDIFF,2025-01-09,T0,SBIN,INE062A01020,BASE_SAME_ISIN,SBIN,EQ,INE062A01020,lt,lt,lt,eq,isin_eq,base_series=EQ
UDIFF,2025-01-20,T0,VEDL,INE205A01025,BASE_SAME_ISIN,VEDL,EQ,INE205A01025,lt,lt,lt,eq,isin_eq,base_series=EQ
UDIFF,2025-01-23,BL,360ONE,INE466L01038,BASE_SAME_ISIN,360ONE,EQ,INE466L01038,lt,lt,lt,gt,isin_eq,base_series=EQ
UDIFF,2025-01-23,BL,AMIORG,INE00FF01017,BASE_SAME_ISIN,AMIORG,EQ,INE00FF01017,lt,lt,lt,lt,isin_eq,base_series=EQ
UDIFF,2025-01-23,BL,BANKBARODA,INE028A01039,BASE_SAME_ISIN,BANKBARODA,EQ,INE028A01039,lt,lt,lt,gt,isin_eq,base_series=EQ
UDIFF,2025-01-23,BL,BLUESTARCO,INE472A01039,BASE_SAME_ISIN,BLUESTARCO,EQ,INE472A01039,gt,gt,lt,gt,isin_eq,base_series=EQ
UDIFF,2025-01-23,BL,COFORGE,INE591G01017,BASE_SAME_ISIN,COFORGE,EQ,INE591G01017,lt,lt,lt,gt,isin_eq,base_series=EQ
UDIFF,2025-01-23,BL,FEDERALBNK,INE171A01029,BASE_SAME_ISIN,FEDERALBNK,EQ,INE171A01029,lt,lt,lt,gt,isin_eq,base_series=EQ
UDIFF,2025-01-23,BL,FORTIS,INE061F01013,BASE_SAME_ISIN,FORTIS,EQ,INE061F01013,gt,gt,lt,gt,isin_eq,base_series=EQ
UDIFF,2025-01-23,BL,GLENMARK,INE935A01035,BASE_SAME_ISIN,GLENMARK,EQ,INE935A01035,gt,gt,lt,lt,isin_eq,base_series=EQ
UDIFF,2025-01-23,BL,GMRP&UI,INE0CU601026,BASE_SAME_ISIN,GMRP&UI,EQ,INE0CU601026,lt,lt,lt,gt,isin_eq,base_series=EQ
UDIFF,2025-01-23,BL,GRAVITA,INE024L01027,BASE_SAME_ISIN,GRAVITA,EQ,INE024L01027,lt,lt,lt,gt,isin_eq,base_series=EQ
UDIFF,2025-01-23,BL,HYUNDAI,INE0V6F01027,BASE_SAME_ISIN,HYUNDAI,EQ,INE0V6F01027,lt,lt,lt,lt,isin_eq,base_series=EQ
UDIFF,2025-01-23,BL,INDUSINDBK,INE095A01012,BASE_SAME_ISIN,INDUSINDBK,EQ,INE095A01012,lt,lt,lt,gt,isin_eq,base_series=EQ
UDIFF,2025-01-23,BL,INFY,INE009A01021,BASE_SAME_ISIN,INFY,EQ,INE009A01021,lt,lt,lt,gt,isin_eq,base_series=EQ
UDIFF,2025-01-23,BL,JYOTICNC,INE980O01024,BASE_SAME_ISIN,JYOTICNC,EQ,INE980O01024,gt,gt,lt,lt,isin_eq,base_series=EQ
UDIFF,2025-01-23,BL,KPITTECH,INE04I401011,BASE_SAME_ISIN,KPITTECH,EQ,INE04I401011,lt,lt,lt,gt,isin_eq,base_series=EQ
UDIFF,2025-01-23,BL,LLOYDSME,INE281B01032,BASE_SAME_ISIN,LLOYDSME,EQ,INE281B01032,lt,lt,lt,gt,isin_eq,base_series=EQ
UDIFF,2025-01-23,BL,MANINFRA,INE949H01023,BASE_SAME_ISIN,MANINFRA,EQ,INE949H01023,lt,lt,lt,gt,isin_eq,base_series=EQ
UDIFF,2025-01-23,BL,MFSL,INE180A01020,BASE_SAME_ISIN,MFSL,EQ,INE180A01020,gt,gt,lt,gt,isin_eq,base_series=EQ
UDIFF,2025-01-23,BL,PAYTM,INE982J01020,BASE_SAME_ISIN,PAYTM,EQ,INE982J01020,lt,lt,lt,gt,isin_eq,base_series=EQ
UDIFF,2025-01-23,BL,PERSISTENT,INE262H01021,BASE_SAME_ISIN,PERSISTENT,EQ,INE262H01021,lt,lt,lt,gt,isin_eq,base_series=EQ
UDIFF,2025-01-23,BL,POLICYBZR,INE417T01026,BASE_SAME_ISIN,POLICYBZR,EQ,INE417T01026,lt,lt,lt,gt,isin_eq,base_series=EQ
UDIFF,2025-01-23,BL,RECLTD,INE020B01018,BASE_SAME_ISIN,RECLTD,EQ,INE020B01018,lt,lt,lt,gt,isin_eq,base_series=EQ
UDIFF,2025-01-23,BL,RELIANCE,INE002A01018,BASE_SAME_ISIN,RELIANCE,EQ,INE002A01018,lt,lt,lt,lt,isin_eq,base_series=EQ
UDIFF,2025-01-23,BL,SHILPAMED,INE790G01031,BASE_SAME_ISIN,SHILPAMED,EQ,INE790G01031,lt,lt,lt,gt,isin_eq,base_series=EQ
UDIFF,2025-01-23,BL,TBOTEK,INE673O01025,BASE_SAME_ISIN,TBOTEK,EQ,INE673O01025,gt,gt,lt,gt,isin_eq,base_series=EQ
UDIFF,2025-01-23,BL,TCS,INE467B01029,BASE_SAME_ISIN,TCS,EQ,INE467B01029,lt,lt,lt,gt,isin_eq,base_series=EQ
UDIFF,2025-01-23,BL,TORNTPHARM,INE685A01028,BASE_SAME_ISIN,TORNTPHARM,EQ,INE685A01028,lt,lt,lt,lt,isin_eq,base_series=EQ
UDIFF,2025-01-23,BL,VBL,INE200M01039,BASE_SAME_ISIN,VBL,EQ,INE200M01039,lt,lt,lt,gt,isin_eq,base_series=EQ
UDIFF,2025-01-23,BL,ZOMATO,INE758T01015,BASE_SAME_ISIN,ZOMATO,EQ,INE758T01015,lt,lt,lt,lt,isin_eq,base_series=EQ
UDIFF,2025-01-28,T0,PETRONET,INE347G01014,BASE_SAME_ISIN,PETRONET,EQ,INE347G01014,lt,lt,lt,eq,isin_eq,base_series=EQ
UDIFF,2025-01-29,T0,PETRONET,INE347G01014,BASE_SAME_ISIN,PETRONET,EQ,INE347G01014,lt,lt,lt,eq,isin_eq,base_series=EQ
UDIFF,2025-02-05,BL,MANKIND,INE634S01028,BASE_SAME_ISIN,MANKIND,EQ,INE634S01028,lt,lt,lt,gt,isin_eq,base_series=EQ
UDIFF,2025-02-06,BL,JSL,INE220G01021,BASE_SAME_ISIN,JSL,EQ,INE220G01021,gt,gt,lt,lt,isin_eq,base_series=EQ
UDIFF,2025-02-10,BL,UPL,INE628A01036,BASE_SAME_ISIN,UPL,EQ,INE628A01036,lt,lt,lt,gt,isin_eq,base_series=EQ
UDIFF,2025-02-12,T0,NSLNISP,INE0NNS01018,BASE_SAME_ISIN,NSLNISP,EQ,INE0NNS01018,lt,lt,lt,eq,isin_eq,base_series=EQ
UDIFF,2025-02-17,BL,KOTHARIPRO,INE823A01017,BASE_SAME_ISIN,KOTHARIPRO,BE,INE823A01017,gt,gt,lt,gt,isin_eq,base_series=BE
UDIFF,2025-02-17,BL,TVSSCS,INE395N01027,BASE_SAME_ISIN,TVSSCS,EQ,INE395N01027,gt,gt,lt,gt,isin_eq,base_series=EQ
UDIFF,2025-02-18,BL,BHARTIARTL,INE397D01024,BASE_SAME_ISIN,BHARTIARTL,EQ,INE397D01024,gt,gt,lt,lt,isin_eq,base_series=EQ
UDIFF,2025-02-19,BL,LLOYDSME,INE281B01032,BASE_SAME_ISIN,LLOYDSME,EQ,INE281B01032,lt,lt,lt,lt,isin_eq,base_series=EQ
UDIFF,2025-02-21,BL,ALKEM,INE540L01014,BASE_SAME_ISIN,ALKEM,EQ,INE540L01014,gt,gt,lt,gt,isin_eq,base_series=EQ
UDIFF,2025-02-28,BL,ITC,INE154A01025,BASE_SAME_ISIN,ITC,EQ,INE154A01025,lt,lt,lt,gt,isin_eq,base_series=EQ
UDIFF,2025-03-04,BL,AVANTIFEED,INE871C01038,BASE_SAME_ISIN,AVANTIFEED,EQ,INE871C01038,gt,gt,lt,lt,isin_eq,base_series=EQ
UDIFF,2025-03-06,BL,AVANTIFEED,INE871C01038,BASE_SAME_ISIN,AVANTIFEED,EQ,INE871C01038,gt,gt,lt,lt,isin_eq,base_series=EQ
UDIFF,2025-03-07,BL,DTIL,INE341R01014,BASE_SAME_ISIN,DTIL,EQ,INE341R01014,gt,gt,lt,gt,isin_eq,base_series=EQ
UDIFF,2025-03-07,BL,DVL,INE477B01010,BASE_SAME_ISIN,DVL,EQ,INE477B01010,gt,gt,lt,lt,isin_eq,base_series=EQ
UDIFF,2025-03-10,BL,BHARTIARTL,INE397D01024,BASE_SAME_ISIN,BHARTIARTL,EQ,INE397D01024,lt,lt,lt,lt,isin_eq,base_series=EQ
UDIFF,2025-03-11,BL,INFY,INE009A01021,BASE_SAME_ISIN,INFY,EQ,INE009A01021,lt,lt,lt,lt,isin_eq,base_series=EQ
UDIFF,2025-03-12,BL,INFY,INE009A01021,BASE_SAME_ISIN,INFY,EQ,INE009A01021,lt,lt,lt,lt,isin_eq,base_series=EQ
UDIFF,2025-03-18,BL,APTUS,INE852O01025,BASE_SAME_ISIN,APTUS,EQ,INE852O01025,gt,gt,lt,lt,isin_eq,base_series=EQ
UDIFF,2025-03-18,BL,AXISBANK,INE238A01034,BASE_SAME_ISIN,AXISBANK,EQ,INE238A01034,lt,lt,lt,lt,isin_eq,base_series=EQ
UDIFF,2025-03-18,BL,BAJFINANCE,INE296A01024,BASE_SAME_ISIN,BAJFINANCE,EQ,INE296A01024,lt,lt,lt,lt,isin_eq,base_series=EQ
UDIFF,2025-03-18,BL,JUBLPHARMA,INE700A01033,BASE_SAME_ISIN,JUBLPHARMA,EQ,INE700A01033,gt,gt,lt,lt,isin_eq,base_series=EQ
UDIFF,2025-03-18,BL,RELIANCE,INE002A01018,BASE_SAME_ISIN,RELIANCE,EQ,INE002A01018,lt,lt,lt,gt,isin_eq,base_series=EQ
UDIFF,2025-03-19,T0,AMBUJACEM,INE079A01024,BASE_SAME_ISIN,AMBUJACEM,EQ,INE079A01024,lt,lt,lt,eq,isin_eq,base_series=EQ
UDIFF,2025-03-25,BL,FEDERALBNK,INE171A01029,BASE_SAME_ISIN,FEDERALBNK,EQ,INE171A01029,lt,lt,lt,gt,isin_eq,base_series=EQ
UDIFF,2025-03-25,BL,GLENMARK,INE935A01035,BASE_SAME_ISIN,GLENMARK,EQ,INE935A01035,lt,lt,lt,gt,isin_eq,base_series=EQ
UDIFF,2025-03-25,BL,MFSL,INE180A01020,BASE_SAME_ISIN,MFSL,EQ,INE180A01020,gt,gt,lt,gt,isin_eq,base_series=EQ
UDIFF,2025-03-26,BL,ATFL,INE209A01019,BASE_SAME_ISIN,ATFL,EQ,INE209A01019,gt,gt,lt,gt,isin_eq,base_series=EQ
UDIFF,2025-03-26,BL,TRIDENT,INE064C01022,BASE_SAME_ISIN,TRIDENT,EQ,INE064C01022,gt,gt,lt,gt,isin_eq,base_series=EQ
UDIFF,2025-03-27,BL,MFSL,INE180A01020,BASE_SAME_ISIN,MFSL,EQ,INE180A01020,gt,gt,lt,lt,isin_eq,base_series=EQ
UDIFF,2025-03-27,BL,UBL,INE686F01025,BASE_SAME_ISIN,UBL,EQ,INE686F01025,lt,lt,lt,lt,isin_eq,base_series=EQ
UDIFF,2025-03-27,BL,UNOMINDA,INE405E01023,BASE_SAME_ISIN,UNOMINDA,EQ,INE405E01023,lt,lt,lt,gt,isin_eq,base_series=EQ
UDIFF,2025-03-28,BL,CARBORUNIV,INE120A01034,BASE_SAME_ISIN,CARBORUNIV,EQ,INE120A01034,lt,lt,lt,lt,isin_eq,base_series=EQ
UDIFF,2025-03-28,BL,IDEAFORGE,INE349Y01013,BASE_SAME_ISIN,IDEAFORGE,EQ,INE349Y01013,gt,gt,lt,lt,isin_eq,base_series=EQ
UDIFF,2025-03-28,BL,NAGAFERT,INE454M01024,BASE_SAME_ISIN,NAGAFERT,EQ,INE454M01024,gt,gt,lt,gt,isin_eq,base_series=EQ
UDIFF,2025-03-28,T0,NCC,INE868B01028,BASE_SAME_ISIN,NCC,EQ,INE868B01028,lt,lt,lt,eq,isin_eq,base_series=EQ
UDIFF,2025-04-04,T0,AMBUJACEM,INE079A01024,BASE_SAME_ISIN,AMBUJACEM,EQ,INE079A01024,lt,lt,lt,eq,isin_eq,base_series=EQ
UDIFF,2025-04-04,T0,NSLNISP,INE0NNS01018,BASE_SAME_ISIN,NSLNISP,EQ,INE0NNS01018,lt,lt,lt,eq,isin_eq,base_series=EQ
UDIFF,2025-04-08,T0,SBIN,INE062A01020,BASE_SAME_ISIN,SBIN,EQ,INE062A01020,lt,lt,lt,eq,isin_eq,base_series=EQ
UDIFF,2025-04-09,BL,NORTHARC,INE850M01015,BASE_SAME_ISIN,NORTHARC,EQ,INE850M01015,gt,gt,lt,gt,isin_eq,base_series=EQ
UDIFF,2025-04-09,T0,CEATLTD,INE482A01020,BASE_SAME_ISIN,CEATLTD,EQ,INE482A01020,lt,lt,lt,eq,isin_eq,base_series=EQ
UDIFF,2025-04-17,T0,NSLNISP,INE0NNS01018,BASE_SAME_ISIN,NSLNISP,EQ,INE0NNS01018,lt,lt,lt,eq,isin_eq,base_series=EQ
UDIFF,2025-04-24,T0,BANKBARODA,INE028A01039,BASE_SAME_ISIN,BANKBARODA,EQ,INE028A01039,lt,lt,lt,eq,isin_eq,base_series=EQ
UDIFF,2025-04-25,T0,BANKBARODA,INE028A01039,BASE_SAME_ISIN,BANKBARODA,EQ,INE028A01039,lt,lt,lt,eq,isin_eq,base_series=EQ
UDIFF,2025-04-28,T0,NMDC,INE584A01023,BASE_SAME_ISIN,NMDC,EQ,INE584A01023,lt,lt,lt,eq,isin_eq,base_series=EQ
UDIFF,2025-04-29,BL,SAMHI,INE08U801020,BASE_SAME_ISIN,SAMHI,EQ,INE08U801020,gt,gt,lt,lt,isin_eq,base_series=EQ
UDIFF,2025-04-30,T0,NBCC,INE095N01031,BASE_SAME_ISIN,NBCC,EQ,INE095N01031,lt,lt,lt,eq,isin_eq,base_series=EQ
UDIFF,2025-05-02,BL,PNBHOUSING,INE572E01012,BASE_SAME_ISIN,PNBHOUSING,EQ,INE572E01012,gt,gt,lt,lt,isin_eq,base_series=EQ
UDIFF,2025-05-12,BL,MOTILALOFS,INE338I01027,BASE_SAME_ISIN,MOTILALOFS,EQ,INE338I01027,lt,lt,lt,lt,isin_eq,base_series=EQ
UDIFF,2025-05-12,BL,TANLA,INE483C01032,BASE_SAME_ISIN,TANLA,EQ,INE483C01032,gt,gt,lt,lt,isin_eq,base_series=EQ
UDIFF,2025-05-14,BL,MAXHEALTH,INE027H01010,BASE_SAME_ISIN,MAXHEALTH,EQ,INE027H01010,lt,lt,lt,lt,isin_eq,base_series=EQ
UDIFF,2025-05-14,BL,NAUKRI,INE663F01032,BASE_SAME_ISIN,NAUKRI,EQ,INE663F01032,lt,lt,lt,gt,isin_eq,base_series=EQ
UDIFF,2025-05-14,BL,NAVINFLUOR,INE048G01026,BASE_SAME_ISIN,NAVINFLUOR,EQ,INE048G01026,lt,lt,lt,gt,isin_eq,base_series=EQ
UDIFF,2025-05-14,BL,WAAREEENER,INE377N01017,BASE_SAME_ISIN,WAAREEENER,EQ,INE377N01017,lt,lt,lt,lt,isin_eq,base_series=EQ
UDIFF,2025-05-15,BL,IITL,INE886A01014,BASE_SAME_ISIN,IITL,EQ,INE886A01014,gt,gt,lt,lt,isin_eq,base_series=EQ
UDIFF,2025-05-15,BL,PAYTM,INE982J01020,BASE_SAME_ISIN,PAYTM,EQ,INE982J01020,lt,lt,lt,lt,isin_eq,base_series=EQ
UDIFF,2025-05-15,T0,BPCL,INE029A01011,BASE_SAME_ISIN,BPCL,EQ,INE029A01011,lt,lt,lt,eq,isin_eq,base_series=EQ
UDIFF,2025-05-16,T0,NMDC,INE584A01023,BASE_SAME_ISIN,NMDC,EQ,INE584A01023,lt,lt,lt,eq,isin_eq,base_series=EQ
UDIFF,2025-05-19,BL,AMIORG,INE00FF01025,BASE_SAME_ISIN,AMIORG,EQ,INE00FF01025,gt,gt,lt,lt,isin_eq,base_series=EQ
UDIFF,2025-05-19,T0,HINDALCO,INE038A01020,BASE_SAME_ISIN,HINDALCO,EQ,INE038A01020,lt,lt,lt,eq,isin_eq,base_series=EQ
UDIFF,2025-05-20,BL,IITL,INE886A01014,BASE_SAME_ISIN,IITL,EQ,INE886A01014,gt,gt,lt,lt,isin_eq,base_series=EQ
UDIFF,2025-05-23,BL,LLOYDSENGG,INE093R01011,BASE_SAME_ISIN,LLOYDSENGG,EQ,INE093R01011,lt,lt,lt,lt,isin_eq,base_series=EQ
UDIFF,2025-05-23,T0,NMDC,INE584A01023,BASE_SAME_ISIN,NMDC,EQ,INE584A01023,lt,lt,lt,eq,isin_eq,base_series=EQ
UDIFF,2025-05-26,BL,MANGLMCEM,INE347A01017,BASE_SAME_ISIN,MANGLMCEM,EQ,INE347A01017,gt,gt,lt,lt,isin_eq,base_series=EQ
UDIFF,2025-05-26,BL,NHIT,INE0H7R23014,NO_BASE_ORPHAN,,,,,,,,,
UDIFF,2025-05-27,T0,SBIN,INE062A01020,BASE_SAME_ISIN,SBIN,EQ,INE062A01020,lt,lt,lt,eq,isin_eq,base_series=EQ
UDIFF,2025-05-29,BL,BIRLANU,INE557A01011,BASE_SAME_ISIN,BIRLANU,EQ,INE557A01011,gt,gt,lt,gt,isin_eq,base_series=EQ
UDIFF,2025-05-29,T0,YESBANK,INE528G01035,BASE_SAME_ISIN,YESBANK,EQ,INE528G01035,lt,lt,lt,eq,isin_eq,base_series=EQ
UDIFF,2025-05-30,BL,INDIGOPNTS,INE09VQ01012,BASE_SAME_ISIN,INDIGOPNTS,EQ,INE09VQ01012,gt,gt,lt,lt,isin_eq,base_series=EQ
UDIFF,2025-06-02,BL,AUBANK,INE949L01017,BASE_SAME_ISIN,AUBANK,EQ,INE949L01017,lt,lt,lt,lt,isin_eq,base_series=EQ
UDIFF,2025-06-06,BL,BAJAJFINSV,INE918I01026,BASE_SAME_ISIN,BAJAJFINSV,EQ,INE918I01026,gt,gt,lt,lt,isin_eq,base_series=EQ
UDIFF,2025-06-06,BL,ZFCVINDIA,INE342J01019,BASE_SAME_ISIN,ZFCVINDIA,EQ,INE342J01019,gt,gt,lt,lt,isin_eq,base_series=EQ
UDIFF,2025-06-09,BL,SUZLON,INE040H01021,BASE_SAME_ISIN,SUZLON,EQ,INE040H01021,gt,gt,lt,lt,isin_eq,base_series=EQ
UDIFF,2025-06-09,BL,WIPRO,INE075A01022,BASE_SAME_ISIN,WIPRO,EQ,INE075A01022,gt,gt,lt,lt,isin_eq,base_series=EQ
UDIFF,2025-06-10,BL,BAJFINANCE,INE296A01024,BASE_SAME_ISIN,BAJFINANCE,EQ,INE296A01024,lt,lt,lt,gt,isin_eq,base_series=EQ
UDIFF,2025-06-10,BL,PREMIERENE,INE0BS701011,BASE_SAME_ISIN,PREMIERENE,EQ,INE0BS701011,gt,gt,lt,lt,isin_eq,base_series=EQ
UDIFF,2025-06-11,BL,ABCAPITAL,INE674K01013,BASE_SAME_ISIN,ABCAPITAL,EQ,INE674K01013,gt,gt,lt,lt,isin_eq,base_series=EQ
UDIFF,2025-06-11,BL,BAJFINANCE,INE296A01024,BASE_SAME_ISIN,BAJFINANCE,EQ,INE296A01024,lt,lt,lt,gt,isin_eq,base_series=EQ
UDIFF,2025-06-11,BL,ETERNAL,INE758T01015,BASE_SAME_ISIN,ETERNAL,EQ,INE758T01015,lt,lt,lt,lt,isin_eq,base_series=EQ
UDIFF,2025-06-11,BL,ICICIBANK,INE090A01021,BASE_SAME_ISIN,ICICIBANK,EQ,INE090A01021,lt,lt,lt,lt,isin_eq,base_series=EQ
UDIFF,2025-06-11,BL,LT,INE018A01030,BASE_SAME_ISIN,LT,EQ,INE018A01030,lt,lt,lt,lt,isin_eq,base_series=EQ
UDIFF,2025-06-11,BL,M&M,INE101A01026,BASE_SAME_ISIN,M&M,EQ,INE101A01026,lt,lt,lt,gt,isin_eq,base_series=EQ
UDIFF,2025-06-11,BL,MARKSANS,INE750C01026,BASE_SAME_ISIN,MARKSANS,EQ,INE750C01026,gt,gt,lt,lt,isin_eq,base_series=EQ
UDIFF,2025-06-11,BL,SCHAEFFLER,INE513A01022,BASE_SAME_ISIN,SCHAEFFLER,EQ,INE513A01022,gt,gt,lt,gt,isin_eq,base_series=EQ
UDIFF,2025-06-11,BL,UNOMINDA,INE405E01023,BASE_SAME_ISIN,UNOMINDA,EQ,INE405E01023,gt,gt,lt,lt,isin_eq,base_series=EQ
UDIFF,2025-06-11,BL,WIPRO,INE075A01022,BASE_SAME_ISIN,WIPRO,EQ,INE075A01022,gt,gt,lt,gt,isin_eq,base_series=EQ
UDIFF,2025-06-12,BL,ASIANPAINT,INE021A01026,BASE_SAME_ISIN,ASIANPAINT,EQ,INE021A01026,gt,gt,lt,lt,isin_eq,base_series=EQ
UDIFF,2025-06-12,BL,BAJFINANCE,INE296A01024,BASE_SAME_ISIN,BAJFINANCE,EQ,INE296A01024,lt,lt,lt,gt,isin_eq,base_series=EQ
UDIFF,2025-06-12,BL,ETERNAL,INE758T01015,BASE_SAME_ISIN,ETERNAL,EQ,INE758T01015,lt,lt,lt,gt,isin_eq,base_series=EQ
UDIFF,2025-06-12,BL,SCHAEFFLER,INE513A01022,BASE_SAME_ISIN,SCHAEFFLER,EQ,INE513A01022,gt,gt,lt,lt,isin_eq,base_series=EQ
UDIFF,2025-06-13,BL,BAJFINANCE,INE296A01024,BASE_SAME_ISIN,BAJFINANCE,EQ,INE296A01024,lt,lt,lt,gt,isin_eq,base_series=EQ
UDIFF,2025-06-13,BL,JUBLFOOD,INE797F01020,BASE_SAME_ISIN,JUBLFOOD,EQ,INE797F01020,gt,gt,lt,lt,isin_eq,base_series=EQ
UDIFF,2025-06-13,BL,JUBLINGREA,INE0BY001018,BASE_SAME_ISIN,JUBLINGREA,EQ,INE0BY001018,lt,lt,lt,lt,isin_eq,base_series=EQ
UDIFF,2025-06-13,BL,SHALBY,INE597J01018,BASE_SAME_ISIN,SHALBY,EQ,INE597J01018,gt,gt,lt,lt,isin_eq,base_series=EQ
UDIFF,2025-06-16,BL,ASIANPAINT,INE021A01026,BASE_SAME_ISIN,ASIANPAINT,EQ,INE021A01026,gt,gt,lt,lt,isin_eq,base_series=EQ
UDIFF,2025-06-16,BL,SOLARA,INE624Z01016,BASE_SAME_ISIN,SOLARA,EQ,INE624Z01016,gt,gt,lt,lt,isin_eq,base_series=EQ
UDIFF,2025-06-17,BL,TVSSCS,INE395N01027,BASE_SAME_ISIN,TVSSCS,EQ,INE395N01027,gt,gt,lt,gt,isin_eq,base_series=EQ
UDIFF,2025-06-17,BL,ZYDUSWELL,INE768C01010,BASE_SAME_ISIN,ZYDUSWELL,EQ,INE768C01010,gt,gt,lt,lt,isin_eq,base_series=EQ
UDIFF,2025-06-18,BL,BAJAJ-AUTO,INE917I01010,BASE_SAME_ISIN,BAJAJ-AUTO,EQ,INE917I01010,lt,lt,lt,gt,isin_eq,base_series=EQ
UDIFF,2025-06-23,T0,SBIN,INE062A01020,BASE_SAME_ISIN,SBIN,EQ,INE062A01020,lt,lt,lt,eq,isin_eq,base_series=EQ
UDIFF,2025-06-24,BL,AVALON,INE0LCL01028,BASE_SAME_ISIN,AVALON,EQ,INE0LCL01028,lt,lt,lt,gt,isin_eq,base_series=EQ
UDIFF,2025-06-24,BL,QUICKHEAL,INE306L01010,BASE_SAME_ISIN,QUICKHEAL,EQ,INE306L01010,gt,gt,lt,gt,isin_eq,base_series=EQ
UDIFF,2025-06-26,BL,DELHIVERY,INE148O01028,BASE_SAME_ISIN,DELHIVERY,EQ,INE148O01028,gt,gt,lt,gt,isin_eq,base_series=EQ
UDIFF,2025-06-26,BL,POLICYBZR,INE417T01026,BASE_SAME_ISIN,POLICYBZR,EQ,INE417T01026,gt,gt,lt,lt,isin_eq,base_series=EQ
UDIFF,2025-06-27,BL,PFOCUS,INE367G01038,BASE_SAME_ISIN,PFOCUS,EQ,INE367G01038,lt,lt,lt,lt,isin_eq,base_series=EQ
UDIFF,2025-07-01,T0,WIPRO,INE075A01022,BASE_SAME_ISIN,WIPRO,EQ,INE075A01022,lt,lt,lt,eq,isin_eq,base_series=EQ
UDIFF,2025-07-03,BL,MANGLMCEM,INE347A01017,BASE_SAME_ISIN,MANGLMCEM,EQ,INE347A01017,gt,gt,lt,gt,isin_eq,base_series=EQ
UDIFF,2025-07-03,T0,WIPRO,INE075A01022,BASE_SAME_ISIN,WIPRO,EQ,INE075A01022,lt,lt,lt,eq,isin_eq,base_series=EQ
UDIFF,2025-07-07,BL,INFIBEAM,INE483S01020,BASE_SAME_ISIN,INFIBEAM,EQ,INE483S01020,lt,lt,lt,lt,isin_eq,base_series=EQ
UDIFF,2025-07-07,T0,SBIN,INE062A01020,BASE_SAME_ISIN,SBIN,EQ,INE062A01020,lt,lt,lt,eq,isin_eq,base_series=EQ
UDIFF,2025-07-08,T0,WIPRO,INE075A01022,BASE_SAME_ISIN,WIPRO,EQ,INE075A01022,lt,lt,lt,eq,isin_eq,base_series=EQ
UDIFF,2025-07-09,T0,WIPRO,INE075A01022,BASE_SAME_ISIN,WIPRO,EQ,INE075A01022,lt,lt,lt,eq,isin_eq,base_series=EQ
UDIFF,2025-07-11,BL,AGARWALEYE,INE943P01029,BASE_SAME_ISIN,AGARWALEYE,EQ,INE943P01029,gt,gt,lt,gt,isin_eq,base_series=EQ
UDIFF,2025-07-11,T0,SBIN,INE062A01020,BASE_SAME_ISIN,SBIN,EQ,INE062A01020,lt,lt,lt,eq,isin_eq,base_series=EQ
UDIFF,2025-07-11,T0,TATASTEEL,INE081A01020,BASE_SAME_ISIN,TATASTEEL,EQ,INE081A01020,lt,lt,lt,eq,isin_eq,base_series=EQ
UDIFF,2025-07-14,BL,ADANIENT,INE423A01024,BASE_SAME_ISIN,ADANIENT,EQ,INE423A01024,lt,lt,lt,lt,isin_eq,base_series=EQ
UDIFF,2025-07-14,BL,ADANIPORTS,INE742F01042,BASE_SAME_ISIN,ADANIPORTS,EQ,INE742F01042,lt,lt,lt,lt,isin_eq,base_series=EQ
UDIFF,2025-07-14,BL,APLAPOLLO,INE702C01027,BASE_SAME_ISIN,APLAPOLLO,EQ,INE702C01027,lt,lt,lt,gt,isin_eq,base_series=EQ
UDIFF,2025-07-14,BL,ASHOKLEY,INE208A01029,BASE_SAME_ISIN,ASHOKLEY,EQ,INE208A01029,lt,lt,lt,lt,isin_eq,base_series=EQ
UDIFF,2025-07-14,BL,ASIANPAINT,INE021A01026,BASE_SAME_ISIN,ASIANPAINT,EQ,INE021A01026,lt,lt,lt,gt,isin_eq,base_series=EQ
UDIFF,2025-07-14,BL,AXISBANK,INE238A01034,BASE_SAME_ISIN,AXISBANK,EQ,INE238A01034,lt,lt,lt,gt,isin_eq,base_series=EQ
UDIFF,2025-07-14,BL,BAJAJ-AUTO,INE917I01010,BASE_SAME_ISIN,BAJAJ-AUTO,EQ,INE917I01010,lt,lt,lt,lt,isin_eq,base_series=EQ
UDIFF,2025-07-14,BL,BAJAJFINSV,INE918I01026,BASE_SAME_ISIN,BAJAJFINSV,EQ,INE918I01026,lt,lt,lt,gt,isin_eq,base_series=EQ
UDIFF,2025-07-14,BL,BAJFINANCE,INE296A01032,BASE_SAME_ISIN,BAJFINANCE,EQ,INE296A01032,lt,lt,lt,gt,isin_eq,base_series=EQ
UDIFF,2025-07-14,BL,BEL,INE263A01024,BASE_SAME_ISIN,BEL,EQ,INE263A01024,lt,lt,lt,gt,isin_eq,base_series=EQ
UDIFF,2025-07-14,BL,BHARTIARTL,INE397D01024,BASE_SAME_ISIN,BHARTIARTL,EQ,INE397D01024,lt,lt,lt,gt,isin_eq,base_series=EQ
UDIFF,2025-07-14,BL,BRITANNIA,INE216A01030,BASE_SAME_ISIN,BRITANNIA,EQ,INE216A01030,lt,lt,lt,lt,isin_eq,base_series=EQ
UDIFF,2025-07-14,BL,CHOLAFIN,INE121A01024,BASE_SAME_ISIN,CHOLAFIN,EQ,INE121A01024,lt,lt,lt,gt,isin_eq,base_series=EQ
UDIFF,2025-07-14,BL,CIPLA,INE059A01026,BASE_SAME_ISIN,CIPLA,EQ,INE059A01026,lt,lt,lt,gt,isin_eq,base_series=EQ
UDIFF,2025-07-14,BL,CUMMINSIND,INE298A01020,BASE_SAME_ISIN,CUMMINSIND,EQ,INE298A01020,lt,lt,lt,gt,isin_eq,base_series=EQ
UDIFF,2025-07-14,BL,DABUR,INE016A01026,BASE_SAME_ISIN,DABUR,EQ,INE016A01026,lt,lt,lt,gt,isin_eq,base_series=EQ
UDIFF,2025-07-14,BL,DIVISLAB,INE361B01024,BASE_SAME_ISIN,DIVISLAB,EQ,INE361B01024,lt,lt,lt,gt,isin_eq,base_series=EQ
UDIFF,2025-07-14,BL,DIXON,INE935N01020,BASE_SAME_ISIN,DIXON,EQ,INE935N01020,lt,lt,lt,lt,isin_eq,base_series=EQ
UDIFF,2025-07-14,BL,DRREDDY,INE089A01031,BASE_SAME_ISIN,DRREDDY,EQ,INE089A01031,lt,lt,lt,gt,isin_eq,base_series=EQ
UDIFF,2025-07-14,BL,EICHERMOT,INE066A01021,BASE_SAME_ISIN,EICHERMOT,EQ,INE066A01021,lt,lt,lt,gt,isin_eq,base_series=EQ
UDIFF,2025-07-14,BL,ETERNAL,INE758T01015,BASE_SAME_ISIN,ETERNAL,EQ,INE758T01015,lt,lt,lt,lt,isin_eq,base_series=EQ
UDIFF,2025-07-14,BL,GODREJPROP,INE484J01027,BASE_SAME_ISIN,GODREJPROP,EQ,INE484J01027,lt,lt,lt,lt,isin_eq,base_series=EQ
UDIFF,2025-07-14,BL,HCLTECH,INE860A01027,BASE_SAME_ISIN,HCLTECH,EQ,INE860A01027,lt,lt,lt,gt,isin_eq,base_series=EQ
UDIFF,2025-07-14,BL,HDFCAMC,INE127D01025,BASE_SAME_ISIN,HDFCAMC,EQ,INE127D01025,lt,lt,lt,gt,isin_eq,base_series=EQ
UDIFF,2025-07-14,BL,HDFCBANK,INE040A01034,BASE_SAME_ISIN,HDFCBANK,EQ,INE040A01034,lt,lt,lt,eq,isin_eq,base_series=EQ
UDIFF,2025-07-14,BL,HDFCLIFE,INE795G01014,BASE_SAME_ISIN,HDFCLIFE,EQ,INE795G01014,lt,lt,lt,lt,isin_eq,base_series=EQ
UDIFF,2025-07-14,BL,HEROMOTOCO,INE158A01026,BASE_SAME_ISIN,HEROMOTOCO,EQ,INE158A01026,lt,lt,lt,lt,isin_eq,base_series=EQ
UDIFF,2025-07-14,BL,ICICIGI,INE765G01017,BASE_SAME_ISIN,ICICIGI,EQ,INE765G01017,lt,lt,lt,lt,isin_eq,base_series=EQ
UDIFF,2025-07-14,BL,JIOFIN,INE758E01017,BASE_SAME_ISIN,JIOFIN,EQ,INE758E01017,lt,lt,lt,gt,isin_eq,base_series=EQ
UDIFF,2025-07-14,BL,LODHA,INE670K01029,BASE_SAME_ISIN,LODHA,EQ,INE670K01029,lt,lt,lt,lt,isin_eq,base_series=EQ
UDIFF,2025-07-14,BL,LT,INE018A01030,BASE_SAME_ISIN,LT,EQ,INE018A01030,lt,lt,lt,gt,isin_eq,base_series=EQ
UDIFF,2025-07-14,BL,LTIM,INE214T01019,BASE_SAME_ISIN,LTIM,EQ,INE214T01019,lt,lt,lt,gt,isin_eq,base_series=EQ
UDIFF,2025-07-14,BL,MARUTI,INE585B01010,BASE_SAME_ISIN,MARUTI,EQ,INE585B01010,lt,lt,lt,gt,isin_eq,base_series=EQ
UDIFF,2025-07-14,BL,MAXHEALTH,INE027H01010,BASE_SAME_ISIN,MAXHEALTH,EQ,INE027H01010,lt,lt,lt,lt,isin_eq,base_series=EQ
UDIFF,2025-07-14,BL,MOTHERSON,INE775A01035,BASE_SAME_ISIN,MOTHERSON,EQ,INE775A01035,lt,lt,lt,lt,isin_eq,base_series=EQ
UDIFF,2025-07-14,BL,NAUKRI,INE663F01032,BASE_SAME_ISIN,NAUKRI,EQ,INE663F01032,lt,lt,lt,lt,isin_eq,base_series=EQ
UDIFF,2025-07-14,BL,NESTLEIND,INE239A01024,BASE_SAME_ISIN,NESTLEIND,EQ,INE239A01024,lt,lt,lt,gt,isin_eq,base_series=EQ
UDIFF,2025-07-14,BL,PERSISTENT,INE262H01021,BASE_SAME_ISIN,PERSISTENT,EQ,INE262H01021,lt,lt,lt,lt,isin_eq,base_series=EQ
UDIFF,2025-07-14,BL,PIIND,INE603J01030,BASE_SAME_ISIN,PIIND,EQ,INE603J01030,lt,lt,lt,lt,isin_eq,base_series=EQ
UDIFF,2025-07-14,BL,POLICYBZR,INE417T01026,BASE_SAME_ISIN,POLICYBZR,EQ,INE417T01026,lt,lt,lt,lt,isin_eq,base_series=EQ
UDIFF,2025-07-14,BL,RECLTD,INE020B01018,BASE_SAME_ISIN,RECLTD,EQ,INE020B01018,lt,lt,lt,gt,isin_eq,base_series=EQ
UDIFF,2025-07-14,BL,SBILIFE,INE123W01016,BASE_SAME_ISIN,SBILIFE,EQ,INE123W01016,lt,lt,lt,lt,isin_eq,base_series=EQ
UDIFF,2025-07-14,BL,SOLARINDS,INE343H01029,BASE_SAME_ISIN,SOLARINDS,EQ,INE343H01029,lt,lt,lt,gt,isin_eq,base_series=EQ
UDIFF,2025-07-14,BL,SUNPHARMA,INE044A01036,BASE_SAME_ISIN,SUNPHARMA,EQ,INE044A01036,lt,lt,lt,lt,isin_eq,base_series=EQ
UDIFF,2025-07-14,BL,TATAMOTORS,INE155A01022,BASE_SAME_ISIN,TATAMOTORS,EQ,INE155A01022,lt,lt,lt,gt,isin_eq,base_series=EQ
UDIFF,2025-07-14,BL,TCS,INE467B01029,BASE_SAME_ISIN,TCS,EQ,INE467B01029,lt,lt,lt,gt,isin_eq,base_series=EQ
UDIFF,2025-07-14,BL,TECHM,INE669C01036,BASE_SAME_ISIN,TECHM,EQ,INE669C01036,lt,lt,lt,gt,isin_eq,base_series=EQ
UDIFF,2025-07-14,BL,TRENT,INE849A01020,BASE_SAME_ISIN,TRENT,EQ,INE849A01020,lt,lt,lt,gt,isin_eq,base_series=EQ
UDIFF,2025-07-14,BL,TVSMOTOR,INE494B01023,BASE_SAME_ISIN,TVSMOTOR,EQ,INE494B01023,lt,lt,lt,lt,isin_eq,base_series=EQ
UDIFF,2025-07-14,BL,VBL,INE200M01039,BASE_SAME_ISIN,VBL,EQ,INE200M01039,lt,lt,lt,lt,isin_eq,base_series=EQ
UDIFF,2025-07-14,T0,YESBANK,INE528G01035,BASE_SAME_ISIN,YESBANK,EQ,INE528G01035,lt,lt,lt,eq,isin_eq,base_series=EQ
UDIFF,2025-07-15,BL,MASFIN,INE348L01012,BASE_SAME_ISIN,MASFIN,EQ,INE348L01012,gt,gt,lt,lt,isin_eq,base_series=EQ
UDIFF,2025-07-17,T0,BHEL,INE257A01026,BASE_SAME_ISIN,BHEL,EQ,INE257A01026,lt,lt,lt,eq,isin_eq,base_series=EQ
UDIFF,2025-07-18,T0,BHEL,INE257A01026,BASE_SAME_ISIN,BHEL,EQ,INE257A01026,lt,lt,lt,eq,isin_eq,base_series=EQ
UDIFF,2025-07-18,T0,SBIN,INE062A01020,BASE_SAME_ISIN,SBIN,EQ,INE062A01020,lt,lt,lt,eq,isin_eq,base_series=EQ
UDIFF,2025-07-21,T0,SBIN,INE062A01020,BASE_SAME_ISIN,SBIN,EQ,INE062A01020,lt,lt,lt,eq,isin_eq,base_series=EQ
UDIFF,2025-07-22,BL,POLYPLEX,INE633B01018,BASE_SAME_ISIN,POLYPLEX,EQ,INE633B01018,gt,gt,lt,gt,isin_eq,base_series=EQ
UDIFF,2025-07-22,T0,HYUNDAI,INE0V6F01027,BASE_SAME_ISIN,HYUNDAI,EQ,INE0V6F01027,lt,lt,lt,eq,isin_eq,base_series=EQ
UDIFF,2025-07-22,T0,IDEA,INE669E01016,BASE_SAME_ISIN,IDEA,EQ,INE669E01016,lt,lt,lt,eq,isin_eq,base_series=EQ
UDIFF,2025-07-24,T0,GAIL,INE129A01019,BASE_SAME_ISIN,GAIL,EQ,INE129A01019,lt,lt,lt,eq,isin_eq,base_series=EQ
UDIFF,2025-07-25,BL,JINDALPOLY,INE197D01010,BASE_SAME_ISIN,JINDALPOLY,EQ,INE197D01010,gt,gt,lt,gt,isin_eq,base_series=EQ
UDIFF,2025-07-25,BL,POLYPLEX,INE633B01018,BASE_SAME_ISIN,POLYPLEX,EQ,INE633B01018,gt,gt,lt,lt,isin_eq,base_series=EQ
UDIFF,2025-07-25,T0,BHEL,INE257A01026,BASE_SAME_ISIN,BHEL,EQ,INE257A01026,lt,lt,lt,eq,isin_eq,base_series=EQ
UDIFF,2025-07-25,T0,IDEA,INE669E01016,BASE_SAME_ISIN,IDEA,EQ,INE669E01016,lt,lt,lt,eq,isin_eq,base_series=EQ
UDIFF,2025-07-25,T0,RELIANCE,INE002A01018,BASE_SAME_ISIN,RELIANCE,EQ,INE002A01018,lt,lt,lt,eq,isin_eq,base_series=EQ
UDIFF,2025-07-25,T0,TATASTEEL,INE081A01020,BASE_SAME_ISIN,TATASTEEL,EQ,INE081A01020,lt,lt,lt,eq,isin_eq,base_series=EQ
UDIFF,2025-07-25,T0,YESBANK,INE528G01035,BASE_SAME_ISIN,YESBANK,EQ,INE528G01035,lt,lt,lt,eq,isin_eq,base_series=EQ
UDIFF,2025-07-31,T0,GAIL,INE129A01019,BASE_SAME_ISIN,GAIL,EQ,INE129A01019,lt,lt,lt,eq,isin_eq,base_series=EQ
UDIFF,2025-08-01,T0,GAIL,INE129A01019,BASE_SAME_ISIN,GAIL,EQ,INE129A01019,lt,lt,lt,eq,isin_eq,base_series=EQ
UDIFF,2025-08-05,BL,LLOYDSENGG,INE093R01011,BASE_SAME_ISIN,LLOYDSENGG,EQ,INE093R01011,lt,lt,lt,gt,isin_eq,base_series=EQ
UDIFF,2025-08-06,T0,AWL,INE699H01024,BASE_SAME_ISIN,AWL,EQ,INE699H01024,lt,lt,lt,eq,isin_eq,base_series=EQ
UDIFF,2025-08-06,T0,BHEL,INE257A01026,BASE_SAME_ISIN,BHEL,EQ,INE257A01026,lt,lt,lt,eq,isin_eq,base_series=EQ
UDIFF,2025-08-06,T0,IDEA,INE669E01016,BASE_SAME_ISIN,IDEA,EQ,INE669E01016,lt,lt,lt,eq,isin_eq,base_series=EQ
UDIFF,2025-08-06,T0,IDFCFIRSTB,INE092T01019,BASE_SAME_ISIN,IDFCFIRSTB,EQ,INE092T01019,lt,lt,lt,eq,isin_eq,base_series=EQ
UDIFF,2025-08-06,T0,IOC,INE242A01010,BASE_SAME_ISIN,IOC,EQ,INE242A01010,lt,lt,lt,eq,isin_eq,base_series=EQ
UDIFF,2025-08-06,T0,M&MFIN,INE774D01024,BASE_SAME_ISIN,M&MFIN,EQ,INE774D01024,lt,lt,lt,eq,isin_eq,base_series=EQ
UDIFF,2025-08-06,T0,NTPC,INE733E01010,BASE_SAME_ISIN,NTPC,EQ,INE733E01010,lt,lt,lt,eq,isin_eq,base_series=EQ
UDIFF,2025-08-06,T0,OIL,INE274J01014,BASE_SAME_ISIN,OIL,EQ,INE274J01014,lt,lt,lt,eq,isin_eq,base_series=EQ
UDIFF,2025-08-07,T0,GAIL,INE129A01019,BASE_SAME_ISIN,GAIL,EQ,INE129A01019,lt,lt,lt,eq,isin_eq,base_series=EQ
UDIFF,2025-08-11,BL,HOMEFIRST,INE481N01025,BASE_SAME_ISIN,HOMEFIRST,EQ,INE481N01025,gt,gt,lt,lt,isin_eq,base_series=EQ
UDIFF,2025-08-12,BL,CIGNITITEC,INE675C01017,BASE_SAME_ISIN,CIGNITITEC,EQ,INE675C01017,gt,gt,lt,lt,isin_eq,base_series=EQ
UDIFF,2025-08-12,BL,MEDIASSIST,INE456Z01021,BASE_SAME_ISIN,MEDIASSIST,EQ,INE456Z01021,gt,gt,lt,lt,isin_eq,base_series=EQ
UDIFF,2025-08-13,T0,HYUNDAI,INE0V6F01027,BASE_SAME_ISIN,HYUNDAI,EQ,INE0V6F01027,lt,lt,lt,eq,isin_eq,base_series=EQ
UDIFF,2025-08-14,BL,CIGNITITEC,INE675C01017,BASE_SAME_ISIN,CIGNITITEC,EQ,INE675C01017,gt,gt,lt,lt,isin_eq,base_series=EQ
UDIFF,2025-08-14,BL,NXST,INE0NDH25011,BASE_SAME_ISIN,NXST,RR,INE0NDH25011,gt,gt,lt,lt,isin_eq,base_series=RR
UDIFF,2025-08-14,T0,BHEL,INE257A01026,BASE_SAME_ISIN,BHEL,EQ,INE257A01026,lt,lt,lt,eq,isin_eq,base_series=EQ
UDIFF,2025-08-14,T0,SBIN,INE062A01020,BASE_SAME_ISIN,SBIN,EQ,INE062A01020,lt,lt,lt,eq,isin_eq,base_series=EQ
UDIFF,2025-08-18,BL,KOTHARIPET,INE720A01015,BASE_SAME_ISIN,KOTHARIPET,EQ,INE720A01015,gt,gt,lt,lt,isin_eq,base_series=EQ
UDIFF,2025-08-18,T0,HYUNDAI,INE0V6F01027,BASE_SAME_ISIN,HYUNDAI,EQ,INE0V6F01027,lt,lt,lt,eq,isin_eq,base_series=EQ
UDIFF,2025-08-18,T0,IDEA,INE669E01016,BASE_SAME_ISIN,IDEA,EQ,INE669E01016,lt,lt,lt,eq,isin_eq,base_series=EQ
UDIFF,2025-08-18,T0,SBIN,INE062A01020,BASE_SAME_ISIN,SBIN,EQ,INE062A01020,lt,lt,lt,eq,isin_eq,base_series=EQ
UDIFF,2025-08-19,T0,HYUNDAI,INE0V6F01027,BASE_SAME_ISIN,HYUNDAI,EQ,INE0V6F01027,lt,lt,lt,eq,isin_eq,base_series=EQ
UDIFF,2025-08-19,T0,IDEA,INE669E01016,BASE_SAME_ISIN,IDEA,EQ,INE669E01016,lt,lt,lt,eq,isin_eq,base_series=EQ
UDIFF,2025-08-20,BL,SHAILY,INE151G01028,BASE_SAME_ISIN,SHAILY,EQ,INE151G01028,gt,gt,lt,gt,isin_eq,base_series=EQ
UDIFF,2025-08-20,BL,VGUARD,INE951I01027,BASE_SAME_ISIN,VGUARD,EQ,INE951I01027,gt,gt,lt,lt,isin_eq,base_series=EQ
UDIFF,2025-08-21,BL,NXST,INE0NDH25011,BASE_SAME_ISIN,NXST,RR,INE0NDH25011,gt,gt,lt,lt,isin_eq,base_series=RR
UDIFF,2025-08-21,T0,HYUNDAI,INE0V6F01027,BASE_SAME_ISIN,HYUNDAI,EQ,INE0V6F01027,lt,lt,lt,eq,isin_eq,base_series=EQ
UDIFF,2025-08-21,T0,IDEA,INE669E01016,BASE_SAME_ISIN,IDEA,EQ,INE669E01016,lt,lt,lt,eq,isin_eq,base_series=EQ
UDIFF,2025-08-22,BL,APOLLOHOSP,INE437A01024,BASE_SAME_ISIN,APOLLOHOSP,EQ,INE437A01024,gt,gt,lt,lt,isin_eq,base_series=EQ
UDIFF,2025-08-22,T0,IDEA,INE669E01016,BASE_SAME_ISIN,IDEA,EQ,INE669E01016,lt,lt,lt,eq,isin_eq,base_series=EQ
UDIFF,2025-08-22,T0,SBIN,INE062A01020,BASE_SAME_ISIN,SBIN,EQ,INE062A01020,lt,lt,lt,eq,isin_eq,base_series=EQ
UDIFF,2025-08-22,T0,TATASTEEL,INE081A01020,BASE_SAME_ISIN,TATASTEEL,EQ,INE081A01020,lt,lt,lt,eq,isin_eq,base_series=EQ
UDIFF,2025-08-26,BL,EDELWEISS,INE532F01054,BASE_SAME_ISIN,EDELWEISS,EQ,INE532F01054,lt,lt,lt,lt,isin_eq,base_series=EQ
UDIFF,2025-08-26,BL,UPL,INE628A01036,BASE_SAME_ISIN,UPL,EQ,INE628A01036,lt,lt,lt,lt,isin_eq,base_series=EQ
UDIFF,2025-08-26,T0,IDEA,INE669E01016,BASE_SAME_ISIN,IDEA,EQ,INE669E01016,lt,lt,lt,eq,isin_eq,base_series=EQ
UDIFF,2025-08-28,T0,IDEA,INE669E01016,BASE_SAME_ISIN,IDEA,EQ,INE669E01016,lt,lt,lt,eq,isin_eq,base_series=EQ
UDIFF,2025-08-28,T0,SBIN,INE062A01020,BASE_SAME_ISIN,SBIN,EQ,INE062A01020,lt,lt,lt,eq,isin_eq,base_series=EQ
UDIFF,2025-08-29,BL,AGARWALEYE,INE943P01029,BASE_SAME_ISIN,AGARWALEYE,EQ,INE943P01029,gt,gt,lt,gt,isin_eq,base_series=EQ
UDIFF,2025-08-29,BL,CGCL,INE180C01042,BASE_SAME_ISIN,CGCL,EQ,INE180C01042,lt,lt,lt,gt,isin_eq,base_series=EQ
UDIFF,2025-08-29,BL,CHOLAFIN,INE121A01024,BASE_SAME_ISIN,CHOLAFIN,EQ,INE121A01024,lt,lt,lt,gt,isin_eq,base_series=EQ
UDIFF,2025-08-29,BL,DHANI,INE274G01010,BASE_SAME_ISIN,DHANI,EQ,INE274G01010,gt,gt,lt,gt,isin_eq,base_series=EQ
UDIFF,2025-08-29,BL,ETERNAL,INE758T01015,BASE_SAME_ISIN,ETERNAL,EQ,INE758T01015,lt,lt,lt,gt,isin_eq,base_series=EQ
UDIFF,2025-08-29,BL,FIVESTAR,INE128S01021,BASE_SAME_ISIN,FIVESTAR,EQ,INE128S01021,lt,lt,lt,gt,isin_eq,base_series=EQ
UDIFF,2025-08-29,BL,GODREJPROP,INE484J01027,BASE_SAME_ISIN,GODREJPROP,EQ,INE484J01027,lt,lt,lt,gt,isin_eq,base_series=EQ
UDIFF,2025-08-29,BL,INDIGRID,INE219X23014,BASE_SAME_ISIN,INDIGRID,IV,INE219X23014,lt,lt,lt,lt,isin_eq,base_series=IV
UDIFF,2025-08-29,BL,KIMS,INE967H01025,BASE_SAME_ISIN,KIMS,EQ,INE967H01025,lt,lt,lt,gt,isin_eq,base_series=EQ
UDIFF,2025-08-29,BL,KOLTEPATIL,INE094I01018,BASE_SAME_ISIN,KOLTEPATIL,EQ,INE094I01018,gt,gt,lt,gt,isin_eq,base_series=EQ
UDIFF,2025-08-29,BL,KOTAKBANK,INE237A01028,BASE_SAME_ISIN,KOTAKBANK,EQ,INE237A01028,lt,lt,lt,lt,isin_eq,base_series=EQ
UDIFF,2025-08-29,BL,LEMONTREE,INE970X01018,BASE_SAME_ISIN,LEMONTREE,EQ,INE970X01018,lt,lt,lt,gt,isin_eq,base_series=EQ
UDIFF,2025-08-29,BL,MANAPPURAM,INE522D01027,BASE_SAME_ISIN,MANAPPURAM,EQ,INE522D01027,lt,lt,lt,gt,isin_eq,base_series=EQ
UDIFF,2025-08-29,BL,OBEROIRLTY,INE093I01010,BASE_SAME_ISIN,OBEROIRLTY,EQ,INE093I01010,lt,lt,lt,gt,isin_eq,base_series=EQ
UDIFF,2025-08-29,BL,SHRIRAMFIN,INE721A01047,BASE_SAME_ISIN,SHRIRAMFIN,EQ,INE721A01047,lt,lt,lt,lt,isin_eq,base_series=EQ
UDIFF,2025-08-29,BL,THELEELA,INE0AQ201015,BASE_SAME_ISIN,THELEELA,EQ,INE0AQ201015,lt,lt,lt,lt,isin_eq,base_series=EQ
UDIFF,2025-08-29,BL,VBL,INE200M01039,BASE_SAME_ISIN,VBL,EQ,INE200M01039,lt,lt,lt,gt,isin_eq,base_series=EQ
UDIFF,2025-08-29,T0,IDEA,INE669E01016,BASE_SAME_ISIN,IDEA,EQ,INE669E01016,lt,lt,lt,eq,isin_eq,base_series=EQ
UDIFF,2025-09-01,BL,CARBORUNIV,INE120A01034,BASE_SAME_ISIN,CARBORUNIV,EQ,INE120A01034,gt,gt,lt,lt,isin_eq,base_series=EQ
UDIFF,2025-09-01,BL,CGCL,INE180C01042,BASE_SAME_ISIN,CGCL,EQ,INE180C01042,gt,gt,lt,lt,isin_eq,base_series=EQ
UDIFF,2025-09-01,BL,ETERNAL,INE758T01015,BASE_SAME_ISIN,ETERNAL,EQ,INE758T01015,lt,lt,lt,lt,isin_eq,base_series=EQ
UDIFF,2025-09-01,BL,GODREJPROP,INE484J01027,BASE_SAME_ISIN,GODREJPROP,EQ,INE484J01027,lt,lt,lt,lt,isin_eq,base_series=EQ
UDIFF,2025-09-01,BL,KOLTEPATIL,INE094I01018,BASE_SAME_ISIN,KOLTEPATIL,EQ,INE094I01018,gt,gt,lt,lt,isin_eq,base_series=EQ
UDIFF,2025-09-01,BL,KOTAKBANK,INE237A01028,BASE_SAME_ISIN,KOTAKBANK,EQ,INE237A01028,lt,lt,lt,lt,isin_eq,base_series=EQ
UDIFF,2025-09-01,BL,SHRIRAMFIN,INE721A01047,BASE_SAME_ISIN,SHRIRAMFIN,EQ,INE721A01047,lt,lt,lt,lt,isin_eq,base_series=EQ
UDIFF,2025-09-01,T0,HYUNDAI,INE0V6F01027,BASE_SAME_ISIN,HYUNDAI,EQ,INE0V6F01027,lt,lt,lt,eq,isin_eq,base_series=EQ
UDIFF,2025-09-01,T0,OLAELEC,INE0LXG01040,BASE_SAME_ISIN,OLAELEC,EQ,INE0LXG01040,lt,lt,lt,eq,isin_eq,base_series=EQ
UDIFF,2025-09-02,BL,AGARWALEYE,INE943P01029,BASE_SAME_ISIN,AGARWALEYE,EQ,INE943P01029,gt,gt,lt,lt,isin_eq,base_series=EQ
UDIFF,2025-09-02,BL,CGCL,INE180C01042,BASE_SAME_ISIN,CGCL,EQ,INE180C01042,gt,gt,lt,gt,isin_eq,base_series=EQ
UDIFF,2025-09-02,BL,CHOLAFIN,INE121A01024,BASE_SAME_ISIN,CHOLAFIN,EQ,INE121A01024,lt,lt,lt,gt,isin_eq,base_series=EQ
UDIFF,2025-09-02,BL,ETERNAL,INE758T01015,BASE_SAME_ISIN,ETERNAL,EQ,INE758T01015,lt,lt,lt,lt,isin_eq,base_series=EQ
UDIFF,2025-09-02,BL,FIVESTAR,INE128S01021,BASE_SAME_ISIN,FIVESTAR,EQ,INE128S01021,lt,lt,lt,gt,isin_eq,base_series=EQ
UDIFF,2025-09-02,BL,GODREJPROP,INE484J01027,BASE_SAME_ISIN,GODREJPROP,EQ,INE484J01027,lt,lt,lt,lt,isin_eq,base_series=EQ
UDIFF,2025-09-02,BL,KIMS,INE967H01025,BASE_SAME_ISIN,KIMS,EQ,INE967H01025,gt,gt,lt,lt,isin_eq,base_series=EQ
UDIFF,2025-09-02,BL,LEMONTREE,INE970X01018,BASE_SAME_ISIN,LEMONTREE,EQ,INE970X01018,lt,lt,lt,gt,isin_eq,base_series=EQ
UDIFF,2025-09-02,BL,VBL,INE200M01039,BASE_SAME_ISIN,VBL,EQ,INE200M01039,lt,lt,lt,lt,isin_eq,base_series=EQ
UDIFF,2025-09-02,BL,VERTIS,INE0KXY23015,NO_BASE_ORPHAN,,,,,,,,,
UDIFF,2025-09-03,BL,ETERNAL,INE758T01015,BASE_SAME_ISIN,ETERNAL,EQ,INE758T01015,lt,lt,lt,lt,isin_eq,base_series=EQ
UDIFF,2025-09-03,BL,GODREJPROP,INE484J01027,BASE_SAME_ISIN,GODREJPROP,EQ,INE484J01027,lt,lt,lt,lt,isin_eq,base_series=EQ
UDIFF,2025-09-03,BL,KOLTEPATIL,INE094I01018,BASE_SAME_ISIN,KOLTEPATIL,EQ,INE094I01018,gt,gt,lt,eq,isin_eq,base_series=EQ
UDIFF,2025-09-03,BL,KOTAKBANK,INE237A01028,BASE_SAME_ISIN,KOTAKBANK,EQ,INE237A01028,lt,lt,lt,lt,isin_eq,base_series=EQ
UDIFF,2025-09-03,BL,MANAPPURAM,INE522D01027,BASE_SAME_ISIN,MANAPPURAM,EQ,INE522D01027,lt,lt,lt,lt,isin_eq,base_series=EQ
UDIFF,2025-09-03,BL,OBEROIRLTY,INE093I01010,BASE_SAME_ISIN,OBEROIRLTY,EQ,INE093I01010,lt,lt,lt,lt,isin_eq,base_series=EQ
UDIFF,2025-09-03,BL,SHRIRAMFIN,INE721A01047,BASE_SAME_ISIN,SHRIRAMFIN,EQ,INE721A01047,lt,lt,lt,lt,isin_eq,base_series=EQ
UDIFF,2025-09-03,BL,VERTIS,INE0KXY23015,BASE_SAME_ISIN,VERTIS,IV,INE0KXY23015,gt,gt,gt,lt,isin_eq,base_series=IV
UDIFF,2025-09-04,BL,APTUS,INE852O01025,BASE_SAME_ISIN,APTUS,EQ,INE852O01025,gt,gt,lt,gt,isin_eq,base_series=EQ
UDIFF,2025-09-04,BL,DHANI,INE274G01010,BASE_SAME_ISIN,DHANI,EQ,INE274G01010,lt,lt,lt,gt,isin_eq,base_series=EQ
UDIFF,2025-09-04,BL,ETERNAL,INE758T01015,BASE_SAME_ISIN,ETERNAL,EQ,INE758T01015,lt,lt,lt,lt,isin_eq,base_series=EQ
UDIFF,2025-09-04,BL,GODREJPROP,INE484J01027,BASE_SAME_ISIN,GODREJPROP,EQ,INE484J01027,lt,lt,lt,gt,isin_eq,base_series=EQ
UDIFF,2025-09-04,BL,KOTAKBANK,INE237A01028,BASE_SAME_ISIN,KOTAKBANK,EQ,INE237A01028,lt,lt,lt,gt,isin_eq,base_series=EQ
UDIFF,2025-09-04,BL,LEMONTREE,INE970X01018,BASE_SAME_ISIN,LEMONTREE,EQ,INE970X01018,lt,lt,lt,lt,isin_eq,base_series=EQ
UDIFF,2025-09-04,BL,RAMCOIND,INE614A01028,BASE_SAME_ISIN,RAMCOIND,EQ,INE614A01028,gt,gt,lt,lt,isin_eq,base_series=EQ
UDIFF,2025-09-04,BL,SHRIRAMFIN,INE721A01047,BASE_SAME_ISIN,SHRIRAMFIN,EQ,INE721A01047,lt,lt,lt,gt,isin_eq,base_series=EQ
UDIFF,2025-09-04,BL,VBL,INE200M01039,BASE_SAME_ISIN,VBL,EQ,INE200M01039,lt,lt,lt,gt,isin_eq,base_series=EQ
UDIFF,2025-09-04,BL,VERTIS,INE0KXY23015,BASE_SAME_ISIN,VERTIS,IV,INE0KXY23015,gt,gt,lt,lt,isin_eq,base_series=IV
UDIFF,2025-09-04,T0,IDEA,INE669E01016,BASE_SAME_ISIN,IDEA,EQ,INE669E01016,lt,lt,lt,eq,isin_eq,base_series=EQ
UDIFF,2025-09-04,T0,TATASTEEL,INE081A01020,BASE_SAME_ISIN,TATASTEEL,EQ,INE081A01020,lt,lt,lt,eq,isin_eq,base_series=EQ
UDIFF,2025-09-04,T0,ZEEL,INE256A01028,BASE_SAME_ISIN,ZEEL,EQ,INE256A01028,lt,lt,lt,eq,isin_eq,base_series=EQ
UDIFF,2025-09-05,BL,ARMANFIN,INE109C01017,BASE_SAME_ISIN,ARMANFIN,EQ,INE109C01017,gt,gt,lt,lt,isin_eq,base_series=EQ
UDIFF,2025-09-05,BL,CHOLAFIN,INE121A01024,BASE_SAME_ISIN,CHOLAFIN,EQ,INE121A01024,lt,lt,lt,lt,isin_eq,base_series=EQ
UDIFF,2025-09-05,BL,E2E,INE255Z01019,BASE_SAME_ISIN,E2E,EQ,INE255Z01019,lt,lt,lt,lt,isin_eq,base_series=EQ
UDIFF,2025-09-05,BL,ETERNAL,INE758T01015,BASE_SAME_ISIN,ETERNAL,EQ,INE758T01015,lt,lt,lt,lt,isin_eq,base_series=EQ
UDIFF,2025-09-05,BL,GODIGIT,INE03JT01014,BASE_SAME_ISIN,GODIGIT,EQ,INE03JT01014,gt,gt,lt,gt,isin_eq,base_series=EQ
UDIFF,2025-09-05,BL,GODREJPROP,INE484J01027,BASE_SAME_ISIN,GODREJPROP,EQ,INE484J01027,lt,lt,lt,gt,isin_eq,base_series=EQ
UDIFF,2025-09-05,BL,INDIAMART,INE933S01016,BASE_SAME_ISIN,INDIAMART,EQ,INE933S01016,lt,lt,lt,gt,isin_eq,base_series=EQ
UDIFF,2025-09-05,BL,KIMS,INE967H01025,BASE_SAME_ISIN,KIMS,EQ,INE967H01025,gt,gt,lt,lt,isin_eq,base_series=EQ
UDIFF,2025-09-05,BL,KPITTECH,INE04I401011,BASE_SAME_ISIN,KPITTECH,EQ,INE04I401011,lt,lt,lt,lt,isin_eq,base_series=EQ
UDIFF,2025-09-05,BL,MANAPPURAM,INE522D01027,BASE_SAME_ISIN,MANAPPURAM,EQ,INE522D01027,lt,lt,lt,lt,isin_eq,base_series=EQ
UDIFF,2025-09-05,BL,MPSLTD,INE943D01017,BASE_SAME_ISIN,MPSLTD,EQ,INE943D01017,gt,gt,lt,gt,isin_eq,base_series=EQ
UDIFF,2025-09-05,BL,NEULANDLAB,INE794A01010,BASE_SAME_ISIN,NEULANDLAB,EQ,INE794A01010,lt,lt,lt,gt,isin_eq,base_series=EQ
UDIFF,2025-09-05,BL,NUVAMA,INE531F01015,BASE_SAME_ISIN,NUVAMA,EQ,INE531F01015,lt,lt,lt,lt,isin_eq,base_series=EQ
UDIFF,2025-09-05,BL,OBEROIRLTY,INE093I01010,BASE_SAME_ISIN,OBEROIRLTY,EQ,INE093I01010,lt,lt,lt,gt,isin_eq,base_series=EQ
UDIFF,2025-09-05,BL,PFOCUS,INE367G01038,BASE_SAME_ISIN,PFOCUS,EQ,INE367G01038,gt,gt,lt,lt,isin_eq,base_series=EQ
UDIFF,2025-09-05,BL,POLICYBZR,INE417T01026,BASE_SAME_ISIN,POLICYBZR,EQ,INE417T01026,lt,lt,lt,gt,isin_eq,base_series=EQ
UDIFF,2025-09-05,BL,THOMASCOOK,INE332A01027,BASE_SAME_ISIN,THOMASCOOK,EQ,INE332A01027,gt,gt,lt,lt,isin_eq,base_series=EQ
UDIFF,2025-09-05,BL,UJJIVANSFB,INE551W01018,BASE_SAME_ISIN,UJJIVANSFB,EQ,INE551W01018,gt,gt,lt,gt,isin_eq,base_series=EQ
UDIFF,2025-09-08,BL,BHARTIARTL,INE397D01024,BASE_SAME_ISIN,BHARTIARTL,EQ,INE397D01024,lt,lt,lt,gt,isin_eq,base_series=EQ
UDIFF,2025-09-08,BL,ETERNAL,INE758T01015,BASE_SAME_ISIN,ETERNAL,EQ,INE758T01015,lt,lt,lt,lt,isin_eq,base_series=EQ
UDIFF,2025-09-08,BL,HEROMOTOCO,INE158A01026,BASE_SAME_ISIN,HEROMOTOCO,EQ,INE158A01026,lt,lt,lt,lt,isin_eq,base_series=EQ
UDIFF,2025-09-08,BL,INDIGO,INE646L01027,BASE_SAME_ISIN,INDIGO,EQ,INE646L01027,lt,lt,lt,lt,isin_eq,base_series=EQ
UDIFF,2025-09-08,BL,RELIANCE,INE002A01018,BASE_SAME_ISIN,RELIANCE,EQ,INE002A01018,lt,lt,lt,lt,isin_eq,base_series=EQ
UDIFF,2025-09-08,BL,VBL,INE200M01039,BASE_SAME_ISIN,VBL,EQ,INE200M01039,lt,lt,lt,lt,isin_eq,base_series=EQ
UDIFF,2025-09-09,BL,APOLLOHOSP,INE437A01024,BASE_SAME_ISIN,APOLLOHOSP,EQ,INE437A01024,lt,lt,lt,lt,isin_eq,base_series=EQ
UDIFF,2025-09-09,BL,BHARATFORG,INE465A01025,BASE_SAME_ISIN,BHARATFORG,EQ,INE465A01025,lt,lt,lt,gt,isin_eq,base_series=EQ
UDIFF,2025-09-09,BL,DRREDDY,INE089A01031,BASE_SAME_ISIN,DRREDDY,EQ,INE089A01031,lt,lt,lt,lt,isin_eq,base_series=EQ
UDIFF,2025-09-09,BL,ETERNAL,INE758T01015,BASE_SAME_ISIN,ETERNAL,EQ,INE758T01015,lt,lt,lt,gt,isin_eq,base_series=EQ
UDIFF,2025-09-09,BL,HAL,INE066F01020,BASE_SAME_ISIN,HAL,EQ,INE066F01020,lt,lt,lt,lt,isin_eq,base_series=EQ
UDIFF,2025-09-09,BL,HCLTECH,INE860A01027,BASE_SAME_ISIN,HCLTECH,EQ,INE860A01027,lt,lt,lt,lt,isin_eq,base_series=EQ
UDIFF,2025-09-09,BL,HINDALCO,INE038A01020,BASE_SAME_ISIN,HINDALCO,EQ,INE038A01020,lt,lt,lt,lt,isin_eq,base_series=EQ
UDIFF,2025-09-09,BL,ICICIBANK,INE090A01021,BASE_SAME_ISIN,ICICIBANK,EQ,INE090A01021,lt,lt,lt,lt,isin_eq,base_series=EQ
UDIFF,2025-09-09,BL,INFY,INE009A01021,BASE_SAME_ISIN,INFY,EQ,INE009A01021,lt,lt,lt,lt,isin_eq,base_series=EQ
UDIFF,2025-09-09,BL,LEMONTREE,INE970X01018,BASE_SAME_ISIN,LEMONTREE,EQ,INE970X01018,lt,lt,lt,gt,isin_eq,base_series=EQ
UDIFF,2025-09-09,BL,PAYTM,INE982J01020,BASE_SAME_ISIN,PAYTM,EQ,INE982J01020,lt,lt,lt,gt,isin_eq,base_series=EQ
UDIFF,2025-09-09,BL,PFC,INE134E01011,BASE_SAME_ISIN,PFC,EQ,INE134E01011,lt,lt,lt,gt,isin_eq,base_series=EQ
UDIFF,2025-09-09,BL,RECLTD,INE020B01018,BASE_SAME_ISIN,RECLTD,EQ,INE020B01018,lt,lt,lt,gt,isin_eq,base_series=EQ
UDIFF,2025-09-09,BL,SWIGGY,INE00H001014,BASE_SAME_ISIN,SWIGGY,EQ,INE00H001014,lt,lt,lt,gt,isin_eq,base_series=EQ
UDIFF,2025-09-09,BL,TATAMOTORS,INE155A01022,BASE_SAME_ISIN,TATAMOTORS,EQ,INE155A01022,lt,lt,lt,gt,isin_eq,base_series=EQ
UDIFF,2025-09-09,BL,TCS,INE467B01029,BASE_SAME_ISIN,TCS,EQ,INE467B01029,lt,lt,lt,lt,isin_eq,base_series=EQ
UDIFF,2025-09-09,T0,IDEA,INE669E01016,BASE_SAME_ISIN,IDEA,EQ,INE669E01016,lt,lt,lt,eq,isin_eq,base_series=EQ
UDIFF,2025-09-10,BL,ETERNAL,INE758T01015,BASE_SAME_ISIN,ETERNAL,EQ,INE758T01015,lt,lt,lt,lt,isin_eq,base_series=EQ
UDIFF,2025-09-10,BL,HCG,INE075I01017,BASE_SAME_ISIN,HCG,EQ,INE075I01017,gt,gt,lt,lt,isin_eq,base_series=EQ
UDIFF,2025-09-10,BL,KOTAKBANK,INE237A01028,BASE_SAME_ISIN,KOTAKBANK,EQ,INE237A01028,gt,gt,lt,lt,isin_eq,base_series=EQ
UDIFF,2025-09-10,BL,SHRIRAMFIN,INE721A01047,BASE_SAME_ISIN,SHRIRAMFIN,EQ,INE721A01047,lt,lt,lt,lt,isin_eq,base_series=EQ
UDIFF,2025-09-10,BL,VBL,INE200M01039,BASE_SAME_ISIN,VBL,EQ,INE200M01039,lt,lt,lt,gt,isin_eq,base_series=EQ
UDIFF,2025-09-10,T0,IDEA,INE669E01016,BASE_SAME_ISIN,IDEA,EQ,INE669E01016,lt,lt,lt,eq,isin_eq,base_series=EQ
UDIFF,2025-09-11,BL,BEL,INE263A01024,BASE_SAME_ISIN,BEL,EQ,INE263A01024,lt,lt,lt,gt,isin_eq,base_series=EQ
UDIFF,2025-09-11,BL,BHARATFORG,INE465A01025,BASE_SAME_ISIN,BHARATFORG,EQ,INE465A01025,lt,lt,lt,gt,isin_eq,base_series=EQ
UDIFF,2025-09-11,BL,BHARTIARTL,INE397D01024,BASE_SAME_ISIN,BHARTIARTL,EQ,INE397D01024,lt,lt,lt,lt,isin_eq,base_series=EQ
UDIFF,2025-09-11,BL,ETERNAL,INE758T01015,BASE_SAME_ISIN,ETERNAL,EQ,INE758T01015,lt,lt,lt,lt,isin_eq,base_series=EQ
UDIFF,2025-09-11,BL,INDIGO,INE646L01027,BASE_SAME_ISIN,INDIGO,EQ,INE646L01027,lt,lt,lt,lt,isin_eq,base_series=EQ
UDIFF,2025-09-11,BL,KOTAKBANK,INE237A01028,BASE_SAME_ISIN,KOTAKBANK,EQ,INE237A01028,lt,lt,lt,gt,isin_eq,base_series=EQ
UDIFF,2025-09-11,BL,PAYTM,INE982J01020,BASE_SAME_ISIN,PAYTM,EQ,INE982J01020,lt,lt,lt,lt,isin_eq,base_series=EQ
UDIFF,2025-09-11,BL,SHRIRAMFIN,INE721A01047,BASE_SAME_ISIN,SHRIRAMFIN,EQ,INE721A01047,lt,lt,lt,lt,isin_eq,base_series=EQ
UDIFF,2025-09-11,T0,IDEA,INE669E01016,BASE_SAME_ISIN,IDEA,EQ,INE669E01016,lt,lt,lt,eq,isin_eq,base_series=EQ
UDIFF,2025-09-12,BL,BANKBARODA,INE028A01039,BASE_SAME_ISIN,BANKBARODA,EQ,INE028A01039,lt,lt,lt,gt,isin_eq,base_series=EQ
UDIFF,2025-09-12,BL,BHARTIARTL,INE397D01024,BASE_SAME_ISIN,BHARTIARTL,EQ,INE397D01024,lt,lt,lt,gt,isin_eq,base_series=EQ
UDIFF,2025-09-12,BL,EICHERMOT,INE066A01021,BASE_SAME_ISIN,EICHERMOT,EQ,INE066A01021,lt,lt,lt,lt,isin_eq,base_series=EQ
UDIFF,2025-09-12,BL,ETERNAL,INE758T01015,BASE_SAME_ISIN,ETERNAL,EQ,INE758T01015,lt,lt,lt,gt,isin_eq,base_series=EQ
UDIFF,2025-09-12,BL,HEROMOTOCO,INE158A01026,BASE_SAME_ISIN,HEROMOTOCO,EQ,INE158A01026,lt,lt,lt,gt,isin_eq,base_series=EQ
UDIFF,2025-09-12,BL,KOTAKBANK,INE237A01028,BASE_SAME_ISIN,KOTAKBANK,EQ,INE237A01028,lt,lt,lt,eq,isin_eq,base_series=EQ
UDIFF,2025-09-12,BL,MFSL,INE180A01020,BASE_SAME_ISIN,MFSL,EQ,INE180A01020,lt,lt,lt,gt,isin_eq,base_series=EQ
UDIFF,2025-09-12,BL,PFC,INE134E01011,BASE_SAME_ISIN,PFC,EQ,INE134E01011,lt,lt,lt,gt,isin_eq,base_series=EQ
UDIFF,2025-09-12,BL,RELIANCE,INE002A01018,BASE_SAME_ISIN,RELIANCE,EQ,INE002A01018,lt,lt,lt,lt,isin_eq,base_series=EQ
UDIFF,2025-09-12,BL,SHRIRAMFIN,INE721A01047,BASE_SAME_ISIN,SHRIRAMFIN,EQ,INE721A01047,lt,lt,lt,lt,isin_eq,base_series=EQ
UDIFF,2025-09-15,BL,APOLLOHOSP,INE437A01024,BASE_SAME_ISIN,APOLLOHOSP,EQ,INE437A01024,lt,lt,lt,gt,isin_eq,base_series=EQ
UDIFF,2025-09-15,BL,BEL,INE263A01024,BASE_SAME_ISIN,BEL,EQ,INE263A01024,lt,lt,lt,gt,isin_eq,base_series=EQ
UDIFF,2025-09-15,BL,BHARTIARTL,INE397D01024,BASE_SAME_ISIN,BHARTIARTL,EQ,INE397D01024,lt,lt,lt,lt,isin_eq,base_series=EQ
UDIFF,2025-09-15,BL,ETERNAL,INE758T01015,BASE_SAME_ISIN,ETERNAL,EQ,INE758T01015,lt,lt,lt,lt,isin_eq,base_series=EQ
UDIFF,2025-09-15,BL,GPIL,INE177H01039,BASE_SAME_ISIN,GPIL,EQ,INE177H01039,lt,lt,lt,lt,isin_eq,base_series=EQ
UDIFF,2025-09-15,BL,INDIGO,INE646L01027,BASE_SAME_ISIN,INDIGO,EQ,INE646L01027,lt,lt,lt,lt,isin_eq,base_series=EQ
UDIFF,2025-09-15,BL,INDIGRID,INE219X23014,BASE_SAME_ISIN,INDIGRID,IV,INE219X23014,gt,gt,lt,lt,isin_eq,base_series=IV
UDIFF,2025-09-15,BL,INFY,INE009A01021,BASE_SAME_ISIN,INFY,EQ,INE009A01021,lt,lt,lt,gt,isin_eq,base_series=EQ
UDIFF,2025-09-15,BL,PAYTM,INE982J01020,BASE_SAME_ISIN,PAYTM,EQ,INE982J01020,lt,lt,lt,lt,isin_eq,base_series=EQ
UDIFF,2025-09-15,BL,PFC,INE134E01011,BASE_SAME_ISIN,PFC,EQ,INE134E01011,lt,lt,lt,lt,isin_eq,base_series=EQ
UDIFF,2025-09-15,BL,RECLTD,INE020B01018,BASE_SAME_ISIN,RECLTD,EQ,INE020B01018,lt,lt,lt,lt,isin_eq,base_series=EQ
UDIFF,2025-09-16,BL,AIIL,INE206F01022,BASE_SAME_ISIN,AIIL,EQ,INE206F01022,gt,gt,lt,lt,isin_eq,base_series=EQ
UDIFF,2025-09-16,BL,AXISBANK,INE238A01034,BASE_SAME_ISIN,AXISBANK,EQ,INE238A01034,lt,lt,lt,lt,isin_eq,base_series=EQ
UDIFF,2025-09-16,BL,BHARTIARTL,INE397D01024,BASE_SAME_ISIN,BHARTIARTL,EQ,INE397D01024,lt,lt,lt,lt,isin_eq,base_series=EQ
UDIFF,2025-09-16,BL,HAL,INE066F01020,BASE_SAME_ISIN,HAL,EQ,INE066F01020,lt,lt,lt,lt,isin_eq,base_series=EQ
UDIFF,2025-09-16,BL,HEROMOTOCO,INE158A01026,BASE_SAME_ISIN,HEROMOTOCO,EQ,INE158A01026,lt,lt,lt,lt,isin_eq,base_series=EQ
UDIFF,2025-09-16,BL,INDIGO,INE646L01027,BASE_SAME_ISIN,INDIGO,EQ,INE646L01027,lt,lt,lt,gt,isin_eq,base_series=EQ
UDIFF,2025-09-16,BL,INFY,INE009A01021,BASE_SAME_ISIN,INFY,EQ,INE009A01021,lt,lt,lt,lt,isin_eq,base_series=EQ
UDIFF,2025-09-16,BL,ITC,INE154A01025,BASE_SAME_ISIN,ITC,EQ,INE154A01025,lt,lt,lt,lt,isin_eq,base_series=EQ
UDIFF,2025-09-16,BL,PAYTM,INE982J01020,BASE_SAME_ISIN,PAYTM,EQ,INE982J01020,lt,lt,lt,lt,isin_eq,base_series=EQ
UDIFF,2025-09-16,BL,PFC,INE134E01011,BASE_SAME_ISIN,PFC,EQ,INE134E01011,lt,lt,lt,lt,isin_eq,base_series=EQ
UDIFF,2025-09-16,BL,RECLTD,INE020B01018,BASE_SAME_ISIN,RECLTD,EQ,INE020B01018,lt,lt,lt,lt,isin_eq,base_series=EQ
UDIFF,2025-09-16,BL,SAILIFE,INE570L01029,BASE_SAME_ISIN,SAILIFE,EQ,INE570L01029,lt,lt,lt,gt,isin_eq,base_series=EQ
UDIFF,2025-09-16,BL,WIPRO,INE075A01022,BASE_SAME_ISIN,WIPRO,EQ,INE075A01022,lt,lt,lt,lt,isin_eq,base_series=EQ
UDIFF,2025-09-16,T0,IDEA,INE669E01016,BASE_SAME_ISIN,IDEA,EQ,INE669E01016,lt,lt,lt,eq,isin_eq,base_series=EQ
UDIFF,2025-09-17,BL,APOLLOHOSP,INE437A01024,BASE_SAME_ISIN,APOLLOHOSP,EQ,INE437A01024,lt,lt,lt,lt,isin_eq,base_series=EQ
UDIFF,2025-09-17,BL,BHARTIARTL,INE397D01024,BASE_SAME_ISIN,BHARTIARTL,EQ,INE397D01024,lt,lt,lt,lt,isin_eq,base_series=EQ
UDIFF,2025-09-17,BL,BPCL,INE029A01011,BASE_SAME_ISIN,BPCL,EQ,INE029A01011,lt,lt,lt,lt,isin_eq,base_series=EQ
UDIFF,2025-09-17,BL,ENRIN,INE1NPP01017,BASE_SAME_ISIN,ENRIN,EQ,INE1NPP01017,lt,lt,lt,lt,isin_eq,base_series=EQ
UDIFF,2025-09-17,BL,FORTIS,INE061F01013,BASE_SAME_ISIN,FORTIS,EQ,INE061F01013,lt,lt,lt,gt,isin_eq,base_series=EQ
UDIFF,2025-09-17,BL,GVT&D,INE200A01026,BASE_SAME_ISIN,GVT&D,EQ,INE200A01026,lt,lt,lt,lt,isin_eq,base_series=EQ
UDIFF,2025-09-17,BL,HAL,INE066F01020,BASE_SAME_ISIN,HAL,EQ,INE066F01020,lt,lt,lt,lt,isin_eq,base_series=EQ
UDIFF,2025-09-17,BL,HEROMOTOCO,INE158A01026,BASE_SAME_ISIN,HEROMOTOCO,EQ,INE158A01026,lt,lt,lt,lt,isin_eq,base_series=EQ
UDIFF,2025-09-17,BL,PETRONET,INE347G01014,BASE_SAME_ISIN,PETRONET,EQ,INE347G01014,lt,lt,lt,lt,isin_eq,base_series=EQ
UDIFF,2025-09-17,BL,SAILIFE,INE570L01029,BASE_SAME_ISIN,SAILIFE,EQ,INE570L01029,lt,lt,lt,lt,isin_eq,base_series=EQ
UDIFF,2025-09-17,BL,SUNDARMFIN,INE660A01013,BASE_SAME_ISIN,SUNDARMFIN,EQ,INE660A01013,lt,lt,lt,gt,isin_eq,base_series=EQ
UDIFF,2025-09-18,BL,AIIL,INE206F01022,BASE_SAME_ISIN,AIIL,EQ,INE206F01022,gt,gt,lt,gt,isin_eq,base_series=EQ
UDIFF,2025-09-18,BL,AXISBANK,INE238A01034,BASE_SAME_ISIN,AXISBANK,EQ,INE238A01034,lt,lt,lt,lt,isin_eq,base_series=EQ
UDIFF,2025-09-18,BL,ENRIN,INE1NPP01017,BASE_SAME_ISIN,ENRIN,EQ,INE1NPP01017,lt,lt,lt,gt,isin_eq,base_series=EQ
UDIFF,2025-09-18,BL,FORTIS,INE061F01013,BASE_SAME_ISIN,FORTIS,EQ,INE061F01013,lt,lt,lt,lt,isin_eq,base_series=EQ
UDIFF,2025-09-18,BL,ITC,INE154A01025,BASE_SAME_ISIN,ITC,EQ,INE154A01025,lt,lt,lt,lt,isin_eq,base_series=EQ
UDIFF,2025-09-18,BL,PETRONET,INE347G01014,BASE_SAME_ISIN,PETRONET,EQ,INE347G01014,lt,lt,lt,lt,isin_eq,base_series=EQ
UDIFF,2025-09-18,BL,SAILIFE,INE570L01029,BASE_SAME_ISIN,SAILIFE,EQ,INE570L01029,gt,gt,lt,gt,isin_eq,base_series=EQ
UDIFF,2025-09-18,BL,SUNDARMFIN,INE660A01013,BASE_SAME_ISIN,SUNDARMFIN,EQ,INE660A01013,lt,lt,lt,gt,isin_eq,base_series=EQ
UDIFF,2025-09-18,BL,WIPRO,INE075A01022,BASE_SAME_ISIN,WIPRO,EQ,INE075A01022,lt,lt,lt,lt,isin_eq,base_series=EQ
UDIFF,2025-09-19,BL,BPCL,INE029A01011,BASE_SAME_ISIN,BPCL,EQ,INE029A01011,lt,lt,lt,lt,isin_eq,base_series=EQ
UDIFF,2025-09-19,BL,GVT&D,INE200A01026,BASE_SAME_ISIN,GVT&D,EQ,INE200A01026,lt,lt,lt,lt,isin_eq,base_series=EQ
UDIFF,2025-09-19,BL,HAL,INE066F01020,BASE_SAME_ISIN,HAL,EQ,INE066F01020,lt,lt,lt,lt,isin_eq,base_series=EQ
UDIFF,2025-09-19,BL,LT,INE018A01030,BASE_SAME_ISIN,LT,EQ,INE018A01030,lt,lt,lt,gt,isin_eq,base_series=EQ
UDIFF,2025-09-19,BL,M&M,INE101A01026,BASE_SAME_ISIN,M&M,EQ,INE101A01026,lt,lt,lt,gt,isin_eq,base_series=EQ
UDIFF,2025-09-19,T0,IDEA,INE669E01016,BASE_SAME_ISIN,IDEA,EQ,INE669E01016,lt,lt,lt,eq,isin_eq,base_series=EQ
UDIFF,2025-09-19,T0,PNB,INE160A01022,BASE_SAME_ISIN,PNB,EQ,INE160A01022,lt,lt,lt,eq,isin_eq,base_series=EQ
UDIFF,2025-09-22,BL,FORTIS,INE061F01013,BASE_SAME_ISIN,FORTIS,EQ,INE061F01013,lt,lt,lt,lt,isin_eq,base_series=EQ
UDIFF,2025-09-22,BL,MFSL,INE180A01020,BASE_SAME_ISIN,MFSL,EQ,INE180A01020,lt,lt,lt,gt,isin_eq,base_series=EQ
UDIFF,2025-09-22,T0,IDEA,INE669E01016,BASE_SAME_ISIN,IDEA,EQ,INE669E01016,lt,lt,lt,eq,isin_eq,base_series=EQ
UDIFF,2025-09-23,BL,NDRINVIT,INE0Q7Q23015,BASE_SAME_ISIN,NDRINVIT,IV,INE0Q7Q23015,gt,gt,gt,lt,isin_eq,base_series=IV
UDIFF,2025-09-23,BL,VERTIS,INE0KXY23015,BASE_SAME_ISIN,VERTIS,IV,INE0KXY23015,lt,lt,lt,lt,isin_eq,base_series=IV
UDIFF,2025-09-24,BL,AKZOINDIA,INE133A01011,BASE_SAME_ISIN,AKZOINDIA,EQ,INE133A01011,gt,gt,lt,lt,isin_eq,base_series=EQ
UDIFF,2025-09-24,BL,COFFEEDAY,INE335K01011,BASE_SAME_ISIN,COFFEEDAY,BE,INE335K01011,gt,gt,lt,lt,isin_eq,base_series=BE
UDIFF,2025-09-24,T0,IDEA,INE669E01016,BASE_SAME_ISIN,IDEA,EQ,INE669E01016,lt,lt,lt,eq,isin_eq,base_series=EQ
UDIFF,2025-09-24,T0,SBIN,INE062A01020,BASE_SAME_ISIN,SBIN,EQ,INE062A01020,lt,lt,lt,eq,isin_eq,base_series=EQ
UDIFF,2025-09-25,BL,GRMOVER,INE192H01020,BASE_SAME_ISIN,GRMOVER,EQ,INE192H01020,gt,gt,lt,lt,isin_eq,base_series=EQ
UDIFF,2025-09-25,BL,POLYCAB,INE455K01017,BASE_SAME_ISIN,POLYCAB,EQ,INE455K01017,gt,gt,lt,gt,isin_eq,base_series=EQ
UDIFF,2025-09-26,BL,AXISBANK,INE238A01034,BASE_SAME_ISIN,AXISBANK,EQ,INE238A01034,lt,lt,lt,gt,isin_eq,base_series=EQ
UDIFF,2025-09-26,BL,BEL,INE263A01024,BASE_SAME_ISIN,BEL,EQ,INE263A01024,lt,lt,lt,gt,isin_eq,base_series=EQ
UDIFF,2025-09-26,BL,BHARTIARTL,INE397D01024,BASE_SAME_ISIN,BHARTIARTL,EQ,INE397D01024,lt,lt,lt,gt,isin_eq,base_series=EQ
UDIFF,2025-09-26,BL,ETERNAL,INE758T01015,BASE_SAME_ISIN,ETERNAL,EQ,INE758T01015,lt,lt,lt,gt,isin_eq,base_series=EQ
UDIFF,2025-09-26,BL,GODREJPROP,INE484J01027,BASE_SAME_ISIN,GODREJPROP,EQ,INE484J01027,lt,lt,lt,gt,isin_eq,base_series=EQ
UDIFF,2025-09-26,BL,HEROMOTOCO,INE158A01026,BASE_SAME_ISIN,HEROMOTOCO,EQ,INE158A01026,lt,lt,lt,gt,isin_eq,base_series=EQ
UDIFF,2025-09-26,BL,KOTAKBANK,INE237A01028,BASE_SAME_ISIN,KOTAKBANK,EQ,INE237A01028,lt,lt,lt,gt,isin_eq,base_series=EQ
UDIFF,2025-09-26,BL,PAYTM,INE982J01020,BASE_SAME_ISIN,PAYTM,EQ,INE982J01020,lt,lt,lt,gt,isin_eq,base_series=EQ
UDIFF,2025-09-26,BL,SHRIRAMFIN,INE721A01047,BASE_SAME_ISIN,SHRIRAMFIN,EQ,INE721A01047,lt,lt,lt,gt,isin_eq,base_series=EQ
UDIFF,2025-09-26,BL,VBL,INE200M01039,BASE_SAME_ISIN,VBL,EQ,INE200M01039,lt,lt,lt,gt,isin_eq,base_series=EQ
UDIFF,2025-09-29,T0,MANAPPURAM,INE522D01027,BASE_SAME_ISIN,MANAPPURAM,EQ,INE522D01027,lt,lt,lt,eq,isin_eq,base_series=EQ
UDIFF,2025-09-30,BL,NIBE,INE149O01018,BASE_SAME_ISIN,NIBE,EQ,INE149O01018,gt,gt,lt,lt,isin_eq,base_series=EQ
UDIFF,2025-09-30,T0,NATIONALUM,INE139A01034,BASE_SAME_ISIN,NATIONALUM,EQ,INE139A01034,lt,lt,lt,eq,isin_eq,base_series=EQ
UDIFF,2025-09-30,T0,TATASTEEL,INE081A01020,BASE_SAME_ISIN,TATASTEEL,EQ,INE081A01020,lt,lt,lt,eq,isin_eq,base_series=EQ
UDIFF,2025-09-30,T0,WIPRO,INE075A01022,BASE_SAME_ISIN,WIPRO,EQ,INE075A01022,lt,lt,lt,eq,isin_eq,base_series=EQ
UDIFF,2025-10-01,BL,ETERNAL,INE758T01015,BASE_SAME_ISIN,ETERNAL,EQ,INE758T01015,lt,lt,lt,lt,isin_eq,base_series=EQ
UDIFF,2025-10-01,T0,IDEA,INE669E01016,BASE_SAME_ISIN,IDEA,EQ,INE669E01016,lt,lt,lt,eq,isin_eq,base_series=EQ
UDIFF,2025-10-01,T0,PNB,INE160A01022,BASE_SAME_ISIN,PNB,EQ,INE160A01022,lt,lt,lt,eq,isin_eq,base_series=EQ
UDIFF,2025-10-01,T0,WIPRO,INE075A01022,BASE_SAME_ISIN,WIPRO,EQ,INE075A01022,lt,lt,lt,eq,isin_eq,base_series=EQ
UDIFF,2025-10-03,BL,ETERNAL,INE758T01015,BASE_SAME_ISIN,ETERNAL,EQ,INE758T01015,lt,lt,lt,gt,isin_eq,base_series=EQ
UDIFF,2025-10-03,T0,SBIN,INE062A01020,BASE_SAME_ISIN,SBIN,EQ,INE062A01020,lt,lt,lt,eq,isin_eq,base_series=EQ
UDIFF,2025-10-06,BL,ABLBL,INE14LE01019,BASE_SAME_ISIN,ABLBL,EQ,INE14LE01019,gt,gt,lt,lt,isin_eq,base_series=EQ
UDIFF,2025-10-06,BL,ETERNAL,INE758T01015,BASE_SAME_ISIN,ETERNAL,EQ,INE758T01015,lt,lt,lt,lt,isin_eq,base_series=EQ
UDIFF,2025-10-06,BL,OPTIEMUS,INE350C01017,BASE_SAME_ISIN,OPTIEMUS,EQ,INE350C01017,gt,gt,lt,gt,isin_eq,base_series=EQ
UDIFF,2025-10-06,T0,IDEA,INE669E01016,BASE_SAME_ISIN,IDEA,EQ,INE669E01016,lt,lt,lt,eq,isin_eq,base_series=EQ
UDIFF,2025-10-06,T0,TATASTEEL,INE081A01020,BASE_SAME_ISIN,TATASTEEL,EQ,INE081A01020,lt,lt,lt,eq,isin_eq,base_series=EQ
UDIFF,2025-10-07,BL,ADANIPOWER,INE814H01029,BASE_SAME_ISIN,ADANIPOWER,EQ,INE814H01029,lt,lt,lt,gt,isin_eq,base_series=EQ
UDIFF,2025-10-07,BL,ASIANPAINT,INE021A01026,BASE_SAME_ISIN,ASIANPAINT,EQ,INE021A01026,lt,lt,lt,gt,isin_eq,base_series=EQ
UDIFF,2025-10-07,BL,BAJAJHLDNG,INE118A01012,BASE_SAME_ISIN,BAJAJHLDNG,EQ,INE118A01012,lt,lt,lt,lt,isin_eq,base_series=EQ
UDIFF,2025-10-07,BL,BALKRISIND,INE787D01026,BASE_SAME_ISIN,BALKRISIND,EQ,INE787D01026,lt,lt,lt,gt,isin_eq,base_series=EQ
UDIFF,2025-10-07,BL,COROMANDEL,INE169A01031,BASE_SAME_ISIN,COROMANDEL,EQ,INE169A01031,lt,lt,lt,gt,isin_eq,base_series=EQ
UDIFF,2025-10-07,BL,FORTIS,INE061F01013,BASE_SAME_ISIN,FORTIS,EQ,INE061F01013,lt,lt,lt,gt,isin_eq,base_series=EQ
UDIFF,2025-10-07,BL,HCLTECH,INE860A01027,BASE_SAME_ISIN,HCLTECH,EQ,INE860A01027,lt,lt,lt,gt,isin_eq,base_series=EQ
UDIFF,2025-10-07,BL,HYUNDAI,INE0V6F01027,BASE_SAME_ISIN,HYUNDAI,EQ,INE0V6F01027,lt,lt,lt,gt,isin_eq,base_series=EQ
UDIFF,2025-10-07,BL,IDFCFIRSTB,INE092T01019,BASE_SAME_ISIN,IDFCFIRSTB,EQ,INE092T01019,lt,lt,lt,lt,isin_eq,base_series=EQ
UDIFF,2025-10-07,BL,JSL,INE220G01021,BASE_SAME_ISIN,JSL,EQ,INE220G01021,gt,gt,lt,gt,isin_eq,base_series=EQ
UDIFF,2025-10-07,BL,LT,INE018A01030,BASE_SAME_ISIN,LT,EQ,INE018A01030,lt,lt,lt,gt,isin_eq,base_series=EQ
UDIFF,2025-10-07,BL,MRF,INE883A01011,BASE_SAME_ISIN,MRF,EQ,INE883A01011,lt,lt,lt,lt,isin_eq,base_series=EQ
UDIFF,2025-10-07,BL,POLICYBZR,INE417T01026,BASE_SAME_ISIN,POLICYBZR,EQ,INE417T01026,lt,lt,lt,gt,isin_eq,base_series=EQ
UDIFF,2025-10-07,BL,SAMMAANCAP,INE148I01020,BASE_SAME_ISIN,SAMMAANCAP,EQ,INE148I01020,lt,lt,lt,lt,isin_eq,base_series=EQ
UDIFF,2025-10-07,BL,SBIN,INE062A01020,BASE_SAME_ISIN,SBIN,EQ,INE062A01020,lt,lt,lt,gt,isin_eq,base_series=EQ
UDIFF,2025-10-07,BL,SUNDARMFIN,INE660A01013,BASE_SAME_ISIN,SUNDARMFIN,EQ,INE660A01013,gt,gt,lt,gt,isin_eq,base_series=EQ
UDIFF,2025-10-07,BL,SWIGGY,INE00H001014,BASE_SAME_ISIN,SWIGGY,EQ,INE00H001014,lt,lt,lt,gt,isin_eq,base_series=EQ
UDIFF,2025-10-07,BL,TATACOMM,INE151A01013,BASE_SAME_ISIN,TATACOMM,EQ,INE151A01013,gt,gt,lt,lt,isin_eq,base_series=EQ
UDIFF,2025-10-07,BL,VMM,INE01EA01019,BASE_SAME_ISIN,VMM,EQ,INE01EA01019,lt,lt,lt,gt,isin_eq,base_series=EQ
UDIFF,2025-10-07,BL,WAAREEENER,INE377N01017,BASE_SAME_ISIN,WAAREEENER,EQ,INE377N01017,lt,lt,lt,gt,isin_eq,base_series=EQ
UDIFF,2025-10-07,BL,YESBANK,INE528G01035,BASE_SAME_ISIN,YESBANK,EQ,INE528G01035,lt,lt,lt,gt,isin_eq,base_series=EQ
UDIFF,2025-10-07,T0,PNB,INE160A01022,BASE_SAME_ISIN,PNB,EQ,INE160A01022,lt,lt,lt,eq,isin_eq,base_series=EQ
UDIFF,2025-10-08,BL,ASIANPAINT,INE021A01026,BASE_SAME_ISIN,ASIANPAINT,EQ,INE021A01026,lt,lt,lt,lt,isin_eq,base_series=EQ
UDIFF,2025-10-08,BL,EFCIL,INE886D01026,BASE_SAME_ISIN,EFCIL,EQ,INE886D01026,lt,lt,lt,lt,isin_eq,base_series=EQ
UDIFF,2025-10-08,BL,HCLTECH,INE860A01027,BASE_SAME_ISIN,HCLTECH,EQ,INE860A01027,lt,lt,lt,lt,isin_eq,base_series=EQ
UDIFF,2025-10-08,BL,IDFCFIRSTB,INE092T01019,BASE_SAME_ISIN,IDFCFIRSTB,EQ,INE092T01019,lt,lt,lt,gt,isin_eq,base_series=EQ
UDIFF,2025-10-08,BL,LT,INE018A01030,BASE_SAME_ISIN,LT,EQ,INE018A01030,lt,lt,lt,gt,isin_eq,base_series=EQ
UDIFF,2025-10-08,BL,POLICYBZR,INE417T01026,BASE_SAME_ISIN,POLICYBZR,EQ,INE417T01026,lt,lt,lt,gt,isin_eq,base_series=EQ
UDIFF,2025-10-08,BL,SBIN,INE062A01020,BASE_SAME_ISIN,SBIN,EQ,INE062A01020,lt,lt,lt,gt,isin_eq,base_series=EQ
UDIFF,2025-10-08,BL,YESBANK,INE528G01035,BASE_SAME_ISIN,YESBANK,EQ,INE528G01035,lt,lt,lt,gt,isin_eq,base_series=EQ
UDIFF,2025-10-09,BL,DIVISLAB,INE361B01024,BASE_SAME_ISIN,DIVISLAB,EQ,INE361B01024,lt,lt,lt,lt,isin_eq,base_series=EQ
UDIFF,2025-10-09,BL,DIXON,INE935N01020,BASE_SAME_ISIN,DIXON,EQ,INE935N01020,lt,lt,lt,lt,isin_eq,base_series=EQ
UDIFF,2025-10-09,BL,HDFCAMC,INE127D01025,BASE_SAME_ISIN,HDFCAMC,EQ,INE127D01025,lt,lt,lt,lt,isin_eq,base_series=EQ
UDIFF,2025-10-09,BL,HDFCBANK,INE040A01034,BASE_SAME_ISIN,HDFCBANK,EQ,INE040A01034,lt,lt,lt,gt,isin_eq,base_series=EQ
UDIFF,2025-10-09,BL,HINDALCO,INE038A01020,BASE_SAME_ISIN,HINDALCO,EQ,INE038A01020,lt,lt,lt,lt,isin_eq,base_series=EQ
UDIFF,2025-10-09,BL,HONAUT,INE671A01010,BASE_SAME_ISIN,HONAUT,EQ,INE671A01010,gt,gt,lt,lt,isin_eq,base_series=EQ
UDIFF,2025-10-09,BL,M&M,INE101A01026,BASE_SAME_ISIN,M&M,EQ,INE101A01026,lt,lt,lt,gt,isin_eq,base_series=EQ
UDIFF,2025-10-09,BL,POLYMED,INE205C01021,BASE_SAME_ISIN,POLYMED,EQ,INE205C01021,gt,gt,lt,gt,isin_eq,base_series=EQ
UDIFF,2025-10-09,BL,SAMMAANCAP,INE148I01020,BASE_SAME_ISIN,SAMMAANCAP,EQ,INE148I01020,lt,lt,lt,lt,isin_eq,base_series=EQ
UDIFF,2025-10-09,BL,SUNPHARMA,INE044A01036,BASE_SAME_ISIN,SUNPHARMA,EQ,INE044A01036,lt,lt,lt,lt,isin_eq,base_series=EQ
UDIFF,2025-10-09,BL,TATAMOTORS,INE155A01022,BASE_SAME_ISIN,TATAMOTORS,EQ,INE155A01022,lt,lt,lt,gt,isin_eq,base_series=EQ
UDIFF,2025-10-09,T0,IDEA,INE669E01016,BASE_SAME_ISIN,IDEA,EQ,INE669E01016,lt,lt,lt,eq,isin_eq,base_series=EQ
UDIFF,2025-10-09,T0,WIPRO,INE075A01022,BASE_SAME_ISIN,WIPRO,EQ,INE075A01022,lt,lt,lt,eq,isin_eq,base_series=EQ
UDIFF,2025-10-10,BL,APTUS,INE852O01025,BASE_SAME_ISIN,APTUS,EQ,INE852O01025,gt,gt,lt,lt,isin_eq,base_series=EQ
UDIFF,2025-10-10,T0,IDEA,INE669E01016,BASE_SAME_ISIN,IDEA,EQ,INE669E01016,lt,lt,lt,eq,isin_eq,base_series=EQ
UDIFF,2025-10-10,T0,PNB,INE160A01022,BASE_SAME_ISIN,PNB,EQ,INE160A01022,lt,lt,lt,eq,isin_eq,base_series=EQ
UDIFF,2025-10-10,T0,SBIN,INE062A01020,BASE_SAME_ISIN,SBIN,EQ,INE062A01020,lt,lt,lt,eq,isin_eq,base_series=EQ
UDIFF,2025-10-10,T0,SJVN,INE002L01015,BASE_SAME_ISIN,SJVN,EQ,INE002L01015,lt,lt,lt,eq,isin_eq,base_series=EQ
UDIFF,2025-10-10,T0,WIPRO,INE075A01022,BASE_SAME_ISIN,WIPRO,EQ,INE075A01022,lt,lt,lt,eq,isin_eq,base_series=EQ
UDIFF,2025-10-13,BL,BANKBARODA,INE028A01039,BASE_SAME_ISIN,BANKBARODA,EQ,INE028A01039,lt,lt,lt,lt,isin_eq,base_series=EQ
UDIFF,2025-10-13,BL,CANBK,INE476A01022,BASE_SAME_ISIN,CANBK,EQ,INE476A01022,lt,lt,lt,lt,isin_eq,base_series=EQ
UDIFF,2025-10-13,BL,COALINDIA,INE522F01014,BASE_SAME_ISIN,COALINDIA,EQ,INE522F01014,lt,lt,lt,lt,isin_eq,base_series=EQ
UDIFF,2025-10-13,BL,COFORGE,INE591G01025,BASE_SAME_ISIN,COFORGE,EQ,INE591G01025,lt,lt,lt,lt,isin_eq,base_series=EQ
UDIFF,2025-10-13,BL,HDFCBANK,INE040A01034,BASE_SAME_ISIN,HDFCBANK,EQ,INE040A01034,lt,lt,lt,gt,isin_eq,base_series=EQ
UDIFF,2025-10-13,BL,LUPIN,INE326A01037,BASE_SAME_ISIN,LUPIN,EQ,INE326A01037,lt,lt,lt,gt,isin_eq,base_series=EQ
UDIFF,2025-10-13,BL,MANKIND,INE634S01028,BASE_SAME_ISIN,MANKIND,EQ,INE634S01028,lt,lt,lt,lt,isin_eq,base_series=EQ
UDIFF,2025-10-13,BL,PVRINOX,INE191H01014,BASE_SAME_ISIN,PVRINOX,EQ,INE191H01014,lt,lt,lt,gt,isin_eq,base_series=EQ
UDIFF,2025-10-13,BL,SHREECEM,INE070A01015,BASE_SAME_ISIN,SHREECEM,EQ,INE070A01015,lt,lt,lt,gt,isin_eq,base_series=EQ
UDIFF,2025-10-13,BL,SOLARINDS,INE343H01029,BASE_SAME_ISIN,SOLARINDS,EQ,INE343H01029,lt,lt,lt,gt,isin_eq,base_series=EQ
UDIFF,2025-10-13,BL,VEDL,INE205A01025,BASE_SAME_ISIN,VEDL,EQ,INE205A01025,lt,lt,lt,lt,isin_eq,base_series=EQ
UDIFF,2025-10-13,T0,IDEA,INE669E01016,BASE_SAME_ISIN,IDEA,EQ,INE669E01016,lt,lt,lt,eq,isin_eq,base_series=EQ
UDIFF,2025-10-13,T0,SBIN,INE062A01020,BASE_SAME_ISIN,SBIN,EQ,INE062A01020,lt,lt,lt,eq,isin_eq,base_series=EQ
UDIFF,2025-10-14,BL,APOLLO,INE713T01028,BASE_SAME_ISIN,APOLLO,EQ,INE713T01028,lt,lt,lt,eq,isin_eq,base_series=EQ
UDIFF,2025-10-14,BL,ATHERENERG,INE0LEZ01016,BASE_SAME_ISIN,ATHERENERG,EQ,INE0LEZ01016,lt,lt,lt,lt,isin_eq,base_series=EQ
UDIFF,2025-10-14,BL,BANKBARODA,INE028A01039,BASE_SAME_ISIN,BANKBARODA,EQ,INE028A01039,lt,lt,lt,gt,isin_eq,base_series=EQ
UDIFF,2025-10-14,BL,COALINDIA,INE522F01014,BASE_SAME_ISIN,COALINDIA,EQ,INE522F01014,lt,lt,lt,gt,isin_eq,base_series=EQ
UDIFF,2025-10-14,BL,COFORGE,INE591G01025,BASE_SAME_ISIN,COFORGE,EQ,INE591G01025,lt,lt,lt,gt,isin_eq,base_series=EQ
UDIFF,2025-10-14,BL,ICICIBANK,INE090A01021,BASE_SAME_ISIN,ICICIBANK,EQ,INE090A01021,lt,lt,lt,lt,isin_eq,base_series=EQ
UDIFF,2025-10-14,BL,LUPIN,INE326A01037,BASE_SAME_ISIN,LUPIN,EQ,INE326A01037,lt,lt,lt,gt,isin_eq,base_series=EQ
UDIFF,2025-10-14,BL,MANKIND,INE634S01028,BASE_SAME_ISIN,MANKIND,EQ,INE634S01028,lt,lt,lt,lt,isin_eq,base_series=EQ
UDIFF,2025-10-14,BL,MFSL,INE180A01020,BASE_SAME_ISIN,MFSL,EQ,INE180A01020,lt,lt,lt,gt,isin_eq,base_series=EQ
UDIFF,2025-10-14,BL,PNBHOUSING,INE572E01012,BASE_SAME_ISIN,PNBHOUSING,EQ,INE572E01012,lt,lt,lt,lt,isin_eq,base_series=EQ
UDIFF,2025-10-14,BL,PVRINOX,INE191H01014,BASE_SAME_ISIN,PVRINOX,EQ,INE191H01014,lt,lt,lt,gt,isin_eq,base_series=EQ
UDIFF,2025-10-14,BL,SHREECEM,INE070A01015,BASE_SAME_ISIN,SHREECEM,EQ,INE070A01015,lt,lt,lt,lt,isin_eq,base_series=EQ
UDIFF,2025-10-14,BL,VEDL,INE205A01025,BASE_SAME_ISIN,VEDL,EQ,INE205A01025,lt,lt,lt,lt,isin_eq,base_series=EQ
UDIFF,2025-10-14,BL,ZAGGLE,INE07K301024,BASE_SAME_ISIN,ZAGGLE,EQ,INE07K301024,lt,lt,lt,lt,isin_eq,base_series=EQ
UDIFF,2025-10-14,T0,IDEA,INE669E01016,BASE_SAME_ISIN,IDEA,EQ,INE669E01016,lt,lt,lt,eq,isin_eq,base_series=EQ
UDIFF,2025-10-14,T0,WIPRO,INE075A01022,BASE_SAME_ISIN,WIPRO,EQ,INE075A01022,lt,lt,lt,eq,isin_eq,base_series=EQ
UDIFF,2025-10-15,BL,APOLLO,INE713T01028,BASE_SAME_ISIN,APOLLO,EQ,INE713T01028,lt,lt,lt,gt,isin_eq,base_series=EQ
UDIFF,2025-10-15,BL,ATHERENERG,INE0LEZ01016,BASE_SAME_ISIN,ATHERENERG,EQ,INE0LEZ01016,lt,lt,lt,lt,isin_eq,base_series=EQ
UDIFF,2025-10-15,BL,CANBK,INE476A01022,BASE_SAME_ISIN,CANBK,EQ,INE476A01022,lt,lt,lt,lt,isin_eq,base_series=EQ
UDIFF,2025-10-15,BL,KAYNES,INE918Z01012,BASE_SAME_ISIN,KAYNES,EQ,INE918Z01012,lt,lt,lt,lt,isin_eq,base_series=EQ
UDIFF,2025-10-15,T0,SBIN,INE062A01020,BASE_SAME_ISIN,SBIN,EQ,INE062A01020,lt,lt,lt,eq,isin_eq,base_series=EQ
UDIFF,2025-10-15,T0,TATASTEEL,INE081A01020,BASE_SAME_ISIN,TATASTEEL,EQ,INE081A01020,lt,lt,lt,eq,isin_eq,base_series=EQ
UDIFF,2025-10-15,T0,VEDL,INE205A01025,BASE_SAME_ISIN,VEDL,EQ,INE205A01025,lt,lt,lt,eq,isin_eq,base_series=EQ
UDIFF,2025-10-15,T0,WIPRO,INE075A01022,BASE_SAME_ISIN,WIPRO,EQ,INE075A01022,lt,lt,lt,eq,isin_eq,base_series=EQ
UDIFF,2025-10-16,BL,AEGISVOPAK,INE0INX01018,BASE_SAME_ISIN,AEGISVOPAK,EQ,INE0INX01018,lt,lt,lt,lt,isin_eq,base_series=EQ
UDIFF,2025-10-16,BL,ANANTRAJ,INE242C01024,BASE_SAME_ISIN,ANANTRAJ,EQ,INE242C01024,lt,lt,lt,gt,isin_eq,base_series=EQ
UDIFF,2025-10-16,BL,ASTERDM,INE914M01019,BASE_SAME_ISIN,ASTERDM,EQ,INE914M01019,lt,lt,lt,lt,isin_eq,base_series=EQ
UDIFF,2025-10-16,BL,AUBANK,INE949L01017,BASE_SAME_ISIN,AUBANK,EQ,INE949L01017,lt,lt,lt,gt,isin_eq,base_series=EQ
UDIFF,2025-10-16,BL,AUROPHARMA,INE406A01037,BASE_SAME_ISIN,AUROPHARMA,EQ,INE406A01037,lt,lt,lt,gt,isin_eq,base_series=EQ
UDIFF,2025-10-16,BL,BLUESTARCO,INE472A01039,BASE_SAME_ISIN,BLUESTARCO,EQ,INE472A01039,lt,lt,lt,lt,isin_eq,base_series=EQ
UDIFF,2025-10-16,BL,CIPLA,INE059A01026,BASE_SAME_ISIN,CIPLA,EQ,INE059A01026,lt,lt,lt,lt,isin_eq,base_series=EQ
UDIFF,2025-10-16,BL,DLF,INE271C01023,BASE_SAME_ISIN,DLF,EQ,INE271C01023,lt,lt,lt,lt,isin_eq,base_series=EQ
UDIFF,2025-10-16,BL,ETERNAL,INE758T01015,BASE_SAME_ISIN,ETERNAL,EQ,INE758T01015,lt,lt,lt,gt,isin_eq,base_series=EQ
UDIFF,2025-10-16,BL,HYUNDAI,INE0V6F01027,BASE_SAME_ISIN,HYUNDAI,EQ,INE0V6F01027,lt,lt,lt,lt,isin_eq,base_series=EQ
UDIFF,2025-10-16,BL,JKCEMENT,INE823G01014,BASE_SAME_ISIN,JKCEMENT,EQ,INE823G01014,lt,lt,lt,gt,isin_eq,base_series=EQ
UDIFF,2025-10-16,BL,METROPOLIS,INE112L01020,BASE_SAME_ISIN,METROPOLIS,EQ,INE112L01020,gt,gt,lt,lt,isin_eq,base_series=EQ
UDIFF,2025-10-16,BL,NUVAMA,INE531F01015,BASE_SAME_ISIN,NUVAMA,EQ,INE531F01015,lt,lt,lt,gt,isin_eq,base_series=EQ
UDIFF,2025-10-16,BL,PARADEEP,INE088F01024,BASE_SAME_ISIN,PARADEEP,EQ,INE088F01024,lt,lt,lt,lt,isin_eq,base_series=EQ
UDIFF,2025-10-16,BL,PATANJALI,INE619A01035,BASE_SAME_ISIN,PATANJALI,EQ,INE619A01035,lt,lt,lt,gt,isin_eq,base_series=EQ
UDIFF,2025-10-16,BL,PNB,INE160A01022,BASE_SAME_ISIN,PNB,EQ,INE160A01022,lt,lt,lt,gt,isin_eq,base_series=EQ
UDIFF,2025-10-16,BL,POWERINDIA,INE07Y701011,BASE_SAME_ISIN,POWERINDIA,EQ,INE07Y701011,lt,lt,lt,gt,isin_eq,base_series=EQ
UDIFF,2025-10-16,BL,RADICO,INE944F01028,BASE_SAME_ISIN,RADICO,EQ,INE944F01028,lt,lt,lt,gt,isin_eq,base_series=EQ
UDIFF,2025-10-16,BL,SAMHI,INE08U801020,BASE_SAME_ISIN,SAMHI,EQ,INE08U801020,lt,lt,lt,gt,isin_eq,base_series=EQ
UDIFF,2025-10-16,BL,TECHM,INE669C01036,BASE_SAME_ISIN,TECHM,EQ,INE669C01036,lt,lt,lt,gt,isin_eq,base_series=EQ
UDIFF,2025-10-16,BL,VERANDA,INE0IQ001011,BASE_SAME_ISIN,VERANDA,EQ,INE0IQ001011,gt,gt,lt,gt,isin_eq,base_series=EQ
UDIFF,2025-10-16,T0,NTPC,INE733E01010,BASE_SAME_ISIN,NTPC,EQ,INE733E01010,lt,lt,lt,eq,isin_eq,base_series=EQ
UDIFF,2025-10-16,T0,PNB,INE160A01022,BASE_SAME_ISIN,PNB,EQ,INE160A01022,lt,lt,lt,eq,isin_eq,base_series=EQ
UDIFF,2025-10-16,T0,SBIN,INE062A01020,BASE_SAME_ISIN,SBIN,EQ,INE062A01020,lt,lt,lt,eq,isin_eq,base_series=EQ
UDIFF,2025-10-16,T0,TATASTEEL,INE081A01020,BASE_SAME_ISIN,TATASTEEL,EQ,INE081A01020,lt,lt,lt,eq,isin_eq,base_series=EQ
UDIFF,2025-10-16,T0,VEDL,INE205A01025,BASE_SAME_ISIN,VEDL,EQ,INE205A01025,lt,lt,lt,eq,isin_eq,base_series=EQ
UDIFF,2025-10-17,T0,IDEA,INE669E01016,BASE_SAME_ISIN,IDEA,EQ,INE669E01016,lt,lt,lt,eq,isin_eq,base_series=EQ
UDIFF,2025-10-23,T0,IDBI,INE008A01015,BASE_SAME_ISIN,IDBI,EQ,INE008A01015,lt,lt,lt,eq,isin_eq,base_series=EQ
UDIFF,2025-10-23,T0,IDEA,INE669E01016,BASE_SAME_ISIN,IDEA,EQ,INE669E01016,lt,lt,lt,eq,isin_eq,base_series=EQ
UDIFF,2025-10-23,T0,INFY,INE009A01021,BASE_SAME_ISIN,INFY,EQ,INE009A01021,lt,lt,lt,eq,isin_eq,base_series=EQ
UDIFF,2025-10-23,T0,IRB,INE821I01022,BASE_SAME_ISIN,IRB,EQ,INE821I01022,lt,lt,lt,eq,isin_eq,base_series=EQ
UDIFF,2025-10-23,T0,MMTC,INE123F01029,BASE_SAME_ISIN,MMTC,EQ,INE123F01029,lt,lt,lt,eq,isin_eq,base_series=EQ
UDIFF,2025-10-23,T0,PNB,INE160A01022,BASE_SAME_ISIN,PNB,EQ,INE160A01022,lt,lt,lt,eq,isin_eq,base_series=EQ
UDIFF,2025-10-23,T0,WIPRO,INE075A01022,BASE_SAME_ISIN,WIPRO,EQ,INE075A01022,lt,lt,lt,eq,isin_eq,base_series=EQ
UDIFF,2025-10-23,T0,YESBANK,INE528G01035,BASE_SAME_ISIN,YESBANK,EQ,INE528G01035,lt,lt,lt,eq,isin_eq,base_series=EQ
UDIFF,2025-10-24,BL,CGPOWER,INE067A01029,BASE_SAME_ISIN,CGPOWER,EQ,INE067A01029,lt,lt,lt,gt,isin_eq,base_series=EQ
UDIFF,2025-10-24,BL,EICHERMOT,INE066A01021,BASE_SAME_ISIN,EICHERMOT,EQ,INE066A01021,lt,lt,lt,lt,isin_eq,base_series=EQ
UDIFF,2025-10-24,T0,ASHOKLEY,INE208A01029,BASE_SAME_ISIN,ASHOKLEY,EQ,INE208A01029,lt,lt,lt,eq,isin_eq,base_series=EQ
UDIFF,2025-10-24,T0,BANKINDIA,INE084A01016,BASE_SAME_ISIN,BANKINDIA,EQ,INE084A01016,lt,lt,lt,eq,isin_eq,base_series=EQ
UDIFF,2025-10-24,T0,HYUNDAI,INE0V6F01027,BASE_SAME_ISIN,HYUNDAI,EQ,INE0V6F01027,lt,lt,lt,eq,isin_eq,base_series=EQ
UDIFF,2025-10-24,T0,IDEA,INE669E01016,BASE_SAME_ISIN,IDEA,EQ,INE669E01016,lt,lt,lt,eq,isin_eq,base_series=EQ
UDIFF,2025-10-24,T0,IRB,INE821I01022,BASE_SAME_ISIN,IRB,EQ,INE821I01022,lt,lt,lt,eq,isin_eq,base_series=EQ
UDIFF,2025-10-24,T0,YESBANK,INE528G01035,BASE_SAME_ISIN,YESBANK,EQ,INE528G01035,lt,lt,lt,eq,isin_eq,base_series=EQ
UDIFF,2025-10-27,BL,360ONE,INE466L01038,BASE_SAME_ISIN,360ONE,EQ,INE466L01038,gt,gt,lt,gt,isin_eq,base_series=EQ
UDIFF,2025-10-27,T0,ASHOKLEY,INE208A01029,BASE_SAME_ISIN,ASHOKLEY,EQ,INE208A01029,lt,lt,lt,eq,isin_eq,base_series=EQ
UDIFF,2025-10-27,T0,IDEA,INE669E01016,BASE_SAME_ISIN,IDEA,EQ,INE669E01016,lt,lt,lt,eq,isin_eq,base_series=EQ
UDIFF,2025-10-27,T0,RITES,INE320J01015,BASE_SAME_ISIN,RITES,EQ,INE320J01015,lt,lt,lt,eq,isin_eq,base_series=EQ
UDIFF,2025-10-27,T0,SAFARI,INE429E01023,BASE_SAME_ISIN,SAFARI,EQ,INE429E01023,lt,lt,lt,eq,isin_eq,base_series=EQ
UDIFF,2025-10-27,T0,SBIN,INE062A01020,BASE_SAME_ISIN,SBIN,EQ,INE062A01020,lt,lt,lt,eq,isin_eq,base_series=EQ
UDIFF,2025-10-27,T0,SUZLON,INE040H01021,BASE_SAME_ISIN,SUZLON,EQ,INE040H01021,lt,lt,lt,eq,isin_eq,base_series=EQ
UDIFF,2025-10-27,T0,TATASTEEL,INE081A01020,BASE_SAME_ISIN,TATASTEEL,EQ,INE081A01020,lt,lt,lt,eq,isin_eq,base_series=EQ
UDIFF,2025-10-27,T0,YESBANK,INE528G01035,BASE_SAME_ISIN,YESBANK,EQ,INE528G01035,lt,lt,lt,eq,isin_eq,base_series=EQ
UDIFF,2025-10-28,BL,ABCAPITAL,INE674K01013,BASE_SAME_ISIN,ABCAPITAL,EQ,INE674K01013,gt,gt,lt,lt,isin_eq,base_series=EQ
UDIFF,2025-10-28,T0,IDEA,INE669E01016,BASE_SAME_ISIN,IDEA,EQ,INE669E01016,lt,lt,lt,eq,isin_eq,base_series=EQ
UDIFF,2025-10-28,T0,IOB,INE565A01014,BASE_SAME_ISIN,IOB,EQ,INE565A01014,lt,lt,lt,eq,isin_eq,base_series=EQ
UDIFF,2025-10-28,T0,JPPOWER,INE351F01018,BASE_SAME_ISIN,JPPOWER,EQ,INE351F01018,lt,lt,lt,eq,isin_eq,base_series=EQ
UDIFF,2025-10-28,T0,MSUMI,INE0FS801015,BASE_SAME_ISIN,MSUMI,EQ,INE0FS801015,lt,lt,lt,eq,isin_eq,base_series=EQ
UDIFF,2025-10-28,T0,SAFARI,INE429E01023,BASE_SAME_ISIN,SAFARI,EQ,INE429E01023,lt,lt,lt,eq,isin_eq,base_series=EQ
UDIFF,2025-10-28,T0,YESBANK,INE528G01035,BASE_SAME_ISIN,YESBANK,EQ,INE528G01035,lt,lt,lt,eq,isin_eq,base_series=EQ
UDIFF,2025-10-29,T0,ADANIPOWER,INE814H01029,BASE_SAME_ISIN,ADANIPOWER,EQ,INE814H01029,lt,lt,lt,eq,isin_eq,base_series=EQ
UDIFF,2025-10-29,T0,IDEA,INE669E01016,BASE_SAME_ISIN,IDEA,EQ,INE669E01016,lt,lt,lt,eq,isin_eq,base_series=EQ
UDIFF,2025-10-29,T0,IRB,INE821I01022,BASE_SAME_ISIN,IRB,EQ,INE821I01022,lt,lt,lt,eq,isin_eq,base_series=EQ
UDIFF,2025-10-29,T0,SAFARI,INE429E01023,BASE_SAME_ISIN,SAFARI,EQ,INE429E01023,lt,lt,lt,eq,isin_eq,base_series=EQ
UDIFF,2025-10-29,T0,YESBANK,INE528G01035,BASE_SAME_ISIN,YESBANK,EQ,INE528G01035,lt,lt,lt,eq,isin_eq,base_series=EQ
UDIFF,2025-10-30,BL,RELIANCE,INE002A01018,BASE_SAME_ISIN,RELIANCE,EQ,INE002A01018,lt,lt,lt,lt,isin_eq,base_series=EQ
UDIFF,2025-10-30,T0,ASHOKLEY,INE208A01029,BASE_SAME_ISIN,ASHOKLEY,EQ,INE208A01029,lt,lt,lt,eq,isin_eq,base_series=EQ
UDIFF,2025-10-30,T0,COALINDIA,INE522F01014,BASE_SAME_ISIN,COALINDIA,EQ,INE522F01014,lt,lt,lt,eq,isin_eq,base_series=EQ
UDIFF,2025-10-30,T0,HDFCBANK,INE040A01034,BASE_SAME_ISIN,HDFCBANK,EQ,INE040A01034,lt,lt,lt,eq,isin_eq,base_series=EQ
UDIFF,2025-10-30,T0,IDBI,INE008A01015,BASE_SAME_ISIN,IDBI,EQ,INE008A01015,lt,lt,lt,eq,isin_eq,base_series=EQ
UDIFF,2025-10-30,T0,IDEA,INE669E01016,BASE_SAME_ISIN,IDEA,EQ,INE669E01016,lt,lt,lt,eq,isin_eq,base_series=EQ
UDIFF,2025-10-30,T0,NMDC,INE584A01023,BASE_SAME_ISIN,NMDC,EQ,INE584A01023,lt,lt,lt,eq,isin_eq,base_series=EQ
UDIFF,2025-10-30,T0,SBIN,INE062A01020,BASE_SAME_ISIN,SBIN,EQ,INE062A01020,lt,lt,lt,eq,isin_eq,base_series=EQ
UDIFF,2025-10-30,T0,TATASTEEL,INE081A01020,BASE_SAME_ISIN,TATASTEEL,EQ,INE081A01020,lt,lt,lt,eq,isin_eq,base_series=EQ
UDIFF,2025-10-30,T0,TRIDENT,INE064C01022,BASE_SAME_ISIN,TRIDENT,EQ,INE064C01022,lt,lt,lt,eq,isin_eq,base_series=EQ
UDIFF,2025-10-30,T0,YESBANK,INE528G01035,BASE_SAME_ISIN,YESBANK,EQ,INE528G01035,lt,lt,lt,eq,isin_eq,base_series=EQ
UDIFF,2025-10-31,T0,HYUNDAI,INE0V6F01027,BASE_SAME_ISIN,HYUNDAI,EQ,INE0V6F01027,lt,lt,lt,eq,isin_eq,base_series=EQ
UDIFF,2025-10-31,T0,PNB,INE160A01022,BASE_SAME_ISIN,PNB,EQ,INE160A01022,lt,lt,lt,eq,isin_eq,base_series=EQ
UDIFF,2025-10-31,T0,SAFARI,INE429E01023,BASE_SAME_ISIN,SAFARI,EQ,INE429E01023,lt,lt,lt,eq,isin_eq,base_series=EQ
UDIFF,2025-10-31,T0,SBIN,INE062A01020,BASE_SAME_ISIN,SBIN,EQ,INE062A01020,lt,lt,lt,eq,isin_eq,base_series=EQ
UDIFF,2025-11-03,T0,GAIL,INE129A01019,BASE_SAME_ISIN,GAIL,EQ,INE129A01019,lt,lt,lt,eq,isin_eq,base_series=EQ
UDIFF,2025-11-04,BL,HNDFDS,INE254N01026,BASE_SAME_ISIN,HNDFDS,EQ,INE254N01026,gt,gt,lt,lt,isin_eq,base_series=EQ
UDIFF,2025-11-04,T0,BHEL,INE257A01026,BASE_SAME_ISIN,BHEL,EQ,INE257A01026,lt,lt,lt,eq,isin_eq,base_series=EQ
UDIFF,2025-11-04,T0,YESBANK,INE528G01035,BASE_SAME_ISIN,YESBANK,EQ,INE528G01035,lt,lt,lt,eq,isin_eq,base_series=EQ
UDIFF,2025-11-06,BL,RBLBANK,INE976G01028,BASE_SAME_ISIN,RBLBANK,EQ,INE976G01028,gt,gt,lt,lt,isin_eq,base_series=EQ
UDIFF,2025-11-07,T0,YESBANK,INE528G01035,BASE_SAME_ISIN,YESBANK,EQ,INE528G01035,lt,lt,lt,eq,isin_eq,base_series=EQ
UDIFF,2025-11-07,T0,ZEEL,INE256A01028,BASE_SAME_ISIN,ZEEL,EQ,INE256A01028,lt,lt,lt,eq,isin_eq,base_series=EQ
UDIFF,2025-11-10,BL,APOLLOHOSP,INE437A01024,BASE_SAME_ISIN,APOLLOHOSP,EQ,INE437A01024,lt,lt,lt,lt,isin_eq,base_series=EQ
UDIFF,2025-11-10,BL,ICICIBANK,INE090A01021,BASE_SAME_ISIN,ICICIBANK,EQ,INE090A01021,lt,lt,lt,lt,isin_eq,base_series=EQ
UDIFF,2025-11-10,BL,KAYNES,INE918Z01012,BASE_SAME_ISIN,KAYNES,EQ,INE918Z01012,lt,lt,lt,gt,isin_eq,base_series=EQ
UDIFF,2025-11-10,T0,BANKINDIA,INE084A01016,BASE_SAME_ISIN,BANKINDIA,EQ,INE084A01016,lt,lt,lt,eq,isin_eq,base_series=EQ
UDIFF,2025-11-11,T0,IDEA,INE669E01016,BASE_SAME_ISIN,IDEA,EQ,INE669E01016,lt,lt,lt,eq,isin_eq,base_series=EQ
UDIFF,2025-11-12,BL,SINDHUTRAD,INE325D01025,BASE_SAME_ISIN,SINDHUTRAD,EQ,INE325D01025,gt,gt,lt,gt,isin_eq,base_series=EQ
UDIFF,2025-11-12,T0,IDEA,INE669E01016,BASE_SAME_ISIN,IDEA,EQ,INE669E01016,lt,lt,lt,eq,isin_eq,base_series=EQ
UDIFF,2025-11-12,T0,NTPC,INE733E01010,BASE_SAME_ISIN,NTPC,EQ,INE733E01010,lt,lt,lt,eq,isin_eq,base_series=EQ
UDIFF,2025-11-13,BL,ATHERENERG,INE0LEZ01016,BASE_SAME_ISIN,ATHERENERG,EQ,INE0LEZ01016,gt,gt,lt,lt,isin_eq,base_series=EQ
UDIFF,2025-11-13,BL,AXISBANK,INE238A01034,BASE_SAME_ISIN,AXISBANK,EQ,INE238A01034,lt,lt,lt,lt,isin_eq,base_series=EQ
UDIFF,2025-11-13,BL,SAMMAANCAP,INE148I01020,BASE_SAME_ISIN,SAMMAANCAP,EQ,INE148I01020,lt,lt,lt,lt,isin_eq,base_series=EQ
UDIFF,2025-11-13,BL,TATACAP,INE976I01016,BASE_SAME_ISIN,TATACAP,EQ,INE976I01016,lt,lt,lt,gt,isin_eq,base_series=EQ
UDIFF,2025-11-13,T0,GAIL,INE129A01019,BASE_SAME_ISIN,GAIL,EQ,INE129A01019,lt,lt,lt,eq,isin_eq,base_series=EQ
UDIFF,2025-11-13,T0,IDEA,INE669E01016,BASE_SAME_ISIN,IDEA,EQ,INE669E01016,lt,lt,lt,eq,isin_eq,base_series=EQ
UDIFF,2025-11-14,BL,RAIN,INE855B01025,BASE_SAME_ISIN,RAIN,EQ,INE855B01025,lt,lt,lt,gt,isin_eq,base_series=EQ
UDIFF,2025-11-14,BL,SHAILY,INE151G01028,BASE_SAME_ISIN,SHAILY,EQ,INE151G01028,lt,lt,lt,lt,isin_eq,base_series=EQ
UDIFF,2025-11-14,T0,IDEA,INE669E01016,BASE_SAME_ISIN,IDEA,EQ,INE669E01016,lt,lt,lt,eq,isin_eq,base_series=EQ
UDIFF,2025-11-14,T0,NTPC,INE733E01010,BASE_SAME_ISIN,NTPC,EQ,INE733E01010,lt,lt,lt,eq,isin_eq,base_series=EQ
UDIFF,2025-11-17,BL,ONESOURCE,INE013P01021,BASE_SAME_ISIN,ONESOURCE,EQ,INE013P01021,lt,lt,lt,lt,isin_eq,base_series=EQ
UDIFF,2025-11-17,T0,IDEA,INE669E01016,BASE_SAME_ISIN,IDEA,EQ,INE669E01016,lt,lt,lt,eq,isin_eq,base_series=EQ
UDIFF,2025-11-18,BL,ADANIENSOL,INE931S01010,BASE_SAME_ISIN,ADANIENSOL,EQ,INE931S01010,gt,gt,lt,lt,isin_eq,base_series=EQ
UDIFF,2025-11-18,BL,ADANIENT,INE423A01024,BASE_SAME_ISIN,ADANIENT,EQ,INE423A01024,gt,gt,lt,gt,isin_eq,base_series=EQ
UDIFF,2025-11-18,BL,ADANIGREEN,INE364U01010,BASE_SAME_ISIN,ADANIGREEN,EQ,INE364U01010,gt,gt,lt,gt,isin_eq,base_series=EQ
UDIFF,2025-11-18,BL,ADANIPORTS,INE742F01042,BASE_SAME_ISIN,ADANIPORTS,EQ,INE742F01042,gt,gt,lt,gt,isin_eq,base_series=EQ
UDIFF,2025-11-18,BL,ADANIPOWER,INE814H01029,BASE_SAME_ISIN,ADANIPOWER,EQ,INE814H01029,gt,gt,lt,gt,isin_eq,base_series=EQ
UDIFF,2025-11-18,BL,BHARTIARTL,INE397D01024,BASE_SAME_ISIN,BHARTIARTL,EQ,INE397D01024,lt,lt,lt,lt,isin_eq,base_series=EQ
UDIFF,2025-11-18,BL,BLACKBUCK,INE0UIZ01018,BASE_SAME_ISIN,BLACKBUCK,EQ,INE0UIZ01018,gt,gt,lt,lt,isin_eq,base_series=EQ
UDIFF,2025-11-18,BL,CANHLIFE,INE01TY01017,BASE_SAME_ISIN,CANHLIFE,EQ,INE01TY01017,gt,gt,lt,gt,isin_eq,base_series=EQ
UDIFF,2025-11-18,BL,GMRAIRPORT,INE776C01039,BASE_SAME_ISIN,GMRAIRPORT,EQ,INE776C01039,lt,lt,lt,lt,isin_eq,base_series=EQ
UDIFF,2025-11-18,BL,ICICIBANK,INE090A01021,BASE_SAME_ISIN,ICICIBANK,EQ,INE090A01021,lt,lt,lt,gt,isin_eq,base_series=EQ
UDIFF,2025-11-18,BL,ITC,INE154A01025,BASE_SAME_ISIN,ITC,EQ,INE154A01025,gt,gt,lt,gt,isin_eq,base_series=EQ
UDIFF,2025-11-18,BL,ITCHOTELS,INE379A01028,BASE_SAME_ISIN,ITCHOTELS,EQ,INE379A01028,gt,gt,lt,gt,isin_eq,base_series=EQ
UDIFF,2025-11-18,BL,JSWENERGY,INE121E01018,BASE_SAME_ISIN,JSWENERGY,EQ,INE121E01018,gt,gt,lt,gt,isin_eq,base_series=EQ
UDIFF,2025-11-18,BL,JSWSTEEL,INE019A01038,BASE_SAME_ISIN,JSWSTEEL,EQ,INE019A01038,lt,lt,lt,gt,isin_eq,base_series=EQ
UDIFF,2025-11-18,BL,LODHA,INE670K01029,BASE_SAME_ISIN,LODHA,EQ,INE670K01029,gt,gt,lt,gt,isin_eq,base_series=EQ
UDIFF,2025-11-18,BL,PATANJALI,INE619A01035,BASE_SAME_ISIN,PATANJALI,EQ,INE619A01035,gt,gt,lt,lt,isin_eq,base_series=EQ
UDIFF,2025-11-18,BL,PFC,INE134E01011,BASE_SAME_ISIN,PFC,EQ,INE134E01011,lt,lt,lt,gt,isin_eq,base_series=EQ
UDIFF,2025-11-18,BL,SBIN,INE062A01020,BASE_SAME_ISIN,SBIN,EQ,INE062A01020,gt,gt,lt,gt,isin_eq,base_series=EQ
UDIFF,2025-11-18,BL,SUNPHARMA,INE044A01036,BASE_SAME_ISIN,SUNPHARMA,EQ,INE044A01036,gt,gt,lt,gt,isin_eq,base_series=EQ
UDIFF,2025-11-18,T0,IDEA,INE669E01016,BASE_SAME_ISIN,IDEA,EQ,INE669E01016,lt,lt,lt,eq,isin_eq,base_series=EQ
UDIFF,2025-11-19,BL,APOLLOHOSP,INE437A01024,BASE_SAME_ISIN,APOLLOHOSP,EQ,INE437A01024,lt,lt,lt,lt,isin_eq,base_series=EQ
UDIFF,2025-11-19,BL,ESTER,INE778B01029,BASE_SAME_ISIN,ESTER,EQ,INE778B01029,gt,gt,lt,lt,isin_eq,base_series=EQ
UDIFF,2025-11-19,BL,HDFCBANK,INE040A01034,BASE_SAME_ISIN,HDFCBANK,EQ,INE040A01034,lt,lt,lt,lt,isin_eq,base_series=EQ
UDIFF,2025-11-19,BL,RELIANCE,INE002A01018,BASE_SAME_ISIN,RELIANCE,EQ,INE002A01018,lt,lt,lt,gt,isin_eq,base_series=EQ
UDIFF,2025-11-19,T0,IDEA,INE669E01016,BASE_SAME_ISIN,IDEA,EQ,INE669E01016,lt,lt,lt,eq,isin_eq,base_series=EQ
UDIFF,2025-11-19,T0,IOB,INE565A01014,BASE_SAME_ISIN,IOB,EQ,INE565A01014,lt,lt,lt,eq,isin_eq,base_series=EQ
UDIFF,2025-11-19,T0,YESBANK,INE528G01035,BASE_SAME_ISIN,YESBANK,EQ,INE528G01035,lt,lt,lt,eq,isin_eq,base_series=EQ
UDIFF,2025-11-20,T0,GMRAIRPORT,INE776C01039,BASE_SAME_ISIN,GMRAIRPORT,EQ,INE776C01039,lt,lt,lt,eq,isin_eq,base_series=EQ
UDIFF,2025-11-20,T0,IDEA,INE669E01016,BASE_SAME_ISIN,IDEA,EQ,INE669E01016,lt,lt,lt,eq,isin_eq,base_series=EQ
UDIFF,2025-11-20,T0,JIOFIN,INE758E01017,BASE_SAME_ISIN,JIOFIN,EQ,INE758E01017,lt,lt,lt,eq,isin_eq,base_series=EQ
UDIFF,2025-11-20,T0,ONGC,INE213A01029,BASE_SAME_ISIN,ONGC,EQ,INE213A01029,lt,lt,lt,eq,isin_eq,base_series=EQ
UDIFF,2025-11-20,T0,YESBANK,INE528G01035,BASE_SAME_ISIN,YESBANK,EQ,INE528G01035,lt,lt,lt,eq,isin_eq,base_series=EQ
UDIFF,2025-11-21,BL,MFSL,INE180A01020,BASE_SAME_ISIN,MFSL,EQ,INE180A01020,gt,gt,lt,gt,isin_eq,base_series=EQ
UDIFF,2025-11-21,BL,RELIANCE,INE002A01018,BASE_SAME_ISIN,RELIANCE,EQ,INE002A01018,lt,lt,lt,lt,isin_eq,base_series=EQ
UDIFF,2025-11-21,T0,RELIANCE,INE002A01018,BASE_SAME_ISIN,RELIANCE,EQ,INE002A01018,lt,lt,lt,eq,isin_eq,base_series=EQ
UDIFF,2025-11-25,BL,RELINFRA,INE036A01016,BASE_SAME_ISIN,RELINFRA,BE,INE036A01016,gt,gt,lt,gt,isin_eq,base_series=BE
UDIFF,2025-11-26,BL,RAIN,INE855B01025,BASE_SAME_ISIN,RAIN,EQ,INE855B01025,gt,gt,lt,lt,isin_eq,base_series=EQ
UDIFF,2025-11-27,BL,MTARTECH,INE864I01014,BASE_SAME_ISIN,MTARTECH,EQ,INE864I01014,lt,lt,lt,lt,isin_eq,base_series=EQ
UDIFF,2025-12-01,BL,OILCOUNTUB,INE591A01010,BASE_SAME_ISIN,OILCOUNTUB,EQ,INE591A01010,gt,gt,lt,gt,isin_eq,base_series=EQ
UDIFF,2025-12-03,BL,CRAFTSMAN,INE00LO01017,BASE_SAME_ISIN,CRAFTSMAN,EQ,INE00LO01017,gt,gt,lt,lt,isin_eq,base_series=EQ
UDIFF,2025-12-03,BL,EICHERMOT,INE066A01021,BASE_SAME_ISIN,EICHERMOT,EQ,INE066A01021,lt,lt,lt,lt,isin_eq,base_series=EQ
UDIFF,2025-12-03,BL,M&M,INE101A01026,BASE_SAME_ISIN,M&M,EQ,INE101A01026,lt,lt,lt,gt,isin_eq,base_series=EQ
UDIFF,2025-12-03,BL,NHIT,INE0H7R23014,BASE_SAME_ISIN,NHIT,IV,INE0H7R23014,gt,gt,gt,lt,isin_eq,base_series=IV
UDIFF,2025-12-03,BL,UFLEX,INE516A01017,BASE_SAME_ISIN,UFLEX,EQ,INE516A01017,gt,gt,lt,lt,isin_eq,base_series=EQ
UDIFF,2025-12-03,T0,IDEA,INE669E01016,BASE_SAME_ISIN,IDEA,EQ,INE669E01016,lt,lt,lt,eq,isin_eq,base_series=EQ
UDIFF,2025-12-04,BL,SOFTTECH,INE728Z01015,BASE_SAME_ISIN,SOFTTECH,EQ,INE728Z01015,gt,gt,lt,gt,isin_eq,base_series=EQ
UDIFF,2025-12-04,T0,ONGC,INE213A01029,BASE_SAME_ISIN,ONGC,EQ,INE213A01029,lt,lt,lt,eq,isin_eq,base_series=EQ
UDIFF,2025-12-05,BL,ITCHOTELS,INE379A01028,BASE_SAME_ISIN,ITCHOTELS,EQ,INE379A01028,gt,gt,lt,lt,isin_eq,base_series=EQ
UDIFF,2025-12-05,BL,POLYPLEX,INE633B01018,BASE_SAME_ISIN,POLYPLEX,EQ,INE633B01018,gt,gt,lt,lt,isin_eq,base_series=EQ
UDIFF,2025-12-05,BL,VENTIVE,INE781S01027,BASE_SAME_ISIN,VENTIVE,EQ,INE781S01027,gt,gt,lt,lt,isin_eq,base_series=EQ
UDIFF,2025-12-05,T0,ONGC,INE213A01029,BASE_SAME_ISIN,ONGC,EQ,INE213A01029,lt,lt,lt,eq,isin_eq,base_series=EQ
UDIFF,2025-12-10,BL,ADANIGREEN,INE364U01010,BASE_SAME_ISIN,ADANIGREEN,EQ,INE364U01010,gt,gt,lt,lt,isin_eq,base_series=EQ
UDIFF,2025-12-10,BL,EICHERMOT,INE066A01021,BASE_SAME_ISIN,EICHERMOT,EQ,INE066A01021,lt,lt,lt,gt,isin_eq,base_series=EQ
UDIFF,2025-12-10,BL,ICICIBANK,INE090A01021,BASE_SAME_ISIN,ICICIBANK,EQ,INE090A01021,lt,lt,lt,lt,isin_eq,base_series=EQ
UDIFF,2025-12-10,BL,PNBHOUSING,INE572E01012,BASE_SAME_ISIN,PNBHOUSING,EQ,INE572E01012,gt,gt,lt,gt,isin_eq,base_series=EQ
UDIFF,2025-12-10,BL,SBILIFE,INE123W01016,BASE_SAME_ISIN,SBILIFE,EQ,INE123W01016,lt,lt,lt,gt,isin_eq,base_series=EQ
UDIFF,2025-12-11,BL,GALLANTT,INE297H01019,BASE_SAME_ISIN,GALLANTT,EQ,INE297H01019,lt,lt,lt,lt,isin_eq,base_series=EQ
UDIFF,2025-12-11,BL,UFLEX,INE516A01017,BASE_SAME_ISIN,UFLEX,EQ,INE516A01017,gt,gt,lt,lt,isin_eq,base_series=EQ
UDIFF,2025-12-12,BL,USHAMART,INE228A01035,BASE_SAME_ISIN,USHAMART,EQ,INE228A01035,gt,gt,lt,lt,isin_eq,base_series=EQ
UDIFF,2025-12-16,BL,GALLANTT,INE297H01019,BASE_SAME_ISIN,GALLANTT,EQ,INE297H01019,gt,gt,lt,lt,isin_eq,base_series=EQ
UDIFF,2025-12-16,BL,SBFC,INE423Y01016,BASE_SAME_ISIN,SBFC,EQ,INE423Y01016,gt,gt,lt,gt,isin_eq,base_series=EQ
UDIFF,2025-12-22,BL,AKUMS,INE09XN01023,BASE_SAME_ISIN,AKUMS,EQ,INE09XN01023,gt,gt,lt,lt,isin_eq,base_series=EQ
UDIFF,2025-12-22,BL,NHIT,INE0H7R23014,BASE_SAME_ISIN,NHIT,IV,INE0H7R23014,gt,gt,lt,gt,isin_eq,base_series=IV
UDIFF,2025-12-23,BL,BELRISE,INE894V01022,BASE_SAME_ISIN,BELRISE,EQ,INE894V01022,lt,lt,lt,lt,isin_eq,base_series=EQ
UDIFF,2025-12-23,BL,CAPINVIT,INE0Z8Z23013,BASE_SAME_ISIN,CAPINVIT,IV,INE0Z8Z23013,gt,gt,lt,lt,isin_eq,base_series=IV
UDIFF,2025-12-23,T0,IDEA,INE669E01016,BASE_SAME_ISIN,IDEA,EQ,INE669E01016,lt,lt,lt,eq,isin_eq,base_series=EQ
UDIFF,2025-12-23,T0,TATASTEEL,INE081A01020,BASE_SAME_ISIN,TATASTEEL,EQ,INE081A01020,lt,lt,lt,eq,isin_eq,base_series=EQ
UDIFF,2025-12-24,BL,CAPINVIT,INE0Z8Z23013,BASE_SAME_ISIN,CAPINVIT,IV,INE0Z8Z23013,lt,lt,lt,lt,isin_eq,base_series=IV
UDIFF,2025-12-24,T0,IDEA,INE669E01016,BASE_SAME_ISIN,IDEA,EQ,INE669E01016,lt,lt,lt,eq,isin_eq,base_series=EQ
UDIFF,2025-12-26,BL,CGPOWER,INE067A01029,BASE_SAME_ISIN,CGPOWER,EQ,INE067A01029,gt,gt,lt,gt,isin_eq,base_series=EQ
UDIFF,2025-12-26,BL,CRAFTSMAN,INE00LO01017,BASE_SAME_ISIN,CRAFTSMAN,EQ,INE00LO01017,lt,lt,lt,lt,isin_eq,base_series=EQ
UDIFF,2025-12-29,BL,BAJAJ-AUTO,INE917I01010,BASE_SAME_ISIN,BAJAJ-AUTO,EQ,INE917I01010,gt,gt,lt,gt,isin_eq,base_series=EQ
UDIFF,2025-12-29,BL,BIRLANU,INE557A01011,BASE_SAME_ISIN,BIRLANU,EQ,INE557A01011,gt,gt,lt,lt,isin_eq,base_series=EQ
UDIFF,2025-12-29,BL,HONASA,INE0J5401028,BASE_SAME_ISIN,HONASA,EQ,INE0J5401028,gt,gt,lt,lt,isin_eq,base_series=EQ
UDIFF,2026-01-05,BL,SWIGGY,INE00H001014,BASE_SAME_ISIN,SWIGGY,EQ,INE00H001014,lt,lt,lt,lt,isin_eq,base_series=EQ
UDIFF,2026-01-09,BL,TATACAP,INE976I01016,BASE_SAME_ISIN,TATACAP,EQ,INE976I01016,lt,lt,lt,lt,isin_eq,base_series=EQ
UDIFF,2026-01-12,BL,FORCEMOT,INE451A01017,BASE_SAME_ISIN,FORCEMOT,EQ,INE451A01017,lt,lt,lt,lt,isin_eq,base_series=EQ
UDIFF,2026-01-16,BL,DEEPAKNTR,INE288B01029,BASE_SAME_ISIN,DEEPAKNTR,EQ,INE288B01029,gt,gt,lt,gt,isin_eq,base_series=EQ
UDIFF,2026-01-16,BL,M&M,INE101A01026,BASE_SAME_ISIN,M&M,EQ,INE101A01026,lt,lt,lt,gt,isin_eq,base_series=EQ
UDIFF,2026-01-16,BL,SBILIFE,INE123W01016,BASE_SAME_ISIN,SBILIFE,EQ,INE123W01016,lt,lt,lt,lt,isin_eq,base_series=EQ
UDIFF,2026-01-20,BL,TMCV,INE1TAE01010,BASE_SAME_ISIN,TMCV,EQ,INE1TAE01010,lt,lt,lt,lt,isin_eq,base_series=EQ
UDIFF,2026-01-23,T0,NCC,INE868B01028,BASE_SAME_ISIN,NCC,EQ,INE868B01028,lt,lt,lt,gt,isin_eq,base_series=EQ
UDIFF,2026-01-27,BL,INDIGRID,INE219X23014,BASE_SAME_ISIN,INDIGRID,IV,INE219X23014,lt,lt,lt,lt,isin_eq,base_series=IV
UDIFF,2026-01-28,BL,INDIGRID,INE219X23014,BASE_SAME_ISIN,INDIGRID,IV,INE219X23014,lt,lt,lt,lt,isin_eq,base_series=IV
UDIFF,2026-02-04,BL,BAJAJHLDNG,INE118A01012,BASE_SAME_ISIN,BAJAJHLDNG,EQ,INE118A01012,gt,gt,lt,gt,isin_eq,base_series=EQ
UDIFF,2026-02-05,BL,BLISSGVS,INE416D01022,BASE_SAME_ISIN,BLISSGVS,EQ,INE416D01022,lt,lt,lt,lt,isin_eq,base_series=EQ
UDIFF,2026-02-11,BL,ATHERENERG,INE0LEZ01016,BASE_SAME_ISIN,ATHERENERG,EQ,INE0LEZ01016,gt,gt,lt,lt,isin_eq,base_series=EQ
UDIFF,2026-02-11,BL,DEEPAKNTR,INE288B01029,BASE_SAME_ISIN,DEEPAKNTR,EQ,INE288B01029,gt,gt,lt,gt,isin_eq,base_series=EQ
UDIFF,2026-02-11,BL,M&M,INE101A01026,BASE_SAME_ISIN,M&M,EQ,INE101A01026,lt,lt,lt,gt,isin_eq,base_series=EQ
UDIFF,2026-02-11,BL,PNBHOUSING,INE572E01012,BASE_SAME_ISIN,PNBHOUSING,EQ,INE572E01012,lt,lt,lt,gt,isin_eq,base_series=EQ
UDIFF,2026-02-11,BL,SAFARI,INE429E01023,BASE_SAME_ISIN,SAFARI,EQ,INE429E01023,lt,lt,lt,lt,isin_eq,base_series=EQ
UDIFF,2026-02-11,BL,SBILIFE,INE123W01016,BASE_SAME_ISIN,SBILIFE,EQ,INE123W01016,lt,lt,lt,lt,isin_eq,base_series=EQ
UDIFF,2026-02-12,BL,HAPPYFORGE,INE330T01021,BASE_SAME_ISIN,HAPPYFORGE,EQ,INE330T01021,gt,gt,lt,lt,isin_eq,base_series=EQ
UDIFF,2026-02-12,BL,MINDSPACE,INE0CCU25019,BASE_SAME_ISIN,MINDSPACE,RR,INE0CCU25019,gt,gt,lt,lt,isin_eq,base_series=RR
UDIFF,2026-02-17,BL,STYLAMIND,INE239C01020,BASE_SAME_ISIN,STYLAMIND,EQ,INE239C01020,gt,gt,lt,gt,isin_eq,base_series=EQ
UDIFF,2026-02-18,BL,COHANCE,INE03QK01018,BASE_SAME_ISIN,COHANCE,EQ,INE03QK01018,lt,lt,lt,lt,isin_eq,base_series=EQ
UDIFF,2026-02-23,BL,COHANCE,INE03QK01018,BASE_SAME_ISIN,COHANCE,EQ,INE03QK01018,gt,gt,lt,lt,isin_eq,base_series=EQ
UDIFF,2026-02-23,BL,EDELWEISS,INE532F01054,BASE_SAME_ISIN,EDELWEISS,EQ,INE532F01054,lt,lt,lt,lt,isin_eq,base_series=EQ
UDIFF,2026-02-23,BL,NETWORK18,INE870H01013,BASE_SAME_ISIN,NETWORK18,EQ,INE870H01013,gt,gt,lt,lt,isin_eq,base_series=EQ
UDIFF,2026-02-23,T0,IDEA,INE669E01016,BASE_SAME_ISIN,IDEA,EQ,INE669E01016,lt,lt,lt,eq,isin_eq,base_series=EQ
UDIFF,2026-02-24,T0,IDEA,INE669E01016,BASE_SAME_ISIN,IDEA,EQ,INE669E01016,lt,lt,lt,eq,isin_eq,base_series=EQ
UDIFF,2026-03-05,BL,AFCONS,INE101I01011,BASE_SAME_ISIN,AFCONS,EQ,INE101I01011,gt,gt,lt,lt,isin_eq,base_series=EQ
UDIFF,2026-03-05,BL,HDFCBANK,INE040A01034,BASE_SAME_ISIN,HDFCBANK,EQ,INE040A01034,lt,lt,lt,lt,isin_eq,base_series=EQ
UDIFF,2026-03-05,BL,M&M,INE101A01026,BASE_SAME_ISIN,M&M,EQ,INE101A01026,lt,lt,lt,lt,isin_eq,base_series=EQ
UDIFF,2026-03-05,T0,IDEA,INE669E01016,BASE_SAME_ISIN,IDEA,EQ,INE669E01016,lt,lt,lt,eq,isin_eq,base_series=EQ
UDIFF,2026-03-06,BL,M&M,INE101A01026,BASE_SAME_ISIN,M&M,EQ,INE101A01026,lt,lt,lt,gt,isin_eq,base_series=EQ
UDIFF,2026-03-06,BL,POLICYBZR,INE417T01026,BASE_SAME_ISIN,POLICYBZR,EQ,INE417T01026,gt,gt,lt,gt,isin_eq,base_series=EQ
UDIFF,2026-03-10,BL,AEGISVOPAK,INE0INX01018,BASE_SAME_ISIN,AEGISVOPAK,EQ,INE0INX01018,gt,gt,lt,lt,isin_eq,base_series=EQ
UDIFF,2026-03-10,BL,NAZARA,INE418L01047,BASE_SAME_ISIN,NAZARA,EQ,INE418L01047,gt,gt,lt,lt,isin_eq,base_series=EQ
UDIFF,2026-03-12,BL,INDIGRID,INE219X23014,BASE_SAME_ISIN,INDIGRID,IV,INE219X23014,gt,gt,lt,lt,isin_eq,base_series=IV
UDIFF,2026-03-12,BL,KAYNES,INE918Z01012,BASE_SAME_ISIN,KAYNES,EQ,INE918Z01012,lt,lt,lt,lt,isin_eq,base_series=EQ
UDIFF,2026-03-17,BL,URBANCO,INE0CAZ01013,BASE_SAME_ISIN,URBANCO,EQ,INE0CAZ01013,gt,gt,lt,lt,isin_eq,base_series=EQ
UDIFF,2026-03-18,BL,ELECTCAST,INE086A01029,BASE_SAME_ISIN,ELECTCAST,EQ,INE086A01029,gt,gt,lt,lt,isin_eq,base_series=EQ
UDIFF,2026-03-18,BL,ENRIN,INE1NPP01017,BASE_SAME_ISIN,ENRIN,EQ,INE1NPP01017,lt,lt,lt,gt,isin_eq,base_series=EQ
UDIFF,2026-03-18,BL,LGEINDIA,INE324D01010,BASE_SAME_ISIN,LGEINDIA,EQ,INE324D01010,lt,lt,lt,gt,isin_eq,base_series=EQ
UDIFF,2026-03-18,BL,MAXHEALTH,INE027H01010,BASE_SAME_ISIN,MAXHEALTH,EQ,INE027H01010,lt,lt,lt,lt,isin_eq,base_series=EQ
UDIFF,2026-03-18,BL,POLYCAB,INE455K01017,BASE_SAME_ISIN,POLYCAB,EQ,INE455K01017,lt,lt,lt,gt,isin_eq,base_series=EQ
UDIFF,2026-03-18,BL,TMCV,INE1TAE01010,BASE_SAME_ISIN,TMCV,EQ,INE1TAE01010,lt,lt,lt,gt,isin_eq,base_series=EQ
UDIFF,2026-03-19,BL,UNOMINDA,INE405E01023,BASE_SAME_ISIN,UNOMINDA,EQ,INE405E01023,gt,gt,lt,gt,isin_eq,base_series=EQ
UDIFF,2026-03-23,BL,CCAVENUE,INE483S01020,BASE_SAME_ISIN,CCAVENUE,EQ,INE483S01020,gt,gt,lt,lt,isin_eq,base_series=EQ
UDIFF,2026-03-23,T0,NHPC,INE848E01016,BASE_SAME_ISIN,NHPC,EQ,INE848E01016,lt,lt,lt,eq,isin_eq,base_series=EQ
UDIFF,2026-03-24,BL,JINDALPOLY,INE197D01010,BASE_SAME_ISIN,JINDALPOLY,EQ,INE197D01010,gt,gt,lt,gt,isin_eq,base_series=EQ
UDIFF,2026-03-24,BL,MANGLMCEM,INE347A01017,BASE_SAME_ISIN,MANGLMCEM,EQ,INE347A01017,gt,gt,lt,lt,isin_eq,base_series=EQ
UDIFF,2026-03-25,BL,RKFORGE,INE399G01023,BASE_SAME_ISIN,RKFORGE,EQ,INE399G01023,gt,gt,lt,lt,isin_eq,base_series=EQ
UDIFF,2026-03-27,BL,CUBEINVIT,INE0NR623014,BASE_SAME_ISIN,CUBEINVIT,IV,INE0NR623014,lt,lt,lt,eq,isin_eq,base_series=IV
UDIFF,2026-03-30,BL,BHEL,INE257A01026,BASE_SAME_ISIN,BHEL,EQ,INE257A01026,lt,lt,lt,gt,isin_eq,base_series=EQ
UDIFF,2026-03-30,BL,CUBEINVIT,INE0NR623014,BASE_SAME_ISIN,CUBEINVIT,IV,INE0NR623014,gt,gt,lt,eq,isin_eq,base_series=IV
UDIFF,2026-03-30,BL,JIOFIN,INE758E01017,BASE_SAME_ISIN,JIOFIN,EQ,INE758E01017,lt,lt,lt,gt,isin_eq,base_series=EQ
UDIFF,2026-03-30,BL,SAILIFE,INE570L01029,BASE_SAME_ISIN,SAILIFE,EQ,INE570L01029,gt,gt,lt,gt,isin_eq,base_series=EQ
UDIFF,2026-04-02,T0,YESBANK,INE528G01035,BASE_SAME_ISIN,YESBANK,EQ,INE528G01035,lt,lt,lt,eq,isin_eq,base_series=EQ
UDIFF,2026-04-08,BL,DELHIVERY,INE148O01028,BASE_SAME_ISIN,DELHIVERY,EQ,INE148O01028,gt,gt,lt,lt,isin_eq,base_series=EQ
UDIFF,2026-04-08,BL,JINDALPOLY,INE197D01010,BASE_SAME_ISIN,JINDALPOLY,EQ,INE197D01010,gt,gt,lt,gt,isin_eq,base_series=EQ
UDIFF,2026-04-08,BL,UFLEX,INE516A01017,BASE_SAME_ISIN,UFLEX,EQ,INE516A01017,gt,gt,lt,lt,isin_eq,base_series=EQ
UDIFF,2026-04-09,T0,MAHABANK,INE457A01014,BASE_SAME_ISIN,MAHABANK,EQ,INE457A01014,lt,lt,lt,eq,isin_eq,base_series=EQ
UDIFF,2026-04-15,BL,CRAFTSMAN,INE00LO01017,BASE_SAME_ISIN,CRAFTSMAN,EQ,INE00LO01017,gt,gt,lt,lt,isin_eq,base_series=EQ
UDIFF,2026-04-15,BL,DELHIVERY,INE148O01028,BASE_SAME_ISIN,DELHIVERY,EQ,INE148O01028,lt,lt,lt,gt,isin_eq,base_series=EQ
UDIFF,2026-04-16,BL,SUDARSCHEM,INE659A01023,BASE_SAME_ISIN,SUDARSCHEM,EQ,INE659A01023,lt,lt,lt,lt,isin_eq,base_series=EQ
UDIFF,2026-04-23,T0,RELIANCE,INE002A01018,BASE_SAME_ISIN,RELIANCE,EQ,INE002A01018,lt,lt,lt,eq,isin_eq,base_series=EQ
UDIFF,2026-04-24,BL,BIRET,INE0FDU25010,BASE_SAME_ISIN,BIRET,RR,INE0FDU25010,lt,lt,lt,gt,isin_eq,base_series=RR
UDIFF,2026-04-29,BL,EMCURE,INE168P01015,BASE_SAME_ISIN,EMCURE,EQ,INE168P01015,gt,gt,lt,lt,isin_eq,base_series=EQ
UDIFF,2026-05-07,BL,SOFTTECH,INE728Z01015,BASE_SAME_ISIN,SOFTTECH,BE,INE728Z01015,gt,gt,lt,lt,isin_eq,base_series=BE
UDIFF,2026-05-08,BL,ANZEN,INE0MIZ23019,BASE_SAME_ISIN,ANZEN,IV,INE0MIZ23019,gt,gt,lt,lt,isin_eq,base_series=IV
UDIFF,2026-05-08,BL,LENSKART,INE956O01016,BASE_SAME_ISIN,LENSKART,EQ,INE956O01016,gt,gt,lt,lt,isin_eq,base_series=EQ
UDIFF,2026-05-08,BL,POLICYBZR,INE417T01026,BASE_SAME_ISIN,POLICYBZR,EQ,INE417T01026,gt,gt,lt,gt,isin_eq,base_series=EQ
UDIFF,2026-05-11,BL,KALPATARU,INE227J01012,BASE_SAME_ISIN,KALPATARU,EQ,INE227J01012,gt,gt,lt,gt,isin_eq,base_series=EQ
UDIFF,2026-05-12,BL,EMBASSY,INE041025011,BASE_SAME_ISIN,EMBASSY,RR,INE041025011,gt,gt,lt,lt,isin_eq,base_series=RR
UDIFF,2026-05-12,BL,FEDFINA,INE007N01010,BASE_SAME_ISIN,FEDFINA,EQ,INE007N01010,gt,gt,lt,gt,isin_eq,base_series=EQ
UDIFF,2026-05-14,BL,ADANIENT,INE423A01024,BASE_SAME_ISIN,ADANIENT,EQ,INE423A01024,lt,lt,lt,lt,isin_eq,base_series=EQ
UDIFF,2026-05-14,BL,EMBASSY,INE041025011,BASE_SAME_ISIN,EMBASSY,RR,INE041025011,gt,gt,lt,lt,isin_eq,base_series=RR
UDIFF,2026-05-14,BL,JIOFIN,INE758E01017,BASE_SAME_ISIN,JIOFIN,EQ,INE758E01017,lt,lt,lt,lt,isin_eq,base_series=EQ
UDIFF,2026-05-18,BL,JSWSTEEL,INE019A01038,BASE_SAME_ISIN,JSWSTEEL,EQ,INE019A01038,gt,gt,lt,lt,isin_eq,base_series=EQ
UDIFF,2026-05-22,BL,IKS,INE115Q01022,BASE_SAME_ISIN,IKS,EQ,INE115Q01022,gt,gt,lt,lt,isin_eq,base_series=EQ
UDIFF,2026-05-22,BL,JSWCEMENT,INE718I01012,BASE_SAME_ISIN,JSWCEMENT,EQ,INE718I01012,lt,lt,lt,lt,isin_eq,base_series=EQ
UDIFF,2026-05-22,BL,PINELABS,INE15B701018,BASE_SAME_ISIN,PINELABS,EQ,INE15B701018,lt,lt,lt,gt,isin_eq,base_series=EQ
UDIFF,2026-05-25,BL,MEDANTA,INE474Q01031,BASE_SAME_ISIN,MEDANTA,EQ,INE474Q01031,gt,gt,lt,lt,isin_eq,base_series=EQ
UDIFF,2026-05-25,BL,PREMIERENE,INE0BS701011,BASE_SAME_ISIN,PREMIERENE,EQ,INE0BS701011,gt,gt,lt,lt,isin_eq,base_series=EQ
UDIFF,2026-05-27,BL,JKLAKSHMI,INE786A01032,BASE_SAME_ISIN,JKLAKSHMI,EQ,INE786A01032,gt,gt,lt,gt,isin_eq,base_series=EQ
UDIFF,2026-05-29,BL,POLICYBZR,INE417T01026,BASE_SAME_ISIN,POLICYBZR,EQ,INE417T01026,gt,gt,lt,gt,isin_eq,base_series=EQ
UDIFF,2026-06-01,BL,CGCL,INE180C01042,BASE_SAME_ISIN,CGCL,EQ,INE180C01042,lt,lt,lt,lt,isin_eq,base_series=EQ
UDIFF,2026-06-01,BL,IBULLSLTD,INE126M01010,BASE_SAME_ISIN,IBULLSLTD,BE,INE126M01010,gt,gt,lt,lt,isin_eq,base_series=BE
UDIFF,2026-06-02,BL,ALKEM,INE540L01014,BASE_SAME_ISIN,ALKEM,EQ,INE540L01014,gt,gt,lt,lt,isin_eq,base_series=EQ
UDIFF,2026-06-02,BL,BAJAJELEC,INE193E01025,BASE_SAME_ISIN,BAJAJELEC,EQ,INE193E01025,gt,gt,lt,gt,isin_eq,base_series=EQ
UDIFF,2026-06-03,BL,GMRAIRPORT,INE776C01039,BASE_SAME_ISIN,GMRAIRPORT,EQ,INE776C01039,gt,gt,lt,lt,isin_eq,base_series=EQ
UDIFF,2026-06-03,BL,LENSKART,INE956O01016,BASE_SAME_ISIN,LENSKART,EQ,INE956O01016,gt,gt,lt,lt,isin_eq,base_series=EQ
UDIFF,2026-06-04,BL,GODIGIT,INE03JT01014,BASE_SAME_ISIN,GODIGIT,EQ,INE03JT01014,gt,gt,lt,lt,isin_eq,base_series=EQ
UDIFF,2026-06-04,BL,IKS,INE115Q01022,BASE_SAME_ISIN,IKS,EQ,INE115Q01022,gt,gt,lt,lt,isin_eq,base_series=EQ
UDIFF,2026-06-05,BL,ADANIENSOL,INE931S01010,BASE_SAME_ISIN,ADANIENSOL,EQ,INE931S01010,gt,gt,lt,lt,isin_eq,base_series=EQ
UDIFF,2026-06-05,BL,ADANIENT,INE423A01024,BASE_SAME_ISIN,ADANIENT,EQ,INE423A01024,gt,gt,lt,lt,isin_eq,base_series=EQ
UDIFF,2026-06-05,BL,LENSKART,INE956O01016,BASE_SAME_ISIN,LENSKART,EQ,INE956O01016,lt,lt,lt,gt,isin_eq,base_series=EQ
UDIFF,2026-06-08,BL,MOTILALOFS,INE338I01027,BASE_SAME_ISIN,MOTILALOFS,EQ,INE338I01027,gt,gt,lt,gt,isin_eq,base_series=EQ
UDIFF,2026-06-09,BL,ADANIGREEN,INE364U01010,BASE_SAME_ISIN,ADANIGREEN,EQ,INE364U01010,gt,gt,lt,lt,isin_eq,base_series=EQ
UDIFF,2026-06-09,BL,AJANTPHARM,INE031B01049,BASE_SAME_ISIN,AJANTPHARM,EQ,INE031B01049,gt,gt,lt,lt,isin_eq,base_series=EQ
UDIFF,2026-06-09,BL,CAPITALSFB,INE646H01017,BASE_SAME_ISIN,CAPITALSFB,EQ,INE646H01017,gt,gt,lt,lt,isin_eq,base_series=EQ
UDIFF,2026-06-09,BL,EMCURE,INE168P01015,BASE_SAME_ISIN,EMCURE,EQ,INE168P01015,gt,gt,lt,lt,isin_eq,base_series=EQ
UDIFF,2026-06-11,BL,EBGNG,INE18JU01028,BASE_SAME_ISIN,EBGNG,EQ,INE18JU01028,gt,gt,lt,lt,isin_eq,base_series=EQ
UDIFF,2026-06-11,BL,LENSKART,INE956O01016,BASE_SAME_ISIN,LENSKART,EQ,INE956O01016,gt,gt,lt,lt,isin_eq,base_series=EQ
UDIFF,2026-06-17,BL,CORONA,INE02ZQ01018,BASE_SAME_ISIN,CORONA,EQ,INE02ZQ01018,gt,gt,lt,lt,isin_eq,base_series=EQ
UDIFF,2026-06-18,BL,ANTHEM,INE0CZ201020,BASE_SAME_ISIN,ANTHEM,EQ,INE0CZ201020,gt,gt,lt,lt,isin_eq,base_series=EQ
UDIFF,2026-06-23,BL,CRAFTSMAN,INE00LO01017,BASE_SAME_ISIN,CRAFTSMAN,EQ,INE00LO01017,gt,gt,lt,lt,isin_eq,base_series=EQ
UDIFF,2026-06-23,BL,M&M,INE101A01026,BASE_SAME_ISIN,M&M,EQ,INE101A01026,lt,lt,lt,gt,isin_eq,base_series=EQ
UDIFF,2026-06-24,BL,ASIANPAINT,INE021A01026,BASE_SAME_ISIN,ASIANPAINT,EQ,INE021A01026,lt,lt,lt,lt,isin_eq,base_series=EQ
UDIFF,2026-06-24,BL,AXISBANK,INE238A01034,BASE_SAME_ISIN,AXISBANK,EQ,INE238A01034,lt,lt,lt,lt,isin_eq,base_series=EQ
UDIFF,2026-06-24,BL,BAJFINANCE,INE296A01032,BASE_SAME_ISIN,BAJFINANCE,EQ,INE296A01032,lt,lt,lt,lt,isin_eq,base_series=EQ
UDIFF,2026-06-24,BL,BEL,INE263A01024,BASE_SAME_ISIN,BEL,EQ,INE263A01024,lt,lt,lt,gt,isin_eq,base_series=EQ
UDIFF,2026-06-24,BL,BHARTIARTL,INE397D01024,BASE_SAME_ISIN,BHARTIARTL,EQ,INE397D01024,lt,lt,lt,gt,isin_eq,base_series=EQ
UDIFF,2026-06-24,BL,HDFCBANK,INE040A01034,BASE_SAME_ISIN,HDFCBANK,EQ,INE040A01034,lt,lt,lt,lt,isin_eq,base_series=EQ
UDIFF,2026-06-24,BL,HINDUNILVR,INE030A01027,BASE_SAME_ISIN,HINDUNILVR,EQ,INE030A01027,lt,lt,lt,gt,isin_eq,base_series=EQ
UDIFF,2026-06-24,BL,ICICIBANK,INE090A01021,BASE_SAME_ISIN,ICICIBANK,EQ,INE090A01021,lt,lt,lt,lt,isin_eq,base_series=EQ
UDIFF,2026-06-24,BL,INFY,INE009A01021,BASE_SAME_ISIN,INFY,EQ,INE009A01021,lt,lt,lt,lt,isin_eq,base_series=EQ
UDIFF,2026-06-24,BL,LT,INE018A01030,BASE_SAME_ISIN,LT,EQ,INE018A01030,lt,lt,lt,lt,isin_eq,base_series=EQ
UDIFF,2026-06-24,BL,M&M,INE101A01026,BASE_SAME_ISIN,M&M,EQ,INE101A01026,lt,lt,lt,lt,isin_eq,base_series=EQ
UDIFF,2026-06-24,BL,NDRINVIT,INE0Q7Q23015,BASE_SAME_ISIN,NDRINVIT,IV,INE0Q7Q23015,gt,gt,gt,lt,isin_eq,base_series=IV
UDIFF,2026-06-24,BL,POWERGRID,INE752E01010,BASE_SAME_ISIN,POWERGRID,EQ,INE752E01010,lt,lt,lt,gt,isin_eq,base_series=EQ
UDIFF,2026-06-24,BL,RELIANCE,INE002A01018,BASE_SAME_ISIN,RELIANCE,EQ,INE002A01018,lt,lt,lt,lt,isin_eq,base_series=EQ
UDIFF,2026-06-24,BL,SUNPHARMA,INE044A01036,BASE_SAME_ISIN,SUNPHARMA,EQ,INE044A01036,lt,lt,lt,lt,isin_eq,base_series=EQ
UDIFF,2026-06-24,BL,TCS,INE467B01029,BASE_SAME_ISIN,TCS,EQ,INE467B01029,lt,lt,lt,lt,isin_eq,base_series=EQ
UDIFF,2026-06-24,BL,TITAN,INE280A01028,BASE_SAME_ISIN,TITAN,EQ,INE280A01028,lt,lt,lt,lt,isin_eq,base_series=EQ
UDIFF,2026-06-25,BL,BANSALWIRE,INE0B9K01025,BASE_SAME_ISIN,BANSALWIRE,EQ,INE0B9K01025,gt,gt,lt,lt,isin_eq,base_series=EQ
UDIFF,2026-06-25,BL,EMCURE,INE168P01015,BASE_SAME_ISIN,EMCURE,EQ,INE168P01015,gt,gt,lt,lt,isin_eq,base_series=EQ
UDIFF,2026-06-25,BL,LODHA,INE670K01029,BASE_SAME_ISIN,LODHA,EQ,INE670K01029,gt,gt,lt,lt,isin_eq,base_series=EQ
UDIFF,2026-06-29,BL,BLISSGVS,INE416D01022,BASE_SAME_ISIN,BLISSGVS,EQ,INE416D01022,lt,lt,lt,lt,isin_eq,base_series=EQ
UDIFF,2026-06-29,BL,INFY,INE009A01021,BASE_SAME_ISIN,INFY,EQ,INE009A01021,lt,lt,lt,lt,isin_eq,base_series=EQ
UDIFF,2026-06-30,BL,GENUSPOWER,INE955D01029,BASE_SAME_ISIN,GENUSPOWER,EQ,INE955D01029,lt,lt,lt,lt,isin_eq,base_series=EQ
UDIFF,2026-07-07,BL,CAPITALSFB,INE646H01017,BASE_SAME_ISIN,CAPITALSFB,EQ,INE646H01017,gt,gt,lt,gt,isin_eq,base_series=EQ
UDIFF,2026-07-08,BL,BAYERCROP,INE462A01022,BASE_SAME_ISIN,BAYERCROP,EQ,INE462A01022,gt,gt,lt,lt,isin_eq,base_series=EQ
UDIFF,2026-07-13,BL,JSFB,INE953L01027,BASE_SAME_ISIN,JSFB,EQ,INE953L01027,gt,gt,lt,gt,isin_eq,base_series=EQ
UDIFF,2026-07-14,BL,BIOCON,INE376G01013,BASE_SAME_ISIN,BIOCON,EQ,INE376G01013,gt,lt,lt,lt,isin_eq,base_series=EQ
UDIFF,2026-07-21,BL,BLISSGVS,INE416D01022,BASE_SAME_ISIN,BLISSGVS,BE,INE416D01022,gt,gt,lt,gt,isin_eq,base_series=BE
UDIFF,2026-07-24,BL,SUDEEPPHRM,INE0QPI01025,BASE_SAME_ISIN,SUDEEPPHRM,EQ,INE0QPI01025,gt,gt,lt,lt,isin_eq,base_series=EQ
UDIFF,2026-07-29,BL,GODIGIT,INE03JT01014,BASE_SAME_ISIN,GODIGIT,EQ,INE03JT01014,gt,gt,lt,lt,isin_eq,base_series=EQ
UDIFF,2026-07-30,BL,IIFL,INE530B01024,BASE_SAME_ISIN,IIFL,EQ,INE530B01024,gt,gt,lt,lt,isin_eq,base_series=EQ
UDIFF,2026-08-03,BL,ADANIGREEN,INE364U01010,BASE_SAME_ISIN,ADANIGREEN,EQ,INE364U01010,gt,gt,lt,gt,isin_eq,base_series=EQ
UDIFF,2026-08-04,BL,ADANIPOWER,INE814H01029,BASE_SAME_ISIN,ADANIPOWER,EQ,INE814H01029,gt,gt,lt,gt,isin_eq,base_series=EQ
UDIFF,2026-08-04,BL,BAJAJ-AUTO,INE917I01010,BASE_SAME_ISIN,BAJAJ-AUTO,EQ,INE917I01010,lt,lt,lt,eq,isin_eq,base_series=EQ
UDIFF,2026-08-04,BL,MEESHO,INE0VDM01015,BASE_SAME_ISIN,MEESHO,EQ,INE0VDM01015,gt,gt,lt,lt,isin_eq,base_series=EQ
UDIFF,2026-08-04,BL,PAYTM,INE982J01020,BASE_SAME_ISIN,PAYTM,EQ,INE982J01020,gt,gt,lt,lt,isin_eq,base_series=EQ
UDIFF,2026-08-04,BL,POONAWALLA,INE511C01022,BASE_SAME_ISIN,POONAWALLA,EQ,INE511C01022,gt,gt,lt,gt,isin_eq,base_series=EQ
UDIFF,2026-08-04,BL,SUDEEPPHRM,INE0QPI01025,BASE_SAME_ISIN,SUDEEPPHRM,EQ,INE0QPI01025,gt,gt,lt,lt,isin_eq,base_series=EQ
UDIFF,2026-08-04,BL,ZOTA,INE358U01012,BASE_SAME_ISIN,ZOTA,EQ,INE358U01012,gt,gt,lt,lt,isin_eq,base_series=EQ
UDIFF,2026-08-06,BL,ANANDRATHI,INE463V01026,BASE_SAME_ISIN,ANANDRATHI,EQ,INE463V01026,gt,gt,lt,lt,isin_eq,base_series=EQ
UDIFF,2026-08-06,BL,CREDITACC,INE741K01010,BASE_SAME_ISIN,CREDITACC,EQ,INE741K01010,gt,gt,lt,lt,isin_eq,base_series=EQ
UDIFF,2026-08-06,BL,INDGN,INE065X01017,BASE_SAME_ISIN,INDGN,EQ,INE065X01017,gt,gt,lt,lt,isin_eq,base_series=EQ
UDIFF,2026-08-07,BL,TRIDENT,INE064C01022,BASE_SAME_ISIN,TRIDENT,EQ,INE064C01022,gt,gt,lt,lt,isin_eq,base_series=EQ
UDIFF,2026-08-10,BL,EIDPARRY,INE126A01031,BASE_SAME_ISIN,EIDPARRY,EQ,INE126A01031,gt,gt,lt,gt,isin_eq,base_series=EQ
UDIFF,2026-08-11,BL,METROPOLIS,INE112L01020,BASE_SAME_ISIN,METROPOLIS,EQ,INE112L01020,gt,gt,lt,lt,isin_eq,base_series=EQ
UDIFF,2026-08-13,BL,THYROCARE,INE594H01019,BASE_SAME_ISIN,THYROCARE,EQ,INE594H01019,gt,gt,lt,gt,isin_eq,base_series=EQ
UDIFF,2026-08-13,BL,URBANCO,INE0CAZ01013,BASE_SAME_ISIN,URBANCO,EQ,INE0CAZ01013,lt,lt,lt,lt,isin_eq,base_series=EQ
UDIFF,2026-08-17,BL,STYLEBAAZA,INE01FR01028,BASE_SAME_ISIN,STYLEBAAZA,EQ,INE01FR01028,gt,gt,lt,lt,isin_eq,base_series=EQ
UDIFF,2026-08-18,BL,PAYTM,INE982J01020,BASE_SAME_ISIN,PAYTM,EQ,INE982J01020,gt,gt,lt,lt,isin_eq,base_series=EQ
UDIFF,2026-08-20,BL,KFINTECH,INE138Y01010,BASE_SAME_ISIN,KFINTECH,EQ,INE138Y01010,gt,gt,lt,lt,isin_eq,base_series=EQ
UDIFF,2026-08-20,BL,NXT-INFRA,INE0SF023016,BASE_SAME_ISIN,NXT-INFRA,IV,INE0SF023016,gt,gt,lt,lt,isin_eq,base_series=IV
UDIFF,2026-08-21,BL,AMAGI,INE121R01077,BASE_SAME_ISIN,AMAGI,EQ,INE121R01077,gt,gt,lt,lt,isin_eq,base_series=EQ
UDIFF,2026-08-21,BL,NXT-INFRA,INE0SF023016,BASE_SAME_ISIN,NXT-INFRA,IV,INE0SF023016,gt,gt,lt,lt,isin_eq,base_series=IV
UDIFF,2026-08-21,BL,SHANTIGEAR,INE631A01022,BASE_SAME_ISIN,SHANTIGEAR,EQ,INE631A01022,gt,lt,lt,lt,isin_eq,base_series=EQ
UDIFF,2026-08-24,BL,MEESHO,INE0VDM01015,BASE_SAME_ISIN,MEESHO,EQ,INE0VDM01015,gt,gt,lt,lt,isin_eq,base_series=EQ
UDIFF,2026-08-26,BL,PWL,INE0LP301011,BASE_SAME_ISIN,PWL,EQ,INE0LP301011,gt,gt,lt,lt,isin_eq,base_series=EQ
UDIFF,2026-08-26,BL,RUBICON,INE506V01022,BASE_SAME_ISIN,RUBICON,EQ,INE506V01022,gt,gt,lt,lt,isin_eq,base_series=EQ
UDIFF,2026-08-26,BL,VIYASH,INE807F01027,BASE_SAME_ISIN,VIYASH,EQ,INE807F01027,lt,lt,lt,gt,isin_eq,base_series=EQ
UDIFF,2026-08-26,BL,WELCORP,INE191B01025,BASE_SAME_ISIN,WELCORP,EQ,INE191B01025,gt,gt,lt,lt,isin_eq,base_series=EQ
UDIFF,2026-08-27,BL,APOLLOTYRE,INE438A01022,BASE_SAME_ISIN,APOLLOTYRE,EQ,INE438A01022,gt,gt,lt,lt,isin_eq,base_series=EQ
UDIFF,2026-08-27,BL,FOSECOIND,INE519A01011,BASE_SAME_ISIN,FOSECOIND,EQ,INE519A01011,gt,gt,lt,lt,isin_eq,base_series=EQ
UDIFF,2026-08-28,BL,ATHERENERG,INE0LEZ01016,BASE_SAME_ISIN,ATHERENERG,EQ,INE0LEZ01016,lt,lt,lt,lt,isin_eq,base_series=EQ
UDIFF,2026-08-28,BL,GENUSPOWER,INE955D01029,BASE_SAME_ISIN,GENUSPOWER,EQ,INE955D01029,lt,lt,lt,lt,isin_eq,base_series=EQ
UDIFF,2026-08-28,BL,LENSKART,INE956O01016,BASE_SAME_ISIN,LENSKART,EQ,INE956O01016,gt,gt,lt,lt,isin_eq,base_series=EQ
UDIFF,2026-08-28,BL,SPAL,INE212I01016,BASE_SAME_ISIN,SPAL,EQ,INE212I01016,lt,lt,lt,lt,isin_eq,base_series=EQ
UDIFF,2026-08-28,BL,STAR,INE939A01011,BASE_SAME_ISIN,STAR,EQ,INE939A01011,gt,gt,lt,lt,isin_eq,base_series=EQ
UDIFF,2026-08-31,BL,NORTHARC,INE850M01015,BASE_SAME_ISIN,NORTHARC,EQ,INE850M01015,lt,lt,lt,lt,isin_eq,base_series=EQ
UDIFF,2026-08-31,BL,ULTRAMAR,INE405A01021,BASE_SAME_ISIN,ULTRAMAR,EQ,INE405A01021,gt,gt,lt,lt,isin_eq,base_series=EQ
UDIFF,2026-09-01,BL,HATSUN,INE473B01035,BASE_SAME_ISIN,HATSUN,EQ,INE473B01035,gt,gt,lt,gt,isin_eq,base_series=EQ
UDIFF,2026-09-02,BL,ASTERDM,INE914M01019,BASE_SAME_ISIN,ASTERDM,EQ,INE914M01019,gt,gt,lt,gt,isin_eq,base_series=EQ
UDIFF,2026-09-02,BL,PINELABS,INE15B701018,BASE_SAME_ISIN,PINELABS,EQ,INE15B701018,gt,gt,lt,lt,isin_eq,base_series=EQ
UDIFF,2026-09-03,BL,CLEANMAX,INE647U01026,BASE_SAME_ISIN,CLEANMAX,EQ,INE647U01026,gt,gt,lt,lt,isin_eq,base_series=EQ
UDIFF,2026-09-03,BL,KRT,INE1JAR25012,BASE_SAME_ISIN,KRT,RR,INE1JAR25012,lt,lt,lt,lt,isin_eq,base_series=RR
UDIFF,2026-09-03,BL,MEESHO,INE0VDM01015,BASE_SAME_ISIN,MEESHO,EQ,INE0VDM01015,gt,gt,lt,lt,isin_eq,base_series=EQ
UDIFF,2026-09-04,BL,NXST,INE0NDH25011,BASE_SAME_ISIN,NXST,RR,INE0NDH25011,gt,gt,lt,lt,isin_eq,base_series=RR
UDIFF,2026-09-11,BL,BLACKBUCK,INE0UIZ01018,BASE_SAME_ISIN,BLACKBUCK,EQ,INE0UIZ01018,lt,lt,lt,lt,isin_eq,base_series=EQ
UDIFF,2026-09-11,BL,GRANULES,INE101D01020,BASE_SAME_ISIN,GRANULES,EQ,INE101D01020,gt,gt,lt,lt,isin_eq,base_series=EQ
UDIFF,2026-09-11,BL,JAMNAAUTO,INE039C01032,BASE_SAME_ISIN,JAMNAAUTO,EQ,INE039C01032,gt,gt,lt,lt,isin_eq,base_series=EQ
UDIFF,2026-09-11,BL,LOTUSDEV,INE0V9Q01010,BASE_SAME_ISIN,LOTUSDEV,BE,INE0V9Q01010,lt,lt,lt,lt,isin_eq,base_series=BE
UDIFF,2026-09-11,BL,NRBBEARING,INE349A01021,BASE_SAME_ISIN,NRBBEARING,EQ,INE349A01021,lt,lt,lt,lt,isin_eq,base_series=EQ
UDIFF,2026-09-16,T0,IIFL,INE530B01024,BASE_SAME_ISIN,IIFL,EQ,INE530B01024,lt,lt,lt,eq,isin_eq,base_series=EQ
UDIFF,2026-09-17,BL,ASIANPAINT,INE021A01026,BASE_SAME_ISIN,ASIANPAINT,EQ,INE021A01026,lt,lt,lt,lt,isin_eq,base_series=EQ
UDIFF,2026-09-17,BL,GLAND,INE068V01023,BASE_SAME_ISIN,GLAND,EQ,INE068V01023,lt,lt,lt,lt,isin_eq,base_series=EQ
UDIFF,2026-09-18,BL,ENTERO,INE010601016,BASE_SAME_ISIN,ENTERO,EQ,INE010601016,gt,gt,lt,lt,isin_eq,base_series=EQ
UDIFF,2026-09-18,BL,TMCV,INE1TAE01010,BASE_SAME_ISIN,TMCV,EQ,INE1TAE01010,lt,lt,lt,lt,isin_eq,base_series=EQ
