isin,old_series,new_series,last_old_date,first_new_date,symbol_before,symbol_after
INE135B01014,EQ,BZ,2016-09-26,2016-10-06,AGRODUTCH,AGRODUTCH
INE384L01017,BE,BZ,2016-09-26,2016-09-27,SUDAR,SUDAR
INE430G01026,EQ,BZ,2016-09-26,2016-09-27,JVLAGRO,JVLAGRO
INE624C01015,EQ,BZ,2016-09-26,2016-09-27,VALECHAENG,VALECHAENG
INE756B01017,EQ,BZ,2016-09-26,2016-09-27,SVOGL,SVOGL
INE860T01019,BE,EQ,2016-09-28,2016-09-29,SABEVENTS,SABEVENTS
INE871L01013,BE,EQ,2016-09-28,2016-09-29,TVVISION,TVVISION
INE060B01014,BE,EQ,2016-10-07,2016-10-14,KHANDSE,KHANDSE
INE934S01014,BE,EQ,2016-10-07,2016-10-10,GNA,GNA
INE028D01025,EQ,BE,2016-10-10,2016-10-13,RAINBOWPAP,RAINBOWPAP
INE087J01010,BE,EQ,2016-10-10,2016-10-13,MANDHANA,MANDHANA
INE278G01037,EQ,BE,2016-10-10,2016-10-20,CYBERMEDIA,CYBERMEDIA
INE292A01023,BE,EQ,2016-10-10,2016-10-13,UVSL,UVSL
INE393A01011,EQ,BE,2016-10-10,2016-10-17,DELTAMAGNT,DELTAMAGNT
INE418N01027,EQ,BE,2016-10-10,2016-10-13,INTEGRA,INTEGRA
INE449G01018,BE,EQ,2016-10-10,2016-10-13,AGRITECH,AGRITECH
INE520H01014,EQ,BE,2016-10-10,2016-10-13,BEARDSELL,BEARDSELL
INE542C01019,BE,EQ,2016-10-10,2016-10-13,NKIND,NKIND
INE651G01027,BE,EQ,2016-10-10,2016-10-13,SUPREMETEX,SUPREMETEX
INE831Q01016,BE,EQ,2016-10-10,2016-10-13,MANAKINDST,MANAKINDST
INE861A01058,EQ,BE,2016-10-10,2016-10-13,VISESHINFO,VISESHINFO
INE904G01038,BE,EQ,2016-10-10,2016-10-13,RASOYPR,RASOYPR
INE141B01020,EQ,BE,2016-10-28,2017-01-09,NOESISIND,NOESISIND
INE026B01049,EQ,BE,2016-11-03,2016-11-08,JIKIND,JIKIND
INE381A01016,EQ,BE,2016-11-03,2016-11-08,SAMTEL,SAMTEL
INE369C01017,EQ,BE,2016-11-04,2016-11-09,NORBTEAEXP,NORBTEAEXP
INE540A01017,EQ,BE,2016-11-04,2016-11-08,GLFL,GLFL
INE028D01025,BE,EQ,2016-11-07,2016-11-08,RAINBOWPAP,RAINBOWPAP
INE032B01021,EQ,BE,2016-11-07,2016-11-08,PRIMESECU,PRIMESECU
INE117B01012,EQ,BE,2016-11-07,2016-11-10,CURATECH,CURATECH
INE281A01026,EQ,BE,2016-11-07,2016-11-08,CENTEXT,CENTEXT
INE309M01012,EQ,BE,2016-11-07,2016-11-08,PREMIERPOL,PREMIERPOL
INE393A01011,BE,EQ,2016-11-07,2016-11-09,DELTAMAGNT,DELTAMAGNT
INE431L01016,EQ,BE,2016-11-07,2016-11-08,SERVALL,SERVALL
INE449G01018,EQ,BE,2016-11-07,2016-11-08,AGRITECH,AGRITECH
INE655I01024,BE,EQ,2016-11-07,2016-11-08,BIRLACOT,BIRLACOT
INE668D01028,EQ,BE,2016-11-07,2016-11-08,DONEAR,DONEAR
INE691G01015,EQ,BE,2016-11-07,2016-11-08,IMPEXFERRO,IMPEXFERRO
INE741L01018,EQ,BE,2016-11-07,2016-11-08,DUCON,DUCON
INE803A01027,BE,EQ,2016-11-07,2016-11-08,ATNINTER,ATNINTER
INE849J01021,EQ,BE,2016-11-07,2016-11-08,REISIXTEN,REISIXTEN
INE874F01027,EQ,BE,2016-11-07,2016-11-09,RADAAN,RADAAN
INE890I01035,EQ,BE,2016-11-07,2016-11-08,FARMAXIND,FARMAXIND
INE944B01019,EQ,BE,2016-11-07,2016-11-08,TODAYS,TODAYS
INE540A01017,BE,EQ,2016-11-08,2016-12-13,GLFL,GLFL
INE026B01049,BE,EQ,2016-11-10,2016-12-07,JIKIND,JIKIND
INE874F01027,BE,EQ,2016-11-11,2016-12-06,RADAAN,RADAAN
INE810H01019,EQ,BE,2016-11-17,2016-11-24,OMNITECH,OMNITECH
INE011H01014,BE,EQ,2016-11-18,2016-11-22,RAJVIR,RAJVIR
INE357D01010,BE,EQ,2016-11-18,2016-11-23,SURANACORP,SURANACORP
INE153T01019,BE,EQ,2016-11-21,2016-11-22,BLS,BLS
INE553K01019,EQ,BE,2016-11-21,2016-11-22,SGJHL,SGJHL
INE646C01018,BE,EQ,2016-11-21,2016-11-22,GROBTEA,GROBTEA
INE673G01013,EQ,BE,2016-11-21,2016-11-22,BHARATIDIL,BHARATIDIL
INE782L01012,SM,EQ,2016-11-21,2016-11-22,SANCO,SANCO
INE800A01015,BE,EQ,2016-11-21,2016-11-22,BIRLACABLE,BIRLACABLE
INE955I01036,EQ,BE,2016-11-21,2016-11-22,SEZAL,SEZAL
INE381A01016,BE,EQ,2016-11-22,2016-12-08,SAMTEL,SAMTEL
INE309M01012,BE,EQ,2016-11-23,2016-12-06,PREMIERPOL,PREMIERPOL
INE988A01026,EQ,BE,2016-11-24,2016-12-09,ASIL,ASIL
INE825H01017,BE,BZ,2016-11-25,2016-11-28,ESSDEE,ESSDEE
INE430G01026,BZ,EQ,2016-11-28,2016-11-29,JVLAGRO,JVLAGRO
INE032B01021,BE,EQ,2016-12-05,2016-12-06,PRIMESECU,PRIMESECU
INE278G01037,BE,EQ,2016-12-05,2016-12-06,CYBERMEDIA,CYBERMEDIA
INE281A01026,BE,EQ,2016-12-05,2016-12-06,CENTEXT,CENTEXT
INE418N01027,BE,EQ,2016-12-05,2016-12-06,INTEGRA,INTEGRA
INE431L01016,BE,EQ,2016-12-05,2016-12-06,SERVALL,SERVALL
INE449G01018,BE,EQ,2016-12-05,2016-12-06,AGRITECH,AGRITECH
INE451F01016,EQ,BE,2016-12-05,2016-12-06,APOLSINHOT,APOLSINHOT
INE520H01014,BE,EQ,2016-12-05,2016-12-06,BEARDSELL,BEARDSELL
INE655I01024,EQ,BE,2016-12-05,2016-12-06,BIRLACOT,BIRLACOT
INE668D01028,BE,EQ,2016-12-05,2016-12-06,DONEAR,DONEAR
INE670B01028,EQ,BE,2016-12-05,2016-12-28,GANGOTRI,GANGOTRI
INE691G01015,BE,EQ,2016-12-05,2016-12-06,IMPEXFERRO,IMPEXFERRO
INE741L01018,BE,EQ,2016-12-05,2016-12-06,DUCON,DUCON
INE890I01035,BE,EQ,2016-12-05,2016-12-06,FARMAXIND,FARMAXIND
INE944B01019,BE,EQ,2016-12-05,2016-12-15,TODAYS,TODAYS
INE810H01019,BE,BZ,2016-12-12,2016-12-16,OMNITECH,OMNITECH
INE162C01024,BE,BZ,2016-12-14,2016-12-16,PARASPETRO,PARASPETRO
INE020J01029,EQ,BE,2016-12-21,2016-12-22,GOKUL,GOKUL
INE102I01027,EQ,BE,2016-12-21,2016-12-22,ADSL,ADSL
INE123C01018,EQ,BE,2016-12-21,2016-12-22,TAINWALCHM,TAINWALCHM
INE159N01027,EQ,BE,2016-12-21,2016-12-22,VIJIFIN,VIJIFIN
INE213M01024,EQ,BE,2016-12-21,2016-12-22,VKSPL,VKSPL
INE225I01026,EQ,BE,2016-12-21,2016-12-22,ZYLOG,ZYLOG
INE376C01020,EQ,BE,2016-12-21,2016-12-22,SPENTEX,SPENTEX
INE413D01011,EQ,BE,2016-12-21,2016-12-22,ARIHANT,ARIHANT
INE640C01011,EQ,BE,2016-12-21,2016-12-22,SHAHALLOYS,SHAHALLOYS
INE716B01011,EQ,BE,2016-12-21,2016-12-22,TIPSINDLTD,TIPSINDLTD
INE735M01018,EQ,BE,2016-12-21,2016-12-22,SEPOWER,SEPOWER
INE855F01034,EQ,BE,2016-12-21,2016-12-22,BARTRONICS,BARTRONICS
INE948A01012,EQ,BE,2016-12-21,2016-12-22,TRIGYN,TRIGYN
INE759V01019,BE,EQ,2016-12-27,2016-12-28,TMRVL,TMRVL
INE586V01016,BE,EQ,2016-12-28,2016-12-29,TCIEXP,TCIEXP
INE318D01020,EQ,BE,2017-01-03,2017-01-11,ZENITHBIR,ZENITHBIR
INE216D01026,EQ,BE,2017-01-04,2017-01-05,KSERASERA,KSERASERA
INE306C01019,EQ,BE,2017-01-04,2017-01-05,ENERGYDEV,ENERGYDEV
INE316L01019,EQ,BE,2017-01-04,2017-01-05,BHARATWIRE,BHARATWIRE
INE392B01011,EQ,BE,2017-01-04,2017-01-05,PNC,PNC
INE040M01013,EQ,BE,2017-01-18,2017-01-19,TREEHOUSE,TREEHOUSE
INE048A01011,EQ,BE,2017-01-18,2017-01-19,HOCL,HOCL
INE090C01019,EQ,BE,2017-01-18,2017-01-19,STINDIA,STINDIA
INE248H01012,EQ,BE,2017-01-18,2017-01-19,ROHITFERRO,ROHITFERRO
INE315J01015,EQ,BE,2017-01-18,2017-01-27,FIRSTWIN,FIRSTWIN
INE345B01019,EQ,BE,2017-01-18,2017-01-19,CEREBRAINT,CEREBRAINT
INE442A01024,EQ,BE,2017-01-18,2017-01-19,ASSAMCO,ASSAMCO
INE446A01017,EQ,BE,2017-01-18,2017-01-19,ATLASCYCLE,ATLASCYCLE
INE540A01017,EQ,BE,2017-01-18,2017-01-19,GLFL,GLFL
INE553C01016,EQ,BE,2017-01-18,2017-01-19,NECCLTD,NECCLTD
INE651G01027,EQ,BE,2017-01-18,2017-01-19,SUPREMETEX,SUPREMETEX
INE657B01025,EQ,BE,2017-01-18,2017-01-19,BLUECHIP,BLUECHIP
INE729D01010,EQ,BE,2017-01-18,2017-01-19,KILITCH,KILITCH
INE748T01016,EQ,BE,2017-01-18,2017-01-19,SIMBHALS,SIMBHALS
INE752G01015,EQ,BE,2017-01-18,2017-01-19,MSPL,MSPL
INE778B01029,EQ,BE,2017-01-18,2017-01-19,ESTER,ESTER
INE831Q01016,EQ,BE,2017-01-18,2017-01-19,MANAKINDST,MANAKINDST
INE847C01020,EQ,BE,2017-01-18,2017-01-19,ROSSELLIND,ROSSELLIND
INE927A01040,EQ,BE,2017-01-18,2017-01-19,ROLLT,ROLLT
INE067H01016,EQ,BZ,2017-01-23,2017-01-24,ABGSHIP,ABGSHIP
INE087J01010,EQ,BZ,2017-01-23,2017-01-24,MANDHANA,MANDHANA
INE553K01019,BE,BZ,2017-01-23,2017-01-24,SGJHL,SGJHL
INE633A01028,EQ,BZ,2017-01-23,2017-01-24,SHRENUJ,SHRENUJ
INE970N01027,BE,EQ,2017-01-23,2017-01-24,SPCENET,SPCENET
INE028D01025,EQ,BE,2017-02-01,2017-02-02,RAINBOWPAP,RAINBOWPAP
INE196J01019,EQ,BE,2017-02-01,2017-02-02,OISL,OISL
INE219H01039,EQ,BE,2017-02-01,2017-02-02,SRSLTD,SRSLTD
INE474C01015,EQ,BE,2017-02-01,2017-02-02,REMSONSIND,REMSONSIND
INE505C01016,EQ,BE,2017-02-01,2017-02-02,PRAENG,PRAENG
INE591A01010,EQ,BE,2017-02-01,2017-02-02,OILCOUNTUB,OILCOUNTUB
INE803A01027,EQ,BE,2017-02-01,2017-02-03,ATNINTER,ATNINTER
INE989C01012,EQ,BE,2017-02-01,2017-02-02,DIAPOWER,DIAPOWER
INE880L01014,BE,EQ,2017-02-09,2017-03-01,KIOCL,KIOCL
INE065J01016,EQ,BE,2017-02-13,2017-02-23,GISOLUTION,GISOLUTION
INE039B01026,EQ,BE,2017-02-15,2017-02-16,CINEVISTA,CINEVISTA
INE074B01023,EQ,BE,2017-02-15,2017-02-16,PARACABLES,PARACABLES
INE292A01023,EQ,BE,2017-02-15,2017-02-16,UVSL,UVSL
INE388G01018,EQ,BE,2017-02-15,2017-02-16,TANTIACONS,TANTIACONS
INE495J01015,EQ,BE,2017-02-15,2017-02-16,PRADIP,PRADIP
INE512B01022,EQ,BE,2017-02-15,2017-02-16,FCSSOFT,FCSSOFT
INE592I01029,EQ,BE,2017-02-15,2017-02-16,METKORE,METKORE
INE628H01015,EQ,BE,2017-02-15,2017-02-16,ORBITCORP,ORBITCORP
INE666E01012,EQ,BE,2017-02-15,2017-02-16,ANDHRACEMT,ANDHRACEMT
INE747K01017,EQ,BE,2017-02-15,2017-02-16,TARAPUR,TARAPUR
INE859Q01017,EQ,BE,2017-02-15,2017-02-16,MANAKALUCO,MANAKALUCO
INE904G01038,EQ,BE,2017-02-15,2017-02-16,RASOYPR,RASOYPR
INE825H01017,BZ,BE,2017-02-20,2017-02-21,ESSDEE,ESSDEE
INE235G01011,EQ,BE,2017-02-21,2017-02-22,USHERAGRO,USHERAGRO
INE454M01024,BE,EQ,2017-02-21,2017-02-22,NAGAFERT,NAGAFERT
INE673G01013,BE,EQ,2017-02-21,2017-02-22,BHARATIDIL,BHARATIDIL
INE262A01018,BE,BZ,2017-02-23,2017-02-27,HMT,HMT
INE588A01016,BE,BZ,2017-02-23,2017-02-27,NEPCMICON,NEPCMICON
INE726V01018,BE,EQ,2017-02-23,2017-02-27,PRICOLLTD,PRICOLLTD
INE731C01018,EQ,BE,2017-03-01,2017-03-09,KHAITANLTD,KHAITANLTD
INE670B01028,BE,EQ,2017-03-02,2017-03-07,GANGOTRI,GANGOTRI
INE938A01021,EQ,BE,2017-03-02,2017-03-16,LCCINFOTEC,LCCINFOTEC
INE988A01026,BE,EQ,2017-03-02,2017-03-07,ASIL,ASIL
INE955I01036,BE,EQ,2017-03-03,2017-03-07,SEZAL,SEZAL
INE020J01029,BE,EQ,2017-03-06,2017-03-07,GOKUL,GOKUL
INE028D01025,BE,EQ,2017-03-06,2017-03-07,RAINBOWPAP,RAINBOWPAP
INE040M01013,BE,EQ,2017-03-06,2017-03-07,TREEHOUSE,TREEHOUSE
INE048A01011,BE,EQ,2017-03-06,2017-03-07,HOCL,HOCL
INE090C01019,BE,EQ,2017-03-06,2017-03-07,STINDIA,STINDIA
INE117B01012,BE,EQ,2017-03-06,2017-03-07,CURATECH,CURATECH
INE123C01018,BE,EQ,2017-03-06,2017-03-07,TAINWALCHM,TAINWALCHM
INE141B01020,BE,EQ,2017-03-06,2017-03-09,NOESISIND,NOESISIND
INE159N01027,BE,EQ,2017-03-06,2017-03-07,VIJIFIN,VIJIFIN
INE172H01014,EQ,BE,2017-03-06,2017-03-07,RMCL,RMCL
INE196J01019,BE,EQ,2017-03-06,2017-03-07,OISL,OISL
INE216D01026,BE,EQ,2017-03-06,2017-03-07,KSERASERA,KSERASERA
INE219H01039,BE,EQ,2017-03-06,2017-03-07,SRSLTD,SRSLTD
INE225I01026,BE,EQ,2017-03-06,2017-03-07,ZYLOG,ZYLOG
INE248H01012,BE,EQ,2017-03-06,2017-03-07,ROHITFERRO,ROHITFERRO
INE260D01016,EQ,BE,2017-03-06,2017-03-07,GOLDINFRA,GOLDINFRA
INE289C01025,EQ,BE,2017-03-06,2017-03-07,TIMESGTY,TIMESGTY
INE306C01019,BE,EQ,2017-03-06,2017-03-07,ENERGYDEV,ENERGYDEV
INE316L01019,BE,EQ,2017-03-06,2017-03-07,BHARATWIRE,BHARATWIRE
INE318D01020,BE,EQ,2017-03-06,2017-03-07,ZENITHBIR,ZENITHBIR
INE345B01019,BE,EQ,2017-03-06,2017-03-07,CEREBRAINT,CEREBRAINT
INE369C01017,BE,EQ,2017-03-06,2017-03-08,NORBTEAEXP,NORBTEAEXP
INE376C01020,BE,EQ,2017-03-06,2017-03-07,SPENTEX,SPENTEX
INE392B01011,BE,EQ,2017-03-06,2017-03-07,PNC,PNC
INE442A01024,BE,EQ,2017-03-06,2017-03-07,ASSAMCO,ASSAMCO
INE474C01015,BE,EQ,2017-03-06,2017-03-07,REMSONSIND,REMSONSIND
INE498E01010,EQ,BE,2017-03-06,2017-03-07,SALONA,SALONA
INE505C01016,BE,EQ,2017-03-06,2017-03-07,PRAENG,PRAENG
INE540A01017,BE,EQ,2017-03-06,2017-03-07,GLFL,GLFL
INE553C01016,BE,EQ,2017-03-06,2017-03-07,NECCLTD,NECCLTD
INE591A01010,BE,EQ,2017-03-06,2017-03-07,OILCOUNTUB,OILCOUNTUB
INE600A01035,EQ,BE,2017-03-06,2017-03-07,PILITA,PILITA
INE640C01011,BE,EQ,2017-03-06,2017-03-07,SHAHALLOYS,SHAHALLOYS
INE651G01027,BE,EQ,2017-03-06,2017-03-07,SUPREMETEX,SUPREMETEX
INE655B01011,EQ,BE,2017-03-06,2017-03-07,BANARBEADS,BANARBEADS
INE655I01024,BE,EQ,2017-03-06,2017-03-07,BIRLACOT,BIRLACOT
INE657B01025,BE,EQ,2017-03-06,2017-03-07,BLUECHIP,BLUECHIP
INE658G01014,EQ,BE,2017-03-06,2017-03-07,SALSTEEL,SALSTEEL
INE716B01011,BE,EQ,2017-03-06,2017-03-07,TIPSINDLTD,TIPSINDLTD
INE729D01010,BE,EQ,2017-03-06,2017-03-07,KILITCH,KILITCH
INE735M01018,BE,EQ,2017-03-06,2017-03-07,SEPOWER,SEPOWER
INE747B01016,EQ,BE,2017-03-06,2017-03-07,NEXTMEDIA,NEXTMEDIA
INE748T01016,BE,EQ,2017-03-06,2017-03-07,SIMBHALS,SIMBHALS
INE752G01015,BE,EQ,2017-03-06,2017-03-07,MSPL,MSPL
INE778B01029,BE,EQ,2017-03-06,2017-03-07,ESTER,ESTER
INE782L01012,EQ,BE,2017-03-06,2017-03-07,SANCO,SANCO
INE805A01014,EQ,BE,2017-03-06,2017-03-07,GOLDTECH,GOLDTECH
INE825H01017,BE,EQ,2017-03-06,2017-03-07,ESSDEE,ESSDEE
INE831Q01016,BE,EQ,2017-03-06,2017-03-07,MANAKINDST,MANAKINDST
INE844A01013,EQ,BE,2017-03-06,2017-03-07,PEARLPOLY,PEARLPOLY
INE847C01020,BE,EQ,2017-03-06,2017-03-07,ROSSELLIND,ROSSELLIND
INE855F01034,BE,EQ,2017-03-06,2017-03-07,BARTRONICS,BARTRONICS
INE861A01058,BE,EQ,2017-03-06,2017-03-07,VISESHINFO,VISESHINFO
INE863I01016,EQ,BE,2017-03-06,2017-03-07,BANG,BANG
INE874H01015,EQ,BE,2017-03-06,2017-03-07,CANDC,CANDC
INE884A01019,EQ,BE,2017-03-06,2017-03-07,VAIBHAVGBL,VAIBHAVGBL
INE890I01035,EQ,BE,2017-03-06,2017-03-08,FARMAXIND,FARMAXIND
INE898F01018,EQ,BE,2017-03-06,2017-03-07,SIMPLEX,SIMPLEX
INE927A01040,BE,EQ,2017-03-06,2017-03-07,ROLLT,ROLLT
INE948A01012,BE,EQ,2017-03-06,2017-03-07,TRIGYN,TRIGYN
INE950G01015,EQ,BE,2017-03-06,2017-03-07,UNIPLY,UNIPLY
INE968D01022,EQ,BE,2017-03-06,2017-03-07,ARSHIYA,ARSHIYA
INE989C01012,BE,EQ,2017-03-06,2017-03-07,DIAPOWER,DIAPOWER
INE998H01012,EQ,BE,2017-03-06,2017-03-07,ORIENTALTL,ORIENTALTL
INE944B01019,EQ,BE,2017-03-07,2017-04-10,TODAYS,TODAYS
INE973A01010,EQ,BE,2017-03-15,2017-03-16,GOLDENTOBC,GOLDENTOBC
INE063J01011,EQ,BE,2017-03-16,2017-04-03,EUROMULTI,EUROMULTI
INE204E01012,EQ,BE,2017-03-16,2017-03-17,AGARIND,AGARIND
INE218G01033,EQ,BE,2017-03-16,2017-03-17,PALREDTEC,PALREDTEC
INE268C01029,EQ,BE,2017-03-16,2017-03-17,EASUNREYRL,EASUNREYRL
INE314C01013,EQ,BE,2017-03-16,2017-03-17,SOMATEX,SOMATEX
INE425B01027,EQ,BE,2017-03-16,2017-03-17,LYCOS,LYCOS
INE540A01017,EQ,BE,2017-03-16,2017-03-21,GLFL,GLFL
INE659D01019,EQ,BE,2017-03-16,2017-03-17,SURANAIND,SURANAIND
INE669A01022,EQ,BE,2017-03-20,2017-03-21,INFOMEDIA,INFOMEDIA
INE761A01019,EQ,BE,2017-03-20,2017-03-21,KHAITANELE,KHAITANELE
INE657B01025,EQ,BE,2017-03-21,2017-03-23,BLUECHIP,BLUECHIP
INE217G01027,EQ,BE,2017-03-22,2017-03-23,GREENFIRE,GREENFIRE
INE766A01018,EQ,BE,2017-03-22,2017-03-23,PAEL,PAEL
INE026B01049,EQ,BE,2017-03-23,2017-03-28,JIKIND,JIKIND
INE141B01020,EQ,BE,2017-03-23,2017-04-03,NOESISIND,NOESISIND
INE275F01019,EQ,BE,2017-03-23,2017-03-24,HOTELRUGBY,HOTELRUGBY
INE553E01012,EQ,BE,2017-03-23,2017-04-10,NET4,NET4
INE034D01031,EQ,BE,2017-03-24,2017-03-27,PTL,PTL
INE201J01017,EQ,BE,2017-03-27,2017-03-28,LGBFORGE,LGBFORGE
INE184C01028,EQ,BE,2017-03-29,2017-03-30,CIMMCO,CIMMCO
INE216D01026,EQ,BE,2017-03-29,2017-03-30,KSERASERA,KSERASERA
INE247M01014,EQ,BE,2017-03-29,2017-03-30,SPECIALITY,SPECIALITY
INE411D01015,EQ,BE,2017-03-29,2017-03-30,SKMEGGPROD,SKMEGGPROD
INE520H01014,EQ,BE,2017-03-29,2017-03-30,BEARDSELL,BEARDSELL
INE559D01011,EQ,BE,2017-03-29,2017-03-30,CREST,CREST
INE791A01024,EQ,BE,2017-03-29,2017-03-30,BLBLIMITED,BLBLIMITED
INE796G01012,EQ,BE,2017-03-29,2017-03-30,JINDALPHOT,JINDALPHOT
INE861A01058,EQ,BE,2017-03-29,2017-03-30,VISESHINFO,VISESHINFO
INE988A01026,EQ,BE,2017-03-29,2017-04-10,ASIL,ASIL
INE122J01015,EQ,BE,2017-04-06,2017-04-07,PIRPHYTO,PIRPHYTO
INE551A01022,EQ,BE,2017-04-06,2017-04-07,HINDDORROL,HINDDORROL
INE034D01031,BE,EQ,2017-04-10,2017-04-11,PTL,PTL
INE067D01015,EQ,BE,2017-04-10,2017-04-11,VIMALOIL,VIMALOIL
INE155B01012,EQ,BE,2017-04-10,2017-04-11,HINDSYNTEX,HINDSYNTEX
INE819B01021,EQ,BE,2017-04-10,2017-04-11,JENSONICOL,JENSONICOL
INE965A01016,EQ,BE,2017-04-10,2017-04-13,VISUINTL,VISUINTL
INE159N01027,EQ,BE,2017-04-12,2017-04-13,VIJIFIN,VIJIFIN
INE283A01014,EQ,BE,2017-04-12,2017-04-13,PRECOT,PRECOT
INE294G01018,EQ,BE,2017-04-12,2017-04-13,RAJOIL,RAJOIL
INE302H01017,EQ,BE,2017-04-12,2017-04-13,GTNTEX,GTNTEX
INE395A01016,EQ,BE,2017-04-12,2017-04-13,BSELINFRA,BSELINFRA
INE414A01015,EQ,BE,2017-04-12,2017-04-13,MADRASFERT,MADRASFERT
INE429I01024,EQ,BE,2017-04-12,2017-04-13,CCCL,CCCL
INE524L01026,EQ,BE,2017-04-12,2017-04-13,KRIDHANINF,KRIDHANINF
INE550C01020,EQ,BE,2017-04-12,2017-04-13,URJA,URJA
INE559B01023,EQ,BE,2017-04-12,2017-04-13,NAKODA,NAKODA
INE649H01011,EQ,BE,2017-04-12,2017-04-13,EUROCERA,EUROCERA
INE656K01010,EQ,BE,2017-04-12,2017-04-13,DQE,DQE
INE692B01014,EQ,BE,2017-04-12,2017-04-13,MURUDCERA,MURUDCERA
INE749B01012,EQ,BE,2017-04-12,2017-04-13,ORTINLABSS,ORTINLABSS
INE778K01012,EQ,BE,2017-04-12,2017-04-13,EMAMIINFRA,EMAMIINFRA
INE825H01017,EQ,BE,2017-04-12,2017-04-13,ESSDEE,ESSDEE
INE855C01015,EQ,BE,2017-04-12,2017-04-13,WEBELSOLAR,WEBELSOLAR
INE865C01022,EQ,BE,2017-04-12,2017-04-13,BIRLAMONEY,BIRLAMONEY
INE887G01027,EQ,BE,2017-04-12,2017-04-13,GOKEX,GOKEX
INE912L01015,EQ,BE,2017-04-12,2017-04-13,ONELIFECAP,ONELIFECAP
INE087J01010,BZ,EQ,2017-04-13,2017-04-17,MANDHANA,MANDHANA
INE201M01011,BE,EQ,2017-04-17,2017-04-18,CLEDUCATE,CLEDUCATE
INE849J01021,BE,BZ,2017-04-17,2017-06-05,REISIXTEN,REISIXTEN
INE878C01033,EQ,BE,2017-04-20,2017-04-21,GEMINI,GEMINI
INE418N01027,EQ,BE,2017-04-24,2017-04-25,INTEGRA,INTEGRA
INE278G01037,EQ,BE,2017-04-25,2017-05-03,CYBERMEDIA,CYBERMEDIA
INE048A01011,EQ,BE,2017-04-26,2017-04-27,HOCL,HOCL
INE139I01011,EQ,BE,2017-04-26,2017-04-27,BVCL,BVCL
INE141K01013,EQ,BE,2017-04-26,2017-04-27,TEXMOPIPES,TEXMOPIPES
INE143H01015,EQ,BE,2017-04-26,2017-04-27,KSK,KSK
INE196J01019,EQ,BE,2017-04-26,2017-04-27,OISL,OISL
INE229A01017,EQ,BE,2017-04-26,2017-04-27,ONWARDTEC,ONWARDTEC
INE281A01026,EQ,BE,2017-04-26,2017-04-27,CENTEXT,CENTEXT
INE362A01016,EQ,BE,2017-04-26,2017-04-27,PVP,PVP
INE440L01017,EQ,BE,2017-04-26,2017-04-27,TIJARIA,TIJARIA
INE544H01014,EQ,BE,2017-04-26,2017-04-27,JHS,JHS
INE640C01011,EQ,BE,2017-04-26,2017-04-27,SHAHALLOYS,SHAHALLOYS
INE699B01027,EQ,BE,2017-04-26,2017-04-27,SAMBHAAV,SAMBHAAV
INE729D01010,EQ,BE,2017-04-26,2017-04-27,KILITCH,KILITCH
INE778A01021,EQ,BE,2017-04-26,2017-04-27,TECHIN,TECHIN
INE788B01028,EQ,BE,2017-04-26,2017-04-27,INDSWFTLTD,INDSWFTLTD
INE924H01018,EQ,BE,2017-04-26,2017-04-27,TARMAT,TARMAT
INE937A01023,EQ,BE,2017-04-26,2017-04-27,SPMLINFRA,SPMLINFRA
INE020G01017,EQ,BE,2017-04-27,2017-04-28,AFL,AFL
INE817A01019,EQ,BE,2017-05-05,2017-05-10,MELSTAR,MELSTAR
INE019J01013,EQ,BE,2017-05-10,2017-05-11,SASTASUNDR,SASTASUNDR
INE058B01018,EQ,BE,2017-05-10,2017-05-15,ZENITHEXPO,ZENITHEXPO
INE210A01017,EQ,BE,2017-05-10,2017-05-11,WILLAMAGOR,WILLAMAGOR
INE392B01011,EQ,BE,2017-05-10,2017-05-11,PNC,PNC
INE742A01019,EQ,BE,2017-05-10,2017-05-11,PETRONENGG,PETRONENGG
INE804H01012,EQ,BE,2017-05-10,2017-05-11,TFL,TFL
INE831Q01016,EQ,BE,2017-05-10,2017-05-11,MANAKINDST,MANAKINDST
INE065J01016,BE,EQ,2017-05-11,2017-05-31,GISOLUTION,GISOLUTION
INE278G01037,BE,EQ,2017-05-15,2017-06-12,CYBERMEDIA,CYBERMEDIA
INE158B01016,BE,EQ,2017-05-19,2017-05-22,EIMCOELECO,EIMCOELECO
INE227G01018,BE,EQ,2017-05-19,2017-05-22,INDOWIND,INDOWIND
INE235G01011,BE,EQ,2017-05-19,2017-05-22,USHERAGRO,USHERAGRO
INE455J01027,EQ,BE,2017-05-19,2017-05-22,AUSTRAL,AUSTRAL
INE696A01025,EQ,BE,2017-05-19,2017-05-22,UBHOLDINGS,UBHOLDINGS
INE891A01014,EQ,BE,2017-05-19,2017-05-22,DSKULKARNI,DSKULKARNI
INE955I01036,EQ,BE,2017-05-19,2017-05-22,SEZAL,SEZAL
INE670B01028,EQ,BZ,2017-05-22,2017-07-25,GANGOTRI,GANGOTRI
INE778A01021,BE,EQ,2017-05-22,2017-05-30,TECHIN,TECHIN
INE315J01015,BE,EQ,2017-05-23,2017-05-31,FIRSTWIN,FIRSTWIN
INE944B01019,BE,EQ,2017-05-24,2017-05-30,TODAYS,TODAYS
INE063J01011,BE,EQ,2017-05-26,2017-05-31,EUROMULTI,EUROMULTI
INE202H01019,BE,BZ,2017-05-26,2017-05-29,KERNEX,KERNEX
INE495J01015,BE,EQ,2017-05-26,2017-05-30,PRADIP,PRADIP
INE498E01010,BE,EQ,2017-05-26,2017-05-30,SALONA,SALONA
INE628H01015,BE,BZ,2017-05-26,2017-05-29,ORBITCORP,ORBITCORP
INE039B01026,BE,EQ,2017-05-29,2017-05-30,CINEVISTA,CINEVISTA
INE048A01011,BE,EQ,2017-05-29,2017-05-30,HOCL,HOCL
INE074B01023,BE,EQ,2017-05-29,2017-05-30,PARACABLES,PARACABLES
INE141K01013,BE,EQ,2017-05-29,2017-05-30,TEXMOPIPES,TEXMOPIPES
INE143H01015,BE,EQ,2017-05-29,2017-05-30,KSK,KSK
INE172H01014,BE,EQ,2017-05-29,2017-05-30,RMCL,RMCL
INE184C01028,BE,EQ,2017-05-29,2017-05-30,CIMMCO,CIMMCO
INE188A01015,EQ,BE,2017-05-29,2017-05-30,FACT,FACT
INE196J01019,BE,EQ,2017-05-29,2017-05-30,OISL,OISL
INE216D01026,BE,EQ,2017-05-29,2017-05-30,KSERASERA,KSERASERA
INE218G01033,BE,EQ,2017-05-29,2017-05-30,PALREDTEC,PALREDTEC
INE229A01017,BE,EQ,2017-05-29,2017-05-30,ONWARDTEC,ONWARDTEC
INE247M01014,BE,EQ,2017-05-29,2017-05-30,SPECIALITY,SPECIALITY
INE260D01016,BE,EQ,2017-05-29,2017-05-30,GOLDINFRA,GOLDINFRA
INE268C01029,BE,EQ,2017-05-29,2017-05-30,EASUNREYRL,EASUNREYRL
INE281A01026,BE,EQ,2017-05-29,2017-05-30,CENTEXT,CENTEXT
INE283A01014,BE,EQ,2017-05-29,2017-05-30,PRECOT,PRECOT
INE289C01025,BE,EQ,2017-05-29,2017-05-30,TIMESGTY,TIMESGTY
INE292A01023,BE,EQ,2017-05-29,2017-05-30,UVSL,UVSL
INE294G01018,BE,EQ,2017-05-29,2017-05-30,RAJOIL,RAJOIL
INE302H01017,BE,EQ,2017-05-29,2017-05-30,GTNTEX,GTNTEX
INE314C01013,BE,EQ,2017-05-29,2017-05-30,SOMATEX,SOMATEX
INE325C01027,BE,EQ,2017-05-29,2017-05-30,DOLLAR,DOLLAR
INE362A01016,BE,EQ,2017-05-29,2017-05-30,PVP,PVP
INE365I01012,BE,EQ,2017-05-29,2017-05-30,NBIFIN,NBIFIN
INE395A01016,BE,EQ,2017-05-29,2017-05-30,BSELINFRA,BSELINFRA
INE414A01015,BE,EQ,2017-05-29,2017-05-30,MADRASFERT,MADRASFERT
INE425B01027,BE,EQ,2017-05-29,2017-05-30,LYCOS,LYCOS
INE429F01012,EQ,BE,2017-05-29,2017-05-30,SKIL,SKIL
INE429I01024,BE,EQ,2017-05-29,2017-05-30,CCCL,CCCL
INE440L01017,BE,EQ,2017-05-29,2017-05-30,TIJARIA,TIJARIA
INE451F01016,BE,EQ,2017-05-29,2017-05-30,APOLSINHOT,APOLSINHOT
INE512B01022,BE,EQ,2017-05-29,2017-05-30,FCSSOFT,FCSSOFT
INE520H01022,BE,EQ,2017-05-29,2017-05-30,BEARDSELL,BEARDSELL
INE524L01026,BE,EQ,2017-05-29,2017-05-30,KRIDHANINF,KRIDHANINF
INE544H01014,BE,EQ,2017-05-29,2017-05-30,JHS,JHS
INE550B01014,EQ,BE,2017-05-29,2017-05-30,HBSTOCK,HBSTOCK
INE550C01020,BE,EQ,2017-05-29,2017-05-30,URJA,URJA
INE553E01012,BE,BZ,2017-05-29,2017-07-27,NET4,NET4
INE559B01023,BE,EQ,2017-05-29,2017-05-30,NAKODA,NAKODA
INE559D01011,BE,EQ,2017-05-29,2017-05-30,CREST,CREST
INE592I01029,BE,EQ,2017-05-29,2017-05-30,METKORE,METKORE
INE596H01014,EQ,BE,2017-05-29,2017-05-30,HOVS,HOVS
INE640C01011,BE,EQ,2017-05-29,2017-05-30,SHAHALLOYS,SHAHALLOYS
INE655B01011,BE,EQ,2017-05-29,2017-05-30,BANARBEADS,BANARBEADS
INE656K01010,BE,EQ,2017-05-29,2017-05-30,DQE,DQE
INE658G01014,BE,EQ,2017-05-29,2017-05-30,SALSTEEL,SALSTEEL
INE659D01019,BE,EQ,2017-05-29,2017-05-30,SURANAIND,SURANAIND
INE666E01012,BE,EQ,2017-05-29,2017-05-30,ANDHRACEMT,ANDHRACEMT
INE676A01019,EQ,BE,2017-05-29,2017-05-30,AGCNET,AGCNET
INE692B01014,BE,EQ,2017-05-29,2017-05-30,MURUDCERA,MURUDCERA
INE699B01027,BE,EQ,2017-05-29,2017-05-30,SAMBHAAV,SAMBHAAV
INE729D01010,BE,EQ,2017-05-29,2017-05-30,KILITCH,KILITCH
INE744I01034,EQ,BE,2017-05-29,2017-05-30,MVL,MVL
INE747B01016,BE,EQ,2017-05-29,2017-05-30,NEXTMEDIA,NEXTMEDIA
INE747K01017,BE,EQ,2017-05-29,2017-05-30,TARAPUR,TARAPUR
INE749B01012,BE,EQ,2017-05-29,2017-05-30,ORTINLABSS,ORTINLABSS
INE778K01012,BE,EQ,2017-05-29,2017-05-30,EMAMIINFRA,EMAMIINFRA
INE782L01012,BE,EQ,2017-05-29,2017-05-30,SANCO,SANCO
INE788B01028,BE,EQ,2017-05-29,2017-05-30,INDSWFTLTD,INDSWFTLTD
INE791A01024,BE,EQ,2017-05-29,2017-05-30,BLBLIMITED,BLBLIMITED
INE796G01012,BE,EQ,2017-05-29,2017-05-30,JINDALPHOT,JINDALPHOT
INE805A01014,BE,EQ,2017-05-29,2017-05-30,GOLDTECH,GOLDTECH
INE825H01017,BE,EQ,2017-05-29,2017-05-30,ESSDEE,ESSDEE
INE844A01013,BE,EQ,2017-05-29,2017-05-30,PEARLPOLY,PEARLPOLY
INE844K01012,EQ,BE,2017-05-29,2017-05-30,BEDMUTHA,BEDMUTHA
INE849C01026,EQ,BE,2017-05-29,2017-05-30,SHALPAINTS,SHALPAINTS
INE855C01015,BE,EQ,2017-05-29,2017-05-30,WEBELSOLAR,WEBELSOLAR
INE859Q01017,BE,EQ,2017-05-29,2017-05-30,MANAKALUCO,MANAKALUCO
INE861A01058,BE,EQ,2017-05-29,2017-05-30,VISESHINFO,VISESHINFO
INE863I01016,BE,EQ,2017-05-29,2017-05-30,BANG,BANG
INE865C01022,BE,EQ,2017-05-29,2017-05-30,BIRLAMONEY,BIRLAMONEY
INE866K01015,EQ,BE,2017-05-29,2017-05-30,INDOSOLAR,INDOSOLAR
INE884A01019,BE,EQ,2017-05-29,2017-05-30,VAIBHAVGBL,VAIBHAVGBL
INE887G01027,BE,EQ,2017-05-29,2017-05-30,GOKEX,GOKEX
INE898F01018,BE,EQ,2017-05-29,2017-05-30,SIMPLEX,SIMPLEX
INE904G01038,BE,EQ,2017-05-29,2017-05-30,RASOYPR,RASOYPR
INE912L01015,BE,EQ,2017-05-29,2017-05-30,ONELIFECAP,ONELIFECAP
INE924H01018,BE,EQ,2017-05-29,2017-05-30,TARMAT,TARMAT
INE937A01023,BE,EQ,2017-05-29,2017-05-30,SPMLINFRA,SPMLINFRA
INE948A01012,EQ,BE,2017-05-29,2017-05-30,TRIGYN,TRIGYN
INE950G01015,BE,EQ,2017-05-29,2017-05-30,UNIPLY,UNIPLY
INE968D01022,BE,EQ,2017-05-29,2017-05-30,ARSHIYA,ARSHIYA
INE988A01026,BE,EQ,2017-05-29,2017-05-30,ASIL,ASIL
INE998H01012,BE,EQ,2017-05-29,2017-05-30,ORIENTALTL,ORIENTALTL
INE458B01036,BE,EQ,2017-05-30,2017-05-31,BHAGYANGR,BHAGYANGR
INE618N01014,EQ,BE,2017-06-05,2017-06-07,ANANDAMRUB,ANANDAMRUB
INE822G01016,EQ,BE,2017-06-07,2017-06-08,ELECTHERM,ELECTHERM
INE914E01040,EQ,BE,2017-06-07,2017-06-08,ALANKIT,ALANKIT
INE474L01016,EQ,BE,2017-06-09,2017-06-12,OMKARCHEM,OMKARCHEM
INE488V01015,BE,EQ,2017-06-09,2017-06-12,PSPPROJECT,PSPPROJECT
INE944B01019,EQ,BE,2017-06-12,2017-06-16,TODAYS,TODAYS
INE819B01021,BE,EQ,2017-06-16,2017-06-27,JENSONICOL,JENSONICOL
INE063J01011,EQ,BE,2017-06-21,2017-06-22,EUROMULTI,EUROMULTI
INE074B01023,EQ,BE,2017-06-21,2017-06-22,PARACABLES,PARACABLES
INE076H01025,EQ,BE,2017-06-21,2017-06-22,EON,EON
INE099F01013,EQ,BE,2017-06-21,2017-06-22,SREEL,SREEL
INE219H01039,EQ,BE,2017-06-21,2017-06-22,SRSLTD,SRSLTD
INE227G01018,EQ,BE,2017-06-21,2017-06-22,INDOWIND,INDOWIND
INE235G01011,EQ,BE,2017-06-21,2017-06-22,USHERAGRO,USHERAGRO
INE296H01011,EQ,BE,2017-06-21,2017-06-22,EMKAY,EMKAY
INE393A01011,EQ,BE,2017-06-21,2017-06-22,DELTAMAGNT,DELTAMAGNT
INE440L01017,EQ,BE,2017-06-21,2017-06-22,TIJARIA,TIJARIA
INE592B01016,EQ,BE,2017-06-21,2017-06-22,TTL,TTL
INE681C01015,EQ,BE,2017-06-21,2017-06-22,KEYCORPSER,KEYCORPSER
INE791A01024,EQ,BE,2017-06-21,2017-06-22,BLBLIMITED,BLBLIMITED
INE812G01025,EQ,BE,2017-06-21,2017-06-22,SMSPHARMA,SMSPHARMA
INE871H01011,EQ,BE,2017-06-21,2017-06-22,GSS,GSS
INE879A01019,EQ,BE,2017-06-21,2017-06-22,SHREERAMA,SHREERAMA
INE889E01010,EQ,BE,2017-06-21,2017-06-22,PIONDIST,PIONDIST
INE892H01017,EQ,BE,2017-06-21,2017-06-22,GTOFFSHORE,GTOFFSHORE
INE635A01023,EQ,BE,2017-06-22,2017-06-23,SHYAMTEL,SHYAMTEL
INE474L01016,BE,EQ,2017-06-23,2017-06-27,OMKARCHEM,OMKARCHEM
INE600A01035,BE,EQ,2017-06-23,2017-06-27,PILITA,PILITA
INE357D01010,EQ,BE,2017-06-27,2017-07-12,SURANACORP,SURANACORP
INE558D01013,BE,EQ,2017-06-28,2017-06-29,CORALFINAC,CORALFINAC
INE411D01015,BE,EQ,2017-06-29,2017-06-30,SKMEGGPROD,SKMEGGPROD
INE460H01021,BE,EQ,2017-06-30,2017-07-03,STARCEMENT,STARCEMENT
INE398B01018,EQ,BE,2017-07-03,2017-07-04,MRO-TEK,MRO-TEK
INE696K01024,EQ,BE,2017-07-04,2017-07-05,PRAKASHSTL,PRAKASHSTL
INE068D01021,EQ,BE,2017-07-05,2017-07-06,CASTEXTECH,CASTEXTECH
INE100D01014,EQ,BE,2017-07-05,2017-07-06,WSI,WSI
INE533D01024,EQ,BE,2017-07-05,2017-07-06,RAJRAYON,RAJRAYON
INE970N01027,EQ,BE,2017-07-05,2017-07-06,SPCENET,SPCENET
INE812G01025,BE,EQ,2017-07-06,2017-07-07,SMSPHARMA,SMSPHARMA
INE696A01025,BE,BZ,2017-07-10,2017-07-11,UBHOLDINGS,UBHOLDINGS
INE766A01018,BE,EQ,2017-07-12,2017-10-18,PAEL,PAEL
INE209L01016,EQ,BE,2017-07-19,2017-07-20,CEBBCO,CEBBCO
INE224E01028,EQ,BE,2017-07-19,2017-07-20,STAMPEDE,STAMPEDE
INE299C01024,EQ,BE,2017-07-19,2017-07-20,KGL,KGL
INE426D01013,EQ,BE,2017-07-19,2017-07-20,GOACARBON,GOACARBON
INE662C01015,EQ,BE,2017-07-19,2017-07-20,CHROMATIC,CHROMATIC
INE750M01017,EQ,BE,2017-07-19,2017-07-20,HEXATRADEX,HEXATRADEX
INE778A01021,EQ,BE,2017-07-19,2017-07-20,TECHIN,TECHIN
INE844A01013,EQ,BE,2017-07-19,2017-07-20,PEARLPOLY,PEARLPOLY
INE859Q01017,EQ,BE,2017-07-19,2017-07-20,MANAKALUCO,MANAKALUCO
INE904J01016,EQ,BE,2017-07-19,2017-07-20,JINDCOT,JINDCOT
INE927A01040,EQ,BE,2017-07-19,2017-07-20,ROLLT,ROLLT
INE947I01017,EQ,BE,2017-07-19,2017-07-20,LOTUSEYE,LOTUSEYE
INE162C01024,BZ,BE,2017-07-24,2022-12-23,PARASPETRO,PARASPETRO
INE381A01016,EQ,BE,2017-07-31,2017-08-17,SAMTEL,SAMTEL
IN9110D01011,EQ,BE,2017-08-02,2017-08-03,GUJNREDVR,GUJNREDVR
INE110D01013,EQ,BE,2017-08-02,2017-08-03,GUJNRECOKE,GUJNRECOKE
INE185H01016,EQ,BE,2017-08-02,2017-08-03,CELEBRITY,CELEBRITY
INE197A01024,EQ,BE,2017-08-02,2017-08-03,JYOTISTRUC,JYOTISTRUC
INE389K01018,EQ,BE,2017-08-02,2017-08-03,WELINV,WELINV
INE517U01013,BE,EQ,2017-08-02,2017-08-03,AGLSL,AGLSL
INE648H01013,EQ,BE,2017-08-02,2017-08-03,HANUNG,HANUNG
INE748A01016,EQ,BE,2017-08-02,2017-08-03,MBECL,MBECL
INE785C01048,EQ,BE,2017-08-02,2017-08-03,LITL,LITL
INE924A01013,EQ,BE,2017-08-02,2017-08-03,SALORAINTL,SALORAINTL
INE106I01010,EQ,BE,2017-08-07,2017-10-03,ANKITMETAL,ANKITMETAL
INE170V01019,BE,EQ,2017-08-07,2017-08-08,SALASAR,SALASAR
INE234I01010,EQ,BE,2017-08-07,2018-01-01,KAUSHALYA,KAUSHALYA
INE248H01012,EQ,BE,2017-08-07,2017-11-06,ROHITFERRO,ROHITFERRO
INE297H01019,EQ,BE,2017-08-07,2017-09-04,GALLANTT,GALLANTT
INE318D01020,EQ,BE,2017-08-07,2017-09-04,ZENITHBIR,ZENITHBIR
INE318J01027,EQ,BE,2017-08-07,2017-09-04,NUTEK,NUTEK
INE385B01031,EQ,BE,2017-08-07,2017-09-04,REIAGROLTD,REIAGROLTD
INE452L01012,EQ,BE,2017-08-07,2017-09-04,ADHUNIKIND,ADHUNIKIND
INE512B01022,EQ,BE,2017-08-07,2017-09-04,FCSSOFT,FCSSOFT
INE528K01011,EQ,BE,2017-08-07,2017-09-04,GALLISPAT,GALLISPAT
INE691G01015,EQ,BE,2017-08-07,2018-01-01,IMPEXFERRO,IMPEXFERRO
INE861A01058,EQ,BE,2017-08-07,2017-09-04,VISESHINFO,VISESHINFO
INE904G01038,EQ,BE,2017-08-07,2017-10-03,RASOYPR,RASOYPR
INE965A01016,BE,BZ,2017-08-07,2017-09-04,VISUINTL,VISUINTL
INE944B01019,BE,EQ,2017-08-14,2017-10-18,TODAYS,TODAYS
INE058B01018,BE,EQ,2017-08-16,2017-08-23,ZENITHEXPO,ZENITHEXPO
INE861B01015,BE,EQ,2017-08-21,2017-08-23,MOTOGENFIN,MOTOGENFIN
INE019J01013,BE,EQ,2017-08-22,2017-08-23,SASTASUNDR,SASTASUNDR
INE033B01011,EQ,BE,2017-08-22,2017-08-23,QUINTEGRA,QUINTEGRA
INE068D01021,BE,EQ,2017-08-22,2017-08-23,CASTEXTECH,CASTEXTECH
INE076H01025,BE,EQ,2017-08-22,2017-08-23,EON,EON
INE077B01018,EQ,BE,2017-08-22,2017-08-23,ZODJRDMKJ,ZODJRDMKJ
INE085J01014,EQ,BE,2017-08-22,2017-08-23,THANGAMAYL,THANGAMAYL
INE087B01017,BE,EQ,2017-08-22,2017-08-23,ANIKINDS,ANIKINDS
INE088B01015,BE,EQ,2017-08-22,2017-08-23,NATNLSTEEL,NATNLSTEEL
INE099F01013,BE,EQ,2017-08-22,2017-08-23,SREEL,SREEL
INE100D01014,BE,EQ,2017-08-22,2017-08-23,WSI,WSI
INE102I01027,BE,EQ,2017-08-22,2017-08-23,ADSL,ADSL
INE177H01013,EQ,BE,2017-08-22,2017-08-23,GPIL,GPIL
INE188A01015,BE,EQ,2017-08-22,2017-08-23,FACT,FACT
INE209L01016,BE,EQ,2017-08-22,2017-08-23,CEBBCO,CEBBCO
INE210A01017,BE,EQ,2017-08-22,2017-08-23,WILLAMAGOR,WILLAMAGOR
INE219H01039,BE,EQ,2017-08-22,2017-08-23,SRSLTD,SRSLTD
INE224E01028,BE,EQ,2017-08-22,2017-08-23,STAMPEDE,STAMPEDE
INE227G01018,BE,EQ,2017-08-22,2017-08-23,INDOWIND,INDOWIND
INE235G01011,BE,EQ,2017-08-22,2017-08-23,USHERAGRO,USHERAGRO
INE251H01024,EQ,BE,2017-08-22,2017-08-23,GVKPIL,GVKPIL
INE260D01016,EQ,BE,2017-08-22,2017-08-23,GOLDINFRA,GOLDINFRA
INE296H01011,BE,EQ,2017-08-22,2017-08-23,EMKAY,EMKAY
INE363W01018,BE,EQ,2017-08-22,2017-08-23,BHAGYAPROP,BHAGYAPROP
INE385I01010,BE,EQ,2017-08-22,2017-08-23,ALPA,ALPA
INE392B01011,BE,EQ,2017-08-22,2017-08-23,PNC,PNC
INE393A01011,BE,EQ,2017-08-22,2017-08-23,DELTAMAGNT,DELTAMAGNT
INE426D01013,BE,EQ,2017-08-22,2017-08-23,GOACARBON,GOACARBON
INE429F01012,BE,EQ,2017-08-22,2017-08-23,SKIL,SKIL
INE431L01016,EQ,BE,2017-08-22,2017-08-23,SERVALL,SERVALL
INE440L01017,BE,EQ,2017-08-22,2017-08-23,TIJARIA,TIJARIA
INE501W01021,BE,EQ,2017-08-22,2017-08-23,SPTL,SPTL
INE533D01024,BE,EQ,2017-08-22,2017-08-23,RAJRAYON,RAJRAYON
INE550B01014,BE,EQ,2017-08-22,2017-08-23,HBSTOCK,HBSTOCK
INE559B01023,EQ,BE,2017-08-22,2017-08-23,NAKODA,NAKODA
INE561H01026,EQ,BE,2017-08-22,2017-08-23,PARSVNATH,PARSVNATH
INE592B01016,BE,EQ,2017-08-22,2017-08-23,TTL,TTL
INE592I01029,EQ,BE,2017-08-22,2017-08-23,METKORE,METKORE
INE596H01014,BE,EQ,2017-08-22,2017-08-23,HOVS,HOVS
INE649H01011,BE,EQ,2017-08-22,2017-08-23,EUROCERA,EUROCERA
INE662C01015,BE,EQ,2017-08-22,2017-08-23,CHROMATIC,CHROMATIC
INE676A01019,BE,EQ,2017-08-22,2017-08-23,AGCNET,AGCNET
INE681C01015,BE,EQ,2017-08-22,2017-08-24,KEYCORPSER,KEYCORPSER
INE718H01014,EQ,BE,2017-08-22,2017-08-23,AUTOIND,AUTOIND
INE731C01018,BE,EQ,2017-08-22,2017-08-23,KHAITANLTD,KHAITANLTD
INE742A01019,BE,EQ,2017-08-22,2017-08-23,PETRONENGG,PETRONENGG
INE786F01031,EQ,BE,2017-08-22,2017-08-23,UTTAMSUGAR,UTTAMSUGAR
INE791A01024,BE,EQ,2017-08-22,2017-08-24,BLBLIMITED,BLBLIMITED
INE804H01012,BE,EQ,2017-08-22,2017-08-23,TFL,TFL
INE805A01014,EQ,BE,2017-08-22,2017-08-23,GOLDTECH,GOLDTECH
INE822G01016,BE,EQ,2017-08-22,2017-08-23,ELECTHERM,ELECTHERM
INE831Q01016,BE,EQ,2017-08-22,2017-08-23,MANAKINDST,MANAKINDST
INE844A01013,BE,EQ,2017-08-22,2017-08-23,PEARLPOLY,PEARLPOLY
INE844K01012,BE,EQ,2017-08-22,2017-08-23,BEDMUTHA,BEDMUTHA
INE849C01026,BE,EQ,2017-08-22,2017-08-23,SHALPAINTS,SHALPAINTS
INE859Q01017,BE,EQ,2017-08-22,2017-08-23,MANAKALUCO,MANAKALUCO
INE866K01015,BE,EQ,2017-08-22,2017-08-23,INDOSOLAR,INDOSOLAR
INE871H01011,BE,EQ,2017-08-22,2017-08-23,GSS,GSS
INE874H01015,BE,EQ,2017-08-22,2017-08-23,CANDC,CANDC
INE879A01019,BE,EQ,2017-08-22,2017-08-23,SHREERAMA,SHREERAMA
INE889E01010,BE,EQ,2017-08-22,2017-08-23,PIONDIST,PIONDIST
INE904J01016,BE,EQ,2017-08-22,2017-08-23,JINDCOT,JINDCOT
INE914E01040,BE,EQ,2017-08-22,2017-08-23,ALANKIT,ALANKIT
INE927A01040,BE,EQ,2017-08-22,2017-08-23,ROLLT,ROLLT
INE938A01021,BE,EQ,2017-08-22,2017-08-23,LCCINFOTEC,LCCINFOTEC
INE948A01012,BE,EQ,2017-08-22,2017-08-23,TRIGYN,TRIGYN
INE962C01027,EQ,BE,2017-08-22,2017-08-23,EASTSILK,EASTSILK
INE991I01015,BE,EQ,2017-08-22,2017-08-23,ASPINWALL,ASPINWALL
INE292A01023,EQ,BE,2017-08-30,2017-08-31,UVSL,UVSL
INE692B01014,EQ,BE,2017-08-30,2017-08-31,MURUDCERA,MURUDCERA
INE699B01027,EQ,BE,2017-08-30,2017-08-31,SAMBHAAV,SAMBHAAV
INE781B01015,EQ,BE,2017-08-30,2017-08-31,NOIDATOLL,NOIDATOLL
INE320X01016,BE,EQ,2017-08-31,2017-09-01,SMSLIFE,SMSLIFE
INE318J01027,BE,EQ,2017-09-04,2017-10-10,NUTEK,NUTEK
INE385B01031,BE,BZ,2017-09-04,2017-10-03,REIAGROLTD,REIAGROLTD
INE452L01012,BE,EQ,2017-09-04,2017-09-22,ADHUNIKIND,ADHUNIKIND
INE017D01010,EQ,BE,2017-09-13,2017-09-14,ANGIND,ANGIND
INE028B01029,EQ,BE,2017-09-13,2017-09-14,SHARONBIO,SHARONBIO
INE039B01026,EQ,BE,2017-09-13,2017-09-14,CINEVISTA,CINEVISTA
INE043K01029,EQ,BE,2017-09-13,2017-09-14,BSLIMITED,BSLIMITED
INE078A01026,EQ,BE,2017-09-13,2017-09-14,EMCO,EMCO
INE087J01010,EQ,BE,2017-09-13,2017-09-14,MANDHANA,MANDHANA
INE155G01029,EQ,BE,2017-09-13,2017-09-14,NDTV,NDTV
INE273D01019,EQ,BE,2017-09-13,2017-09-14,AARVEEDEN,AARVEEDEN
INE281A01026,EQ,BE,2017-09-13,2017-09-14,CENTEXT,CENTEXT
INE477B01010,EQ,BE,2017-09-13,2017-09-14,DPL,DPL
INE577L01016,EQ,BE,2017-09-13,2017-09-14,STEL,STEL
INE666E01012,EQ,BE,2017-09-13,2017-09-14,ANDHRACEMT,ANDHRACEMT
INE729D01010,EQ,BE,2017-09-13,2017-09-14,KILITCH,KILITCH
INE773I01017,EQ,BE,2017-09-13,2017-09-14,ALKALI,ALKALI
INE791A01024,EQ,BE,2017-09-13,2017-09-14,BLBLIMITED,BLBLIMITED
INE825H01017,EQ,BE,2017-09-13,2017-09-14,ESSDEE,ESSDEE
INE848A01014,EQ,BE,2017-09-13,2017-09-14,IZMO,IZMO
INE878I01014,EQ,BE,2017-09-13,2017-09-14,BAFNAPHARM,BAFNAPHARM
INE938A01021,EQ,BE,2017-09-13,2017-09-14,LCCINFOTEC,LCCINFOTEC
INE674K01013,BE,EQ,2017-09-14,2017-09-15,ABCAPITAL,ABCAPITAL
INE346W01013,BE,EQ,2017-09-15,2017-09-18,APEX,APEX
INE551A01022,BE,EQ,2017-09-18,2017-10-18,HINDDORROL,HINDDORROL
INE216H01027,EQ,BZ,2017-09-22,2017-09-25,EDUCOMP,EDUCOMP
INE259B01020,EQ,BZ,2017-09-22,2017-09-25,GAMMONIND,GAMMONIND
INE159N01027,BE,EQ,2017-09-25,2017-10-18,VIJIFIN,VIJIFIN
INE117B01012,EQ,BE,2017-09-26,2017-09-29,CURATECH,CURATECH
INE045B01015,EQ,BE,2017-09-27,2017-09-28,NELCO,NELCO
INE126M01010,EQ,BE,2017-09-27,2017-09-28,SORILHOLD,SORILHOLD
INE143H01015,EQ,BE,2017-09-27,2017-09-28,KSK,KSK
INE191A01019,EQ,BE,2017-09-27,2017-09-28,ORCHIDPHAR,ORCHIDPHAR
INE268L01020,EQ,BE,2017-09-27,2017-09-28,SPYL,SPYL
INE278G01037,EQ,BE,2017-09-27,2017-09-28,CYBERMEDIA,CYBERMEDIA
INE320X01016,EQ,BE,2017-09-27,2017-09-28,SMSLIFE,SMSLIFE
INE332G01032,EQ,BE,2017-09-27,2017-09-28,POCHIRAJU,POCHIRAJU
INE448A01013,EQ,BE,2017-09-27,2017-09-28,AUTOLITIND,AUTOLITIND
INE474B01017,EQ,BE,2017-09-27,2017-09-28,PSL,PSL
INE489H01020,EQ,BE,2017-09-27,2017-09-28,NITINFIRE,NITINFIRE
INE542A01039,EQ,BE,2017-09-27,2017-09-28,GSCLCEMENT,GSCLCEMENT
INE550C01020,EQ,BE,2017-09-27,2017-09-28,URJA,URJA
INE557B01019,EQ,BE,2017-09-27,2017-09-28,LIBERTSHOE,LIBERTSHOE
INE673G01013,EQ,BE,2017-09-27,2017-09-28,BHARATIDIL,BHARATIDIL
INE735M01018,EQ,BE,2017-09-27,2017-09-28,SEPOWER,SEPOWER
INE747K01017,EQ,BE,2017-09-27,2017-09-28,TARAPUR,TARAPUR
INE835D01023,EQ,BE,2017-09-27,2017-09-28,HIRECT,HIRECT
INE213M01024,BE,BZ,2017-10-03,2018-02-05,VKSPL,VKSPL
INE890I01035,BE,BZ,2017-10-03,2017-12-04,FARMAXIND,FARMAXIND
INE966H01019,EQ,BE,2017-10-04,2017-10-05,ZEEMEDIA,ZEEMEDIA
INE385W01011,BE,EQ,2017-10-05,2017-10-06,DCAL,DCAL
INE217K01011,BE,EQ,2017-10-06,2017-10-09,RHFL,RHFL
INE149A01033,BE,EQ,2017-10-09,2017-10-10,TIFIN,TIFIN
INE073D01013,EQ,BE,2017-10-11,2017-10-12,SUNDRMBRAK,SUNDRMBRAK
INE172H01014,EQ,BE,2017-10-11,2017-10-12,RMCL,RMCL
INE533D01024,EQ,BE,2017-10-11,2017-10-12,RAJRAYON,RAJRAYON
INE550H01011,EQ,BE,2017-10-11,2017-10-12,SUPREMEINF,SUPREMEINF
INE609C01024,EQ,BE,2017-10-11,2017-10-12,ORIENTLTD,ORIENTLTD
INE646C01018,EQ,BE,2017-10-11,2017-10-12,GROBTEA,GROBTEA
INE530B01024,EQ,BE,2017-10-16,2017-10-17,IIFL,IIFL
INE272B01015,BE,BZ,2017-10-17,2018-01-01,MALWACOTT,MALWACOTT
INE966H01019,BE,EQ,2017-10-18,2017-10-23,ZEEMEDIA,ZEEMEDIA
INE020J01029,EQ,BE,2017-10-25,2017-10-26,GOKUL,GOKUL
INE076H01025,EQ,BE,2017-10-25,2017-10-26,EON,EON
INE183H01011,EQ,BE,2017-10-25,2017-10-26,XLENERGY,XLENERGY
INE224E01028,EQ,BE,2017-10-25,2017-10-26,STAMPEDE,STAMPEDE
INE286H01012,EQ,BE,2017-10-25,2017-10-26,VISASTEEL,VISASTEEL
INE446C01013,EQ,BE,2017-10-25,2017-10-26,GLOBOFFS,GLOBOFFS
INE452L01012,EQ,BE,2017-10-25,2017-10-26,ADHUNIKIND,ADHUNIKIND
INE482J01021,EQ,BE,2017-10-25,2017-10-26,GAL,GAL
INE485C01011,EQ,BE,2017-10-25,2017-10-26,IOLCP,IOLCP
INE497B01018,EQ,BE,2017-10-25,2017-10-26,SEAMECLTD,SEAMECLTD
INE551A01022,EQ,BE,2017-10-25,2017-10-26,HINDDORROL,HINDDORROL
INE618H01016,EQ,BE,2017-10-25,2017-10-26,PARABDRUGS,PARABDRUGS
INE658G01014,EQ,BE,2017-10-25,2017-10-26,SALSTEEL,SALSTEEL
INE722J01012,EQ,BE,2017-10-25,2017-10-26,RKDL,RKDL
INE725L01011,EQ,BE,2017-10-25,2017-10-26,KARMAENG,KARMAENG
INE747B01016,EQ,BE,2017-10-25,2017-10-26,NEXTMEDIA,NEXTMEDIA
INE766A01018,EQ,BE,2017-10-25,2017-10-26,PAEL,PAEL
INE788B01028,EQ,BE,2017-10-25,2017-10-26,INDSWFTLTD,INDSWFTLTD
INE796G01012,EQ,BE,2017-10-25,2017-10-26,JINDALPHOT,JINDALPHOT
INE800A01015,EQ,BE,2017-10-25,2017-10-26,BIRLACABLE,BIRLACABLE
INE912H01013,EQ,BE,2017-10-25,2017-10-26,MBLINFRA,MBLINFRA
INE912L01015,EQ,BE,2017-10-25,2017-10-26,ONELIFECAP,ONELIFECAP
INE998H01012,EQ,BE,2017-10-25,2017-10-26,ORIENTALTL,ORIENTALTL
INE028B01029,BE,BZ,2017-10-30,2017-10-31,SHARONBIO,SHARONBIO
INE431L01016,BE,BZ,2017-10-30,2017-11-01,SERVALL,SERVALL
INE510K01019,EQ,BZ,2017-10-30,2017-10-31,SHILPI,SHILPI
INE673G01013,BE,BZ,2017-10-30,2017-10-31,BHARATIDIL,BHARATIDIL
INE530B01024,BE,EQ,2017-10-31,2017-11-01,IIFL,IIFL
INE117B01012,BE,EQ,2017-11-06,2017-11-16,CURATECH,CURATECH
INE819B01021,EQ,BE,2017-11-08,2017-11-09,JENSONICOL,JENSONICOL
INE063J01011,BE,EQ,2017-11-09,2017-11-14,EUROMULTI,EUROMULTI
INE105C01023,EQ,BE,2017-11-10,2017-11-13,PDUMJEIND,PDUMJEIND
INE924A01013,BE,EQ,2017-11-10,2017-11-14,SALORAINTL,SALORAINTL
IN9110D01011,BE,EQ,2017-11-13,2017-11-14,GUJNREDVR,GUJNREDVR
INE017D01010,BE,EQ,2017-11-13,2017-11-14,ANGIND,ANGIND
INE019J01013,EQ,BE,2017-11-13,2017-11-14,SASTASUNDR,SASTASUNDR
INE033B01011,BE,EQ,2017-11-13,2017-11-14,QUINTEGRA,QUINTEGRA
INE034D01031,EQ,BE,2017-11-13,2017-11-14,PTL,PTL
INE043K01029,BE,EQ,2017-11-13,2017-11-14,BSLIMITED,BSLIMITED
INE045B01015,BE,EQ,2017-11-13,2017-11-14,NELCO,NELCO
INE073D01013,BE,EQ,2017-11-13,2017-11-14,SUNDRMBRAK,SUNDRMBRAK
INE074B01023,BE,EQ,2017-11-13,2017-11-14,PARACABLES,PARACABLES
INE076C01018,EQ,BE,2017-11-13,2017-11-14,IFBAGRO,IFBAGRO
INE077B01018,BE,EQ,2017-11-13,2017-11-14,ZODJRDMKJ,ZODJRDMKJ
INE078A01026,BE,EQ,2017-11-13,2017-11-14,EMCO,EMCO
INE085J01014,BE,EQ,2017-11-13,2017-11-14,THANGAMAYL,THANGAMAYL
INE087J01010,BE,EQ,2017-11-13,2017-11-14,MANDHANA,MANDHANA
INE110D01013,BE,EQ,2017-11-13,2017-11-14,GUJNRECOKE,GUJNRECOKE
INE130B01031,EQ,BE,2017-11-13,2017-11-14,SURANAT&P,SURANAT&P
INE130C01021,EQ,BE,2017-11-13,2017-11-14,AMTEKAUTO,AMTEKAUTO
INE143H01015,BE,EQ,2017-11-13,2017-11-14,KSK,KSK
INE155G01029,BE,EQ,2017-11-13,2017-11-14,NDTV,NDTV
INE159N01027,EQ,BE,2017-11-13,2017-11-14,VIJIFIN,VIJIFIN
INE164B01022,EQ,BE,2017-11-13,2017-11-14,KELLTONTEC,KELLTONTEC
INE172H01014,BE,EQ,2017-11-13,2017-11-14,RMCL,RMCL
INE172N01012,EQ,BE,2017-11-13,2017-11-14,ADLABS,ADLABS
INE177H01013,BE,EQ,2017-11-13,2017-11-14,GPIL,GPIL
INE185H01016,BE,EQ,2017-11-13,2017-11-14,CELEBRITY,CELEBRITY
INE190H01016,EQ,BE,2017-11-13,2017-11-14,SAKUMA,SAKUMA
INE196J01019,EQ,BE,2017-11-13,2017-11-14,OISL,OISL
INE197A01024,BE,EQ,2017-11-13,2017-11-14,JYOTISTRUC,JYOTISTRUC
INE215G01021,EQ,BE,2017-11-13,2017-11-14,SMPL,SMPL
INE216D01026,EQ,BE,2017-11-13,2017-11-14,KSERASERA,KSERASERA
INE216G01011,EQ,BE,2017-11-13,2017-11-14,SUJANAUNI,SUJANAUNI
INE227G01018,EQ,BE,2017-11-13,2017-11-14,INDOWIND,INDOWIND
INE235G01011,EQ,BE,2017-11-13,2017-11-14,USHERAGRO,USHERAGRO
INE236G01019,EQ,BE,2017-11-13,2017-11-14,TVSELECT,TVSELECT
INE256H01015,EQ,BE,2017-11-13,2017-11-14,DYNPRO,DYNPRO
INE260D01016,BE,EQ,2017-11-13,2017-11-14,GOLDINFRA,GOLDINFRA
INE268L01020,BE,EQ,2017-11-13,2017-11-14,SPYL,SPYL
INE270A01011,EQ,BE,2017-11-13,2017-11-14,ALOKTEXT,ALOKTEXT
INE270I01014,EQ,BE,2017-11-13,2017-11-14,VISHNU,VISHNU
INE273D01019,BE,EQ,2017-11-13,2017-11-14,AARVEEDEN,AARVEEDEN
INE281A01026,BE,EQ,2017-11-13,2017-11-14,CENTEXT,CENTEXT
INE292A01023,BE,EQ,2017-11-13,2017-11-14,UVSL,UVSL
INE295F01017,EQ,BE,2017-11-13,2017-11-14,BUTTERFLY,BUTTERFLY
INE298I01015,EQ,BE,2017-11-13,2017-11-14,ARIES,ARIES
INE302H01017,EQ,BE,2017-11-13,2017-11-14,GTNTEX,GTNTEX
INE314T01025,EQ,BE,2017-11-13,2017-11-14,GOKULAGRO,GOKULAGRO
INE320X01016,BE,EQ,2017-11-13,2017-11-14,SMSLIFE,SMSLIFE
INE332G01032,BE,EQ,2017-11-13,2017-11-14,POCHIRAJU,POCHIRAJU
INE333I01036,EQ,BE,2017-11-13,2017-11-14,NTL,NTL
INE350C01017,EQ,BE,2017-11-13,2017-11-14,OPTIEMUS,OPTIEMUS
INE369I01014,EQ,BE,2017-11-13,2017-11-14,IL&FSENGG,IL&FSENGG
INE381A01016,BE,EQ,2017-11-13,2017-11-14,SAMTEL,SAMTEL
INE389K01018,BE,EQ,2017-11-13,2017-11-14,WELINV,WELINV
INE390H01012,EQ,BE,2017-11-13,2017-11-14,KAMDHENU,KAMDHENU
INE425A01011,EQ,BE,2017-11-13,2017-11-14,METALFORGE,METALFORGE
INE429F01012,EQ,BE,2017-11-13,2017-11-14,SKIL,SKIL
INE429I01024,EQ,BE,2017-11-13,2017-11-14,CCCL,CCCL
INE448A01013,BE,EQ,2017-11-13,2017-11-14,AUTOLITIND,AUTOLITIND
INE458F01011,EQ,BE,2017-11-13,2017-11-14,UNITEDTEA,UNITEDTEA
INE466H01028,EQ,BE,2017-11-13,2017-11-14,UNITY,UNITY
INE474B01017,BE,EQ,2017-11-13,2017-11-14,PSL,PSL
INE474E01029,EQ,BE,2017-11-13,2017-11-14,BHANDARI,BHANDARI
INE477B01010,BE,EQ,2017-11-13,2017-11-14,DPL,DPL
INE481K01013,EQ,BE,2017-11-13,2017-11-14,ESL,ESL
INE489H01020,BE,EQ,2017-11-13,2017-11-14,NITINFIRE,NITINFIRE
INE500A01029,EQ,BE,2017-11-13,2017-11-14,DCW,DCW
INE517B01013,EQ,BE,2017-11-13,2017-11-14,TTML,TTML
INE523B01011,EQ,BE,2017-11-13,2017-11-14,AKSHOPTFBR,AKSHOPTFBR
INE526B01014,EQ,BE,2017-11-13,2017-11-14,CALSOFT,CALSOFT
INE529F01027,EQ,BE,2017-11-13,2017-11-14,SIGNET,SIGNET
INE533D01024,BE,EQ,2017-11-13,2017-11-14,RAJRAYON,RAJRAYON
INE542A01039,BE,EQ,2017-11-13,2017-11-14,GSCLCEMENT,GSCLCEMENT
INE550H01011,BE,EQ,2017-11-13,2017-11-14,SUPREMEINF,SUPREMEINF
INE557B01019,BE,EQ,2017-11-13,2017-11-14,LIBERTSHOE,LIBERTSHOE
INE561H01026,BE,EQ,2017-11-13,2017-11-14,PARSVNATH,PARSVNATH
INE577L01016,BE,EQ,2017-11-13,2017-11-14,STEL,STEL
INE592I01029,BE,EQ,2017-11-13,2017-11-14,METKORE,METKORE
INE598C01011,EQ,BE,2017-11-13,2017-11-14,HISARMETAL,HISARMETAL
INE600A01035,EQ,BE,2017-11-13,2017-11-14,PILITA,PILITA
INE609C01024,BE,EQ,2017-11-13,2017-11-14,ORIENTLTD,ORIENTLTD
INE646C01018,BE,EQ,2017-11-13,2017-11-14,GROBTEA,GROBTEA
INE655A01013,EQ,BE,2017-11-13,2017-11-14,STCINDIA,STCINDIA
INE666E01012,BE,EQ,2017-11-13,2017-11-14,ANDHRACEMT,ANDHRACEMT
INE686I01011,EQ,BE,2017-11-13,2017-11-14,SITASHREE,SITASHREE
INE692B01014,BE,EQ,2017-11-13,2017-11-14,MURUDCERA,MURUDCERA
INE699B01027,BE,EQ,2017-11-13,2017-11-14,SAMBHAAV,SAMBHAAV
INE718H01014,BE,EQ,2017-11-13,2017-11-14,AUTOIND,AUTOIND
INE729D01010,BE,EQ,2017-11-13,2017-11-14,KILITCH,KILITCH
INE735M01018,BE,EQ,2017-11-13,2017-11-14,SEPOWER,SEPOWER
INE747K01017,BE,EQ,2017-11-13,2017-11-14,TARAPUR,TARAPUR
INE773I01017,BE,EQ,2017-11-13,2017-11-14,ALKALI,ALKALI
INE781B01015,BE,EQ,2017-11-13,2017-11-14,NOIDATOLL,NOIDATOLL
INE785C01048,BE,EQ,2017-11-13,2017-11-14,LITL,LITL
INE786F01031,BE,EQ,2017-11-13,2017-11-14,UTTAMSUGAR,UTTAMSUGAR
INE791A01024,BE,EQ,2017-11-13,2017-11-14,BLBLIMITED,BLBLIMITED
INE792I01017,EQ,BE,2017-11-13,2017-11-14,CORDSCABLE,CORDSCABLE
INE805A01014,BE,EQ,2017-11-13,2017-11-14,GOLDTECH,GOLDTECH
INE818A01017,EQ,BE,2017-11-13,2017-11-14,SELAN,SELAN
INE824Q01011,EQ,BE,2017-11-13,2017-11-14,MANAKSTEEL,MANAKSTEEL
INE825H01017,BE,EQ,2017-11-13,2017-11-14,ESSDEE,ESSDEE
INE834M01019,EQ,BE,2017-11-13,2017-11-14,RTNINFRA,RTNINFRA
INE835D01023,BE,EQ,2017-11-13,2017-11-14,HIRECT,HIRECT
INE848A01014,BE,EQ,2017-11-13,2017-11-14,IZMO,IZMO
INE854B01010,EQ,BE,2017-11-13,2017-11-14,JAYNECOIND,JAYNECOIND
INE855F01034,EQ,BE,2017-11-13,2017-11-14,BARTRONICS,BARTRONICS
INE874H01015,EQ,BE,2017-11-13,2017-11-14,CANDC,CANDC
INE878I01014,BE,EQ,2017-11-13,2017-11-14,BAFNAPHARM,BAFNAPHARM
INE886A01014,EQ,BE,2017-11-13,2017-11-14,IITL,IITL
INE890C01046,EQ,BE,2017-11-13,2017-11-14,SANWARIA,SANWARIA
INE891A01014,BE,EQ,2017-11-13,2017-11-14,DSKULKARNI,DSKULKARNI
INE898F01018,EQ,BE,2017-11-13,2017-11-14,SIMPLEX,SIMPLEX
INE923A01015,EQ,BE,2017-11-13,2017-11-14,SILINV,SILINV
INE927A01040,EQ,BE,2017-11-13,2017-11-14,ROLLT,ROLLT
INE933B01012,EQ,BE,2017-11-13,2017-11-14,MEGASOFT,MEGASOFT
INE938A01021,BE,EQ,2017-11-13,2017-11-14,LCCINFOTEC,LCCINFOTEC
INE949P01018,EQ,BE,2017-11-13,2017-11-14,GENUSPAPER,GENUSPAPER
INE962C01027,BE,EQ,2017-11-13,2017-11-14,EASTSILK,EASTSILK
INE979R01011,EQ,BE,2017-11-13,2017-11-14,SHYAMCENT,SHYAMCENT
INE988E01036,EQ,BE,2017-11-13,2017-11-14,JMTAUTOLTD,JMTAUTOLTD
INE974X01010,BE,EQ,2017-11-15,2017-11-16,TIINDIA,TIINDIA
INE294G01018,EQ,BE,2017-11-21,2017-11-22,RAJOIL,RAJOIL
INE347W01011,BE,EQ,2017-11-21,2017-11-22,MAGADSUGAR,MAGADSUGAR
INE349W01017,BE,EQ,2017-11-21,2017-11-22,AVADHSUGAR,AVADHSUGAR
INE381A01016,EQ,BE,2017-11-21,2017-11-22,SAMTEL,SAMTEL
INE559B01023,BE,EQ,2017-11-21,2017-11-22,NAKODA,NAKODA
INE938A01021,EQ,BE,2017-11-21,2017-11-22,LCCINFOTEC,LCCINFOTEC
INE955I01036,BE,EQ,2017-11-21,2017-11-22,SEZAL,SEZAL
INE065B01013,EQ,BE,2017-11-22,2017-11-23,INDLMETER,INDLMETER
INE093R01011,EQ,BE,2017-11-22,2017-11-23,LSIL,LSIL
INE197J01017,EQ,BE,2017-11-22,2017-11-23,LPDC,LPDC
INE272L01022,EQ,BE,2017-11-22,2017-11-23,SURANASOL,SURANASOL
INE308H01022,EQ,BE,2017-11-22,2017-11-23,PRATIBHA,PRATIBHA
INE559B01023,EQ,BE,2017-11-22,2017-11-23,NAKODA,NAKODA
INE615I01010,EQ,BE,2017-11-22,2017-11-23,GLOBUSSPR,GLOBUSSPR
INE716B01011,EQ,BE,2017-11-22,2017-11-23,TIPSINDLTD,TIPSINDLTD
INE817H01014,EQ,BE,2017-11-22,2017-11-23,BURNPUR,BURNPUR
INE915K01010,EQ,BE,2017-11-22,2017-11-23,AHLWEST,AHLWEST
INE964B01033,EQ,BE,2017-11-22,2017-11-23,ALCHEM,ALCHEM
INE133Y01011,BE,EQ,2017-11-27,2017-11-28,IFGLEXPOR,IFGLEXPOR
INE752P01024,EQ,BE,2017-11-28,2017-11-29,FRETAIL,FRETAIL
INE618L01018,BE,EQ,2017-11-29,2017-11-30,5PAISA,5PAISA
INE955I01036,EQ,BZ,2017-12-01,2017-12-06,SEZAL,SEZAL
INE297H01019,BE,EQ,2017-12-04,2018-01-01,GALLANTT,GALLANTT
INE528K01011,BE,EQ,2017-12-04,2018-01-01,GALLISPAT,GALLISPAT
INE040M01013,EQ,BE,2017-12-06,2017-12-07,TREEHOUSE,TREEHOUSE
INE047B01011,EQ,BE,2017-12-06,2017-12-07,GILLANDERS,GILLANDERS
INE091G01018,EQ,BE,2017-12-06,2017-12-07,JAIBALAJI,JAIBALAJI
INE093B01015,EQ,BE,2017-12-06,2017-12-07,ALPSINDUS,ALPSINDUS
INE102I01027,EQ,BE,2017-12-06,2017-12-07,ADSL,ADSL
INE109C01017,EQ,BE,2017-12-06,2017-12-07,ARMANFIN,ARMANFIN
INE116D01028,EQ,BE,2017-12-06,2017-12-07,BAGFILMS,BAGFILMS
INE123B01028,EQ,BE,2017-12-06,2017-12-07,NAGREEKEXP,NAGREEKEXP
INE133E01013,EQ,BE,2017-12-06,2017-12-07,TI,TI
INE141K01013,EQ,BE,2017-12-06,2017-12-07,TEXMOPIPES,TEXMOPIPES
INE184C01028,EQ,BE,2017-12-06,2017-12-07,CIMMCO,CIMMCO
INE210A01017,EQ,BE,2017-12-06,2017-12-07,WILLAMAGOR,WILLAMAGOR
INE267I01010,EQ,BE,2017-12-06,2017-12-07,ARSSINFRA,ARSSINFRA
INE268C01029,EQ,BE,2017-12-06,2017-12-07,EASUNREYRL,EASUNREYRL
INE268L01020,EQ,BE,2017-12-06,2017-12-07,SPYL,SPYL
INE287C01029,EQ,BE,2017-12-06,2017-12-07,MIC,MIC
INE291D01011,EQ,BE,2017-12-06,2017-12-07,KDDL,KDDL
INE314C01013,EQ,BE,2017-12-06,2017-12-07,SOMATEX,SOMATEX
INE326B01027,EQ,BE,2017-12-06,2017-12-07,ALMONDZ,ALMONDZ
INE341R01014,EQ,BE,2017-12-06,2017-12-07,DTIL,DTIL
INE352A01017,EQ,BE,2017-12-06,2017-12-07,VALUEIND,VALUEIND
INE364A01020,EQ,BE,2017-12-06,2017-12-07,JAYSREETEA,JAYSREETEA
INE376C01020,EQ,BE,2017-12-06,2017-12-07,SPENTEX,SPENTEX
INE391D01019,EQ,BE,2017-12-06,2017-12-07,TRF,TRF
INE442A01024,EQ,BE,2017-12-06,2017-12-07,ASSAMCO,ASSAMCO
INE472M01018,EQ,BE,2017-12-06,2017-12-07,MTEDUCARE,MTEDUCARE
INE509K01011,EQ,BE,2017-12-06,2017-12-07,TECHNOFAB,TECHNOFAB
INE533D01024,EQ,BE,2017-12-06,2017-12-07,RAJRAYON,RAJRAYON
INE542C01019,EQ,BE,2017-12-06,2017-12-07,NKIND,NKIND
INE544A01019,EQ,BE,2017-12-06,2017-12-07,HARRMALAYA,HARRMALAYA
INE607L01029,EQ,BE,2017-12-06,2017-12-07,BILENERGY,BILENERGY
INE656K01010,EQ,BE,2017-12-06,2017-12-07,DQE,DQE
INE662A01027,EQ,BE,2017-12-06,2017-12-07,SUPERSPIN,SUPERSPIN
INE662L01016,EQ,BE,2017-12-06,2017-12-07,TCIDEVELOP,TCIDEVELOP
INE668D01028,EQ,BE,2017-12-06,2017-12-07,DONEAR,DONEAR
INE688J01015,EQ,BE,2017-12-06,2017-12-07,EXCEL,EXCEL
INE695B01025,EQ,BE,2017-12-06,2017-12-07,COUNCODOS,COUNCODOS
INE718H01014,EQ,BE,2017-12-06,2017-12-07,AUTOIND,AUTOIND
INE719A01017,EQ,BE,2017-12-06,2017-12-07,ZANDUREALT,ZANDUREALT
INE731U01010,EQ,BE,2017-12-06,2017-12-07,DIGJAMLTD,DIGJAMLTD
INE732F01019,EQ,BE,2017-12-06,2017-12-07,ISMTLTD,ISMTLTD
INE752G01015,EQ,BE,2017-12-06,2017-12-07,MSPL,MSPL
INE808B01016,EQ,BE,2017-12-06,2017-12-07,OPTOCIRCUI,OPTOCIRCUI
INE825H01017,EQ,BE,2017-12-06,2017-12-07,ESSDEE,ESSDEE
INE835B01035,EQ,BE,2017-12-06,2017-12-07,MOLDTECH,MOLDTECH
INE891A01014,EQ,BE,2017-12-06,2017-12-07,DSKULKARNI,DSKULKARNI
INE924A01013,EQ,BE,2017-12-06,2017-12-07,SALORAINTL,SALORAINTL
INE752P01024,BE,EQ,2017-12-12,2017-12-13,FRETAIL,FRETAIL
INE294G01018,BE,BZ,2017-12-13,2017-12-14,RAJOIL,RAJOIL
INE904J01016,EQ,BZ,2017-12-13,2017-12-14,JINDCOT,JINDCOT
INE060B01014,EQ,BE,2017-12-20,2017-12-21,KHANDSE,KHANDSE
INE209L01016,EQ,BE,2017-12-20,2017-12-21,CEBBCO,CEBBCO
INE389K01018,EQ,BE,2017-12-20,2017-12-21,WELINV,WELINV
INE392B01011,EQ,BE,2017-12-20,2017-12-21,PNC,PNC
INE474C01015,EQ,BE,2017-12-20,2017-12-21,REMSONSIND,REMSONSIND
INE596H01014,EQ,BE,2017-12-20,2017-12-21,HOVS,HOVS
INE662C01015,EQ,BE,2017-12-20,2017-12-21,CHROMATIC,CHROMATIC
INE676A01019,EQ,BE,2017-12-20,2017-12-21,AGCNET,AGCNET
INE791A01024,EQ,BE,2017-12-20,2017-12-21,BLBLIMITED,BLBLIMITED
INE804H01012,EQ,BE,2017-12-20,2017-12-21,TFL,TFL
INE968G01033,EQ,BE,2017-12-20,2017-12-21,PROVOGE,PROVOGE
INE016M01021,BE,EQ,2017-12-22,2017-12-26,DNAMEDIA,DNAMEDIA
INE020G01017,BE,EQ,2017-12-26,2017-12-29,AFL,AFL
INE675C01017,EQ,BE,2017-12-26,2017-12-27,CIGNITITEC,CIGNITITEC
INE970N01027,BE,EQ,2017-12-26,2018-09-17,SPCENET,SPCENET
INE117B01012,EQ,BE,2017-12-29,2018-01-01,CURATECH,CURATECH
INE234I01010,BE,EQ,2018-01-01,2018-01-05,KAUSHALYA,KAUSHALYA
INE248H01012,BE,EQ,2018-01-01,2018-02-01,ROHITFERRO,ROHITFERRO
INE318D01020,BE,EQ,2018-01-01,2018-01-18,ZENITHBIR,ZENITHBIR
INE512B01022,BE,EQ,2018-01-01,2018-02-01,FCSSOFT,FCSSOFT
INE691G01015,BE,EQ,2018-01-01,2018-02-01,IMPEXFERRO,IMPEXFERRO
INE861A01058,BE,EQ,2018-01-01,2018-01-11,VISESHINFO,VISESHINFO
INE017D01010,EQ,BE,2018-01-03,2018-01-04,ANGIND,ANGIND
INE060J01017,EQ,BE,2018-01-03,2018-01-04,FLEXITUFF,FLEXITUFF
INE068D01021,EQ,BE,2018-01-03,2018-01-04,CASTEXTECH,CASTEXTECH
INE071A01013,EQ,BE,2018-01-03,2018-01-04,BINANIIND,BINANIIND
INE087J01010,EQ,BE,2018-01-03,2018-01-04,MANDHANA,MANDHANA
INE090C01019,EQ,BE,2018-01-03,2018-01-04,STINDIA,STINDIA
INE143H01015,EQ,BE,2018-01-03,2018-01-04,KSK,KSK
INE160H01019,EQ,BE,2018-01-03,2018-01-04,PBAINFRA,PBAINFRA
INE306B01029,EQ,BE,2018-01-03,2018-01-04,ICSA,ICSA
INE311H01018,EQ,BE,2018-01-03,2018-01-04,ELAND,ELAND
INE393A01011,EQ,BE,2018-01-03,2018-01-04,DELTAMAGNT,DELTAMAGNT
INE395A01016,EQ,BE,2018-01-03,2018-01-04,BSELINFRA,BSELINFRA
INE400H01019,EQ,BE,2018-01-03,2018-01-04,ADHUNIK,ADHUNIK
INE416A01036,EQ,BE,2018-01-03,2018-01-04,SABTN,SABTN
INE445C01015,EQ,BE,2018-01-03,2018-01-04,XPROINDIA,XPROINDIA
INE453B01029,EQ,BE,2018-01-03,2018-01-04,COMPUSOFT,COMPUSOFT
INE498E01010,EQ,BE,2018-01-03,2018-01-04,SALONA,SALONA
INE609C01024,EQ,BE,2018-01-03,2018-01-04,ORIENTLTD,ORIENTLTD
INE652F01027,EQ,BE,2018-01-03,2018-01-04,CCHHL,CCHHL
INE655B01011,EQ,BE,2018-01-03,2018-01-04,BANARBEADS,BANARBEADS
INE735M01018,EQ,BE,2018-01-03,2018-01-04,SEPOWER,SEPOWER
INE749B01012,EQ,BE,2018-01-03,2018-01-04,ORTINLABSS,ORTINLABSS
INE781A01025,EQ,BE,2018-01-03,2018-01-04,INTENTECH,INTENTECH
INE785C01048,EQ,BE,2018-01-03,2018-01-04,LITL,LITL
INE805A01014,EQ,BE,2018-01-03,2018-01-04,GOLDTECH,GOLDTECH
INE805B01012,EQ,BE,2018-01-03,2018-01-04,MANGTIMBER,MANGTIMBER
INE862A01015,EQ,BE,2018-01-03,2018-01-04,LML,LML
INE871L01013,EQ,BE,2018-01-03,2018-01-04,TVVISION,TVVISION
INE875A01025,EQ,BE,2018-01-03,2018-01-04,IVRCLINFRA,IVRCLINFRA
INE875R01011,EQ,BE,2018-01-03,2018-01-04,BALKRISHNA,BALKRISHNA
INE879A01019,EQ,BE,2018-01-03,2018-01-04,SHREERAMA,SHREERAMA
INE904D01019,EQ,BE,2018-01-03,2018-01-04,PDPL,PDPL
INE915B01019,EQ,BE,2018-01-03,2018-01-04,INDSWFTLAB,INDSWFTLAB
INE992B01026,EQ,BE,2018-01-03,2018-01-04,LAKSHMIEFL,LAKSHMIEFL
INE105C01023,BE,EQ,2018-01-08,2018-01-15,PDUMJEIND,PDUMJEIND
INE155B01012,BE,EQ,2018-01-08,2018-01-15,HINDSYNTEX,HINDSYNTEX
INE705C01020,BE,EQ,2018-01-08,2018-01-09,SHIVATEX,SHIVATEX
INE878C01033,BE,EQ,2018-01-08,2018-01-15,GEMINI,GEMINI
INE592A01026,EQ,BE,2018-01-10,2018-01-11,ORIENTPPR,ORIENTPPR
INE610C01014,BE,EQ,2018-01-10,2018-01-12,ARENTERP,ARENTERP
INE646X01014,BE,EQ,2018-01-11,2018-01-12,ASTRON,ASTRON
INE455J01027,BE,BZ,2018-01-16,2018-02-05,AUSTRAL,AUSTRAL
INE028D01025,EQ,BE,2018-01-17,2018-01-18,RAINBOWPAP,RAINBOWPAP
INE155C01010,EQ,BE,2018-01-17,2018-01-18,ALBERTDAVD,ALBERTDAVD
INE180G01019,EQ,BE,2018-01-17,2018-01-18,EDL,EDL
INE230R01027,EQ,BE,2018-01-17,2018-01-18,RAMASTEEL,RAMASTEEL
INE253A01025,EQ,BE,2018-01-17,2018-01-18,HINDMOTORS,HINDMOTORS
INE332G01032,EQ,BE,2018-01-17,2018-01-18,POCHIRAJU,POCHIRAJU
INE425B01027,EQ,BE,2018-01-17,2018-01-18,LYCOS,LYCOS
INE440L01017,EQ,BE,2018-01-17,2018-01-18,TIJARIA,TIJARIA
INE474B01017,EQ,BE,2018-01-17,2018-01-18,PSL,PSL
INE495J01015,EQ,BE,2018-01-17,2018-01-18,PRADIP,PRADIP
INE639K01016,EQ,BE,2018-01-17,2018-01-18,NITESHEST,NITESHEST
INE646C01018,EQ,BE,2018-01-17,2018-01-18,GROBTEA,GROBTEA
INE699A01011,EQ,BE,2018-01-17,2018-01-18,UTTAMSTL,UTTAMSTL
INE739A01015,EQ,BE,2018-01-17,2018-01-18,MOSERBAER,MOSERBAER
INE844A01013,EQ,BE,2018-01-17,2018-01-18,PEARLPOLY,PEARLPOLY
INE860T01019,EQ,BE,2018-01-17,2018-01-18,SABEVENTS,SABEVENTS
INE861A01058,EQ,BE,2018-01-17,2018-01-18,VISESHINFO,VISESHINFO
INE866K01015,EQ,BE,2018-01-17,2018-01-18,INDOSOLAR,INDOSOLAR
INE191A01019,BE,BZ,2018-01-24,2018-01-25,ORCHIDPHAR,ORCHIDPHAR
INE352A01017,BE,BZ,2018-01-24,2018-01-25,VALUEIND,VALUEIND
INE381A01016,BE,BZ,2018-01-24,2018-01-29,SAMTEL,SAMTEL
INE592A01026,BE,EQ,2018-01-24,2018-01-25,ORIENTPPR,ORIENTPPR
INE336H01023,EQ,BE,2018-01-29,2018-01-30,GAYAPROJ,GAYAPROJ
INE660A01013,EQ,BE,2018-01-31,2018-02-01,SUNDARMFIN,SUNDARMFIN
INE369C01017,EQ,BE,2018-02-01,2018-02-19,NORBTEAEXP,NORBTEAEXP
INE713T01010,BE,EQ,2018-02-05,2018-02-06,APOLLO,APOLLO
INE904G01038,BE,BZ,2018-02-05,2018-03-05,RASOYPR,RASOYPR
INE017D01010,BE,EQ,2018-02-06,2018-02-07,ANGIND,ANGIND
INE019J01013,BE,EQ,2018-02-06,2018-02-07,SASTASUNDR,SASTASUNDR
INE020J01029,BE,EQ,2018-02-06,2018-02-07,GOKUL,GOKUL
INE034D01031,BE,EQ,2018-02-06,2018-02-07,PTL,PTL
INE039B01026,BE,EQ,2018-02-06,2018-02-07,CINEVISTA,CINEVISTA
INE040M01013,BE,EQ,2018-02-06,2018-02-07,TREEHOUSE,TREEHOUSE
INE047B01011,BE,EQ,2018-02-06,2018-02-07,GILLANDERS,GILLANDERS
INE060B01014,BE,EQ,2018-02-06,2018-02-07,KHANDSE,KHANDSE
INE060J01017,BE,EQ,2018-02-06,2018-02-07,FLEXITUFF,FLEXITUFF
INE065B01013,BE,EQ,2018-02-06,2018-02-07,INDLMETER,INDLMETER
INE068D01021,BE,EQ,2018-02-06,2018-02-07,CASTEXTECH,CASTEXTECH
INE071A01013,BE,EQ,2018-02-06,2018-02-07,BINANIIND,BINANIIND
INE076C01018,BE,EQ,2018-02-06,2018-02-07,IFBAGRO,IFBAGRO
INE076H01025,BE,EQ,2018-02-06,2018-02-07,EON,EON
INE087J01010,BE,EQ,2018-02-06,2018-02-07,MANDHANA,MANDHANA
INE090B01011,EQ,BE,2018-02-06,2018-02-07,OMAXAUTO,OMAXAUTO
INE090C01019,BE,EQ,2018-02-06,2018-02-07,STINDIA,STINDIA
INE091G01018,BE,EQ,2018-02-06,2018-02-07,JAIBALAJI,JAIBALAJI
INE093B01015,BE,EQ,2018-02-06,2018-02-07,ALPSINDUS,ALPSINDUS
INE102I01027,BE,EQ,2018-02-06,2018-02-07,ADSL,ADSL
INE109C01017,BE,EQ,2018-02-06,2018-02-07,ARMANFIN,ARMANFIN
INE116D01028,BE,EQ,2018-02-06,2018-02-07,BAGFILMS,BAGFILMS
INE123B01028,BE,EQ,2018-02-06,2018-02-07,NAGREEKEXP,NAGREEKEXP
INE126M01010,BE,EQ,2018-02-06,2018-02-07,SORILHOLD,SORILHOLD
INE127I01024,EQ,BE,2018-02-06,2018-02-07,GOODLUCK,GOODLUCK
INE130B01031,BE,EQ,2018-02-06,2018-02-07,SURANAT&P,SURANAT&P
INE130C01021,BE,EQ,2018-02-06,2018-02-07,AMTEKAUTO,AMTEKAUTO
INE133E01013,BE,EQ,2018-02-06,2018-02-07,TI,TI
INE141K01013,BE,EQ,2018-02-06,2018-02-07,TEXMOPIPES,TEXMOPIPES
INE155B01012,EQ,BE,2018-02-06,2018-02-07,HINDSYNTEX,HINDSYNTEX
INE160H01019,BE,EQ,2018-02-06,2018-02-07,PBAINFRA,PBAINFRA
INE164B01022,BE,EQ,2018-02-06,2018-02-07,KELLTONTEC,KELLTONTEC
INE172N01012,BE,EQ,2018-02-06,2018-02-07,ADLABS,ADLABS
INE183H01011,BE,EQ,2018-02-06,2018-02-07,XLENERGY,XLENERGY
INE184C01028,BE,EQ,2018-02-06,2018-02-07,CIMMCO,CIMMCO
INE190H01016,BE,EQ,2018-02-06,2018-02-07,SAKUMA,SAKUMA
INE196J01019,BE,EQ,2018-02-06,2018-02-07,OISL,OISL
INE197J01017,BE,EQ,2018-02-06,2018-02-07,LPDC,LPDC
INE209L01016,BE,EQ,2018-02-06,2018-02-07,CEBBCO,CEBBCO
INE215G01021,BE,EQ,2018-02-06,2018-02-07,SMPL,SMPL
INE224E01036,EQ,BE,2018-02-06,2018-02-07,SCAPDVR,SCAPDVR
INE235G01011,BE,EQ,2018-02-06,2018-02-07,USHERAGRO,USHERAGRO
INE236G01019,BE,EQ,2018-02-06,2018-02-07,TVSELECT,TVSELECT
INE251H01024,BE,EQ,2018-02-06,2018-02-07,GVKPIL,GVKPIL
INE256H01015,BE,EQ,2018-02-06,2018-02-07,DYNPRO,DYNPRO
INE268C01029,BE,EQ,2018-02-06,2018-02-07,EASUNREYRL,EASUNREYRL
INE268L01020,BE,EQ,2018-02-06,2018-02-07,SPYL,SPYL
INE270A01011,BE,EQ,2018-02-06,2018-02-07,ALOKTEXT,ALOKTEXT
INE270I01014,BE,EQ,2018-02-06,2018-02-07,VISHNU,VISHNU
INE272L01022,BE,EQ,2018-02-06,2018-02-07,SURANASOL,SURANASOL
INE286H01012,BE,EQ,2018-02-06,2018-02-07,VISASTEEL,VISASTEEL
INE287C01029,BE,EQ,2018-02-06,2018-02-07,MIC,MIC
INE295F01017,BE,EQ,2018-02-06,2018-02-07,BUTTERFLY,BUTTERFLY
INE297H01019,EQ,BE,2018-02-06,2018-02-07,GALLANTT,GALLANTT
INE298I01015,BE,EQ,2018-02-06,2018-02-07,ARIES,ARIES
INE302H01017,BE,EQ,2018-02-06,2018-02-07,GTNTEX,GTNTEX
INE308H01022,BE,EQ,2018-02-06,2018-02-07,PRATIBHA,PRATIBHA
INE311H01018,BE,EQ,2018-02-06,2018-02-07,ELAND,ELAND
INE314C01013,BE,EQ,2018-02-06,2018-02-07,SOMATEX,SOMATEX
INE314T01025,BE,EQ,2018-02-06,2018-02-07,GOKULAGRO,GOKULAGRO
INE318D01020,EQ,BE,2018-02-06,2018-02-07,ZENITHBIR,ZENITHBIR
INE326B01027,BE,EQ,2018-02-06,2018-02-07,ALMONDZ,ALMONDZ
INE333I01036,BE,EQ,2018-02-06,2018-02-07,NTL,NTL
INE335W01016,BE,EQ,2018-02-06,2018-02-07,GANGESSECU,GANGESSECU
INE341R01014,BE,EQ,2018-02-06,2018-02-07,DTIL,DTIL
INE363A01022,EQ,BE,2018-02-06,2018-02-07,ASIANHOTNR,ASIANHOTNR
INE364A01020,BE,EQ,2018-02-06,2018-02-07,JAYSREETEA,JAYSREETEA
INE369I01014,BE,EQ,2018-02-06,2018-02-07,IL&FSENGG,IL&FSENGG
INE389K01018,BE,EQ,2018-02-06,2018-02-07,WELINV,WELINV
INE390H01012,BE,EQ,2018-02-06,2018-02-07,KAMDHENU,KAMDHENU
INE391D01019,BE,EQ,2018-02-06,2018-02-07,TRF,TRF
INE392B01011,BE,EQ,2018-02-06,2018-02-07,PNC,PNC
INE395A01016,BE,EQ,2018-02-06,2018-02-07,BSELINFRA,BSELINFRA
INE400H01019,BE,EQ,2018-02-06,2018-02-07,ADHUNIK,ADHUNIK
INE425A01011,BE,EQ,2018-02-06,2018-02-07,METALFORGE,METALFORGE
INE429I01024,BE,EQ,2018-02-06,2018-02-07,CCCL,CCCL
INE431F01018,EQ,BE,2018-02-06,2018-02-07,PKTEA,PKTEA
INE442A01024,BE,EQ,2018-02-06,2018-02-07,ASSAMCO,ASSAMCO
INE445C01015,BE,EQ,2018-02-06,2018-02-07,XPROINDIA,XPROINDIA
INE446C01013,BE,EQ,2018-02-06,2018-02-07,GLOBOFFS,GLOBOFFS
INE452L01012,BE,EQ,2018-02-06,2018-02-07,ADHUNIKIND,ADHUNIKIND
INE453B01029,BE,EQ,2018-02-06,2018-02-07,COMPUSOFT,COMPUSOFT
INE458F01011,BE,EQ,2018-02-06,2018-02-07,UNITEDTEA,UNITEDTEA
INE466H01028,BE,EQ,2018-02-06,2018-02-07,UNITY,UNITY
INE471W01019,BE,EQ,2018-02-06,2018-02-07,PALASHSECU,PALASHSECU
INE472M01018,BE,EQ,2018-02-06,2018-02-07,MTEDUCARE,MTEDUCARE
INE473D01015,EQ,BE,2018-02-06,2018-02-07,KINGFA,KINGFA
INE474C01015,BE,EQ,2018-02-06,2018-02-07,REMSONSIND,REMSONSIND
INE474E01029,BE,EQ,2018-02-06,2018-02-07,BHANDARI,BHANDARI
INE481K01013,BE,EQ,2018-02-06,2018-02-07,ESL,ESL
INE485C01011,BE,EQ,2018-02-06,2018-02-07,IOLCP,IOLCP
INE497B01018,BE,EQ,2018-02-06,2018-02-07,SEAMECLTD,SEAMECLTD
INE498E01010,BE,EQ,2018-02-06,2018-02-07,SALONA,SALONA
INE500A01029,BE,EQ,2018-02-06,2018-02-07,DCW,DCW
INE509K01011,BE,EQ,2018-02-06,2018-02-07,TECHNOFAB,TECHNOFAB
INE510K01019,BZ,EQ,2018-02-06,2018-02-07,SHILPI,SHILPI
INE517B01013,BE,EQ,2018-02-06,2018-02-07,TTML,TTML
INE523B01011,BE,EQ,2018-02-06,2018-02-07,AKSHOPTFBR,AKSHOPTFBR
INE526B01014,BE,EQ,2018-02-06,2018-02-07,CALSOFT,CALSOFT
INE529F01027,BE,EQ,2018-02-06,2018-02-07,SIGNET,SIGNET
INE542C01019,BE,EQ,2018-02-06,2018-02-07,NKIND,NKIND
INE544A01019,BE,EQ,2018-02-06,2018-02-07,HARRMALAYA,HARRMALAYA
INE551A01022,BE,EQ,2018-02-06,2018-02-07,HINDDORROL,HINDDORROL
INE559B01023,BE,EQ,2018-02-06,2018-02-07,NAKODA,NAKODA
INE579C01029,EQ,BE,2018-02-06,2018-02-07,VIMTALABS,VIMTALABS
INE596H01014,BE,EQ,2018-02-06,2018-02-07,HOVS,HOVS
INE598C01011,BE,EQ,2018-02-06,2018-02-07,HISARMETAL,HISARMETAL
INE607L01029,BE,EQ,2018-02-06,2018-02-07,BILENERGY,BILENERGY
INE609C01024,BE,EQ,2018-02-06,2018-02-07,ORIENTLTD,ORIENTLTD
INE615I01010,BE,EQ,2018-02-06,2018-02-07,GLOBUSSPR,GLOBUSSPR
INE618H01016,BE,EQ,2018-02-06,2018-02-07,PARABDRUGS,PARABDRUGS
INE652F01027,BE,EQ,2018-02-06,2018-02-07,CCHHL,CCHHL
INE655A01013,BE,EQ,2018-02-06,2018-02-07,STCINDIA,STCINDIA
INE655B01011,BE,EQ,2018-02-06,2018-02-07,BANARBEADS,BANARBEADS
INE656K01010,BE,EQ,2018-02-06,2018-02-07,DQE,DQE
INE658G01014,BE,EQ,2018-02-06,2018-02-07,SALSTEEL,SALSTEEL
INE662A01027,BE,EQ,2018-02-06,2018-02-07,SUPERSPIN,SUPERSPIN
INE662C01015,BE,EQ,2018-02-06,2018-02-07,CHROMATIC,CHROMATIC
INE662L01016,BE,EQ,2018-02-06,2018-02-07,TCIDEVELOP,TCIDEVELOP
INE668D01028,BE,EQ,2018-02-06,2018-02-07,DONEAR,DONEAR
INE676A01019,BE,EQ,2018-02-06,2018-02-07,AGCNET,AGCNET
INE686I01011,BE,EQ,2018-02-06,2018-02-07,SITASHREE,SITASHREE
INE688J01015,BE,EQ,2018-02-06,2018-02-07,EXCEL,EXCEL
INE695B01025,BE,EQ,2018-02-06,2018-02-07,COUNCODOS,COUNCODOS
INE716B01011,BE,EQ,2018-02-06,2018-02-07,TIPSINDLTD,TIPSINDLTD
INE718H01014,BE,EQ,2018-02-06,2018-02-07,AUTOIND,AUTOIND
INE719A01017,BE,EQ,2018-02-06,2018-02-07,ZANDUREALT,ZANDUREALT
INE722J01012,BE,EQ,2018-02-06,2018-02-07,RKDL,RKDL
INE725L01011,BE,EQ,2018-02-06,2018-02-07,KARMAENG,KARMAENG
INE731C01018,EQ,BE,2018-02-06,2018-02-07,KHAITANLTD,KHAITANLTD
INE731U01010,BE,EQ,2018-02-06,2018-02-07,DIGJAMLTD,DIGJAMLTD
INE732F01019,BE,EQ,2018-02-06,2018-02-07,ISMTLTD,ISMTLTD
INE735M01018,BE,EQ,2018-02-06,2018-02-07,SEPOWER,SEPOWER
INE747B01016,BE,EQ,2018-02-06,2018-02-07,NEXTMEDIA,NEXTMEDIA
INE749B01012,BE,EQ,2018-02-06,2018-02-07,ORTINLABSS,ORTINLABSS
INE752G01015,BE,EQ,2018-02-06,2018-02-07,MSPL,MSPL
INE778A01021,BE,EQ,2018-02-06,2018-02-07,TECHIN,TECHIN
INE781A01025,BE,EQ,2018-02-06,2018-02-07,INTENTECH,INTENTECH
INE788B01028,BE,EQ,2018-02-06,2018-02-07,INDSWFTLTD,INDSWFTLTD
INE791A01024,BE,EQ,2018-02-06,2018-02-07,BLBLIMITED,BLBLIMITED
INE792I01017,BE,EQ,2018-02-06,2018-02-07,CORDSCABLE,CORDSCABLE
INE796G01012,BE,EQ,2018-02-06,2018-02-07,JINDALPHOT,JINDALPHOT
INE800A01015,BE,EQ,2018-02-06,2018-02-07,BIRLACABLE,BIRLACABLE
INE804H01012,BE,EQ,2018-02-06,2018-02-07,TFL,TFL
INE805A01014,BE,EQ,2018-02-06,2018-02-07,GOLDTECH,GOLDTECH
INE805B01012,BE,EQ,2018-02-06,2018-02-07,MANGTIMBER,MANGTIMBER
INE808B01016,BE,EQ,2018-02-06,2018-02-07,OPTOCIRCUI,OPTOCIRCUI
INE817H01014,BE,EQ,2018-02-06,2018-02-07,BURNPUR,BURNPUR
INE818A01017,BE,EQ,2018-02-06,2018-02-07,SELAN,SELAN
INE824Q01011,BE,EQ,2018-02-06,2018-02-07,MANAKSTEEL,MANAKSTEEL
INE834M01019,BE,EQ,2018-02-06,2018-02-07,RTNINFRA,RTNINFRA
INE835B01035,BE,EQ,2018-02-06,2018-02-07,MOLDTECH,MOLDTECH
INE841B01017,EQ,BE,2018-02-06,2018-02-07,INDBANK,INDBANK
INE854B01010,BE,EQ,2018-02-06,2018-02-07,JAYNECOIND,JAYNECOIND
INE855F01034,BE,EQ,2018-02-06,2018-02-07,BARTRONICS,BARTRONICS
INE862A01015,BE,EQ,2018-02-06,2018-02-07,LML,LML
INE871L01013,BE,EQ,2018-02-06,2018-02-07,TVVISION,TVVISION
INE874H01015,BE,EQ,2018-02-06,2018-02-07,CANDC,CANDC
INE875A01025,BE,EQ,2018-02-06,2018-02-07,IVRCLINFRA,IVRCLINFRA
INE875R01011,BE,EQ,2018-02-06,2018-02-07,BALKRISHNA,BALKRISHNA
INE878C01033,EQ,BE,2018-02-06,2018-02-07,GEMINI,GEMINI
INE879A01019,BE,EQ,2018-02-06,2018-02-07,SHREERAMA,SHREERAMA
INE886A01014,BE,EQ,2018-02-06,2018-02-08,IITL,IITL
INE890C01046,BE,EQ,2018-02-06,2018-02-07,SANWARIA,SANWARIA
INE891A01014,BE,EQ,2018-02-06,2018-02-07,DSKULKARNI,DSKULKARNI
INE898F01018,BE,EQ,2018-02-06,2018-02-07,SIMPLEX,SIMPLEX
INE904D01019,BE,EQ,2018-02-06,2018-02-07,PDPL,PDPL
INE912H01013,BE,EQ,2018-02-06,2018-02-07,MBLINFRA,MBLINFRA
INE912L01015,BE,EQ,2018-02-06,2018-02-07,ONELIFECAP,ONELIFECAP
INE915B01019,BE,EQ,2018-02-06,2018-02-07,INDSWFTLAB,INDSWFTLAB
INE915K01010,BE,EQ,2018-02-06,2018-02-07,AHLWEST,AHLWEST
INE923A01015,BE,EQ,2018-02-06,2018-02-07,SILINV,SILINV
INE924A01013,BE,EQ,2018-02-06,2018-02-07,SALORAINTL,SALORAINTL
INE926K01017,EQ,BE,2018-02-06,2018-02-07,AHLEAST,AHLEAST
INE927A01040,BE,EQ,2018-02-06,2018-02-07,ROLLT,ROLLT
INE933B01012,BE,EQ,2018-02-06,2018-02-07,MEGASOFT,MEGASOFT
INE944B01019,EQ,BZ,2018-02-06,2018-04-10,TODAYS,TODAYS
INE947I01017,BE,EQ,2018-02-06,2018-02-07,LOTUSEYE,LOTUSEYE
INE949P01018,BE,EQ,2018-02-06,2018-02-07,GENUSPAPER,GENUSPAPER
INE968G01033,BE,EQ,2018-02-06,2018-02-07,PROVOGE,PROVOGE
INE979R01011,BE,EQ,2018-02-06,2018-02-07,SHYAMCENT,SHYAMCENT
INE988E01036,BE,EQ,2018-02-06,2018-02-07,JMTAUTOLTD,JMTAUTOLTD
INE992B01026,BE,EQ,2018-02-06,2018-02-07,LAKSHMIEFL,LAKSHMIEFL
INE998H01012,BE,EQ,2018-02-06,2018-02-07,ORIENTALTL,ORIENTALTL
INE336H01023,BE,EQ,2018-02-12,2018-02-14,GAYAPROJ,GAYAPROJ
INE546Y01022,BE,EQ,2018-02-14,2018-02-15,PRAXIS,PRAXIS
INE244A01016,EQ,BE,2018-02-15,2018-02-16,DENORA,DENORA
INE512B01022,EQ,BE,2018-02-15,2018-02-16,FCSSOFT,FCSSOFT
INE660A01013,BE,EQ,2018-02-15,2018-02-16,SUNDARMFIN,SUNDARMFIN
INE315J01015,EQ,BE,2018-02-20,2018-02-22,FIRSTWIN,FIRSTWIN
INE043K01029,EQ,BE,2018-02-21,2018-02-22,BSLIMITED,BSLIMITED
INE291D01011,BE,EQ,2018-02-21,2018-02-22,KDDL,KDDL
INE324C01038,EQ,BE,2018-02-21,2018-02-22,STERLINBIO,STERLINBIO
INE559B01023,EQ,BE,2018-02-21,2018-02-22,NAKODA,NAKODA
INE670X01014,BE,EQ,2018-02-21,2018-02-22,LASA,LASA
INE744I01034,BE,EQ,2018-02-21,2018-02-22,MVL,MVL
INE748A01016,BE,EQ,2018-02-21,2018-02-22,MBECL,MBECL
INE324C01038,BE,BZ,2018-02-23,2018-02-26,STERLINBIO,STERLINBIO
INE618L01018,EQ,BE,2018-02-28,2018-03-01,5PAISA,5PAISA
INE662L01016,EQ,BE,2018-02-28,2018-03-01,TCIDEVELOP,TCIDEVELOP
INE878H01016,EQ,BE,2018-02-28,2018-03-01,INVENTURE,INVENTURE
INE938A01021,BE,BZ,2018-03-01,2018-03-05,LCCINFOTEC,LCCINFOTEC
INE043K01029,BE,BZ,2018-03-12,2018-03-13,BSLIMITED,BSLIMITED
INE635A01023,BE,EQ,2018-03-12,2018-03-19,SHYAMTEL,SHYAMTEL
INE644Y01017,BE,EQ,2018-03-12,2018-03-13,SHIVAMILLS,SHIVAMILLS
INE005I01014,EQ,BE,2018-03-14,2018-03-15,AMDIND,AMDIND
INE551A01022,EQ,BE,2018-03-14,2018-03-15,HINDDORROL,HINDDORROL
INE011H01014,EQ,BE,2018-03-16,2018-03-19,RAJVIR,RAJVIR
INE017D01010,EQ,BE,2018-03-16,2018-03-19,ANGIND,ANGIND
INE093B01015,EQ,BE,2018-03-16,2018-03-19,ALPSINDUS,ALPSINDUS
INE183H01011,EQ,BE,2018-03-16,2018-03-20,XLENERGY,XLENERGY
INE225I01026,EQ,BE,2018-03-16,2018-03-19,ZYLOG,ZYLOG
INE268L01020,EQ,BE,2018-03-16,2018-03-19,SPYL,SPYL
INE474I01012,EQ,BE,2018-03-16,2018-03-19,TULSI,TULSI
INE651G01027,EQ,BE,2018-03-16,2018-03-19,SUPREMETEX,SUPREMETEX
INE659D01019,EQ,BE,2018-03-16,2018-03-19,SURANAIND,SURANAIND
INE662C01015,EQ,BE,2018-03-16,2018-03-19,CHROMATIC,CHROMATIC
INE686I01011,EQ,BE,2018-03-16,2018-03-19,SITASHREE,SITASHREE
INE691G01015,EQ,BE,2018-03-16,2018-03-19,IMPEXFERRO,IMPEXFERRO
INE778A01021,EQ,BE,2018-03-16,2018-03-19,TECHIN,TECHIN
INE784B01035,EQ,BE,2018-03-16,2018-03-27,WINSOME,WINSOME
INE502K01016,EQ,BE,2018-03-26,2018-03-27,TALWALKARS,TALWALKARS
INE130C01021,EQ,BZ,2018-03-28,2018-04-02,AMTEKAUTO,AMTEKAUTO
INE197A01024,EQ,BZ,2018-03-28,2018-04-02,JYOTISTRUC,JYOTISTRUC
INE292A01023,EQ,BE,2018-03-28,2018-04-02,UVSL,UVSL
INE452L01012,EQ,BE,2018-03-28,2018-04-02,ADHUNIKIND,ADHUNIKIND
INE807F01027,EQ,BE,2018-04-05,2018-04-06,SEQUENT,SEQUENT
INE253B01015,BE,EQ,2018-04-09,2018-04-10,21STCENMGM,21STCENMGM
INE614Z01017,ST,SM,2018-04-10,2018-04-18,GIRIRAJ,GIRIRAJ
INE045B01015,EQ,BE,2018-04-11,2018-04-12,NELCO,NELCO
INE068L01016,EQ,BE,2018-04-11,2018-04-12,CANTABIL,CANTABIL
INE250K01012,EQ,BE,2018-04-11,2018-04-12,DLINKINDIA,DLINKINDIA
INE287C01029,EQ,BE,2018-04-11,2018-04-12,MIC,MIC
INE482B01010,EQ,BE,2018-04-11,2018-04-12,TERASOFT,TERASOFT
INE483C01032,EQ,BE,2018-04-11,2018-04-12,TANLA,TANLA
INE489H01020,EQ,BE,2018-04-11,2018-04-12,NITINFIRE,NITINFIRE
INE502K01016,BE,EQ,2018-04-11,2018-04-12,TALWALKARS,TALWALKARS
INE510K01019,EQ,BE,2018-04-11,2018-04-12,SHILPI,SHILPI
INE656K01010,EQ,BE,2018-04-11,2018-04-12,DQE,DQE
INE662A01027,EQ,BE,2018-04-11,2018-04-12,SUPERSPIN,SUPERSPIN
INE742A01019,EQ,BE,2018-04-11,2018-04-12,PETRONENGG,PETRONENGG
INE744I01034,EQ,BE,2018-04-11,2018-04-12,MVL,MVL
INE817H01014,EQ,BE,2018-04-11,2018-04-12,BURNPUR,BURNPUR
INE865C01022,EQ,BE,2018-04-11,2018-04-12,BIRLAMONEY,BIRLAMONEY
INE988C01014,EQ,BE,2018-04-11,2018-04-12,DHARSUGAR,DHARSUGAR
INE568Z01015,ST,SM,2018-04-12,2018-04-13,URAVI,URAVI
INE278R01018,BE,EQ,2018-04-13,2018-04-16,KARDA,KARDA
INE997Y01019,ST,SM,2018-04-13,2018-04-16,MITTAL,MITTAL
INE340Z01019,ST,SM,2018-04-17,2018-04-25,CONTI,CONTI
INE542Z01010,ST,SM,2018-04-17,2018-04-18,KAPSTON,KAPSTON
INE807F01027,BE,EQ,2018-04-19,2018-04-20,SEQUENT,SEQUENT
INE278G01037,BE,EQ,2018-04-23,2018-05-04,CYBERMEDIA,CYBERMEDIA
INE680Z01018,ST,SM,2018-04-24,2018-04-25,AVG,AVG
INE182Z01015,ST,SM,2018-04-25,2018-04-26,SSINFRA,SSINFRA
INE301Z01011,ST,SM,2018-04-25,2018-04-26,SONISOYA,SONISOYA
INE511Y01018,ST,SM,2018-04-25,2018-04-26,MMP,MMP
INE709Z01015,ST,SM,2018-04-25,2018-04-26,VERA,VERA
INE051B01021,EQ,BE,2018-04-26,2018-04-27,VAKRANGEE,VAKRANGEE
INE221H01019,EQ,BE,2018-04-26,2018-04-27,GTLINFRA,GTLINFRA
INE346H01014,EQ,BE,2018-04-26,2018-04-27,GITANJALI,GITANJALI
INE481K01013,EQ,BE,2018-04-26,2018-04-27,ESL,ESL
INE589G01011,EQ,BE,2018-04-26,2018-04-27,BRFL,BRFL
INE607L01029,EQ,BE,2018-04-26,2018-04-27,BILENERGY,BILENERGY
INE731C01018,BE,EQ,2018-04-27,2018-05-02,KHAITANLTD,KHAITANLTD
INE005I01014,BE,EQ,2018-04-30,2018-05-02,AMDIND,AMDIND
INE028D01025,BE,EQ,2018-04-30,2018-05-02,RAINBOWPAP,RAINBOWPAP
INE034H01016,EQ,BE,2018-04-30,2018-05-02,SORILINFRA,SORILINFRA
INE058B01018,EQ,BE,2018-04-30,2018-05-02,ZENITHEXPO,ZENITHEXPO
INE076C01018,EQ,BE,2018-04-30,2018-05-02,IFBAGRO,IFBAGRO
INE078A01026,EQ,BE,2018-04-30,2018-05-02,EMCO,EMCO
INE087B01017,EQ,BE,2018-04-30,2018-05-02,ANIKINDS,ANIKINDS
INE109C01017,EQ,BE,2018-04-30,2018-05-02,ARMANFIN,ARMANFIN
INE110B01017,EQ,BE,2018-04-30,2018-05-02,MINDTECK,MINDTECK
INE123C01018,EQ,BE,2018-04-30,2018-05-02,TAINWALCHM,TAINWALCHM
INE126M01010,EQ,BE,2018-04-30,2018-05-02,SORILHOLD,SORILHOLD
INE127I01024,BE,EQ,2018-04-30,2018-05-02,GOODLUCK,GOODLUCK
INE142A01012,BE,EQ,2018-04-30,2018-05-02,OSWALAGRO,OSWALAGRO
INE143H01015,BE,EQ,2018-04-30,2018-05-02,KSK,KSK
INE155B01012,BE,EQ,2018-04-30,2018-05-02,HINDSYNTEX,HINDSYNTEX
INE155C01010,BE,EQ,2018-04-30,2018-05-02,ALBERTDAVD,ALBERTDAVD
INE159N01027,BE,EQ,2018-04-30,2018-05-02,VIJIFIN,VIJIFIN
INE180G01019,BE,EQ,2018-04-30,2018-05-02,EDL,EDL
INE210A01017,BE,EQ,2018-04-30,2018-05-02,WILLAMAGOR,WILLAMAGOR
INE216G01011,BE,EQ,2018-04-30,2018-05-02,SUJANAUNI,SUJANAUNI
INE224E01028,BE,EQ,2018-04-30,2018-05-02,STAMPEDE,STAMPEDE
INE224E01036,BE,EQ,2018-04-30,2018-05-02,SCAPDVR,SCAPDVR
INE227G01018,BE,EQ,2018-04-30,2018-05-02,INDOWIND,INDOWIND
INE230R01027,BE,EQ,2018-04-30,2018-05-02,RAMASTEEL,RAMASTEEL
INE236G01019,EQ,BE,2018-04-30,2018-05-02,TVSELECT,TVSELECT
INE244A01016,BE,EQ,2018-04-30,2018-05-02,DENORA,DENORA
INE253A01025,BE,EQ,2018-04-30,2018-05-02,HINDMOTORS,HINDMOTORS
INE268C01029,EQ,BE,2018-04-30,2018-05-02,EASUNREYRL,EASUNREYRL
INE297H01019,BE,EQ,2018-04-30,2018-05-02,GALLANTT,GALLANTT
INE314C01013,EQ,BE,2018-04-30,2018-05-02,SOMATEX,SOMATEX
INE326B01027,EQ,BE,2018-04-30,2018-05-02,ALMONDZ,ALMONDZ
INE332G01032,BE,EQ,2018-04-30,2018-05-02,POCHIRAJU,POCHIRAJU
INE345B01019,EQ,BE,2018-04-30,2018-05-02,CEREBRAINT,CEREBRAINT
INE350C01017,BE,EQ,2018-04-30,2018-05-02,OPTIEMUS,OPTIEMUS
INE363A01022,BE,EQ,2018-04-30,2018-05-02,ASIANHOTNR,ASIANHOTNR
INE363W01018,EQ,BE,2018-04-30,2018-05-02,BHAGYAPROP,BHAGYAPROP
INE369C01017,BE,EQ,2018-04-30,2018-05-02,NORBTEAEXP,NORBTEAEXP
INE376C01020,BE,EQ,2018-04-30,2018-05-02,SPENTEX,SPENTEX
INE383H01017,EQ,BE,2018-04-30,2018-05-02,MALUPAPER,MALUPAPER
INE393A01011,BE,EQ,2018-04-30,2018-05-02,DELTAMAGNT,DELTAMAGNT
INE416A01036,BE,EQ,2018-04-30,2018-05-02,SABTN,SABTN
INE425B01027,BE,EQ,2018-04-30,2018-05-02,LYCOS,LYCOS
INE429F01012,BE,EQ,2018-04-30,2018-05-02,SKIL,SKIL
INE452L01012,BE,EQ,2018-04-30,2018-05-02,ADHUNIKIND,ADHUNIKIND
INE473D01015,BE,EQ,2018-04-30,2018-05-02,KINGFA,KINGFA
INE474B01017,BE,EQ,2018-04-30,2018-05-02,PSL,PSL
INE482J01021,BE,EQ,2018-04-30,2018-05-02,GAL,GAL
INE485C01011,EQ,BE,2018-04-30,2018-05-02,IOLCP,IOLCP
INE546Y01022,EQ,BE,2018-04-30,2018-05-02,PRAXIS,PRAXIS
INE550C01020,BE,EQ,2018-04-30,2018-05-02,URJA,URJA
INE551A01022,BE,EQ,2018-04-30,2018-05-02,HINDDORROL,HINDDORROL
INE579C01029,BE,EQ,2018-04-30,2018-05-02,VIMTALABS,VIMTALABS
INE600A01035,BE,EQ,2018-04-30,2018-05-02,PILITA,PILITA
INE618L01018,BE,EQ,2018-04-30,2018-05-02,5PAISA,5PAISA
INE639K01016,BE,EQ,2018-04-30,2018-05-02,NITESHEST,NITESHEST
INE662L01016,BE,EQ,2018-04-30,2018-05-02,TCIDEVELOP,TCIDEVELOP
INE699A01011,BE,EQ,2018-04-30,2018-05-02,UTTAMSTL,UTTAMSTL
INE731A01020,EQ,BE,2018-04-30,2018-05-02,ARCHIES,ARCHIES
INE739A01015,BE,EQ,2018-04-30,2018-05-02,MOSERBAER,MOSERBAER
INE766A01018,BE,EQ,2018-04-30,2018-05-02,PAEL,PAEL
INE785C01048,BE,EQ,2018-04-30,2018-05-02,LITL,LITL
INE788B01028,EQ,BE,2018-04-30,2018-05-02,INDSWFTLTD,INDSWFTLTD
INE788H01017,EQ,BE,2018-04-30,2018-05-02,HILTON,HILTON
INE791A01024,EQ,BE,2018-04-30,2018-05-02,BLBLIMITED,BLBLIMITED
INE800A01015,EQ,BE,2018-04-30,2018-05-02,BIRLACABLE,BIRLACABLE
INE841B01017,BE,EQ,2018-04-30,2018-05-02,INDBANK,INDBANK
INE844A01013,BE,EQ,2018-04-30,2018-05-02,PEARLPOLY,PEARLPOLY
INE844K01012,EQ,BE,2018-04-30,2018-05-02,BEDMUTHA,BEDMUTHA
INE860T01019,BE,EQ,2018-04-30,2018-05-02,SABEVENTS,SABEVENTS
INE866K01015,BE,EQ,2018-04-30,2018-05-02,INDOSOLAR,INDOSOLAR
INE878H01016,BE,EQ,2018-04-30,2018-05-02,INVENTURE,INVENTURE
INE912L01015,EQ,BE,2018-04-30,2018-05-02,ONELIFECAP,ONELIFECAP
INE915K01010,EQ,BE,2018-04-30,2018-05-02,AHLWEST,AHLWEST
INE926K01017,BE,EQ,2018-04-30,2018-05-02,AHLEAST,AHLEAST
INE979R01011,EQ,BE,2018-04-30,2018-05-02,SHYAMCENT,SHYAMCENT
INE989C01012,EQ,BE,2018-04-30,2018-05-02,DIAPOWER,DIAPOWER
INE313D01013,EQ,BE,2018-05-02,2018-05-03,MOHOTAIND,MOHOTAIND
INE099J01015,EQ,BE,2018-05-03,2018-05-04,JPINFRATEC,JPINFRATEC
INE117Z01011,ST,SM,2018-05-03,2018-05-04,NARMADA,NARMADA
INE106T01017,SM,EQ,2018-05-04,2018-05-07,HITECH,HITECH
INE187A01017,EQ,BE,2018-05-04,2018-05-07,JBFIND,JBFIND
INE557Z01018,ST,SM,2018-05-04,2018-05-08,PIGL,PIGL
INE032Z01012,ST,SM,2018-05-09,2018-05-10,BSHSL,BSHSL
INE175Y01012,ST,SM,2018-05-09,2018-05-10,PENTAGOLD,PENTAGOLD
INE389K01018,EQ,BE,2018-05-09,2018-05-10,WELINV,WELINV
INE526B01014,EQ,BE,2018-05-09,2018-05-10,CALSOFT,CALSOFT
INE528A01020,EQ,BE,2018-05-09,2018-05-10,GKWLIMITED,GKWLIMITED
INE855F01034,EQ,BE,2018-05-09,2018-05-10,BARTRONICS,BARTRONICS
INE961Y01015,ST,SM,2018-05-10,2018-05-11,MAHICKRA,MAHICKRA
INE087Z01016,ST,SM,2018-05-11,2018-05-15,AAKASH,AAKASH
INE904J01016,BZ,BE,2018-05-15,2018-05-16,JINDCOT,JINDCOT
INE952D01018,EQ,BE,2018-05-17,2018-05-22,BILPOWER,BILPOWER
INE194B01029,EQ,BE,2018-05-21,2018-05-22,PANORAMUNI,PANORAMUNI
INE204E01012,BE,EQ,2018-05-21,2018-05-22,AGARIND,AGARIND
INE215G01021,EQ,BE,2018-05-21,2018-05-22,SMPL,SMPL
INE216G01011,EQ,BE,2018-05-21,2018-05-22,SUJANAUNI,SUJANAUNI
INE308H01022,EQ,BE,2018-05-21,2018-05-22,PRATIBHA,PRATIBHA
INE333I01036,EQ,BE,2018-05-21,2018-05-22,NTL,NTL
INE413D01011,BE,EQ,2018-05-21,2018-05-22,ARIHANT,ARIHANT
INE551A01022,EQ,BE,2018-05-21,2018-05-22,HINDDORROL,HINDDORROL
INE675G01018,EQ,BE,2018-05-21,2018-05-22,PINCON,PINCON
INE703A01011,EQ,BE,2018-05-21,2018-05-22,VIDEOIND,VIDEOIND
INE747K01017,EQ,BE,2018-05-21,2018-05-22,TARAPUR,TARAPUR
INE748A01016,EQ,BE,2018-05-21,2018-05-22,MBECL,MBECL
INE219H01039,EQ,BE,2018-05-23,2018-05-24,SRSLTD,SRSLTD
INE425B01027,EQ,BE,2018-05-23,2018-05-24,LYCOS,LYCOS
INE451L01014,EQ,BE,2018-05-23,2018-05-24,MAHASTEEL,MAHASTEEL
INE728Z01015,ST,SM,2018-05-24,2018-05-25,SOFTTECH,SOFTTECH
INE925Y01010,ST,SM,2018-05-24,2018-05-25,GODHA,GODHA
INE142Z01019,BE,EQ,2018-05-25,2018-05-28,ORIENTELEC,ORIENTELEC
INE255Z01019,ST,SM,2018-05-28,2018-05-29,E2E,E2E
INE675G01018,BE,BZ,2018-05-28,2018-05-29,PINCON,PINCON
INE051B01021,BE,EQ,2018-05-31,2018-06-01,VAKRANGEE,VAKRANGEE
INE315J01015,BE,BZ,2018-05-31,2018-06-06,FIRSTWIN,FIRSTWIN
INE559B01023,BE,BZ,2018-06-01,2018-06-04,NAKODA,NAKODA
INE574Z01013,ST,SM,2018-06-01,2018-06-04,FIVECORE,FIVECORE
INE861A01058,BE,EQ,2018-06-05,2018-06-06,VISESHINFO,VISESHINFO
INE068D01021,EQ,BE,2018-06-06,2018-06-07,CASTEXTECH,CASTEXTECH
INE270A01011,EQ,BE,2018-06-06,2018-06-07,ALOKTEXT,ALOKTEXT
INE618H01016,EQ,BE,2018-06-06,2018-06-07,PARABDRUGS,PARABDRUGS
INE739A01015,EQ,BE,2018-06-06,2018-06-07,MOSERBAER,MOSERBAER
INE743C01013,EQ,BE,2018-06-06,2018-06-07,MONNETISPA,MONNETISPA
INE785C01048,EQ,BE,2018-06-06,2018-06-07,LITL,LITL
INE792Z01011,ST,SM,2018-06-12,2018-06-13,SIRCA,SIRCA
INE00CE01017,ST,SM,2018-06-13,2018-06-18,SVLL,SVLL
INE937C01029,EQ,BE,2018-06-13,2018-06-14,NILAINFRA,NILAINFRA
INE262Z01015,ST,SM,2018-06-14,2018-06-20,LATTEYS,LATTEYS
INE274G01010,EQ,BE,2018-06-14,2018-06-15,IBVENTURES,IBVENTURES
INE804H01012,EQ,BE,2018-06-14,2018-06-15,TFL,TFL
INE398B01018,BE,EQ,2018-06-15,2018-06-18,MRO-TEK,MRO-TEK
INE591Q01016,ST,SM,2018-06-15,2018-06-18,SUULD,SUULD
INE662C01015,BE,EQ,2018-06-15,2018-06-18,CHROMATIC,CHROMATIC
INE675C01017,BE,EQ,2018-06-15,2018-06-18,CIGNITITEC,CIGNITITEC
INE063J01011,EQ,BE,2018-06-18,2018-07-09,EUROMULTI,EUROMULTI
INE093R01011,BE,EQ,2018-06-18,2018-06-19,LSIL,LSIL
INE411Y01011,ST,SM,2018-06-18,2018-06-19,DSML,DSML
INE202H01019,BZ,BE,2018-06-20,2018-06-21,KERNEX,KERNEX
INE446C01013,EQ,BE,2018-06-20,2018-06-21,GLOBOFFS,GLOBOFFS
INE747B01016,EQ,BE,2018-06-20,2018-06-21,NEXTMEDIA,NEXTMEDIA
INE891B01012,BE,EQ,2018-06-21,2018-06-22,DCMFINSERV,DCMFINSERV
INE087J01010,EQ,BE,2018-06-22,2018-06-25,MANDHANA,MANDHANA
INE100D01014,EQ,BE,2018-06-22,2018-06-25,WSI,WSI
INE649H01011,EQ,BE,2018-06-22,2018-06-25,EUROCERA,EUROCERA
INE313D01013,BE,EQ,2018-06-25,2018-06-26,MOHOTAIND,MOHOTAIND
INE00LM01011,ST,SM,2018-06-27,2018-06-28,SONAMCLOCK,SONAMCLOCK
INE937C01029,BE,EQ,2018-06-27,2018-06-28,NILAINFRA,NILAINFRA
INE364U01010,BE,EQ,2018-06-29,2018-07-02,ADANIGREEN,ADANIGREEN
INE938A01021,BZ,BE,2018-07-02,2021-03-31,LCCINFOTEC,LCCINFOTEC
INE00IK01011,ST,SM,2018-07-03,2018-07-04,OSWALSEEDS,OSWALSEEDS
INE032A01023,EQ,BE,2018-07-03,2018-07-04,BOMDYEING,BOMDYEING
INE295F01017,EQ,BE,2018-07-03,2018-07-04,BUTTERFLY,BUTTERFLY
INE350C01017,EQ,BE,2018-07-03,2018-07-04,OPTIEMUS,OPTIEMUS
INE778K01012,EQ,BE,2018-07-03,2018-07-04,EMAMIINFRA,EMAMIINFRA
INE855B01025,EQ,BE,2018-07-03,2018-07-04,RAIN,RAIN
INE028D01025,EQ,BE,2018-07-04,2018-07-05,RAINBOWPAP,RAINBOWPAP
INE155G01029,EQ,BE,2018-07-04,2018-07-05,NDTV,NDTV
INE808B01016,EQ,BE,2018-07-04,2018-07-05,OPTOCIRCUI,OPTOCIRCUI
INE974Z01015,ST,SM,2018-07-04,2018-07-05,PRITI,PRITI
INE648Z01015,ST,SM,2018-07-05,2018-07-06,ACCURACY,ACCURACY
INE005D01015,BE,BZ,2018-07-09,2018-07-10,RAMSARUP,RAMSARUP
INE194B01029,BE,BZ,2018-07-09,2018-07-10,PANORAMUNI,PANORAMUNI
INE268C01029,BE,BZ,2018-07-09,2018-07-10,EASUNREYRL,EASUNREYRL
INE346H01014,BE,BZ,2018-07-09,2018-07-10,GITANJALI,GITANJALI
INE739A01015,BE,BZ,2018-07-09,2018-07-10,MOSERBAER,MOSERBAER
INE624Z01016,BE,EQ,2018-07-10,2018-07-11,SOLARA,SOLARA
INE627Z01019,BE,EQ,2018-07-12,2018-07-13,TALWGYM,TALWGYM
INE684Z01010,ST,SM,2018-07-20,2018-07-23,BRIGHT,BRIGHT
INE791A01024,BE,EQ,2018-07-20,2018-07-24,BLBLIMITED,BLBLIMITED
INE034H01016,BE,EQ,2018-07-23,2018-07-24,SORILINFRA,SORILINFRA
INE045B01015,BE,EQ,2018-07-23,2018-07-24,NELCO,NELCO
INE068D01021,BE,EQ,2018-07-23,2018-07-24,CASTEXTECH,CASTEXTECH
INE068L01016,BE,EQ,2018-07-23,2018-07-24,CANTABIL,CANTABIL
INE076C01018,BE,EQ,2018-07-23,2018-07-24,IFBAGRO,IFBAGRO
INE078A01026,BE,EQ,2018-07-23,2018-07-24,EMCO,EMCO
INE087B01017,BE,EQ,2018-07-23,2018-07-24,ANIKINDS,ANIKINDS
INE090B01011,BE,EQ,2018-07-23,2018-07-24,OMAXAUTO,OMAXAUTO
INE109C01017,BE,EQ,2018-07-23,2018-07-24,ARMANFIN,ARMANFIN
INE110B01017,BE,EQ,2018-07-23,2018-07-24,MINDTECK,MINDTECK
INE123C01018,BE,EQ,2018-07-23,2018-07-24,TAINWALCHM,TAINWALCHM
INE202Z01029,BE,EQ,2018-07-23,2018-07-24,SUNDARMHLD,SUNDARMHLD
INE219H01039,BE,EQ,2018-07-23,2018-07-24,SRSLTD,SRSLTD
INE236G01019,BE,EQ,2018-07-23,2018-07-24,TVSELECT,TVSELECT
INE250K01012,BE,EQ,2018-07-23,2018-07-24,DLINKINDIA,DLINKINDIA
INE287C01029,BE,EQ,2018-07-23,2018-07-24,MIC,MIC
INE314C01013,BE,EQ,2018-07-23,2018-07-24,SOMATEX,SOMATEX
INE326B01027,BE,EQ,2018-07-23,2018-07-24,ALMONDZ,ALMONDZ
INE345B01019,BE,EQ,2018-07-23,2018-07-24,CEREBRAINT,CEREBRAINT
INE363W01018,BE,EQ,2018-07-23,2018-07-24,BHAGYAPROP,BHAGYAPROP
INE369C01017,EQ,BE,2018-07-23,2018-07-24,NORBTEAEXP,NORBTEAEXP
INE383H01017,BE,EQ,2018-07-23,2018-07-24,MALUPAPER,MALUPAPER
INE389K01018,BE,EQ,2018-07-23,2018-07-24,WELINV,WELINV
INE400H01019,EQ,BE,2018-07-23,2018-07-24,ADHUNIK,ADHUNIK
INE425B01027,BE,EQ,2018-07-23,2018-07-24,LYCOS,LYCOS
INE440L01017,BE,EQ,2018-07-23,2018-07-24,TIJARIA,TIJARIA
INE446C01013,BE,EQ,2018-07-23,2018-07-24,GLOBOFFS,GLOBOFFS
INE451L01014,BE,EQ,2018-07-23,2018-07-24,MAHASTEEL,MAHASTEEL
INE458B01036,EQ,BE,2018-07-23,2018-07-24,BHAGYANGR,BHAGYANGR
INE482B01010,BE,EQ,2018-07-23,2018-07-24,TERASOFT,TERASOFT
INE485C01011,BE,EQ,2018-07-23,2018-07-24,IOLCP,IOLCP
INE489H01020,BE,EQ,2018-07-23,2018-07-24,NITINFIRE,NITINFIRE
INE510K01019,BE,EQ,2018-07-23,2018-07-24,SHILPI,SHILPI
INE512B01022,BE,EQ,2018-07-23,2018-07-24,FCSSOFT,FCSSOFT
INE528A01020,BE,EQ,2018-07-23,2018-07-24,GKWLIMITED,GKWLIMITED
INE546Y01022,BE,EQ,2018-07-23,2018-07-24,PRAXIS,PRAXIS
INE618H01016,BE,EQ,2018-07-23,2018-07-24,PARABDRUGS,PARABDRUGS
INE646C01018,BE,EQ,2018-07-23,2018-07-24,GROBTEA,GROBTEA
INE656K01010,BE,EQ,2018-07-23,2018-07-24,DQE,DQE
INE662A01027,BE,EQ,2018-07-23,2018-07-24,SUPERSPIN,SUPERSPIN
INE731A01020,BE,EQ,2018-07-23,2018-07-24,ARCHIES,ARCHIES
INE737B01033,EQ,BE,2018-07-23,2018-07-24,ADROITINFO,ADROITINFO
INE742A01019,BE,EQ,2018-07-23,2018-07-24,PETRONENGG,PETRONENGG
INE743C01013,BE,EQ,2018-07-23,2018-07-24,MONNETISPA,MONNETISPA
INE744I01034,BE,EQ,2018-07-23,2018-07-24,MVL,MVL
INE747B01016,BE,EQ,2018-07-23,2018-07-24,NEXTMEDIA,NEXTMEDIA
INE783X01023,BE,EQ,2018-07-23,2018-07-24,CHEMFAB,CHEMFAB
INE785C01048,BE,EQ,2018-07-23,2018-07-24,LITL,LITL
INE788B01028,BE,EQ,2018-07-23,2018-07-24,INDSWFTLTD,INDSWFTLTD
INE788H01017,BE,EQ,2018-07-23,2018-07-24,HILTON,HILTON
INE800A01015,BE,EQ,2018-07-23,2018-07-24,BIRLACABLE,BIRLACABLE
INE817H01014,BE,EQ,2018-07-23,2018-07-24,BURNPUR,BURNPUR
INE825H01017,BE,EQ,2018-07-23,2018-07-24,ESSDEE,ESSDEE
INE844K01012,BE,EQ,2018-07-23,2018-07-24,BEDMUTHA,BEDMUTHA
INE855F01034,BE,EQ,2018-07-23,2018-07-24,BARTRONICS,BARTRONICS
INE865C01022,BE,EQ,2018-07-23,2018-07-24,BIRLAMONEY,BIRLAMONEY
INE875A01025,EQ,BE,2018-07-23,2018-07-24,IVRCLINFRA,IVRCLINFRA
INE904J01016,BE,EQ,2018-07-23,2018-07-24,JINDCOT,JINDCOT
INE912L01015,BE,EQ,2018-07-23,2018-07-24,ONELIFECAP,ONELIFECAP
INE915K01010,BE,EQ,2018-07-23,2018-07-24,AHLWEST,AHLWEST
INE979R01011,BE,EQ,2018-07-23,2018-07-24,SHYAMCENT,SHYAMCENT
INE988C01014,BE,EQ,2018-07-23,2018-07-24,DHARSUGAR,DHARSUGAR
INE00N401018,ST,SM,2018-07-24,2018-07-30,JAKHARIA,JAKHARIA
INE691Z01015,ST,SM,2018-07-24,2018-07-25,GANGAFORGE,GANGAFORGE
INE364Z01019,ST,SM,2018-07-26,2018-07-27,REPL,REPL
INE00C501018,ST,SM,2018-07-31,2018-08-01,AMBANIORG,AMBANIORG
INE743C01013,EQ,BE,2018-07-31,2018-08-01,MONNETISPA,MONNETISPA
INE039B01026,EQ,BE,2018-08-01,2018-08-02,CINEVISTA,CINEVISTA
INE235C01010,EQ,BE,2018-08-01,2018-08-02,SUMEETINDS,SUMEETINDS
INE425A01011,EQ,BE,2018-08-01,2018-08-02,METALFORGE,METALFORGE
INE482J01021,EQ,BE,2018-08-01,2018-08-02,GAL,GAL
INE849L01019,EQ,BE,2018-08-01,2018-08-02,ORTEL,ORTEL
INE988E01036,EQ,BE,2018-08-01,2018-08-02,JMTAUTOLTD,JMTAUTOLTD
INE105C01023,EQ,BE,2018-08-02,2018-08-03,3PLAND,3PLAND
INE574I01035,EQ,BE,2018-08-07,2018-08-08,ARCOTECH,ARCOTECH
INE260D01016,EQ,BE,2018-08-08,2018-08-09,OLECTRA,OLECTRA
INE550B01022,BE,EQ,2018-08-08,2018-08-09,HBSL,HBSL
INE652Z01017,ST,SM,2018-08-08,2018-08-09,AVONMPL,AVONMPL
INE295F01017,BE,EQ,2018-08-10,2018-08-13,BUTTERFLY,BUTTERFLY
INE132H01018,EQ,BE,2018-08-13,2018-08-14,AURIONPRO,AURIONPRO
INE00NI01015,ST,SM,2018-08-16,2018-08-17,UCL,UCL
INE047O01014,EQ,BE,2018-08-16,2018-08-17,NIBL,NIBL
INE060B01014,EQ,BE,2018-08-16,2018-08-17,KHANDSE,KHANDSE
INE078A01026,EQ,BE,2018-08-16,2018-08-17,EMCO,EMCO
INE143H01015,EQ,BE,2018-08-16,2018-08-17,KSK,KSK
INE160H01019,EQ,BE,2018-08-16,2018-08-17,PBAINFRA,PBAINFRA
INE196J01019,EQ,BE,2018-08-16,2018-08-17,OISL,OISL
INE248H01012,EQ,BE,2018-08-16,2018-08-17,ROHITFERRO,ROHITFERRO
INE272L01022,EQ,BE,2018-08-16,2018-08-17,SURANASOL,SURANASOL
INE286H01012,EQ,BE,2018-08-16,2018-08-17,VISASTEEL,VISASTEEL
INE289C01025,EQ,BE,2018-08-16,2018-08-20,TIMESGTY,TIMESGTY
INE305H01028,EQ,BE,2018-08-16,2018-08-17,SUNILHITEC,SUNILHITEC
INE326B01027,EQ,BE,2018-08-16,2018-08-17,ALMONDZ,ALMONDZ
INE387I01016,EQ,BE,2018-08-16,2018-08-17,MAGNUM,MAGNUM
INE416A01036,EQ,BE,2018-08-16,2018-08-17,SABTN,SABTN
INE442A01024,EQ,BE,2018-08-16,2018-08-17,ASSAMCO,ASSAMCO
INE510K01019,EQ,BE,2018-08-16,2018-08-17,SHILPI,SHILPI
INE550B01022,EQ,BE,2018-08-16,2018-08-17,HBSL,HBSL
INE646C01018,EQ,BE,2018-08-16,2018-08-17,GROBTEA,GROBTEA
INE662A01027,EQ,BE,2018-08-16,2018-08-17,SUPERSPIN,SUPERSPIN
INE662C01015,EQ,BE,2018-08-16,2018-08-17,CHROMATIC,CHROMATIC
INE672K01025,EQ,BE,2018-08-16,2018-08-17,CNOVAPETRO,CNOVAPETRO
INE725L01011,EQ,BE,2018-08-16,2018-08-17,KARMAENG,KARMAENG
INE781A01025,EQ,BE,2018-08-16,2018-08-17,INTENTECH,INTENTECH
INE788H01017,EQ,BE,2018-08-16,2018-08-17,HILTON,HILTON
INE792H01019,EQ,BE,2018-08-16,2018-08-17,GLOBALVECT,GLOBALVECT
INE799L01016,EQ,BE,2018-08-16,2018-08-17,TARAJEWELS,TARAJEWELS
INE817H01014,EQ,BE,2018-08-16,2018-08-17,BURNPUR,BURNPUR
INE844A01013,EQ,BE,2018-08-16,2018-08-17,PEARLPOLY,PEARLPOLY
INE866K01015,EQ,BE,2018-08-16,2018-08-17,INDOSOLAR,INDOSOLAR
INE871L01013,EQ,BE,2018-08-16,2018-08-17,TVVISION,TVVISION
INE924A01013,EQ,BE,2018-08-16,2018-08-17,SALORAINTL,SALORAINTL
INE988C01014,EQ,BE,2018-08-16,2018-08-17,DHARSUGAR,DHARSUGAR
INE992B01026,EQ,BE,2018-08-16,2018-08-17,LAKSHMIEFL,LAKSHMIEFL
INE144D01012,BE,EQ,2018-08-21,2018-08-23,CUBEXTUB,CUBEXTUB
INE215G01021,BE,EQ,2018-08-21,2018-08-23,SMPL,SMPL
INE216G01011,BE,EQ,2018-08-21,2018-08-23,SUJANAUNI,SUJANAUNI
INE219H01039,EQ,BE,2018-08-21,2018-08-23,SRSLTD,SRSLTD
INE267I01010,BE,EQ,2018-08-21,2018-08-23,ARSSINFRA,ARSSINFRA
INE268B01013,BE,EQ,2018-08-21,2018-08-23,KREBSBIO,KREBSBIO
INE287Z01012,BE,EQ,2018-08-21,2018-08-23,GAYAHWS,GAYAHWS
INE308H01022,BE,EQ,2018-08-21,2018-08-23,PRATIBHA,PRATIBHA
INE333I01036,BE,EQ,2018-08-21,2018-08-23,NTL,NTL
INE747K01017,BE,EQ,2018-08-21,2018-08-23,TARAPUR,TARAPUR
INE592I01029,EQ,BE,2018-08-27,2018-08-28,METKORE,METKORE
INE650K01021,EQ,BE,2018-08-27,2018-08-28,8KMILES,8KMILES
INE869Y01010,ST,SM,2018-08-28,2018-08-29,SAKETH,SAKETH
INE080A01014,EQ,BE,2018-08-29,2018-08-30,WEIZMANIND,WEIZMANIND
INE116D01028,EQ,BE,2018-08-29,2018-08-30,BAGFILMS,BAGFILMS
INE132H01018,BE,EQ,2018-08-29,2018-08-30,AURIONPRO,AURIONPRO
INE263L01013,EQ,BE,2018-08-29,2018-08-30,SANGHVIFOR,SANGHVIFOR
INE466H01028,EQ,BE,2018-08-29,2018-08-30,UNITY,UNITY
INE503B01013,EQ,BE,2018-08-29,2018-08-30,STEELXIND,STEELXIND
INE735M01018,EQ,BE,2018-08-29,2018-08-30,SEPOWER,SEPOWER
INE867A01022,EQ,BE,2018-08-29,2018-08-30,MANUGRAPH,MANUGRAPH
INE034H01016,EQ,BE,2018-08-30,2018-08-31,SORILINFRA,SORILINFRA
INE703A01011,BE,BZ,2018-08-31,2018-09-03,VIDEOIND,VIDEOIND
INE878C01033,BE,BZ,2018-08-31,2018-09-03,GEMINI,GEMINI
INE952D01018,BE,BZ,2018-08-31,2018-09-03,BILPOWER,BILPOWER
INE343D01010,EQ,BE,2018-09-05,2018-10-10,JAIHINDPRO,JAIHINDPRO
INE650Z01011,ST,SM,2018-09-10,2018-09-11,POWERFUL,POWERFUL
INE141K01013,EQ,BE,2018-09-12,2018-09-14,TEXMOPIPES,TEXMOPIPES
INE393A01011,EQ,BE,2018-09-12,2018-09-14,DELTAMAGNT,DELTAMAGNT
INE505C01016,EQ,BE,2018-09-12,2018-09-14,PRAENG,PRAENG
INE537A01013,EQ,BE,2018-09-12,2018-09-14,GTNIND,GTNIND
INE577L01016,EQ,BE,2018-09-12,2018-09-14,STEL,STEL
INE722J01012,EQ,BE,2018-09-12,2018-09-14,RKDL,RKDL
INE742A01019,EQ,BE,2018-09-12,2018-09-14,PETRONENGG,PETRONENGG
INE788B01028,EQ,BE,2018-09-12,2018-09-14,INDSWFTLTD,INDSWFTLTD
INE778A01021,BE,EQ,2018-09-14,2018-09-18,TECHIN,TECHIN
INE784B01035,BE,EQ,2018-09-14,2018-09-17,WINSOME,WINSOME
INE688Y01014,ST,SM,2018-09-17,2018-09-18,DANGEE,DANGEE
INE721Z01010,ST,SM,2018-09-17,2018-09-18,AARON,AARON
INE215G01021,EQ,BE,2018-09-21,2018-09-24,SMPL,SMPL
INE235G01011,EQ,BE,2018-09-21,2018-09-24,USHERAGRO,USHERAGRO
INE319Z01013,ST,SM,2018-09-21,2018-09-24,SUPREMEENG,SUPREMEENG
INE333I01036,EQ,BE,2018-09-21,2018-09-24,NTL,NTL
INE618H01016,EQ,BE,2018-09-21,2018-09-24,PARABDRUGS,PARABDRUGS
INE00SZ01018,ST,SM,2018-09-24,2018-09-25,MARSHALL,MARSHALL
INE088B01015,EQ,BZ,2018-09-24,2018-09-25,NATNLSTEEL,NATNLSTEEL
INE219H01039,BE,BZ,2018-09-24,2018-09-25,SRSLTD,SRSLTD
INE249C01011,EQ,BZ,2018-09-24,2018-09-25,FEDDERELEC,FEDDERELEC
INE308H01022,EQ,BZ,2018-09-24,2018-09-25,PRATIBHA,PRATIBHA
INE430G01026,EQ,BZ,2018-09-24,2018-09-25,JVLAGRO,JVLAGRO
INE446A01025,BE,BZ,2018-09-24,2018-09-25,ATLASCYCLE,ATLASCYCLE
INE466H01028,BE,BZ,2018-09-24,2018-09-25,UNITY,UNITY
INE510K01019,BE,BZ,2018-09-24,2018-09-25,SHILPI,SHILPI
INE651C01018,EQ,BZ,2018-09-24,2018-09-25,LAKPRE,LAKPRE
INE659D01019,BE,BZ,2018-09-24,2018-09-27,SURANAIND,SURANAIND
INE898F01018,EQ,BZ,2018-09-24,2018-09-25,SIMPLEX,SIMPLEX
INE989C01012,BE,BZ,2018-09-24,2018-09-25,DIAPOWER,DIAPOWER
INE992B01026,BE,BZ,2018-09-24,2018-09-25,LAKSHMIEFL,LAKSHMIEFL
INE748Z01013,ST,SM,2018-09-25,2018-09-26,SUMIT,SUMIT
INE056I01017,EQ,BE,2018-09-26,2018-09-27,REFEX,REFEX
INE060J01017,EQ,BE,2018-09-26,2018-09-27,FLEXITUFF,FLEXITUFF
INE071E01023,EQ,BE,2018-09-26,2018-09-27,UGARSUGAR,UGARSUGAR
INE091G01018,EQ,BE,2018-09-26,2018-09-27,JAIBALAJI,JAIBALAJI
INE133B01019,EQ,BE,2018-09-26,2018-09-27,KESARENT,KESARENT
INE283A01014,EQ,BE,2018-09-26,2018-09-27,PRECOT,PRECOT
INE376C01020,EQ,BE,2018-09-26,2018-09-27,SPENTEX,SPENTEX
INE419A01022,EQ,BE,2018-09-26,2018-09-27,KOTARISUG,KOTARISUG
INE471W01019,EQ,BE,2018-09-26,2018-09-27,PALASHSECU,PALASHSECU
INE562B01019,EQ,BE,2018-09-26,2018-09-27,RAJSREESUG,RAJSREESUG
INE623A01011,EQ,BE,2018-09-26,2018-09-27,SAKHTISUG,SAKHTISUG
INE625B01014,EQ,BE,2018-09-26,2018-09-27,RANASUG,RANASUG
INE636A01039,EQ,BE,2018-09-26,2018-09-27,MAWANASUG,MAWANASUG
INE748T01016,EQ,BE,2018-09-26,2018-09-27,SIMBHALS,SIMBHALS
INE844K01012,EQ,BE,2018-09-26,2018-09-27,BEDMUTHA,BEDMUTHA
INE610C01014,EQ,BE,2018-09-28,2018-11-14,ARENTERP,ARENTERP
INE548Z01017,ST,SM,2018-10-03,2018-10-04,LAGNAM,LAGNAM
INE931S01010,EQ,BE,2018-10-03,2018-10-04,ADANITRANS,ADANITRANS
INE760W01015,ST,SM,2018-10-08,2018-10-09,RPPL,RPPL
INE00Y801016,ST,SM,2018-10-09,2018-10-10,AKG,AKG
INE00PV01013,ST,SM,2018-10-11,2018-10-12,AHLADA,AHLADA
INE01EO01010,ST,SM,2018-10-11,2018-10-16,SPECTRUM,SPECTRUM
INE240C01028,EQ,BE,2018-10-12,2018-10-26,UMESLTD,UMESLTD
INE635A01023,EQ,BE,2018-10-12,2018-10-22,SHYAMTEL,SHYAMTEL
INE039B01026,BE,EQ,2018-10-15,2018-10-16,CINEVISTA,CINEVISTA
INE047O01014,BE,EQ,2018-10-15,2018-10-16,NIBL,NIBL
INE058B01018,BE,EQ,2018-10-15,2018-10-16,ZENITHEXPO,ZENITHEXPO
INE060B01014,BE,EQ,2018-10-15,2018-10-17,KHANDSE,KHANDSE
INE078A01026,BE,EQ,2018-10-15,2018-10-16,EMCO,EMCO
INE080A01014,BE,EQ,2018-10-15,2018-10-16,WEIZMANIND,WEIZMANIND
INE116D01028,BE,EQ,2018-10-15,2018-10-16,BAGFILMS,BAGFILMS
INE141K01013,BE,EQ,2018-10-15,2018-10-16,TEXMOPIPES,TEXMOPIPES
INE143H01015,BE,EQ,2018-10-15,2018-10-16,KSK,KSK
INE155G01029,BE,EQ,2018-10-15,2018-10-16,NDTV,NDTV
INE160H01019,BE,EQ,2018-10-15,2018-10-16,PBAINFRA,PBAINFRA
INE196J01019,BE,EQ,2018-10-15,2018-10-16,OISL,OISL
INE217G01027,BE,EQ,2018-10-15,2018-10-16,PROSEED,PROSEED
INE235C01010,BE,EQ,2018-10-15,2018-10-16,SUMEETINDS,SUMEETINDS
INE248H01012,BE,EQ,2018-10-15,2018-10-16,ROHITFERRO,ROHITFERRO
INE263L01013,BE,EQ,2018-10-15,2018-10-16,SANGHVIFOR,SANGHVIFOR
INE270A01011,BE,EQ,2018-10-15,2018-10-16,ALOKTEXT,ALOKTEXT
INE272L01022,BE,EQ,2018-10-15,2018-10-16,SURANASOL,SURANASOL
INE286H01012,BE,EQ,2018-10-15,2018-10-16,VISASTEEL,VISASTEEL
INE289C01025,BE,EQ,2018-10-15,2018-10-17,TIMESGTY,TIMESGTY
INE326B01027,BE,EQ,2018-10-15,2018-10-16,ALMONDZ,ALMONDZ
INE347W01011,EQ,BE,2018-10-15,2018-10-16,MAGADSUGAR,MAGADSUGAR
INE353H01010,EQ,BE,2018-10-15,2018-10-16,SGL,SGL
INE366A01041,EQ,BE,2018-10-15,2018-10-16,DWARKESH,DWARKESH
INE369I01014,EQ,BE,2018-10-15,2018-10-16,IL&FSENGG,IL&FSENGG
INE387I01016,BE,EQ,2018-10-15,2018-10-16,MAGNUM,MAGNUM
INE400H01019,BE,EQ,2018-10-15,2018-10-16,ADHUNIK,ADHUNIK
INE416A01036,BE,EQ,2018-10-15,2018-10-16,SABTN,SABTN
INE425A01011,BE,EQ,2018-10-15,2018-10-16,METALFORGE,METALFORGE
INE458B01036,BE,EQ,2018-10-15,2018-10-16,BHAGYANGR,BHAGYANGR
INE482J01021,BE,EQ,2018-10-15,2018-10-16,GAL,GAL
INE483C01032,BE,EQ,2018-10-15,2018-10-16,TANLA,TANLA
INE503B01013,BE,EQ,2018-10-15,2018-10-16,STEELXIND,STEELXIND
INE505C01016,BE,EQ,2018-10-15,2018-10-16,PRAENG,PRAENG
INE526B01014,BE,EQ,2018-10-15,2018-10-16,CALSOFT,CALSOFT
INE537A01013,BE,EQ,2018-10-15,2018-10-16,GTNIND,GTNIND
INE550B01022,BE,EQ,2018-10-15,2018-10-16,HBSL,HBSL
INE577L01016,BE,EQ,2018-10-15,2018-10-16,STEL,STEL
INE646C01018,BE,EQ,2018-10-15,2018-10-16,GROBTEA,GROBTEA
INE662A01027,BE,EQ,2018-10-15,2018-10-16,SUPERSPIN,SUPERSPIN
INE662C01015,BE,EQ,2018-10-15,2018-10-16,CHROMATIC,CHROMATIC
INE672K01025,BE,EQ,2018-10-15,2018-10-16,CNOVAPETRO,CNOVAPETRO
INE722J01012,BE,EQ,2018-10-15,2018-10-16,RKDL,RKDL
INE725L01011,BE,EQ,2018-10-15,2018-10-16,KARMAENG,KARMAENG
INE735M01018,BE,EQ,2018-10-15,2018-10-16,SEPOWER,SEPOWER
INE737B01033,BE,EQ,2018-10-15,2018-10-16,ADROITINFO,ADROITINFO
INE742A01019,BE,EQ,2018-10-15,2018-10-16,PETRONENGG,PETRONENGG
INE781A01025,BE,EQ,2018-10-15,2018-10-16,INTENTECH,INTENTECH
INE788B01028,BE,EQ,2018-10-15,2018-10-16,INDSWFTLTD,INDSWFTLTD
INE788H01017,BE,EQ,2018-10-15,2018-10-16,HILTON,HILTON
INE792H01019,BE,EQ,2018-10-15,2018-10-16,GLOBALVECT,GLOBALVECT
INE808B01016,BE,EQ,2018-10-15,2018-10-16,OPTOCIRCUI,OPTOCIRCUI
INE817H01014,BE,EQ,2018-10-15,2018-10-16,BURNPUR,BURNPUR
INE844A01013,BE,EQ,2018-10-15,2018-10-16,PEARLPOLY,PEARLPOLY
INE849L01019,BE,EQ,2018-10-15,2018-10-16,ORTEL,ORTEL
INE866K01015,BE,EQ,2018-10-15,2018-10-16,INDOSOLAR,INDOSOLAR
INE867A01022,BE,EQ,2018-10-15,2018-10-16,MANUGRAPH,MANUGRAPH
INE871L01013,BE,EQ,2018-10-15,2018-10-16,TVVISION,TVVISION
INE875A01025,BE,EQ,2018-10-15,2018-10-16,IVRCLINFRA,IVRCLINFRA
INE970N01027,EQ,BE,2018-10-15,2018-10-16,SPCENET,SPCENET
INE988C01014,BE,EQ,2018-10-15,2018-10-16,DHARSUGAR,DHARSUGAR
INE988E01036,BE,EQ,2018-10-15,2018-10-16,JMTAUTOLTD,JMTAUTOLTD
INE650K01021,BE,EQ,2018-10-17,2018-10-19,8KMILES,8KMILES
INE00U801010,ST,SM,2018-10-19,2018-10-29,PARIN,PARIN
INE268C01029,BZ,BE,2018-10-19,2018-10-25,EASUNREYRL,EASUNREYRL
INE00KV01014,ST,SM,2018-10-22,2018-10-23,RAJMET,RAJMET
INE013801019,ST,SM,2018-10-22,2018-10-23,KSHITIJPOL,KSHITIJPOL
INE01II01013,ST,SM,2018-10-22,2018-10-29,SILGO,SILGO
INE008I01026,EQ,BE,2018-10-24,2018-10-25,COX&KINGS,COX&KINGS
INE00Z501011,ST,SM,2018-10-24,2018-10-26,KRITIKA,KRITIKA
INE01EE01011,ST,SM,2018-10-24,2018-10-31,BBTCL,BBTCL
INE01JE01010,ST,SM,2018-10-24,2018-10-26,MARINE,MARINE
INE01KI01019,ST,SM,2018-10-24,2018-10-26,VINNY,VINNY
INE022C01012,EQ,BE,2018-10-24,2018-10-25,EUROTEXIND,EUROTEXIND
INE088B01015,BZ,EQ,2018-10-24,2018-10-25,NATNLSTEEL,NATNLSTEEL
INE110B01017,EQ,BE,2018-10-24,2018-10-25,MINDTECK,MINDTECK
INE159N01027,EQ,BE,2018-10-24,2018-10-25,VIJIFIN,VIJIFIN
INE278B01020,EQ,BE,2018-10-24,2018-10-25,RAMANEWS,RAMANEWS
INE306C01019,EQ,BE,2018-10-24,2018-10-25,ENERGYDEV,ENERGYDEV
INE311H01018,EQ,BE,2018-10-24,2018-10-25,ELAND,ELAND
INE335W01016,EQ,BE,2018-10-24,2018-10-25,GANGESSECU,GANGESSECU
INE550C01020,EQ,BE,2018-10-24,2018-10-25,URJA,URJA
INE754A01014,EQ,BE,2018-10-24,2018-10-25,SUBEX,SUBEX
INE836H01014,EQ,BE,2018-10-24,2018-10-25,MCDHOLDING,MCDHOLDING
INE952H01027,EQ,BE,2018-10-24,2018-10-25,RAJTV,RAJTV
INE032A01023,BE,EQ,2018-10-29,2018-10-30,BOMDYEING,BOMDYEING
INE099J01015,BE,EQ,2018-10-29,2018-10-30,JPINFRATEC,JPINFRATEC
INE187A01017,BE,EQ,2018-10-29,2018-10-30,JBFIND,JBFIND
INE216D01026,BE,EQ,2018-10-29,2018-10-30,KSERASERA,KSERASERA
INE221H01019,BE,EQ,2018-10-29,2018-10-30,GTLINFRA,GTLINFRA
INE260D01016,BE,EQ,2018-10-29,2018-10-30,OLECTRA,OLECTRA
INE274G01010,BE,EQ,2018-10-29,2018-10-30,IBVENTURES,IBVENTURES
INE292A01023,BE,EQ,2018-10-29,2018-10-30,UVSL,UVSL
INE589G01011,BE,EQ,2018-10-29,2018-10-30,BRFL,BRFL
INE607L01029,BE,EQ,2018-10-29,2018-10-30,BILENERGY,BILENERGY
INE778K01012,BE,EQ,2018-10-29,2018-10-30,EMAMIINFRA,EMAMIINFRA
INE804H01012,BE,EQ,2018-10-29,2018-10-30,TFL,TFL
INE855B01025,BE,EQ,2018-10-29,2018-10-30,RAIN,RAIN
INE931S01010,BE,EQ,2018-10-29,2018-10-30,ADANITRANS,ADANITRANS
INE034H01016,BE,EQ,2018-10-30,2018-10-31,SORILINFRA,SORILINFRA
INE126M01010,BE,EQ,2018-10-30,2018-10-31,IBULISL,IBULISL
INE350C01017,BE,EQ,2018-10-30,2018-10-31,OPTIEMUS,OPTIEMUS
INE574I01035,BE,EQ,2018-10-30,2018-10-31,ARCOTECH,ARCOTECH
INE743C01021,BE,EQ,2018-10-31,2018-11-01,AIONJSW,AIONJSW
INE01GN01017,ST,SM,2018-11-02,2018-11-16,IRISDOREME,IRISDOREME
INE008I01026,BE,EQ,2018-11-06,2018-11-09,COX&KINGS,COX&KINGS
INE040M01013,EQ,BE,2018-11-06,2018-11-09,TREEHOUSE,TREEHOUSE
INE090C01019,EQ,BE,2018-11-06,2018-11-09,STINDIA,STINDIA
INE142K01011,EQ,BE,2018-11-06,2018-11-09,LYPSAGEMS,LYPSAGEMS
INE680A01011,EQ,BE,2018-11-06,2018-11-09,DHANBANK,DHANBANK
INE699A01011,EQ,BE,2018-11-06,2018-11-09,UTTAMSTL,UTTAMSTL
INE742A01019,EQ,BE,2018-11-06,2018-11-09,PETRONENGG,PETRONENGG
INE00F301010,ST,SM,2018-11-09,2018-11-12,UWCSL,UWCSL
INE442A01024,BE,EQ,2018-11-12,2018-11-13,ASSAMCO,ASSAMCO
INE806A01020,EQ,BE,2018-11-16,2018-11-19,VIKASECO,VIKASECO
INE332G01032,EQ,BZ,2018-11-19,2018-12-28,POCHIRAJU,POCHIRAJU
INE399L01023,BE,EQ,2018-11-19,2018-11-20,ADANIGAS,ADANIGAS
INE058B01018,EQ,BE,2018-11-21,2018-11-22,ZENITHEXPO,ZENITHEXPO
INE143H01015,EQ,BE,2018-11-21,2018-11-22,KSK,KSK
INE160H01019,EQ,BE,2018-11-21,2018-11-22,PBAINFRA,PBAINFRA
INE196J01019,EQ,BE,2018-11-21,2018-11-22,OISL,OISL
INE216D01026,EQ,BE,2018-11-21,2018-11-22,KSERASERA,KSERASERA
INE224E01028,EQ,BE,2018-11-21,2018-11-22,STAMPEDE,STAMPEDE
INE292A01023,EQ,BE,2018-11-21,2018-11-22,UVSL,UVSL
INE429I01024,EQ,BE,2018-11-21,2018-11-22,CCCL,CCCL
INE446C01013,EQ,BE,2018-11-21,2018-11-22,GLOBOFFS,GLOBOFFS
INE489H01020,EQ,BE,2018-11-21,2018-11-22,NITINFIRE,NITINFIRE
INE694A01020,EQ,BE,2018-11-21,2018-11-22,UNITECH,UNITECH
INE825H01017,EQ,BE,2018-11-21,2018-11-22,ESSDEE,ESSDEE
INE860T01019,EQ,BE,2018-11-21,2018-12-03,SABEVENTS,SABEVENTS
INE474I01012,BE,BZ,2018-12-03,2018-12-04,TULSI,TULSI
INE806A01020,BE,EQ,2018-12-03,2018-12-04,VIKASECO,VIKASECO
INE144D01012,EQ,BE,2018-12-05,2018-12-06,CUBEXTUB,CUBEXTUB
INE181G01025,EQ,BE,2018-12-05,2018-12-06,GAMMNINFRA,GAMMNINFRA
INE209L01016,EQ,BE,2018-12-05,2018-12-06,CEBBCO,CEBBCO
INE267I01010,EQ,BE,2018-12-05,2018-12-06,ARSSINFRA,ARSSINFRA
INE362A01016,EQ,BE,2018-12-05,2018-12-06,PVP,PVP
INE442A01024,EQ,BE,2018-12-05,2018-12-06,ASSAMCO,ASSAMCO
INE449G01018,EQ,BE,2018-12-05,2018-12-06,AGRITECH,AGRITECH
INE566K01011,EQ,BE,2018-12-05,2018-12-06,ISFT,ISFT
INE735M01018,EQ,BE,2018-12-05,2018-12-06,SEPOWER,SEPOWER
INE225I01026,BE,BZ,2018-12-10,2018-12-11,ZYLOG,ZYLOG
INE446A01025,BZ,BE,2018-12-12,2018-12-13,ATLASCYCLE,ATLASCYCLE
INE01Z401013,ST,SM,2018-12-17,2018-12-18,SHUBHLAXMI,SHUBHLAXMI
INE087J01010,BE,EQ,2018-12-17,2018-12-18,MANDHANA,MANDHANA
INE105C01023,BE,EQ,2018-12-17,2018-12-18,3PLAND,3PLAND
INE215G01021,BE,EQ,2018-12-17,2018-12-18,SMPL,SMPL
INE285K01026,BE,EQ,2018-12-17,2018-12-18,TECHNOE,TECHNOE
INE610C01014,BE,EQ,2018-12-18,2019-03-05,ARENTERP,ARENTERP
INE472B01011,EQ,BE,2018-12-19,2018-12-21,BLUECOAST,BLUECOAST
INE474L01016,EQ,BE,2018-12-19,2018-12-20,OMKARCHEM,OMKARCHEM
INE707C01018,EQ,BE,2018-12-19,2018-12-20,CAPTRUST,CAPTRUST
INE732F01019,EQ,BE,2018-12-19,2018-12-20,ISMTLTD,ISMTLTD
INE747B01016,EQ,BE,2018-12-19,2018-12-20,NEXTMEDIA,NEXTMEDIA
INE784B01035,EQ,BE,2018-12-19,2018-12-27,WINSOME,WINSOME
INE854B01010,EQ,BE,2018-12-19,2018-12-20,JAYNECOIND,JAYNECOIND
INE866K01015,EQ,BE,2018-12-19,2018-12-20,INDOSOLAR,INDOSOLAR
INE933B01012,EQ,BE,2018-12-19,2018-12-20,MEGASOFT,MEGASOFT
INE048C01017,EQ,BE,2018-12-21,2018-12-24,VICEROY,VICEROY
INE060B01014,EQ,BE,2018-12-21,2018-12-28,KHANDSE,KHANDSE
INE216G01011,EQ,BE,2018-12-21,2018-12-24,SUJANAUNI,SUJANAUNI
INE248H01012,EQ,BE,2018-12-21,2018-12-24,ROHITFERRO,ROHITFERRO
INE302H01017,EQ,BE,2018-12-21,2018-12-24,GTNTEX,GTNTEX
INE731C01018,EQ,BE,2018-12-21,2018-12-24,KHAITANLTD,KHAITANLTD
INE806F01011,EQ,BE,2018-12-21,2018-12-24,VIJSHAN,VIJSHAN
INE962C01027,EQ,BE,2018-12-21,2018-12-24,EASTSILK,EASTSILK
INE02CV01017,ST,SM,2018-12-24,2018-12-27,DRSDILIP,DRSDILIP
INE533D01024,BE,BZ,2018-12-24,2018-12-26,RAJRAYON,RAJRAYON
INE860T01019,BE,EQ,2018-12-26,2019-01-17,SABEVENTS,SABEVENTS
INE924A01013,BE,EQ,2019-01-02,2019-01-09,SALORAINTL,SALORAINTL
INE968G01033,EQ,BE,2019-01-02,2019-01-03,PROVOGE,PROVOGE
INE240C01028,BE,EQ,2019-01-03,2019-02-11,UMESLTD,UMESLTD
INE251C01017,BE,EQ,2019-01-03,2019-01-22,ABMINTLTD,ABMINTLTD
INE090C01019,BE,EQ,2019-01-04,2019-01-08,STINDIA,STINDIA
INE861A01058,EQ,BE,2019-01-04,2019-01-07,VISESHINFO,VISESHINFO
INE016M01021,EQ,BE,2019-01-07,2019-01-08,DNAMEDIA,DNAMEDIA
INE020J01029,EQ,BE,2019-01-07,2019-01-08,GOKUL,GOKUL
INE022C01012,BE,EQ,2019-01-07,2019-01-09,EUROTEXIND,EUROTEXIND
INE040M01013,BE,EQ,2019-01-07,2019-01-08,TREEHOUSE,TREEHOUSE
INE056I01017,BE,EQ,2019-01-07,2019-01-08,REFEX,REFEX
INE058B01018,BE,EQ,2019-01-07,2019-01-08,ZENITHEXPO,ZENITHEXPO
INE060J01017,BE,EQ,2019-01-07,2019-01-08,FLEXITUFF,FLEXITUFF
INE071E01023,BE,EQ,2019-01-07,2019-01-08,UGARSUGAR,UGARSUGAR
INE091G01018,BE,EQ,2019-01-07,2019-01-08,JAIBALAJI,JAIBALAJI
INE105I01012,EQ,BE,2019-01-07,2019-01-08,SELMCL,SELMCL
INE110B01017,BE,EQ,2019-01-07,2019-01-08,MINDTECK,MINDTECK
INE133B01019,BE,EQ,2019-01-07,2019-01-08,KESARENT,KESARENT
INE142K01011,BE,EQ,2019-01-07,2019-01-08,LYPSAGEMS,LYPSAGEMS
INE143H01015,BE,EQ,2019-01-07,2019-01-08,KSK,KSK
INE144D01012,BE,EQ,2019-01-07,2019-01-09,CUBEXTUB,CUBEXTUB
INE156A01020,EQ,BE,2019-01-07,2019-01-08,INDORAMA,INDORAMA
INE159N01027,BE,EQ,2019-01-07,2019-01-08,VIJIFIN,VIJIFIN
INE160H01019,BE,EQ,2019-01-07,2019-01-08,PBAINFRA,PBAINFRA
INE181G01025,BE,EQ,2019-01-07,2019-01-08,GAMMNINFRA,GAMMNINFRA
INE196J01019,BE,EQ,2019-01-07,2019-01-08,OISL,OISL
INE216D01026,BE,EQ,2019-01-07,2019-01-08,KSERASERA,KSERASERA
INE217G01027,EQ,BE,2019-01-07,2019-01-08,PROSEED,PROSEED
INE224E01028,BE,EQ,2019-01-07,2019-01-08,STAMPEDE,STAMPEDE
INE267I01010,BE,EQ,2019-01-07,2019-01-08,ARSSINFRA,ARSSINFRA
INE268C01029,BE,EQ,2019-01-07,2019-01-08,EASUNREYRL,EASUNREYRL
INE278B01020,BE,EQ,2019-01-07,2019-01-08,RAMANEWS,RAMANEWS
INE283A01014,BE,EQ,2019-01-07,2019-01-08,PRECOT,PRECOT
INE306C01019,BE,EQ,2019-01-07,2019-01-08,ENERGYDEV,ENERGYDEV
INE311H01018,BE,EQ,2019-01-07,2019-01-08,ELAND,ELAND
INE314T01025,EQ,BE,2019-01-07,2019-01-08,GOKULAGRO,GOKULAGRO
INE335W01016,BE,EQ,2019-01-07,2019-01-08,GANGESSECU,GANGESSECU
INE347W01011,BE,EQ,2019-01-07,2019-01-08,MAGADSUGAR,MAGADSUGAR
INE353H01010,BE,EQ,2019-01-07,2019-01-08,SGL,SGL
INE362A01016,BE,EQ,2019-01-07,2019-01-08,PVP,PVP
INE366A01041,BE,EQ,2019-01-07,2019-01-08,DWARKESH,DWARKESH
INE369C01017,BE,EQ,2019-01-07,2019-01-08,NORBTEAEXP,NORBTEAEXP
INE393A01011,BE,EQ,2019-01-07,2019-01-08,DELTAMAGNT,DELTAMAGNT
INE419A01022,BE,EQ,2019-01-07,2019-01-08,KOTARISUG,KOTARISUG
INE429I01024,BE,EQ,2019-01-07,2019-01-08,CCCL,CCCL
INE440A01010,EQ,BE,2019-01-07,2019-01-08,ASHIMASYN,ASHIMASYN
INE442A01024,BE,EQ,2019-01-07,2019-01-08,ASSAMCO,ASSAMCO
INE446C01013,BE,EQ,2019-01-07,2019-01-08,GLOBOFFS,GLOBOFFS
INE449G01018,BE,EQ,2019-01-07,2019-01-08,AGRITECH,AGRITECH
INE451F01024,EQ,BE,2019-01-07,2019-01-08,APOLSINHOT,APOLSINHOT
INE471W01019,BE,EQ,2019-01-07,2019-01-08,PALASHSECU,PALASHSECU
INE489H01020,BE,EQ,2019-01-07,2019-01-08,NITINFIRE,NITINFIRE
INE550C01020,BE,EQ,2019-01-07,2019-01-08,URJA,URJA
INE562B01019,BE,EQ,2019-01-07,2019-01-08,RAJSREESUG,RAJSREESUG
INE566K01011,BE,EQ,2019-01-07,2019-01-08,ISFT,ISFT
INE570D01018,EQ,BE,2019-01-07,2019-01-08,ARROWGREEN,ARROWGREEN
INE600A01035,EQ,BE,2019-01-07,2019-01-08,PILITA,PILITA
INE619A01027,EQ,BE,2019-01-07,2019-01-08,RUCHISOYA,RUCHISOYA
INE623A01011,BE,EQ,2019-01-07,2019-01-08,SAKHTISUG,SAKHTISUG
INE625B01014,BE,EQ,2019-01-07,2019-01-08,RANASUG,RANASUG
INE635A01023,BE,EQ,2019-01-07,2019-01-08,SHYAMTEL,SHYAMTEL
INE636A01039,BE,EQ,2019-01-07,2019-01-08,MAWANASUG,MAWANASUG
INE670X01014,EQ,BE,2019-01-07,2019-01-08,LASA,LASA
INE680A01011,BE,EQ,2019-01-07,2019-01-08,DHANBANK,DHANBANK
INE696K01024,BE,EQ,2019-01-07,2019-01-08,PRAKASHSTL,PRAKASHSTL
INE699A01011,BE,EQ,2019-01-07,2019-01-08,UTTAMSTL,UTTAMSTL
INE735M01018,BE,EQ,2019-01-07,2019-01-08,SEPOWER,SEPOWER
INE742A01019,BE,EQ,2019-01-07,2019-01-08,PETRONENGG,PETRONENGG
INE748T01016,BE,EQ,2019-01-07,2019-01-08,SIMBHALS,SIMBHALS
INE754A01014,BE,EQ,2019-01-07,2019-01-08,SUBEX,SUBEX
INE778A01021,EQ,BE,2019-01-07,2019-01-08,TECHIN,TECHIN
INE824B01021,EQ,BE,2019-01-07,2019-01-08,TATASTLBSL,TATASTLBSL
INE825H01017,BE,EQ,2019-01-07,2019-01-08,ESSDEE,ESSDEE
INE836H01014,BE,EQ,2019-01-07,2019-01-08,MCDHOLDING,MCDHOLDING
INE844K01012,BE,EQ,2019-01-07,2019-01-08,BEDMUTHA,BEDMUTHA
INE865C01022,EQ,BE,2019-01-07,2019-01-08,BIRLAMONEY,BIRLAMONEY
INE874F01027,EQ,BE,2019-01-07,2019-01-08,RADAAN,RADAAN
INE879I01012,EQ,BE,2019-01-07,2019-01-08,DBREALTY,DBREALTY
INE912L01015,EQ,BE,2019-01-07,2019-01-09,ONELIFECAP,ONELIFECAP
INE952H01027,BE,EQ,2019-01-07,2019-01-08,RAJTV,RAJTV
INE00CA01015,BE,EQ,2019-01-10,2019-01-11,TREJHARA,TREJHARA
INE00S901012,BE,EQ,2019-01-10,2019-01-11,NILASPACES,NILASPACES
INE602K01014,EQ,BE,2019-01-11,2019-01-14,SYNCOM,SYNCOM
INE043A01012,EQ,BE,2019-01-16,2019-01-17,GTL,GTL
INE164B01022,EQ,BE,2019-01-16,2019-01-17,KELLTONTEC,KELLTONTEC
INE215G01021,EQ,BE,2019-01-16,2019-01-17,SMPL,SMPL
INE409A01015,EQ,BE,2019-01-16,2019-01-17,THIRUSUGAR,THIRUSUGAR
INE512B01022,EQ,BE,2019-01-16,2019-01-17,FCSSOFT,FCSSOFT
INE662C01015,EQ,BE,2019-01-16,2019-01-17,CHROMATIC,CHROMATIC
INE904J01016,EQ,BE,2019-01-16,2019-01-17,JINDCOT,JINDCOT
INE861A01058,BE,EQ,2019-01-18,2019-01-21,VISESHINFO,VISESHINFO
INE033B01011,EQ,BE,2019-01-23,2019-01-31,QUINTEGRA,QUINTEGRA
INE976T01013,SM,EQ,2019-01-24,2019-01-25,SAGARDEEP,SAGARDEEP
INE155B01012,EQ,BZ,2019-01-28,2019-03-06,HINDSYNTEX,HINDSYNTEX
INE429F01012,EQ,BE,2019-01-30,2019-01-31,SKIL,SKIL
INE607L01029,EQ,BE,2019-01-30,2019-01-31,BILENERGY,BILENERGY
INE849L01019,EQ,BE,2019-01-30,2019-01-31,ORTEL,ORTEL
INE861A01058,EQ,BE,2019-01-30,2019-01-31,VISESHINFO,VISESHINFO
INE904D01019,EQ,BE,2019-01-30,2019-01-31,PDPL,PDPL
INE883G01018,BE,BZ,2019-02-01,2019-03-08,SGFL,SGFL
INE00R701025,BE,EQ,2019-02-04,2019-02-05,DALBHARAT,DALBHARAT
INE141B01020,BE,BZ,2019-02-04,2019-12-02,NOESISIND,NOESISIND
INE618N01014,BE,EQ,2019-02-04,2019-03-19,BALAXI,BALAXI
INE020801028,BE,EQ,2019-02-07,2019-02-08,SPENCERS,SPENCERS
INE425Y01011,BE,EQ,2019-02-07,2019-02-08,CESCVENT,CESCVENT
INE861A01058,BE,EQ,2019-02-08,2019-02-11,VISESHINFO,VISESHINFO
INE216D01026,EQ,BE,2019-02-13,2019-02-14,KSERASERA,KSERASERA
INE946H01037,EQ,BE,2019-02-13,2019-02-14,VIPULLTD,VIPULLTD
INE01P501012,BE,EQ,2019-02-15,2019-02-18,XELPMOC,XELPMOC
INE861A01058,EQ,BE,2019-02-18,2019-02-19,VISESHINFO,VISESHINFO
INE01ZJ01015,ST,SM,2019-02-19,2019-02-20,SURANI,SURANI
INE090C01019,EQ,BE,2019-02-19,2019-02-22,STINDIA,STINDIA
INE417C01014,BE,EQ,2019-02-21,2019-02-22,PILANIINVS,PILANIINVS
INE428O01016,EQ,BE,2019-02-21,2019-02-22,AIFL,AIFL
INE694A01020,BE,EQ,2019-02-21,2019-02-22,UNITECH,UNITECH
INE927A01040,EQ,BE,2019-02-21,2019-02-22,ROLLT,ROLLT
INE160H01019,EQ,BZ,2019-02-25,2019-02-28,PBAINFRA,PBAINFRA
INE176C01016,EQ,BZ,2019-02-25,2019-02-26,SATHAISPAT,SATHAISPAT
INE196J01019,EQ,BZ,2019-02-25,2019-02-28,OISL,OISL
INE362A01016,EQ,BZ,2019-02-25,2019-02-26,PVP,PVP
INE429I01024,EQ,BZ,2019-02-25,2019-02-26,CCCL,CCCL
INE486B01011,BE,BZ,2019-02-25,2019-02-26,JAINSTUDIO,JAINSTUDIO
INE694A01020,EQ,BZ,2019-02-25,2019-02-26,UNITECH,UNITECH
INE806F01011,BE,BZ,2019-02-25,2019-02-26,VIJSHAN,VIJSHAN
INE874H01015,EQ,BZ,2019-02-25,2019-02-26,CANDC,CANDC
INE952H01027,EQ,BZ,2019-02-25,2019-02-26,RAJTV,RAJTV
INE088B01015,EQ,BE,2019-02-27,2019-02-28,NATNLSTEEL,NATNLSTEEL
INE180G01019,EQ,BE,2019-02-27,2019-02-28,EDL,EDL
INE187A01017,EQ,BE,2019-02-27,2019-02-28,JBFIND,JBFIND
INE224E01028,EQ,BE,2019-02-27,2019-02-28,STAMPEDE,STAMPEDE
INE293A01013,EQ,BE,2019-02-27,2019-02-28,ROLTA,ROLTA
INE378D01032,EQ,BE,2019-02-27,2019-02-28,MADHUCON,MADHUCON
INE425A01011,EQ,BE,2019-02-27,2019-02-28,METALFORGE,METALFORGE
INE442A01024,EQ,BE,2019-02-27,2019-02-28,ASSAMCO,ASSAMCO
INE474B01017,EQ,BE,2019-02-27,2019-02-28,PSL,PSL
INE589G01011,EQ,BE,2019-02-27,2019-02-28,BRFL,BRFL
INE619I01012,EQ,BE,2019-02-27,2019-02-28,A2ZINFRA,A2ZINFRA
INE880B01015,EQ,BE,2019-02-27,2019-02-28,ANSALHSG,ANSALHSG
INE927C01020,EQ,BE,2019-02-27,2019-02-28,SPICEMOBI,SPICEMOBI
INE861A01058,BE,EQ,2019-03-01,2019-03-05,VISESHINFO,VISESHINFO
INE740V01019,SM,EQ,2019-03-07,2019-03-08,AGROPHOS,AGROPHOS
INE039B01026,EQ,BE,2019-03-13,2019-03-14,CINEVISTA,CINEVISTA
INE040M01013,EQ,BE,2019-03-13,2019-03-14,TREEHOUSE,TREEHOUSE
INE071A01013,EQ,BE,2019-03-13,2019-03-14,BINANIIND,BINANIIND
INE078A01026,EQ,BE,2019-03-13,2019-03-14,EMCO,EMCO
INE091G01018,EQ,BE,2019-03-13,2019-03-14,JAIBALAJI,JAIBALAJI
INE147P01019,EQ,BE,2019-03-13,2019-03-14,JPOLYINVST,JPOLYINVST
INE156C01018,EQ,BE,2019-03-13,2019-03-14,PIONEEREMB,PIONEEREMB
INE224E01036,EQ,BE,2019-03-13,2019-03-14,SCAPDVR,SCAPDVR
INE287C01029,EQ,BE,2019-03-13,2019-03-14,MIC,MIC
INE311H01018,EQ,BE,2019-03-13,2019-03-14,ELAND,ELAND
INE314C01013,EQ,BE,2019-03-13,2019-03-14,SOMATEX,SOMATEX
INE360L01017,EQ,BE,2019-03-13,2019-03-14,FMNL,FMNL
INE400H01019,EQ,BE,2019-03-13,2019-03-14,ADHUNIK,ADHUNIK
INE416A01036,EQ,BE,2019-03-13,2019-03-14,SABTN,SABTN
INE421A01028,EQ,BE,2019-03-13,2019-03-14,ABAN,ABAN
INE425B01027,EQ,BE,2019-03-13,2019-03-14,BCG,BCG
INE566K01011,EQ,BE,2019-03-13,2019-03-14,ISFT,ISFT
INE574I01035,EQ,BE,2019-03-13,2019-03-14,ARCOTECH,ARCOTECH
INE584F01014,EQ,BE,2019-03-13,2019-03-14,MANGALAM,MANGALAM
INE623A01011,EQ,BE,2019-03-13,2019-03-14,SAKHTISUG,SAKHTISUG
INE643K01018,EQ,BE,2019-03-13,2019-03-14,ARIHANTSUP,ARIHANTSUP
INE666E01012,EQ,BE,2019-03-13,2019-03-14,ANDHRACEMT,ANDHRACEMT
INE701B01021,EQ,BE,2019-03-13,2019-03-14,PUNJLLOYD,PUNJLLOYD
INE722J01012,EQ,BE,2019-03-13,2019-03-14,RKDL,RKDL
INE737B01033,EQ,BE,2019-03-13,2019-03-14,ADROITINFO,ADROITINFO
INE788B01028,EQ,BE,2019-03-13,2019-03-14,INDSWFTLTD,INDSWFTLTD
INE788H01017,EQ,BE,2019-03-13,2019-03-14,HILTON,HILTON
INE817H01014,EQ,BE,2019-03-13,2019-03-14,BURNPUR,BURNPUR
INE871B01014,EQ,BE,2019-03-13,2019-03-14,ZICOM,ZICOM
INE871L01013,EQ,BE,2019-03-13,2019-03-14,TVVISION,TVVISION
INE965H01011,EQ,BE,2019-03-13,2019-03-14,SITINET,SITINET
INE999K01014,EQ,BE,2019-03-13,2019-03-14,GREENPOWER,GREENPOWER
INE00RQ01019,ST,SM,2019-03-14,2019-03-15,MINDPOOL,MINDPOOL
INE861A01058,EQ,BE,2019-03-14,2019-03-15,VISESHINFO,VISESHINFO
INE294Z01018,BE,EQ,2019-03-15,2019-03-18,ANUP,ANUP
INE033B01011,BE,EQ,2019-03-18,2019-04-10,QUINTEGRA,QUINTEGRA
INE060B01014,BE,EQ,2019-03-18,2019-03-19,KHANDSE,KHANDSE
INE251C01017,EQ,BE,2019-03-18,2019-04-16,ABMINTLTD,ABMINTLTD
INE731C01018,BE,EQ,2019-03-18,2019-03-19,KHAITANLTD,KHAITANLTD
INE342A01018,EQ,BE,2019-03-22,2019-03-25,PREMIER,PREMIER
INE742A01019,EQ,BE,2019-03-22,2019-03-25,PETRONENGG,PETRONENGG
INE835A01011,EQ,BE,2019-03-22,2019-03-25,VARDMNPOLY,VARDMNPOLY
INE955V01021,BE,EQ,2019-03-22,2019-03-25,ARVINDFASN,ARVINDFASN
INE017D01010,BE,BZ,2019-03-29,2019-04-01,ANGIND,ANGIND
INE180G01019,BE,BZ,2019-03-29,2019-04-01,EDL,EDL
INE318J01027,EQ,BZ,2019-03-29,2019-04-01,NUTEK,NUTEK
INE369I01014,BE,BZ,2019-03-29,2019-04-01,IL&FSENGG,IL&FSENGG
INE861A01058,BE,EQ,2019-03-29,2019-04-01,VISESHINFO,VISESHINFO
INE975G01012,EQ,BZ,2019-03-29,2019-04-01,IL&FSTRANS,IL&FSTRANS
INE016M01021,BE,EQ,2019-04-01,2019-04-02,DNAMEDIA,DNAMEDIA
INE020J01029,BE,EQ,2019-04-01,2019-04-02,GOKUL,GOKUL
INE043A01012,BE,EQ,2019-04-01,2019-04-02,GTL,GTL
INE043C01018,EQ,BE,2019-04-01,2019-04-02,IVP,IVP
INE056I01017,EQ,BE,2019-04-01,2019-04-02,REFEX,REFEX
INE061A01014,EQ,BE,2019-04-01,2019-04-02,INDIANCARD,INDIANCARD
INE088B01015,BE,EQ,2019-04-01,2019-04-02,NATNLSTEEL,NATNLSTEEL
INE105I01012,BE,EQ,2019-04-01,2019-04-02,SELMCL,SELMCL
INE156A01020,BE,EQ,2019-04-01,2019-04-02,INDORAMA,INDORAMA
INE164B01022,BE,EQ,2019-04-01,2019-04-02,KELLTONTEC,KELLTONTEC
INE187A01017,BE,EQ,2019-04-01,2019-04-02,JBFIND,JBFIND
INE206B01013,EQ,BE,2019-04-01,2019-04-02,ZODIACLOTH,ZODIACLOTH
INE209L01016,BE,EQ,2019-04-01,2019-04-02,CEBBCO,CEBBCO
INE216D01026,BE,EQ,2019-04-01,2019-04-02,KSERASERA,KSERASERA
INE217G01027,BE,EQ,2019-04-01,2019-04-02,PROSEED,PROSEED
INE270A01011,EQ,BE,2019-04-01,2019-04-02,ALOKTEXT,ALOKTEXT
INE289C01025,EQ,BE,2019-04-01,2019-04-02,TIMESGTY,TIMESGTY
INE292A01023,BE,EQ,2019-04-01,2019-04-02,UVSL,UVSL
INE314T01025,BE,EQ,2019-04-01,2019-04-02,GOKULAGRO,GOKULAGRO
INE348A01023,EQ,BE,2019-04-01,2019-04-02,ASHAPURMIN,ASHAPURMIN
INE378D01032,BE,EQ,2019-04-01,2019-04-02,MADHUCON,MADHUCON
INE409A01015,BE,EQ,2019-04-01,2019-04-02,THIRUSUGAR,THIRUSUGAR
INE425A01011,BE,EQ,2019-04-01,2019-04-02,METALFORGE,METALFORGE
INE440A01010,BE,EQ,2019-04-01,2019-04-02,ASHIMASYN,ASHIMASYN
INE451F01024,BE,EQ,2019-04-01,2019-04-02,APOLSINHOT,APOLSINHOT
INE472B01011,BE,EQ,2019-04-01,2019-04-02,BLUECOAST,BLUECOAST
INE474B01017,BE,EQ,2019-04-01,2019-04-02,PSL,PSL
INE474L01016,BE,EQ,2019-04-01,2019-04-02,OMKARCHEM,OMKARCHEM
INE512B01022,BE,EQ,2019-04-01,2019-04-02,FCSSOFT,FCSSOFT
INE550H01011,EQ,BE,2019-04-01,2019-04-02,SUPREMEINF,SUPREMEINF
INE570D01018,BE,EQ,2019-04-01,2019-04-02,ARROWGREEN,ARROWGREEN
INE589G01011,BE,EQ,2019-04-01,2019-04-02,BRFL,BRFL
INE600A01035,BE,EQ,2019-04-01,2019-04-02,PILITA,PILITA
INE618N01014,EQ,BE,2019-04-01,2019-04-02,BALAXI,BALAXI
INE619A01027,BE,EQ,2019-04-01,2019-04-02,RUCHISOYA,RUCHISOYA
INE619I01012,BE,EQ,2019-04-01,2019-04-02,A2ZINFRA,A2ZINFRA
INE662C01015,BE,EQ,2019-04-01,2019-04-02,CHROMATIC,CHROMATIC
INE670X01014,BE,EQ,2019-04-01,2019-04-02,LASA,LASA
INE707C01018,BE,EQ,2019-04-01,2019-04-02,CAPTRUST,CAPTRUST
INE731U01010,EQ,BE,2019-04-01,2019-04-02,DIGJAMLTD,DIGJAMLTD
INE732F01019,BE,EQ,2019-04-01,2019-04-02,ISMTLTD,ISMTLTD
INE740V01019,EQ,BE,2019-04-01,2019-04-02,AGROPHOS,AGROPHOS
INE747B01016,BE,EQ,2019-04-01,2019-04-02,NEXTMEDIA,NEXTMEDIA
INE778A01021,BE,EQ,2019-04-01,2019-04-02,TECHIN,TECHIN
INE824B01021,BE,EQ,2019-04-01,2019-04-02,TATASTLBSL,TATASTLBSL
INE831Q01016,EQ,BE,2019-04-01,2019-04-02,BKMINDST,BKMINDST
INE835G01018,EQ,BE,2019-04-01,2019-04-02,ALLSEC,ALLSEC
INE844A01013,EQ,BE,2019-04-01,2019-04-02,PEARLPOLY,PEARLPOLY
INE865C01022,BE,EQ,2019-04-01,2019-04-02,BIRLAMONEY,BIRLAMONEY
INE866K01015,BE,EQ,2019-04-01,2019-04-02,INDOSOLAR,INDOSOLAR
INE874F01027,BE,EQ,2019-04-01,2019-04-02,RADAAN,RADAAN
INE879I01012,BE,EQ,2019-04-01,2019-04-02,DBREALTY,DBREALTY
INE880B01015,BE,EQ,2019-04-01,2019-04-02,ANSALHSG,ANSALHSG
INE904D01019,BE,EQ,2019-04-01,2019-04-02,PDPL,PDPL
INE904J01016,BE,EQ,2019-04-01,2019-04-02,JINDCOT,JINDCOT
INE912L01015,BE,EQ,2019-04-01,2019-04-02,ONELIFECAP,ONELIFECAP
INE927C01020,BE,EQ,2019-04-01,2019-04-02,SPICEMOBI,SPICEMOBI
INE933B01012,BE,EQ,2019-04-01,2019-04-02,MEGASOFT,MEGASOFT
INE946H01037,BE,EQ,2019-04-01,2019-04-02,VIPULLTD,VIPULLTD
INE970N01027,BE,EQ,2019-04-01,2019-04-02,SPCENET,SPCENET
INE973A01010,BE,EQ,2019-04-01,2019-04-02,GOLDENTOBC,GOLDENTOBC
INE976T01013,EQ,BE,2019-04-01,2019-04-02,SAGARDEEP,SAGARDEEP
INE253A01025,EQ,BE,2019-04-02,2019-04-03,HINDMOTORS,HINDMOTORS
INE732S01012,SM,EQ,2019-04-04,2019-04-11,SAKAR,SAKAR
INE501G01024,EQ,BE,2019-04-08,2019-04-09,HTMEDIA,HTMEDIA
INE861A01058,EQ,BE,2019-04-09,2019-04-10,VISESHINFO,VISESHINFO
INE747K01017,EQ,BE,2019-04-10,2019-04-11,TARAPUR,TARAPUR
INE888B01018,EQ,BE,2019-04-10,2019-04-11,PODDARHOUS,PODDARHOUS
INE933A01014,EQ,BE,2019-04-10,2019-04-11,LYKALABS,LYKALABS
INE00CO01016,ST,SM,2019-04-11,2019-04-12,ARTEDZ,ARTEDZ
INE255X01014,BE,EQ,2019-04-11,2019-04-12,MSTCLTD,MSTCLTD
INE263W01010,SM,EQ,2019-04-12,2019-04-15,MAHESHWARI,MAHESHWARI
INE980Y01015,SM,EQ,2019-04-16,2019-04-18,SOUTHWEST,SOUTHWEST
INE06IR01013,ST,SM,2019-04-22,2019-04-23,OSIAHYPER,OSIAHYPER
INE603A01013,EQ,BE,2019-04-22,2019-04-23,PRAKASH,PRAKASH
INE105C01023,EQ,BE,2019-04-24,2019-04-25,3PLAND,3PLAND
INE122M01019,EQ,BE,2019-04-24,2019-04-25,ESSARSHPNG,ESSARSHPNG
INE267I01010,EQ,BE,2019-04-24,2019-04-25,ARSSINFRA,ARSSINFRA
INE501G01024,BE,EQ,2019-04-24,2019-04-25,HTMEDIA,HTMEDIA
INE688J01015,EQ,BE,2019-04-24,2019-04-25,EXCEL,EXCEL
INE792H01019,EQ,BE,2019-04-24,2019-04-25,GLOBALVECT,GLOBALVECT
INE802B01019,EQ,BE,2019-04-24,2019-04-25,LINCPEN,LINCPEN
INE176C01016,BZ,EQ,2019-04-25,2019-05-02,SATHAISPAT,SATHAISPAT
INE391Z01012,BE,EQ,2019-04-26,2019-04-30,CKFSL,CKFSL
INE00UG01014,ST,SM,2019-04-30,2019-05-02,KHFM,KHFM
INE155B01012,BZ,EQ,2019-04-30,2019-05-02,HINDSYNTEX,HINDSYNTEX
INE196J01019,BZ,BE,2019-04-30,2019-05-02,OISL,OISL
INE533D01024,BZ,BE,2019-04-30,2019-05-02,RAJRAYON,RAJRAYON
INE694A01020,BZ,EQ,2019-04-30,2019-05-02,UNITECH,UNITECH
INE645W01026,SM,EQ,2019-05-02,2019-05-03,AIRAN,AIRAN
INE04I401011,BE,EQ,2019-05-07,2019-05-08,KPITTECH,KPITTECH
INE603A01013,BE,EQ,2019-05-08,2019-05-09,PRAKASH,PRAKASH
INE619A01027,EQ,BE,2019-05-08,2019-05-09,RUCHISOYA,RUCHISOYA
INE840Y01011,SM,EQ,2019-05-08,2019-05-09,ONEPOINT,ONEPOINT
INE090C01019,BE,EQ,2019-05-17,2019-05-22,STINDIA,STINDIA
INE136S01016,BE,EQ,2019-05-21,2019-05-22,NEOGEN,NEOGEN
INE161L01027,BE,EQ,2019-05-21,2019-05-22,VIKASMCORP,VIKASMCORP
INE245C01019,EQ,BE,2019-05-21,2019-05-22,LEEL,LEEL
INE652F01027,EQ,BE,2019-05-21,2019-05-22,CCHHL,CCHHL
INE850E01012,BE,EQ,2019-05-21,2019-05-22,LFIC,LFIC
INE866K01015,EQ,BE,2019-05-21,2019-05-22,INDOSOLAR,INDOSOLAR
INE927A01040,BE,EQ,2019-05-21,2019-05-22,ROLLT,ROLLT
INE058B01018,EQ,BE,2019-05-22,2019-05-23,ZENITHEXPO,ZENITHEXPO
INE804H01012,EQ,BE,2019-05-22,2019-05-23,TFL,TFL
INE071A01013,BE,BZ,2019-05-27,2019-05-28,BINANIIND,BINANIIND
INE409A01015,EQ,BZ,2019-05-27,2019-05-28,THIRUSUGAR,THIRUSUGAR
INE448A01013,EQ,BZ,2019-05-27,2019-05-28,AUTOLITIND,AUTOLITIND
INE480C01012,EQ,BZ,2019-05-27,2019-05-28,SDBL,SDBL
INE533D01024,BE,BZ,2019-05-27,2019-05-28,RAJRAYON,RAJRAYON
INE825H01017,EQ,BZ,2019-05-27,2019-05-28,ESSDEE,ESSDEE
INE04LG01015,ST,SM,2019-05-28,2019-05-30,PAR,PAR
INE292A01023,EQ,BE,2019-05-28,2019-05-29,UVSL,UVSL
INE498A01018,EQ,BE,2019-05-29,2019-05-30,DCM,DCM
INE530B01024,EQ,BE,2019-05-29,2019-05-30,IIFL,IIFL
INE033B01011,EQ,BE,2019-05-31,2019-06-03,QUINTEGRA,QUINTEGRA
INE068D01021,EQ,BE,2019-05-31,2019-06-03,CASTEXTECH,CASTEXTECH
INE090C01019,EQ,BE,2019-05-31,2019-06-06,STINDIA,STINDIA
INE221H01019,EQ,BE,2019-05-31,2019-06-03,GTLINFRA,GTLINFRA
INE263L01013,EQ,BE,2019-05-31,2019-06-03,SANGHVIFOR,SANGHVIFOR
INE428O01016,BE,BZ,2019-05-31,2019-06-03,AIFL,AIFL
INE589G01011,EQ,BE,2019-05-31,2019-06-03,BRFL,BRFL
INE878I01014,EQ,BE,2019-05-31,2019-06-03,BAFNAPHARM,BAFNAPHARM
INE904J01016,EQ,BE,2019-05-31,2019-06-03,JINDCOT,JINDCOT
INE927A01040,EQ,BE,2019-05-31,2019-06-03,ROLLT,ROLLT
INE060B01014,EQ,BE,2019-06-04,2019-07-02,KHANDSE,KHANDSE
INE020J01029,EQ,BE,2019-06-06,2019-06-07,GOKUL,GOKUL
INE176C01016,EQ,BE,2019-06-06,2019-06-07,SATHAISPAT,SATHAISPAT
INE195N01013,EQ,BE,2019-06-06,2019-06-07,PROZONINTU,PROZONINTU
INE695B01025,EQ,BE,2019-06-06,2019-06-07,COUNCODOS,COUNCODOS
INE791A01024,EQ,BE,2019-06-06,2019-06-07,BLBLIMITED,BLBLIMITED
INE805B01012,EQ,BE,2019-06-06,2019-06-07,MANGTIMBER,MANGTIMBER
INE875A01025,EQ,BE,2019-06-06,2019-06-07,IVRCLINFRA,IVRCLINFRA
INE927C01020,EQ,BE,2019-06-06,2019-06-07,SPICEMOBI,SPICEMOBI
INE292A01023,BE,EQ,2019-06-07,2019-06-10,UVSL,UVSL
INE028D01025,BE,BZ,2019-06-10,2019-06-11,RAINBOWPAP,RAINBOWPAP
INE498A01018,BE,EQ,2019-06-13,2019-06-14,DCM,DCM
INE530B01024,BE,EQ,2019-06-13,2019-06-14,IIFL,IIFL
INE113O01014,EQ,BE,2019-06-17,2019-07-01,BLUEBLENDS,BLUEBLENDS
INE292A01023,EQ,BE,2019-06-17,2019-06-18,UVSL,UVSL
INE087J01028,BE,EQ,2019-06-20,2019-06-21,MIL,MIL
INE302H01017,BE,EQ,2019-06-21,2019-06-25,GTNTEX,GTNTEX
INE495J01015,BE,EQ,2019-06-21,2019-06-26,PRADIP,PRADIP
INE039B01026,BE,EQ,2019-06-24,2019-06-25,CINEVISTA,CINEVISTA
INE040M01013,BE,EQ,2019-06-24,2019-06-25,TREEHOUSE,TREEHOUSE
INE043C01018,BE,EQ,2019-06-24,2019-06-25,IVP,IVP
INE058B01018,BE,EQ,2019-06-24,2019-06-25,ZENITHEXPO,ZENITHEXPO
INE061A01014,BE,EQ,2019-06-24,2019-06-25,INDIANCARD,INDIANCARD
INE078A01026,BE,EQ,2019-06-24,2019-06-25,EMCO,EMCO
INE091G01018,BE,EQ,2019-06-24,2019-06-25,JAIBALAJI,JAIBALAJI
INE105C01023,BE,EQ,2019-06-24,2019-06-27,3PLAND,3PLAND
INE122M01019,BE,EQ,2019-06-24,2019-06-25,ESSARSHPNG,ESSARSHPNG
INE133B01019,EQ,BE,2019-06-24,2019-06-25,KESARENT,KESARENT
INE147P01019,BE,EQ,2019-06-24,2019-06-25,JPOLYINVST,JPOLYINVST
INE156C01018,BE,EQ,2019-06-24,2019-06-25,PIONEEREMB,PIONEEREMB
INE178C01020,EQ,BE,2019-06-24,2019-06-25,SMARTLINK,SMARTLINK
INE201J01017,BE,EQ,2019-06-24,2019-06-25,LGBFORGE,LGBFORGE
INE206B01013,BE,EQ,2019-06-24,2019-06-25,ZODIACLOTH,ZODIACLOTH
INE224E01028,BE,EQ,2019-06-24,2019-06-25,STAMPEDE,STAMPEDE
INE224E01036,BE,EQ,2019-06-24,2019-06-25,SCAPDVR,SCAPDVR
INE253A01025,BE,EQ,2019-06-24,2019-06-25,HINDMOTORS,HINDMOTORS
INE267I01010,BE,EQ,2019-06-24,2019-06-25,ARSSINFRA,ARSSINFRA
INE270A01011,BE,EQ,2019-06-24,2019-06-25,ALOKTEXT,ALOKTEXT
INE287C01029,BE,EQ,2019-06-24,2019-06-25,MIC,MIC
INE289C01025,BE,EQ,2019-06-24,2019-06-25,TIMESGTY,TIMESGTY
INE293A01013,BE,EQ,2019-06-24,2019-06-25,ROLTA,ROLTA
INE311H01018,BE,EQ,2019-06-24,2019-06-25,ELAND,ELAND
INE314C01013,BE,EQ,2019-06-24,2019-06-25,SOMATEX,SOMATEX
INE314T01025,EQ,BE,2019-06-24,2019-06-25,GOKULAGRO,GOKULAGRO
INE348A01023,BE,EQ,2019-06-24,2019-06-25,ASHAPURMIN,ASHAPURMIN
INE353H01010,EQ,BE,2019-06-24,2019-06-25,SGL,SGL
INE360L01017,BE,EQ,2019-06-24,2019-06-25,FMNL,FMNL
INE387I01016,EQ,BE,2019-06-24,2019-06-25,MAGNUM,MAGNUM
INE400H01019,BE,EQ,2019-06-24,2019-06-25,ADHUNIK,ADHUNIK
INE416A01036,BE,EQ,2019-06-24,2019-06-25,SABTN,SABTN
INE421A01028,BE,EQ,2019-06-24,2019-06-25,ABAN,ABAN
INE425B01027,BE,EQ,2019-06-24,2019-06-25,BCG,BCG
INE429F01012,BE,EQ,2019-06-24,2019-06-25,SKIL,SKIL
INE451L01014,EQ,BE,2019-06-24,2019-06-25,MAHASTEEL,MAHASTEEL
INE517B01013,EQ,BE,2019-06-24,2019-06-25,TTML,TTML
INE550H01011,BE,EQ,2019-06-24,2019-06-25,SUPREMEINF,SUPREMEINF
INE566K01011,BE,EQ,2019-06-24,2019-06-25,ISFT,ISFT
INE574I01035,BE,EQ,2019-06-24,2019-06-25,ARCOTECH,ARCOTECH
INE584F01014,BE,EQ,2019-06-24,2019-06-25,MANGALAM,MANGALAM
INE607L01029,BE,EQ,2019-06-24,2019-06-25,BILENERGY,BILENERGY
INE619A01027,BE,EQ,2019-06-24,2019-06-25,RUCHISOYA,RUCHISOYA
INE623A01011,BE,EQ,2019-06-24,2019-06-25,SAKHTISUG,SAKHTISUG
INE643K01018,BE,EQ,2019-06-24,2019-06-25,ARIHANTSUP,ARIHANTSUP
INE666E01012,BE,EQ,2019-06-24,2019-06-25,ANDHRACEMT,ANDHRACEMT
INE688J01015,BE,EQ,2019-06-24,2019-06-25,EXCEL,EXCEL
INE701B01021,BE,EQ,2019-06-24,2019-06-25,PUNJLLOYD,PUNJLLOYD
INE722J01012,BE,EQ,2019-06-24,2019-06-25,RKDL,RKDL
INE731U01010,BE,EQ,2019-06-24,2019-06-25,DIGJAMLTD,DIGJAMLTD
INE732S01012,EQ,BE,2019-06-24,2019-06-25,SAKAR,SAKAR
INE737B01033,BE,EQ,2019-06-24,2019-06-25,ADROITINFO,ADROITINFO
INE747K01017,BE,EQ,2019-06-24,2019-06-25,TARAPUR,TARAPUR
INE749B01012,EQ,BE,2019-06-24,2019-06-25,ORTINLABSS,ORTINLABSS
INE784B01035,BE,EQ,2019-06-24,2019-06-25,WINSOME,WINSOME
INE788B01028,BE,EQ,2019-06-24,2019-06-25,INDSWFTLTD,INDSWFTLTD
INE788H01017,BE,EQ,2019-06-24,2019-06-25,HILTON,HILTON
INE792H01019,BE,EQ,2019-06-24,2019-06-25,GLOBALVECT,GLOBALVECT
INE802B01019,BE,EQ,2019-06-24,2019-06-25,LINCPEN,LINCPEN
INE804H01012,BE,EQ,2019-06-24,2019-06-25,TFL,TFL
INE817H01014,BE,EQ,2019-06-24,2019-06-25,BURNPUR,BURNPUR
INE828A01016,EQ,BE,2019-06-24,2019-06-25,BIL,BIL
INE831Q01016,BE,EQ,2019-06-24,2019-06-25,BKMINDST,BKMINDST
INE835G01018,BE,EQ,2019-06-24,2019-06-25,ALLSEC,ALLSEC
INE849L01019,BE,EQ,2019-06-24,2019-06-25,ORTEL,ORTEL
INE854B01010,BE,EQ,2019-06-24,2019-06-25,JAYNECOIND,JAYNECOIND
INE861A01058,BE,EQ,2019-06-24,2019-06-25,VISESHINFO,VISESHINFO
INE861B01015,EQ,BE,2019-06-24,2019-06-25,MOTOGENFIN,MOTOGENFIN
INE871L01013,BE,EQ,2019-06-24,2019-06-25,TVVISION,TVVISION
INE888B01018,BE,EQ,2019-06-24,2019-06-25,PODDARHOUS,PODDARHOUS
INE921B01025,EQ,BE,2019-06-24,2019-06-25,DBSTOCKBRO,DBSTOCKBRO
INE933A01014,BE,EQ,2019-06-24,2019-06-25,LYKALABS,LYKALABS
INE933B01012,EQ,BE,2019-06-24,2019-06-25,MEGASOFT,MEGASOFT
INE950G01023,EQ,BE,2019-06-24,2019-06-25,UNIPLY,UNIPLY
INE965H01011,BE,EQ,2019-06-24,2019-06-25,SITINET,SITINET
INE968G01033,BE,EQ,2019-06-24,2019-06-25,PROVOGE,PROVOGE
INE980Y01015,EQ,BE,2019-06-24,2019-06-25,SOUTHWEST,SOUTHWEST
INE999K01014,BE,EQ,2019-06-24,2019-06-25,GREENPOWER,GREENPOWER
INE395H01011,SM,EQ,2019-06-26,2019-06-27,STEELCITY,STEELCITY
INE802G01018,EQ,BE,2019-06-27,2019-06-28,JETAIRWAYS,JETAIRWAYS
INE016M01021,EQ,BE,2019-06-28,2019-07-01,DNAMEDIA,DNAMEDIA
INE078A01026,EQ,BE,2019-06-28,2019-07-01,EMCO,EMCO
INE087J01028,EQ,BE,2019-06-28,2019-07-01,MIL,MIL
INE088B01015,EQ,BE,2019-06-28,2019-07-01,NATNLSTEEL,NATNLSTEEL
INE090C01019,BE,EQ,2019-06-28,2019-07-01,STINDIA,STINDIA
INE221H01019,BE,EQ,2019-06-28,2019-07-01,GTLINFRA,GTLINFRA
INE287C01029,EQ,BE,2019-06-28,2019-07-01,MIC,MIC
INE292A01023,BE,EQ,2019-06-28,2019-07-01,UVSL,UVSL
INE370E01029,EQ,BE,2019-06-28,2019-07-01,VIVIDHA,VIVIDHA
INE542C01019,EQ,BE,2019-06-28,2019-07-01,NKIND,NKIND
INE589G01011,BE,EQ,2019-06-28,2019-07-01,BRFL,BRFL
INE796G01012,EQ,BE,2019-06-28,2019-07-01,JINDALPHOT,JINDALPHOT
INE817H01014,EQ,BE,2019-06-28,2019-07-01,BURNPUR,BURNPUR
INE904D01019,EQ,BE,2019-06-28,2019-07-01,PDPL,PDPL
INE904J01016,BE,EQ,2019-06-28,2019-07-01,JINDCOT,JINDCOT
INE912L01015,EQ,BE,2019-06-28,2019-07-01,ONELIFECAP,ONELIFECAP
INE03JI01017,BE,EQ,2019-07-01,2019-07-02,DGCONTENT,DGCONTENT
INE480C01012,BZ,BE,2019-07-02,2019-07-03,SDBL,SDBL
INE769A01020,EQ,BE,2019-07-02,2019-07-03,AARTIIND,AARTIIND
INE201J01017,EQ,BE,2019-07-03,2019-07-04,LGBFORGE,LGBFORGE
INE562B01019,EQ,BE,2019-07-03,2019-07-04,RAJSREESUG,RAJSREESUG
INE570D01018,EQ,BE,2019-07-03,2019-07-04,ARROWGREEN,ARROWGREEN
INE970N01027,EQ,BE,2019-07-04,2019-07-05,SPCENET,SPCENET
INE343D01010,BE,BZ,2019-07-09,2019-07-15,JAIHINDPRO,JAIHINDPRO
INE245C01019,BE,BZ,2019-07-10,2019-07-11,LEEL,LEEL
INE472B01011,EQ,BE,2019-07-10,2019-07-11,BLUECOAST,BLUECOAST
INE592I01029,BE,BZ,2019-07-10,2019-07-11,METKORE,METKORE
INE866K01015,BE,BZ,2019-07-10,2019-07-11,INDOSOLAR,INDOSOLAR
INE461C01038,EQ,BE,2019-07-11,2019-07-12,GREENPLY,GREENPLY
INE344S01016,SM,EQ,2019-07-12,2019-07-15,INFOBEAN,INFOBEAN
INE753W01010,SM,EQ,2019-07-12,2019-07-15,SANGINITA,SANGINITA
INE495J01015,EQ,BE,2019-07-15,2019-07-18,PRADIP,PRADIP
INE769A01020,BE,EQ,2019-07-16,2019-07-17,AARTIIND,AARTIIND
INE234I01010,EQ,BE,2019-07-17,2019-07-18,KAUSHALYA,KAUSHALYA
INE425A01011,EQ,BE,2019-07-17,2019-07-18,METALFORGE,METALFORGE
INE524L01026,EQ,BE,2019-07-17,2019-07-18,KRIDHANINF,KRIDHANINF
INE561H01026,EQ,BE,2019-07-17,2019-07-18,PARSVNATH,PARSVNATH
INE688J01015,EQ,BE,2019-07-17,2019-07-18,EXCEL,EXCEL
INE854B01010,EQ,BE,2019-07-17,2019-07-18,JAYNECOIND,JAYNECOIND
INE879A01019,EQ,BE,2019-07-17,2019-07-18,SHREERAMA,SHREERAMA
INE934B01028,EQ,BE,2019-07-17,2019-07-18,MERCATOR,MERCATOR
INE968G01033,EQ,BE,2019-07-17,2019-07-18,PROVOGE,PROVOGE
INE988E01036,EQ,BE,2019-07-17,2019-07-18,JMTAUTOLTD,JMTAUTOLTD
INE398B01018,EQ,BE,2019-07-18,2019-07-19,MRO-TEK,MRO-TEK
INE792Z01011,SM,EQ,2019-07-19,2019-07-22,SIRCA,SIRCA
INE908V01012,SM,EQ,2019-07-22,2019-07-23,LIBAS,LIBAS
INE00YB01017,ST,SM,2019-07-25,2019-07-26,ABINFRA,ABINFRA
INE461C01038,BE,EQ,2019-07-25,2019-07-26,GREENPLY,GREENPLY
INE071A01013,BZ,BE,2019-07-26,2019-07-29,BINANIIND,BINANIIND
INE448A01013,BZ,EQ,2019-07-26,2019-07-29,AUTOLITIND,AUTOLITIND
INE748Z01013,SM,EQ,2019-07-26,2019-07-30,SUMIT,SUMIT
INE08KP01019,BE,EQ,2019-07-29,2019-07-30,DCMNVL,DCMNVL
INE292A01023,EQ,BE,2019-07-30,2019-07-31,UVSL,UVSL
INE216D01026,EQ,BE,2019-07-31,2019-08-01,KSERASERA,KSERASERA
INE348A01023,EQ,BE,2019-07-31,2019-08-01,ASHAPURMIN,ASHAPURMIN
INE512B01022,EQ,BE,2019-07-31,2019-08-01,FCSSOFT,FCSSOFT
INE550C01020,EQ,BE,2019-07-31,2019-08-01,URJA,URJA
INE952A01022,EQ,BE,2019-07-31,2019-08-01,HINDNATGLS,HINDNATGLS
INE632X01022,SM,EQ,2019-08-01,2019-08-02,SHRENIK,SHRENIK
INE985W01018,SM,EQ,2019-08-01,2019-08-05,CREATIVE,CREATIVE
INE538A01037,EQ,BE,2019-08-05,2019-08-06,GFLLIMITED,GFLLIMITED
INE861A01058,EQ,BE,2019-08-05,2019-08-06,VISESHINFO,VISESHINFO
INE506W01012,SM,EQ,2019-08-07,2019-08-22,KRISHANA,KRISHANA
INE039B01026,EQ,BE,2019-08-16,2019-08-19,CINEVISTA,CINEVISTA
INE217G01027,EQ,BE,2019-08-16,2019-08-19,PROSEED,PROSEED
INE230B01021,EQ,BE,2019-08-16,2019-08-19,CREATIVEYE,CREATIVEYE
INE304A01026,EQ,BE,2019-08-16,2019-08-19,MUKANDLTD,MUKANDLTD
INE358U01012,SM,EQ,2019-08-16,2019-08-19,ZOTA,ZOTA
INE415A01038,EQ,BE,2019-08-16,2019-08-19,HSIL,HSIL
INE645L01011,EQ,BE,2019-08-16,2019-08-19,JUBLINDS,JUBLINDS
INE737B01033,EQ,BE,2019-08-16,2019-08-20,ADROITINFO,ADROITINFO
INE744I01034,EQ,BE,2019-08-16,2019-08-19,MVL,MVL
INE830Q01018,EQ,BE,2019-08-16,2019-08-19,MANAKCOAT,MANAKCOAT
INE861A01058,BE,EQ,2019-08-16,2019-08-19,VISESHINFO,VISESHINFO
INE942G01012,EQ,BE,2019-08-16,2019-08-19,MCLEODRUSS,MCLEODRUSS
INE02WG01016,ST,SM,2019-08-21,2019-08-22,WFL,WFL
INE538A01037,BE,EQ,2019-08-21,2019-08-22,GFLLIMITED,GFLLIMITED
INE900L01010,SM,EQ,2019-08-21,2019-08-22,MBAPL,MBAPL
INE050001010,BE,EQ,2019-08-22,2019-08-23,PPL,PPL
INE068D01021,BE,EQ,2019-08-22,2019-08-23,CASTEXTECH,CASTEXTECH
INE176J01011,EQ,BE,2019-08-22,2019-08-23,SICAGEN,SICAGEN
INE215G01021,BE,EQ,2019-08-22,2019-08-23,SMPL,SMPL
INE263L01013,BE,EQ,2019-08-22,2019-08-23,SANGHVIFOR,SANGHVIFOR
INE293A01013,EQ,BE,2019-08-22,2019-08-23,ROLTA,ROLTA
INE400H01019,EQ,BE,2019-08-22,2019-08-23,ADHUNIK,ADHUNIK
INE453M01018,EQ,BE,2019-08-22,2019-08-23,NAGAROIL,NAGAROIL
INE632X01022,EQ,BE,2019-08-22,2019-08-23,SHRENIK,SHRENIK
INE652F01027,BE,EQ,2019-08-22,2019-08-23,CCHHL,CCHHL
INE753W01010,EQ,BE,2019-08-22,2019-08-23,SANGINITA,SANGINITA
INE792Z01011,EQ,BE,2019-08-22,2019-08-23,SIRCA,SIRCA
INE908V01012,EQ,BE,2019-08-22,2019-08-23,LIBAS,LIBAS
INE920A01011,EQ,BE,2019-08-22,2019-08-23,DOLPHINOFF,DOLPHINOFF
INE426A01027,EQ,BE,2019-08-23,2019-08-26,ALEMBICLTD,ALEMBICLTD
INE799L01016,BE,BZ,2019-08-23,2019-08-26,TARAJEWELS,TARAJEWELS
INE263L01013,EQ,BE,2019-08-28,2019-08-29,SANGHVIFOR,SANGHVIFOR
INE314C01013,EQ,BE,2019-08-28,2019-08-29,SOMATEX,SOMATEX
INE489H01020,EQ,BE,2019-08-28,2019-08-29,NITINFIRE,NITINFIRE
INE676A01019,EQ,BE,2019-08-28,2019-08-29,AGCNET,AGCNET
INE707C01018,EQ,BE,2019-08-28,2019-08-29,CAPTRUST,CAPTRUST
INE731U01010,EQ,BE,2019-08-28,2019-08-29,DIGJAMLTD,DIGJAMLTD
INE759V01019,EQ,BE,2019-08-28,2019-08-29,TMRVL,TMRVL
INE861A01058,EQ,BE,2019-08-28,2019-08-29,VISESHINFO,VISESHINFO
INE912H01013,EQ,BE,2019-08-28,2019-08-29,MBLINFRA,MBLINFRA
INE215G01021,EQ,BZ,2019-08-30,2019-09-03,SMPL,SMPL
INE306B01029,BE,BZ,2019-08-30,2019-09-04,ICSA,ICSA
INE415A01038,BE,EQ,2019-08-30,2019-09-03,HSIL,HSIL
INE686I01011,BE,BZ,2019-08-30,2019-09-03,SITASHREE,SITASHREE
INE761A01019,BE,BZ,2019-08-30,2019-09-03,KHAITANELE,KHAITANELE
INE278G01037,EQ,BE,2019-09-06,2019-10-07,CYBERMEDIA,CYBERMEDIA
INE023M01027,EQ,BE,2019-09-09,2019-09-11,SETUINFRA,SETUINFRA
INE080B01012,EQ,BE,2019-09-09,2019-09-11,KOHINOOR,KOHINOOR
INE108E01023,EQ,BE,2019-09-09,2019-09-11,SUNDARAM,SUNDARAM
INE155B01012,EQ,BE,2019-09-09,2019-09-19,HINDSYNTEX,HINDSYNTEX
INE172H01014,EQ,BE,2019-09-09,2019-09-11,RMCL,RMCL
INE196B01016,EQ,BE,2019-09-09,2019-09-11,SHIRPUR-G,SHIRPUR-G
INE221H01019,EQ,BE,2019-09-09,2019-09-11,GTLINFRA,GTLINFRA
INE221I01017,EQ,BE,2019-09-09,2019-09-11,CELESTIAL,CELESTIAL
INE426A01027,BE,EQ,2019-09-09,2019-09-11,ALEMBICLTD,ALEMBICLTD
INE429F01012,EQ,BE,2019-09-09,2019-09-11,SKIL,SKIL
INE454M01024,EQ,BE,2019-09-09,2019-09-11,NAGAFERT,NAGAFERT
INE502K01016,EQ,BE,2019-09-09,2019-09-11,TALWALKARS,TALWALKARS
INE526B01014,EQ,BE,2019-09-09,2019-09-11,CALSOFT,CALSOFT
INE550H01011,EQ,BE,2019-09-09,2019-09-11,SUPREMEINF,SUPREMEINF
INE574I01035,EQ,BE,2019-09-09,2019-09-11,ARCOTECH,ARCOTECH
INE607L01029,EQ,BE,2019-09-09,2019-09-11,BILENERGY,BILENERGY
INE621L01012,EQ,BE,2019-09-09,2019-09-11,TEXRAIL,TEXRAIL
INE632X01022,BE,EQ,2019-09-09,2019-09-11,SHRENIK,SHRENIK
INE639K01016,EQ,BE,2019-09-09,2019-09-11,NITESHEST,NITESHEST
INE641C01019,EQ,BE,2019-09-09,2019-09-11,KAVVERITEL,KAVVERITEL
INE656K01010,EQ,BE,2019-09-09,2019-09-11,DQE,DQE
INE722J01012,EQ,BE,2019-09-09,2019-09-11,RKDL,RKDL
INE731C01018,EQ,BE,2019-09-09,2019-09-12,KHAITANLTD,KHAITANLTD
INE747K01017,EQ,BE,2019-09-09,2019-09-12,TARAPUR,TARAPUR
INE752G01015,EQ,BE,2019-09-09,2019-09-11,MSPL,MSPL
INE753W01010,BE,EQ,2019-09-09,2019-09-11,SANGINITA,SANGINITA
INE766A01018,EQ,BE,2019-09-09,2019-09-13,PAEL,PAEL
INE792Z01011,BE,EQ,2019-09-09,2019-09-11,SIRCA,SIRCA
INE797H01018,EQ,BE,2019-09-09,2019-09-11,TGBHOTELS,TGBHOTELS
INE855F01034,EQ,BE,2019-09-09,2019-09-11,BARTRONICS,BARTRONICS
INE904J01016,EQ,BE,2019-09-09,2019-09-11,JINDCOT,JINDCOT
INE908V01012,BE,EQ,2019-09-09,2019-09-11,LIBAS,LIBAS
INE924H01018,EQ,BE,2019-09-09,2019-09-11,TARMAT,TARMAT
INE998H01012,EQ,BE,2019-09-09,2019-09-11,ORIENTALTL,ORIENTALTL
INE454M01024,BE,BZ,2019-09-11,2019-09-12,NAGAFERT,NAGAFERT
INE767B01022,EQ,BE,2019-09-11,2019-09-12,VIKASPROP,VIKASPROP
INE832A01018,BE,BZ,2019-09-11,2019-09-12,MODIRUBBER,MODIRUBBER
INE778A01021,EQ,BE,2019-09-12,2019-09-17,TECHIN,TECHIN
INE108E01023,BE,EQ,2019-09-13,2019-09-16,SUNDARAM,SUNDARAM
INE221H01019,BE,EQ,2019-09-13,2019-09-16,GTLINFRA,GTLINFRA
INE230B01021,BE,EQ,2019-09-13,2019-09-17,CREATIVEYE,CREATIVEYE
INE293A01013,BE,EQ,2019-09-13,2019-09-16,ROLTA,ROLTA
INE526B01014,BE,EQ,2019-09-13,2019-09-16,CALSOFT,CALSOFT
INE621L01012,BE,EQ,2019-09-13,2019-09-16,TEXRAIL,TEXRAIL
INE020J01029,BE,EQ,2019-09-16,2019-09-17,GOKUL,GOKUL
INE039B01026,BE,EQ,2019-09-16,2019-09-17,CINEVISTA,CINEVISTA
INE040M01013,EQ,BE,2019-09-16,2019-09-17,TREEHOUSE,TREEHOUSE
INE056I01017,BE,EQ,2019-09-16,2019-09-17,REFEX,REFEX
INE061A01014,EQ,BE,2019-09-16,2019-09-17,INDIANCARD,INDIANCARD
INE071A01013,BE,EQ,2019-09-16,2019-09-17,BINANIIND,BINANIIND
INE122M01019,EQ,BE,2019-09-16,2019-09-17,ESSARSHPNG,ESSARSHPNG
INE133B01019,BE,EQ,2019-09-16,2019-09-17,KESARENT,KESARENT
INE151A01013,EQ,BE,2019-09-16,2019-09-17,TATACOMM,TATACOMM
INE178C01020,BE,EQ,2019-09-16,2019-09-17,SMARTLINK,SMARTLINK
INE195N01013,BE,EQ,2019-09-16,2019-09-17,PROZONINTU,PROZONINTU
INE196J01019,BE,EQ,2019-09-16,2019-09-17,OISL,OISL
INE201J01017,BE,EQ,2019-09-16,2019-09-17,LGBFORGE,LGBFORGE
INE217G01027,BE,EQ,2019-09-16,2019-09-17,PROSEED,PROSEED
INE254N01018,EQ,BE,2019-09-16,2019-09-17,HNDFDS,HNDFDS
INE255D01024,EQ,BE,2019-09-16,2019-09-17,GULPOLY,GULPOLY
INE292A01023,BE,EQ,2019-09-16,2019-09-17,UVSL,UVSL
INE293A01013,EQ,BE,2019-09-16,2019-09-17,ROLTA,ROLTA
INE301D01026,EQ,BE,2019-09-16,2019-09-17,RUBYMILLS,RUBYMILLS
INE304A01026,BE,EQ,2019-09-16,2019-09-17,MUKANDLTD,MUKANDLTD
INE314T01025,BE,EQ,2019-09-16,2019-09-17,GOKULAGRO,GOKULAGRO
INE348A01023,BE,EQ,2019-09-16,2019-09-17,ASHAPURMIN,ASHAPURMIN
INE353H01010,BE,EQ,2019-09-16,2019-09-17,SGL,SGL
INE370E01029,BE,EQ,2019-09-16,2019-09-17,VIVIDHA,VIVIDHA
INE395A01016,EQ,BE,2019-09-16,2019-09-17,BSELINFRA,BSELINFRA
INE416L01017,EQ,BE,2019-09-16,2019-09-17,EROSMEDIA,EROSMEDIA
INE425A01011,BE,EQ,2019-09-16,2019-09-17,METALFORGE,METALFORGE
INE451L01014,BE,EQ,2019-09-16,2019-09-17,MAHASTEEL,MAHASTEEL
INE474L01016,EQ,BE,2019-09-16,2019-09-17,OMKARCHEM,OMKARCHEM
INE512B01022,BE,EQ,2019-09-16,2019-09-17,FCSSOFT,FCSSOFT
INE517B01013,BE,EQ,2019-09-16,2019-09-17,TTML,TTML
INE524L01026,BE,EQ,2019-09-16,2019-09-17,KRIDHANINF,KRIDHANINF
INE550C01020,BE,EQ,2019-09-16,2019-09-17,URJA,URJA
INE561H01026,BE,EQ,2019-09-16,2019-09-17,PARSVNATH,PARSVNATH
INE562B01019,BE,EQ,2019-09-16,2019-09-17,RAJSREESUG,RAJSREESUG
INE566K01011,EQ,BE,2019-09-16,2019-09-17,ISFT,ISFT
INE570D01018,BE,EQ,2019-09-16,2019-09-17,ARROWGREEN,ARROWGREEN
INE618N01014,BE,EQ,2019-09-16,2019-09-17,BALAXI,BALAXI
INE645L01011,BE,EQ,2019-09-16,2019-09-17,JUBLINDS,JUBLINDS
INE666E01012,EQ,BE,2019-09-16,2019-09-17,ANDHRACEMT,ANDHRACEMT
INE670X01014,EQ,BE,2019-09-16,2019-09-17,LASA,LASA
INE695B01025,BE,EQ,2019-09-16,2019-09-17,COUNCODOS,COUNCODOS
INE740V01019,BE,EQ,2019-09-16,2019-09-17,AGROPHOS,AGROPHOS
INE748T01016,EQ,BE,2019-09-16,2019-09-17,SIMBHALS,SIMBHALS
INE749B01012,BE,EQ,2019-09-16,2019-09-17,ORTINLABSS,ORTINLABSS
INE755Q01025,EQ,BE,2019-09-16,2019-09-17,VISHAL,VISHAL
INE778B01029,EQ,BE,2019-09-16,2019-09-17,ESTER,ESTER
INE781B01015,EQ,BE,2019-09-16,2019-09-17,NOIDATOLL,NOIDATOLL
INE791A01024,BE,EQ,2019-09-16,2019-09-17,BLBLIMITED,BLBLIMITED
INE828A01016,BE,EQ,2019-09-16,2019-09-17,BIL,BIL
INE830Q01018,BE,EQ,2019-09-16,2019-09-17,MANAKCOAT,MANAKCOAT
INE844A01013,BE,EQ,2019-09-16,2019-09-17,PEARLPOLY,PEARLPOLY
INE854B01010,BE,EQ,2019-09-16,2019-09-17,JAYNECOIND,JAYNECOIND
INE861B01015,BE,EQ,2019-09-16,2019-09-17,MOTOGENFIN,MOTOGENFIN
INE879A01019,BE,EQ,2019-09-16,2019-09-17,SHREERAMA,SHREERAMA
INE886A01014,EQ,BE,2019-09-16,2019-09-17,IITL,IITL
INE912L01015,BE,EQ,2019-09-16,2019-09-17,ONELIFECAP,ONELIFECAP
INE915B01019,EQ,BE,2019-09-16,2019-09-17,INDSWFTLAB,INDSWFTLAB
INE921B01025,BE,EQ,2019-09-16,2019-09-17,DBSTOCKBRO,DBSTOCKBRO
INE927C01020,BE,EQ,2019-09-16,2019-09-17,DIGISPICE,DIGISPICE
INE933B01012,BE,EQ,2019-09-16,2019-09-17,MEGASOFT,MEGASOFT
INE934B01028,BE,EQ,2019-09-16,2019-09-17,MERCATOR,MERCATOR
INE942G01012,BE,EQ,2019-09-16,2019-09-17,MCLEODRUSS,MCLEODRUSS
INE947J01015,EQ,BE,2019-09-16,2019-09-17,DEN,DEN
INE950G01023,BE,EQ,2019-09-16,2019-09-17,UNIPLY,UNIPLY
INE952A01022,BE,EQ,2019-09-16,2019-09-17,HINDNATGLS,HINDNATGLS
INE968G01033,BE,EQ,2019-09-16,2019-09-17,PROVOGE,PROVOGE
INE980Y01015,BE,EQ,2019-09-16,2019-09-17,SOUTHWEST,SOUTHWEST
INE988C01014,EQ,BE,2019-09-16,2019-09-17,DHARSUGAR,DHARSUGAR
INE988E01036,BE,EQ,2019-09-16,2019-09-17,JMTAUTOLTD,JMTAUTOLTD
INE217G01027,EQ,BE,2019-09-17,2019-09-18,PROSEED,PROSEED
INE952H01027,BZ,EQ,2019-09-18,2019-09-19,RAJTV,RAJTV
INE090C01019,EQ,BE,2019-09-19,2019-09-24,STINDIA,STINDIA
INE068D01021,EQ,BE,2019-09-20,2019-09-23,CASTEXTECH,CASTEXTECH
INE446C01013,EQ,BE,2019-09-20,2019-09-23,GLOBOFFS,GLOBOFFS
INE502K01016,BE,EQ,2019-09-20,2019-09-23,TALWALKARS,TALWALKARS
INE071A01013,EQ,BZ,2019-09-23,2019-09-24,BINANIIND,BINANIIND
INE122R01018,EQ,BZ,2019-09-23,2019-09-24,MANPASAND,MANPASAND
INE268C01029,EQ,BZ,2019-09-23,2019-09-24,EASUNREYRL,EASUNREYRL
INE361M01021,EQ,BZ,2019-09-23,2019-09-24,HIGHGROUND,HIGHGROUND
INE400H01019,BE,BZ,2019-09-23,2019-09-24,ADHUNIK,ADHUNIK
INE446A01025,BE,BZ,2019-09-23,2019-09-24,ATLASCYCLE,ATLASCYCLE
INE489H01020,BE,BZ,2019-09-23,2019-09-24,NITINFIRE,NITINFIRE
INE550H01011,BE,BZ,2019-09-23,2019-09-24,SUPREMEINF,SUPREMEINF
INE649H01011,BE,BZ,2019-09-23,2019-09-24,EUROCERA,EUROCERA
INE650K01021,EQ,BZ,2019-09-23,2019-09-24,8KMILES,8KMILES
INE701B01021,EQ,BZ,2019-09-23,2019-09-24,PUNJLLOYD,PUNJLLOYD
INE731U01010,BE,BZ,2019-09-23,2019-09-24,DIGJAMLTD,DIGJAMLTD
INE802G01018,BE,BZ,2019-09-23,2019-09-24,JETAIRWAYS,JETAIRWAYS
INE849L01019,EQ,BZ,2019-09-23,2019-09-24,ORTEL,ORTEL
INE920A01011,BE,BZ,2019-09-23,2019-09-24,DOLPHINOFF,DOLPHINOFF
INE00Y701018,ST,SM,2019-09-25,2019-09-26,SECL,SECL
INE161L01027,EQ,BE,2019-09-25,2019-09-26,VIKASMCORP,VIKASMCORP
INE236G01019,EQ,BE,2019-09-25,2019-09-26,TVSELECT,TVSELECT
INE240C01028,EQ,BE,2019-09-25,2019-09-27,UMESLTD,UMESLTD
INE245I01016,EQ,BE,2019-09-25,2019-09-26,NAGREEKCAP,NAGREEKCAP
INE285H01022,EQ,BE,2019-09-25,2019-09-26,ATLANTA,ATLANTA
INE306C01019,EQ,BE,2019-09-25,2019-09-26,ENERGYDEV,ENERGYDEV
INE391Z01012,EQ,BE,2019-09-25,2019-09-26,CKFSL,CKFSL
INE399K01017,EQ,BE,2019-09-25,2019-09-26,RTNPOWER,RTNPOWER
INE416A01036,EQ,BE,2019-09-25,2019-09-26,SABTN,SABTN
INE421A01028,EQ,BE,2019-09-25,2019-09-26,ABAN,ABAN
INE426D01013,EQ,BE,2019-09-25,2019-09-26,GOACARBON,GOACARBON
INE498A01018,EQ,BE,2019-09-25,2019-09-26,DCM,DCM
INE509K01011,EQ,BE,2019-09-25,2019-09-26,TECHNOFAB,TECHNOFAB
INE538A01037,EQ,BE,2019-09-25,2019-09-26,GFLLIMITED,GFLLIMITED
INE542F01012,EQ,BE,2019-09-25,2019-09-26,RNAVAL,RNAVAL
INE546Y01022,EQ,BE,2019-09-25,2019-09-26,PRAXIS,PRAXIS
INE589G01011,EQ,BE,2019-09-25,2019-09-26,BRFL,BRFL
INE643K01018,EQ,BE,2019-09-25,2019-09-26,ARIHANTSUP,ARIHANTSUP
INE658G01014,EQ,BE,2019-09-25,2019-09-26,SALSTEEL,SALSTEEL
INE731A01020,EQ,BE,2019-09-25,2019-09-26,ARCHIES,ARCHIES
INE778K01012,EQ,BE,2019-09-25,2019-09-26,EMAMIREAL,EMAMIREAL
INE875R01011,EQ,BE,2019-09-25,2019-09-26,BALKRISHNA,BALKRISHNA
INE888B01018,EQ,BE,2019-09-25,2019-09-26,PODDARHOUS,PODDARHOUS
INE151A01013,BE,EQ,2019-09-30,2019-10-01,TATACOMM,TATACOMM
INE466L01020,BE,EQ,2019-10-03,2019-10-04,IIFLWAM,IIFLWAM
INE489L01022,BE,EQ,2019-10-04,2019-10-07,IIFLSEC,IIFLSEC
INE538A01037,BE,EQ,2019-10-04,2019-10-07,GFLLIMITED,GFLLIMITED
INE454M01024,BZ,BE,2019-10-07,2019-10-09,NAGAFERT,NAGAFERT
INE486B01011,BZ,BE,2019-10-07,2019-10-09,JAINSTUDIO,JAINSTUDIO
INE737W01013,SM,EQ,2019-10-07,2019-10-11,AKASH,AKASH
INE971P01012,SM,SZ,2019-10-09,2019-12-16,SIIL,SIIL
INE039B01026,EQ,BE,2019-10-10,2019-10-11,CINEVISTA,CINEVISTA
INE153A01019,EQ,BE,2019-10-10,2019-10-11,MTNL,MTNL
INE172H01014,BE,EQ,2019-10-10,2019-10-11,RMCL,RMCL
INE348A01023,EQ,BE,2019-10-10,2019-10-11,ASHAPURMIN,ASHAPURMIN
INE639K01016,BE,EQ,2019-10-10,2019-10-11,NITESHEST,NITESHEST
INE752G01015,BE,EQ,2019-10-10,2019-10-11,MSPL,MSPL
INE767B01022,BE,EQ,2019-10-10,2019-10-11,VIKASPROP,VIKASPROP
INE797H01018,BE,EQ,2019-10-10,2019-10-11,TGBHOTELS,TGBHOTELS
INE924H01018,BE,EQ,2019-10-10,2019-10-11,TARMAT,TARMAT
INE998H01012,BE,EQ,2019-10-10,2019-10-11,ORIENTALTL,ORIENTALTL
INE287Z01012,EQ,BE,2019-10-11,2019-10-14,GAYAHWS,GAYAHWS
INE719F01016,ST,SM,2019-10-15,2019-10-17,SHIVAUM,SHIVAUM
INE047O01014,EQ,BE,2019-10-24,2019-10-25,NIBL,NIBL
INE083B01016,EQ,BE,2019-10-24,2019-10-25,THEMISMED,THEMISMED
INE411B01019,EQ,BE,2019-10-24,2019-10-25,VENUSREM,VENUSREM
INE775B01025,EQ,BE,2019-10-24,2019-10-25,KWALITY,KWALITY
INE968G01033,EQ,BE,2019-10-24,2019-10-25,PROVOGE,PROVOGE
INE039O01011,SM,EQ,2019-10-29,2019-10-30,JASH,JASH
INE06MH01016,ST,SM,2019-10-29,2019-10-31,SONAHISONA,SONAHISONA
INE160H01019,BZ,BE,2019-10-29,2021-05-31,PBAINFRA,PBAINFRA
INE362A01016,BZ,BE,2019-10-29,2021-07-22,PVP,PVP
INE429I01024,BZ,BE,2019-10-29,2020-03-04,CCCL,CCCL
INE09N301011,BE,EQ,2019-10-30,2019-10-31,FLUOROCHEM,FLUOROCHEM
INE430N01014,BE,EQ,2019-10-30,2019-10-31,VISHWARAJ,VISHWARAJ
INE08ZM01014,BE,EQ,2019-11-05,2019-11-06,GREENPANEL,GREENPANEL
INE832A01018,BZ,BE,2019-11-05,2019-11-06,MODIRUBBER,MODIRUBBER
INE052A01021,EQ,BE,2019-11-06,2019-11-07,WINDMACHIN,WINDMACHIN
INE087B01017,EQ,BE,2019-11-06,2019-11-07,ANIKINDS,ANIKINDS
INE134B01017,EQ,BE,2019-11-06,2019-11-07,KECL,KECL
INE165B01029,EQ,BE,2019-11-06,2019-11-07,RSSOFTWARE,RSSOFTWARE
INE172N01012,EQ,BE,2019-11-06,2019-11-07,ADLABS,ADLABS
INE195N01013,EQ,BE,2019-11-06,2019-11-07,PROZONINTU,PROZONINTU
INE197J01017,EQ,BE,2019-11-06,2019-11-07,LPDC,LPDC
INE218G01033,EQ,BE,2019-11-06,2019-11-07,PALREDTEC,PALREDTEC
INE224E01036,EQ,BE,2019-11-06,2019-11-07,SCAPDVR,SCAPDVR
INE286H01012,EQ,BE,2019-11-06,2019-11-07,VISASTEEL,VISASTEEL
INE292A01023,EQ,BE,2019-11-06,2019-11-07,UVSL,UVSL
INE350C01017,EQ,BE,2019-11-06,2019-11-07,OPTIEMUS,OPTIEMUS
INE389K01018,EQ,BE,2019-11-06,2019-11-07,WELINV,WELINV
INE425A01011,EQ,BE,2019-11-06,2019-11-07,METALFORGE,METALFORGE
INE526B01014,EQ,BE,2019-11-06,2019-11-07,CALSOFT,CALSOFT
INE584F01014,EQ,BE,2019-11-06,2019-11-07,MANGALAM,MANGALAM
INE655A01013,EQ,BE,2019-11-06,2019-11-07,STCINDIA,STCINDIA
INE699A01011,EQ,BE,2019-11-06,2019-11-07,UTTAMSTL,UTTAMSTL
INE844A01013,EQ,BE,2019-11-06,2019-11-07,PEARLPOLY,PEARLPOLY
INE932C01012,EQ,BE,2019-11-06,2019-11-07,TOKYOPLAST,TOKYOPLAST
INE934B01028,EQ,BE,2019-11-06,2019-11-07,MERCATOR,MERCATOR
INE722J01012,BE,EQ,2019-11-08,2019-11-11,RKDL,RKDL
INE737B01033,BE,EQ,2019-11-08,2019-11-11,ADROITINFO,ADROITINFO
INE446A01025,BZ,BE,2019-11-13,2019-11-14,ATLASCYCLE,ATLASCYCLE
INE550H01011,BZ,EQ,2019-11-13,2019-11-14,SUPREMEINF,SUPREMEINF
INE784B01035,EQ,BE,2019-11-14,2019-11-22,WINSOME,WINSOME
INE973A01010,EQ,BE,2019-11-14,2019-11-15,GOLDENTOBC,GOLDENTOBC
INE065B01013,EQ,BE,2019-11-20,2019-11-21,INDLMETER,INDLMETER
INE116D01028,EQ,BE,2019-11-20,2019-11-21,BAGFILMS,BAGFILMS
INE235C01010,EQ,BE,2019-11-20,2019-11-21,SUMEETINDS,SUMEETINDS
INE332H01014,EQ,BE,2019-11-20,2019-11-21,INDOTECH,INDOTECH
INE503B01013,EQ,BE,2019-11-20,2019-11-21,STEELXIND,STEELXIND
INE524L01026,EQ,BE,2019-11-20,2019-11-21,KRIDHANINF,KRIDHANINF
INE625B01014,EQ,BE,2019-11-20,2019-11-21,RANASUG,RANASUG
INE662A01027,EQ,BE,2019-11-20,2019-11-21,SUPERSPIN,SUPERSPIN
INE694A01020,EQ,BE,2019-11-20,2019-11-21,UNITECH,UNITECH
INE737B01033,EQ,BE,2019-11-20,2019-11-21,ADROITINFO,ADROITINFO
INE880B01015,EQ,BE,2019-11-20,2019-11-21,ANSALHSG,ANSALHSG
INE966H01019,EQ,BE,2019-11-20,2019-11-21,ZEEMEDIA,ZEEMEDIA
INE176J01011,BE,EQ,2019-11-21,2019-11-22,SICAGEN,SICAGEN
INE191I01012,EQ,BE,2019-11-21,2019-11-22,HDIL,HDIL
INE652F01027,EQ,BE,2019-11-21,2019-11-22,CCHHL,CCHHL
INE829A01014,BE,EQ,2019-11-21,2019-11-22,BIOFILCHEM,BIOFILCHEM
INE927A01040,BE,EQ,2019-11-21,2019-11-22,ROLLT,ROLLT
INE784B01035,BE,BZ,2019-11-22,2019-11-29,WINSOME,WINSOME
INE589G01011,BE,BZ,2019-11-25,2019-11-27,BRFL,BRFL
INE078A01026,BE,BZ,2019-12-02,2019-12-03,EMCO,EMCO
INE183H01011,BE,BZ,2019-12-02,2019-12-03,XLENERGY,XLENERGY
INE453M01018,BE,BZ,2019-12-02,2019-12-03,NAGAROIL,NAGAROIL
INE744I01034,BE,BZ,2019-12-02,2019-12-03,MVL,MVL
INE332A01027,EQ,BE,2019-12-04,2019-12-05,THOMASCOOK,THOMASCOOK
INE607L01029,BE,EQ,2019-12-05,2019-12-06,BILENERGY,BILENERGY
INE061A01014,BE,EQ,2019-12-06,2019-12-10,INDIANCARD,INDIANCARD
INE635A01023,EQ,BE,2019-12-06,2019-12-10,SHYAMTEL,SHYAMTEL
INE778A01021,BE,EQ,2019-12-06,2019-12-10,TECHIN,TECHIN
INE020J01029,EQ,BE,2019-12-09,2019-12-10,GOKUL,GOKUL
INE023M01027,BE,EQ,2019-12-09,2019-12-10,SETUINFRA,SETUINFRA
INE039B01026,BE,EQ,2019-12-09,2019-12-10,CINEVISTA,CINEVISTA
INE040M01013,BE,EQ,2019-12-09,2019-12-10,TREEHOUSE,TREEHOUSE
INE047O01014,BE,EQ,2019-12-09,2019-12-10,NIBL,NIBL
INE052A01021,BE,EQ,2019-12-09,2019-12-10,WINDMACHIN,WINDMACHIN
INE058B01018,EQ,BE,2019-12-09,2019-12-10,ZENITHEXPO,ZENITHEXPO
INE083B01016,BE,EQ,2019-12-09,2019-12-10,THEMISMED,THEMISMED
INE087B01017,BE,EQ,2019-12-09,2019-12-10,ANIKINDS,ANIKINDS
INE102I01027,EQ,BE,2019-12-09,2019-12-10,ADSL,ADSL
INE105I01012,EQ,BE,2019-12-09,2019-12-10,SELMCL,SELMCL
INE122M01019,BE,EQ,2019-12-09,2019-12-10,ESSARSHPNG,ESSARSHPNG
INE133E01013,EQ,BE,2019-12-09,2019-12-10,TI,TI
INE134B01017,BE,EQ,2019-12-09,2019-12-10,KECL,KECL
INE143H01015,EQ,BE,2019-12-09,2019-12-10,KSK,KSK
INE153A01019,BE,EQ,2019-12-09,2019-12-10,MTNL,MTNL
INE161L01027,BE,EQ,2019-12-09,2019-12-10,VIKASMCORP,VIKASMCORP
INE165B01029,BE,EQ,2019-12-09,2019-12-10,RSSOFTWARE,RSSOFTWARE
INE176C01016,BE,EQ,2019-12-09,2019-12-10,SATHAISPAT,SATHAISPAT
INE181G01025,EQ,BE,2019-12-09,2019-12-10,GAMMNINFRA,GAMMNINFRA
INE195N01013,BE,EQ,2019-12-09,2019-12-10,PROZONINTU,PROZONINTU
INE197J01017,BE,EQ,2019-12-09,2019-12-10,LPDC,LPDC
INE216G01011,BE,BZ,2019-12-09,2019-12-10,SUJANAUNI,SUJANAUNI
INE218C01016,EQ,BE,2019-12-09,2019-12-10,AUSOMENT,AUSOMENT
INE218G01033,BE,EQ,2019-12-09,2019-12-10,PALREDTEC,PALREDTEC
INE224E01036,BE,EQ,2019-12-09,2019-12-10,SCAPDVR,SCAPDVR
INE236G01019,BE,EQ,2019-12-09,2019-12-10,TVSELECT,TVSELECT
INE240C01028,BE,EQ,2019-12-09,2019-12-10,UMESLTD,UMESLTD
INE245I01016,BE,EQ,2019-12-09,2019-12-10,NAGREEKCAP,NAGREEKCAP
INE254N01018,BE,EQ,2019-12-09,2019-12-10,HNDFDS,HNDFDS
INE255D01024,BE,EQ,2019-12-09,2019-12-10,GULPOLY,GULPOLY
INE263L01013,BE,EQ,2019-12-09,2019-12-10,SANGHVIFOR,SANGHVIFOR
INE270A01011,EQ,BE,2019-12-09,2019-12-10,ALOKTEXT,ALOKTEXT
INE285H01022,BE,EQ,2019-12-09,2019-12-10,ATLANTA,ATLANTA
INE286H01012,BE,EQ,2019-12-09,2019-12-10,VISASTEEL,VISASTEEL
INE292A01023,BE,EQ,2019-12-09,2019-12-10,UVSL,UVSL
INE294A01037,EQ,BE,2019-12-09,2019-12-10,BALLARPUR,BALLARPUR
INE299C01024,BE,BZ,2019-12-09,2019-12-10,KGL,KGL
INE301D01026,BE,EQ,2019-12-09,2019-12-10,RUBYMILLS,RUBYMILLS
INE306C01019,BE,EQ,2019-12-09,2019-12-10,ENERGYDEV,ENERGYDEV
INE314C01013,BE,EQ,2019-12-09,2019-12-10,SOMATEX,SOMATEX
INE330H01018,EQ,BE,2019-12-09,2019-12-10,RCOM,RCOM
INE335K01011,EQ,BE,2019-12-09,2019-12-10,COFFEEDAY,COFFEEDAY
INE345B01019,EQ,BE,2019-12-09,2019-12-10,CEREBRAINT,CEREBRAINT
INE348A01023,BE,EQ,2019-12-09,2019-12-10,ASHAPURMIN,ASHAPURMIN
INE350C01017,BE,EQ,2019-12-09,2019-12-10,OPTIEMUS,OPTIEMUS
INE389K01018,BE,EQ,2019-12-09,2019-12-10,WELINV,WELINV
INE391Z01012,BE,EQ,2019-12-09,2019-12-10,CKFSL,CKFSL
INE395A01016,BE,EQ,2019-12-09,2019-12-10,BSELINFRA,BSELINFRA
INE399K01017,BE,EQ,2019-12-09,2019-12-10,RTNPOWER,RTNPOWER
INE411B01019,BE,EQ,2019-12-09,2019-12-10,VENUSREM,VENUSREM
INE412U01017,EQ,BE,2019-12-09,2019-12-10,BIGBLOC,BIGBLOC
INE416A01036,BE,EQ,2019-12-09,2019-12-10,SABTN,SABTN
INE416L01017,BE,EQ,2019-12-09,2019-12-10,EROSMEDIA,EROSMEDIA
INE421A01028,BE,EQ,2019-12-09,2019-12-10,ABAN,ABAN
INE425A01011,BE,EQ,2019-12-09,2019-12-10,METALFORGE,METALFORGE
INE425B01027,EQ,BE,2019-12-09,2019-12-10,BCG,BCG
INE426D01013,BE,EQ,2019-12-09,2019-12-10,GOACARBON,GOACARBON
INE429C01035,EQ,BE,2019-12-09,2019-12-10,SINTEX,SINTEX
INE484I01029,EQ,BE,2019-12-09,2019-12-10,PRECAM,PRECAM
INE495C01010,EQ,BE,2019-12-09,2019-12-10,SANGAMIND,SANGAMIND
INE498A01018,BE,EQ,2019-12-09,2019-12-10,DCM,DCM
INE501W01021,EQ,BE,2019-12-09,2019-12-10,SPTL,SPTL
INE506W01012,EQ,BE,2019-12-09,2019-12-10,KRISHANA,KRISHANA
INE509K01011,BE,EQ,2019-12-09,2019-12-10,TECHNOFAB,TECHNOFAB
INE526B01014,BE,EQ,2019-12-09,2019-12-10,CALSOFT,CALSOFT
INE546Y01022,BE,EQ,2019-12-09,2019-12-10,PRAXIS,PRAXIS
INE566K01011,BE,EQ,2019-12-09,2019-12-10,ISFT,ISFT
INE584F01014,BE,EQ,2019-12-09,2019-12-10,MANGALAM,MANGALAM
INE629D01012,EQ,BE,2019-12-09,2019-12-10,BANSWRAS,BANSWRAS
INE643K01018,BE,EQ,2019-12-09,2019-12-10,ARIHANTSUP,ARIHANTSUP
INE646C01018,EQ,BE,2019-12-09,2019-12-10,GROBTEA,GROBTEA
INE655A01013,BE,EQ,2019-12-09,2019-12-10,STCINDIA,STCINDIA
INE658G01014,BE,EQ,2019-12-09,2019-12-10,SALSTEEL,SALSTEEL
INE666E01012,BE,EQ,2019-12-09,2019-12-10,ANDHRACEMT,ANDHRACEMT
INE668X01018,SM,SZ,2019-12-09,2019-12-10,BANSAL,BANSAL
INE670X01014,BE,EQ,2019-12-09,2019-12-10,LASA,LASA
INE674K01013,EQ,BE,2019-12-09,2019-12-10,ABCAPITAL,ABCAPITAL
INE676A01019,BE,EQ,2019-12-09,2019-12-10,AGCNET,AGCNET
INE699A01011,BE,EQ,2019-12-09,2019-12-10,UTTAMSTL,UTTAMSTL
INE703H01016,EQ,BE,2019-12-09,2019-12-10,HUBTOWN,HUBTOWN
INE707C01018,BE,EQ,2019-12-09,2019-12-10,CAPTRUST,CAPTRUST
INE716B01011,EQ,BE,2019-12-09,2019-12-10,TIPSINDLTD,TIPSINDLTD
INE718H01014,EQ,BE,2019-12-09,2019-12-10,AUTOIND,AUTOIND
INE725L01011,EQ,BE,2019-12-09,2019-12-10,KARMAENG,KARMAENG
INE731A01020,BE,EQ,2019-12-09,2019-12-10,ARCHIES,ARCHIES
INE748T01016,BE,EQ,2019-12-09,2019-12-10,SIMBHALS,SIMBHALS
INE748Z01013,EQ,BE,2019-12-09,2019-12-10,SUMIT,SUMIT
INE753W01010,EQ,BE,2019-12-09,2019-12-10,SANGINITA,SANGINITA
INE759V01019,BE,EQ,2019-12-09,2019-12-10,TMRVL,TMRVL
INE778B01029,BE,EQ,2019-12-09,2019-12-10,ESTER,ESTER
INE778K01012,BE,EQ,2019-12-09,2019-12-10,EMAMIREAL,EMAMIREAL
INE781B01015,BE,EQ,2019-12-09,2019-12-10,NOIDATOLL,NOIDATOLL
INE788H01017,EQ,BE,2019-12-09,2019-12-10,HILTON,HILTON
INE792Z01011,EQ,BE,2019-12-09,2019-12-10,SIRCA,SIRCA
INE807K01035,EQ,BE,2019-12-09,2019-12-10,SCHAND,SCHAND
INE829A01014,EQ,BE,2019-12-09,2019-12-10,BIOFILCHEM,BIOFILCHEM
INE834M01019,EQ,BE,2019-12-09,2019-12-10,RTNINFRA,RTNINFRA
INE844K01012,EQ,BE,2019-12-09,2019-12-10,BEDMUTHA,BEDMUTHA
INE847C01020,EQ,BE,2019-12-09,2019-12-10,ROSSELLIND,ROSSELLIND
INE870H01013,EQ,BE,2019-12-09,2019-12-10,NETWORK18,NETWORK18
INE875R01011,BE,EQ,2019-12-09,2019-12-10,BALKRISHNA,BALKRISHNA
INE879I01012,EQ,BE,2019-12-09,2019-12-10,DBREALTY,DBREALTY
INE886A01014,BE,EQ,2019-12-09,2019-12-10,IITL,IITL
INE888B01018,BE,EQ,2019-12-09,2019-12-10,PODDARHOUS,PODDARHOUS
INE900L01010,EQ,BE,2019-12-09,2019-12-10,MBAPL,MBAPL
INE908V01012,EQ,BE,2019-12-09,2019-12-10,LIBAS,LIBAS
INE912H01013,BE,EQ,2019-12-09,2019-12-10,MBLINFRA,MBLINFRA
INE915B01019,BE,EQ,2019-12-09,2019-12-10,INDSWFTLAB,INDSWFTLAB
INE932C01012,BE,EQ,2019-12-09,2019-12-10,TOKYOPLAST,TOKYOPLAST
INE934B01028,BE,EQ,2019-12-09,2019-12-10,MERCATOR,MERCATOR
INE947J01015,BE,EQ,2019-12-09,2019-12-10,DEN,DEN
INE965H01011,EQ,BE,2019-12-09,2019-12-10,SITINET,SITINET
INE985W01018,EQ,BE,2019-12-09,2019-12-10,CREATIVE,CREATIVE
INE988C01014,BE,EQ,2019-12-09,2019-12-10,DHARSUGAR,DHARSUGAR
INE999K01014,EQ,BE,2019-12-09,2019-12-10,GREENPOWER,GREENPOWER
INE0APB01016,ST,SM,2019-12-10,2019-12-11,MGEL,MGEL
INE020J01029,BE,EQ,2019-12-11,2019-12-12,GOKUL,GOKUL
INE090C01019,BE,EQ,2019-12-11,2019-12-17,STINDIA,STINDIA
INE674K01013,BE,EQ,2019-12-11,2019-12-12,ABCAPITAL,ABCAPITAL
INE060B01014,BE,EQ,2019-12-16,2019-12-24,KHANDSE,KHANDSE
INE275F01019,BE,EQ,2019-12-16,2019-12-26,HOTELRUGBY,HOTELRUGBY
INE287Z01012,BE,EQ,2019-12-16,2019-12-17,GAYAHWS,GAYAHWS
INE688J01015,BE,EQ,2019-12-16,2019-12-17,EXCEL,EXCEL
INE796G01012,BE,EQ,2019-12-16,2019-12-17,JINDALPHOT,JINDALPHOT
INE196B01016,BE,EQ,2019-12-17,2019-12-18,SHIRPUR-G,SHIRPUR-G
INE03JI01017,EQ,BE,2019-12-18,2019-12-19,DGCONTENT,DGCONTENT
INE060J01017,EQ,BE,2019-12-18,2019-12-19,FLEXITUFF,FLEXITUFF
INE332A01027,BE,EQ,2019-12-18,2019-12-19,THOMASCOOK,THOMASCOOK
INE542C01019,BE,EQ,2019-12-18,2019-12-23,NKIND,NKIND
INE550C01020,EQ,BE,2019-12-18,2019-12-19,URJA,URJA
INE804H01012,EQ,BE,2019-12-18,2019-12-19,TFL,TFL
INE08KD01015,ST,SM,2019-12-19,2019-12-20,ASCOM,ASCOM
INE117A01022,EQ,BE,2019-12-19,2019-12-20,ABB,ABB
INE370E01029,EQ,BE,2019-12-19,2019-12-20,VIVIDHA,VIVIDHA
INE088B01015,BE,EQ,2019-12-20,2019-12-23,NATNLSTEEL,NATNLSTEEL
INE100D01014,BE,EQ,2019-12-20,2019-12-23,WSI,WSI
INE217G01027,BE,EQ,2019-12-20,2019-12-23,PROSEED,PROSEED
INE318D01020,BE,EQ,2019-12-20,2019-12-23,ZENITHBIR,ZENITHBIR
INE387I01016,BE,EQ,2019-12-20,2019-12-23,MAGNUM,MAGNUM
INE398B01018,BE,EQ,2019-12-20,2019-12-23,MRO-TEK,MRO-TEK
INE418N01027,BE,EQ,2019-12-20,2019-12-23,INTEGRA,INTEGRA
INE446C01013,BE,EQ,2019-12-20,2019-12-23,GLOBOFFS,GLOBOFFS
INE474L01016,BE,EQ,2019-12-20,2019-12-23,OMKARCHEM,OMKARCHEM
INE602K01014,BE,EQ,2019-12-20,2019-12-23,SYNCOM,SYNCOM
INE691G01015,BE,EQ,2019-12-20,2019-12-23,IMPEXFERRO,IMPEXFERRO
INE817H01014,BE,EQ,2019-12-20,2019-12-23,BURNPUR,BURNPUR
INE973A01010,BE,EQ,2019-12-20,2019-12-23,GOLDENTOBC,GOLDENTOBC
INE087A01019,EQ,BE,2019-12-23,2019-12-24,KESORAMIND,KESORAMIND
INE008I01026,EQ,BZ,2019-12-24,2019-12-26,COX&KINGS,COX&KINGS
INE067A01029,EQ,BZ,2019-12-24,2019-12-26,CGPOWER,CGPOWER
INE335K01011,BE,BZ,2019-12-24,2019-12-26,COFFEEDAY,COFFEEDAY
INE398B01018,EQ,BE,2019-12-24,2019-12-26,MRO-TEK,MRO-TEK
INE790C01014,EQ,BE,2019-12-26,2019-12-27,PATSPINLTD,PATSPINLTD
INE895W01019,SM,EQ,2019-12-26,2020-01-06,PANACHE,PANACHE
INE197D01010,EQ,BE,2019-12-27,2019-12-30,JINDALPOLY,JINDALPOLY
INE083B01016,EQ,BE,2020-01-01,2020-01-02,THEMISMED,THEMISMED
INE172H01014,EQ,BE,2020-01-01,2020-01-02,RMCL,RMCL
INE176C01016,EQ,BE,2020-01-01,2020-01-02,SATHAISPAT,SATHAISPAT
INE222J01013,EQ,BE,2020-01-01,2020-01-02,RANEENGINE,RANEENGINE
INE287Z01012,EQ,BE,2020-01-01,2020-01-02,GAYAHWS,GAYAHWS
INE418N01027,EQ,BE,2020-01-01,2020-01-02,INTEGRA,INTEGRA
INE526A01016,EQ,BE,2020-01-01,2020-01-02,GARDENSILK,GARDENSILK
INE561C01019,EQ,BE,2020-01-01,2020-01-02,BHARATGEAR,BHARATGEAR
INE561H01026,EQ,BE,2020-01-01,2020-01-02,PARSVNATH,PARSVNATH
INE591A01010,EQ,BE,2020-01-01,2020-01-02,OILCOUNTUB,OILCOUNTUB
INE688J01015,EQ,BE,2020-01-01,2020-01-02,EXCEL,EXCEL
INE691G01015,EQ,BE,2020-01-01,2020-01-03,IMPEXFERRO,IMPEXFERRO
INE879E01037,EQ,BE,2020-01-01,2020-01-02,KANANIIND,KANANIIND
INE905P01028,EQ,BE,2020-01-01,2020-01-02,BCP,BCP
INE933J01015,EQ,BE,2020-01-01,2020-01-02,ARROWTEX,ARROWTEX
INE952A01022,EQ,BE,2020-01-01,2020-01-02,HINDNATGLS,HINDNATGLS
INE117A01022,BE,EQ,2020-01-03,2020-01-06,ABB,ABB
INE875R01011,EQ,BE,2020-01-06,2020-01-07,BALKRISHNA,BALKRISHNA
INE087A01019,BE,EQ,2020-01-07,2020-01-08,KESORAMIND,KESORAMIND
INE05AN01011,BE,EQ,2020-01-08,2020-01-09,SHIL,SHIL
INE511Y01018,SM,EQ,2020-01-08,2020-01-09,MMP,MMP
INE0A1101019,ST,SM,2020-01-09,2020-01-10,DCI,DCI
INE656K01010,BE,EQ,2020-01-09,2020-01-10,DQE,DQE
INE197D01010,BE,EQ,2020-01-10,2020-01-13,JINDALPOLY,JINDALPOLY
INE486Y01013,SM,EQ,2020-01-14,2020-01-21,TOUCHWOOD,TOUCHWOOD
INE972X01014,SM,EQ,2020-01-14,2020-01-15,VAISHALI,VAISHALI
INE088B01015,EQ,BE,2020-01-15,2020-01-16,NATNLSTEEL,NATNLSTEEL
INE100D01014,EQ,BE,2020-01-15,2020-01-16,WSI,WSI
INE138A01028,EQ,BE,2020-01-15,2020-01-16,PENINLAND,PENINLAND
INE196B01016,EQ,BE,2020-01-15,2020-01-16,SHIRPUR-G,SHIRPUR-G
INE201J01017,EQ,BE,2020-01-15,2020-01-16,LGBFORGE,LGBFORGE
INE227G01018,EQ,BE,2020-01-15,2020-01-16,INDOWIND,INDOWIND
INE272L01022,EQ,BE,2020-01-15,2020-01-16,SURANASOL,SURANASOL
INE460C01014,EQ,BE,2020-01-15,2020-01-16,GANESHHOUC,GANESHHOUC
INE471W01019,EQ,BE,2020-01-15,2020-01-16,PALASHSECU,PALASHSECU
INE520H01022,EQ,BE,2020-01-15,2020-01-16,BEARDSELL,BEARDSELL
INE550H01011,EQ,BE,2020-01-15,2020-01-16,SUPREMEINF,SUPREMEINF
INE614Z01017,SM,SZ,2020-01-15,2020-02-20,GIRIRAJ,GIRIRAJ
INE645L01011,EQ,BE,2020-01-15,2020-01-16,JUBLINDS,JUBLINDS
INE670X01014,EQ,BE,2020-01-15,2020-01-16,LASA,LASA
INE737W01013,EQ,BE,2020-01-15,2020-01-16,AKASH,AKASH
INE921B01025,EQ,BE,2020-01-15,2020-01-16,DBSTOCKBRO,DBSTOCKBRO
INE864X01013,SM,EQ,2020-01-16,2020-01-17,DPWIRES,DPWIRES
INE495B01038,EQ,BE,2020-01-20,2020-01-21,SUVEN,SUVEN
INE669A01022,BE,EQ,2020-01-20,2020-03-12,INFOMEDIA,INFOMEDIA
INE216G01011,BZ,BE,2020-01-23,2020-01-24,SUJANAUNI,SUJANAUNI
INE546Y01022,EQ,BE,2020-01-23,2020-01-24,PRAXIS,PRAXIS
INE589G01011,BZ,EQ,2020-01-23,2020-01-24,BRFL,BRFL
INE098201010,ST,SM,2020-01-24,2020-01-27,VCL,VCL
INE087B01017,EQ,BE,2020-01-29,2020-01-30,ANIKINDS,ANIKINDS
INE142K01011,EQ,BE,2020-01-29,2020-01-30,LYPSAGEMS,LYPSAGEMS
INE224E01028,EQ,BE,2020-01-29,2020-01-30,STAMPEDE,STAMPEDE
INE313D01013,EQ,BE,2020-01-29,2020-01-30,MOHOTAIND,MOHOTAIND
INE426D01013,EQ,BE,2020-01-29,2020-01-30,GOACARBON,GOACARBON
INE509K01011,EQ,BE,2020-01-29,2020-01-30,TECHNOFAB,TECHNOFAB
INE537A01013,EQ,BE,2020-01-29,2020-01-30,GTNIND,GTNIND
INE555B01013,EQ,BE,2020-01-29,2020-01-30,AXISCADES,AXISCADES
INE658G01014,EQ,BE,2020-01-29,2020-01-30,SALSTEEL,SALSTEEL
INE778K01012,EQ,BE,2020-01-29,2020-01-30,EMAMIREAL,EMAMIREAL
INE836H01014,EQ,BE,2020-01-29,2020-01-30,MCDHOLDING,MCDHOLDING
INE946H01037,EQ,BE,2020-01-29,2020-01-30,VIPULLTD,VIPULLTD
INE979R01011,EQ,BE,2020-01-29,2020-01-30,SHYAMCENT,SHYAMCENT
INE495B01038,BE,EQ,2020-01-31,2020-02-03,SUVEN,SUVEN
INE025R01013,BE,EQ,2020-02-05,2020-02-06,ARTEMISMED,ARTEMISMED
INE05X901010,ST,SM,2020-02-06,2020-02-10,HPIL,HPIL
INE258G01013,BE,EQ,2020-02-06,2020-02-07,SUMICHEM,SUMICHEM
INE619A01035,BE,EQ,2020-02-06,2020-02-07,RUCHI,RUCHI
INE681C01015,EQ,BE,2020-02-06,2020-02-13,KEYFINSERV,KEYFINSERV
INE540A01017,BE,EQ,2020-02-07,2020-02-10,GLFL,GLFL
INE875R01011,BE,EQ,2020-02-07,2020-02-10,BALKRISHNA,BALKRISHNA
INE080B01012,BE,EQ,2020-02-10,2020-02-11,KOHINOOR,KOHINOOR
INE640C01011,EQ,BE,2020-02-11,2020-02-13,SHAHALLOYS,SHAHALLOYS
INE067A01029,BZ,EQ,2020-02-12,2020-02-13,CGPOWER,CGPOWER
INE187A01017,EQ,BE,2020-02-12,2020-02-13,JBFIND,JBFIND
INE570D01018,EQ,BE,2020-02-12,2020-02-13,ARROWGREEN,ARROWGREEN
INE672K01025,EQ,BE,2020-02-12,2020-02-13,CNOVAPETRO,CNOVAPETRO
INE696K01024,EQ,BE,2020-02-12,2020-02-13,PRAKASHSTL,PRAKASHSTL
INE741L01018,EQ,BE,2020-02-12,2020-02-13,DUCON,DUCON
INE877I01016,EQ,BE,2020-02-12,2020-02-13,ARCHIDPLY,ARCHIDPLY
INE635A01023,BE,EQ,2020-02-17,2020-03-05,SHYAMTEL,SHYAMTEL
INE00CO01016,SM,SZ,2020-02-20,2020-04-08,ARTEDZ,ARTEDZ
INE293A01013,BE,EQ,2020-02-20,2020-02-24,ROLTA,ROLTA
INE391Z01012,EQ,BE,2020-02-20,2020-02-24,CKFSL,CKFSL
INE495J01015,BE,EQ,2020-02-20,2020-02-24,PRADIP,PRADIP
INE502K01016,EQ,BE,2020-02-20,2020-02-24,TALWALKARS,TALWALKARS
INE627Z01019,EQ,BE,2020-02-20,2020-02-24,TALWGYM,TALWGYM
INE652F01027,BE,EQ,2020-02-20,2020-02-24,CCHHL,CCHHL
INE0AEJ01013,BE,EQ,2020-02-24,2020-02-25,BIRLATYRE,BIRLATYRE
INE618H01016,BE,BZ,2020-02-24,2020-02-25,PARABDRUGS,PARABDRUGS
INE076H01025,EQ,BZ,2020-02-26,2020-02-27,EON,EON
INE080B01012,EQ,BZ,2020-02-26,2020-02-27,KOHINOOR,KOHINOOR
INE113O01014,BE,BZ,2020-02-26,2020-02-27,BLUEBLENDS,BLUEBLENDS
INE526A01016,BE,BZ,2020-02-26,2020-02-27,GARDENSILK,GARDENSILK
INE726L01019,EQ,BZ,2020-02-26,2020-02-27,WEIZFOREX,WEIZFOREX
INE877I01016,BE,EQ,2020-02-27,2020-02-28,ARCHIDPLY,ARCHIDPLY
INE03V001013,BE,EQ,2020-02-28,2020-03-02,UNIVPHOTO,UNIVPHOTO
INE155B01012,BE,BZ,2020-03-02,2020-03-03,HINDSYNTEX,HINDSYNTEX
INE191I01012,BE,BZ,2020-03-02,2020-03-03,HDIL,HDIL
INE221I01017,BE,BZ,2020-03-02,2020-03-03,CELESTIAL,CELESTIAL
INE471W01019,BE,EQ,2020-03-02,2020-03-04,PALASHSECU,PALASHSECU
INE725L01011,BE,EQ,2020-03-02,2020-03-04,KARMAENG,KARMAENG
INE804H01012,BE,EQ,2020-03-02,2020-03-04,TFL,TFL
INE817A01019,BE,BZ,2020-03-02,2020-03-09,MELSTAR,MELSTAR
INE855F01034,BE,BZ,2020-03-02,2020-03-03,BARTRONICS,BARTRONICS
INE00WC01019,EQ,BE,2020-03-03,2020-03-04,AFFLE,AFFLE
INE015D01022,EQ,BE,2020-03-03,2020-03-04,MANAKSIA,MANAKSIA
INE016M01021,BE,EQ,2020-03-03,2020-03-04,DNAMEDIA,DNAMEDIA
INE039O01011,EQ,BE,2020-03-03,2020-03-04,JASH,JASH
INE03JI01017,BE,EQ,2020-03-03,2020-03-04,DGCONTENT,DGCONTENT
INE058B01018,BE,EQ,2020-03-03,2020-03-04,ZENITHEXPO,ZENITHEXPO
INE060J01017,BE,EQ,2020-03-03,2020-03-04,FLEXITUFF,FLEXITUFF
INE063J01011,BE,EQ,2020-03-03,2020-03-04,EUROMULTI,EUROMULTI
INE065B01013,BE,EQ,2020-03-03,2020-03-04,INDLMETER,INDLMETER
INE068D01021,BE,EQ,2020-03-03,2020-03-04,CASTEXTECH,CASTEXTECH
INE083B01016,BE,EQ,2020-03-03,2020-03-04,THEMISMED,THEMISMED
INE087B01017,BE,EQ,2020-03-03,2020-03-04,ANIKINDS,ANIKINDS
INE088B01015,BE,EQ,2020-03-03,2020-03-04,NATNLSTEEL,NATNLSTEEL
INE102I01027,BE,EQ,2020-03-03,2020-03-04,ADSL,ADSL
INE105I01012,BE,EQ,2020-03-03,2020-03-04,SELMCL,SELMCL
INE106I01010,BE,EQ,2020-03-03,2020-03-04,ANKITMETAL,ANKITMETAL
INE116D01028,BE,EQ,2020-03-03,2020-03-04,BAGFILMS,BAGFILMS
INE128A01029,EQ,BE,2020-03-03,2020-03-04,EVEREADY,EVEREADY
INE133E01013,BE,EQ,2020-03-03,2020-03-04,TI,TI
INE136S01016,EQ,BE,2020-03-03,2020-03-04,NEOGEN,NEOGEN
INE138A01028,BE,EQ,2020-03-03,2020-03-04,PENINLAND,PENINLAND
INE142K01011,BE,EQ,2020-03-03,2020-03-04,LYPSAGEMS,LYPSAGEMS
INE143H01015,BE,EQ,2020-03-03,2020-03-04,KSK,KSK
INE144D01012,EQ,BE,2020-03-03,2020-03-04,CUBEXTUB,CUBEXTUB
INE172N01012,BE,EQ,2020-03-03,2020-03-04,ADLABS,ADLABS
INE181G01025,BE,EQ,2020-03-03,2020-03-04,GAMMNINFRA,GAMMNINFRA
INE192R01011,EQ,BE,2020-03-03,2020-03-04,DMART,DMART
INE196B01016,BE,EQ,2020-03-03,2020-03-04,SHIRPUR-G,SHIRPUR-G
INE201J01017,BE,EQ,2020-03-03,2020-03-04,LGBFORGE,LGBFORGE
INE216D01026,BE,EQ,2020-03-03,2020-03-04,KSERASERA,KSERASERA
INE218C01016,BE,EQ,2020-03-03,2020-03-04,AUSOMENT,AUSOMENT
INE222J01013,BE,EQ,2020-03-03,2020-03-04,RANEENGINE,RANEENGINE
INE224E01028,BE,EQ,2020-03-03,2020-03-04,STAMPEDE,STAMPEDE
INE227G01018,BE,EQ,2020-03-03,2020-03-04,INDOWIND,INDOWIND
INE234I01010,BE,EQ,2020-03-03,2020-03-04,KAUSHALYA,KAUSHALYA
INE235C01010,BE,EQ,2020-03-03,2020-03-04,SUMEETINDS,SUMEETINDS
INE248H01012,BE,EQ,2020-03-03,2020-03-04,ROHITFERRO,ROHITFERRO
INE272L01022,BE,EQ,2020-03-03,2020-03-04,SURANASOL,SURANASOL
INE278G01037,BE,EQ,2020-03-03,2020-12-16,CYBERMEDIA,CYBERMEDIA
INE287C01029,BE,EQ,2020-03-03,2020-03-04,MIC,MIC
INE287Z01012,BE,EQ,2020-03-03,2020-03-04,GAYAHWS,GAYAHWS
INE294A01037,BE,EQ,2020-03-03,2020-03-04,BALLARPUR,BALLARPUR
INE313D01013,BE,EQ,2020-03-03,2020-03-04,MOHOTAIND,MOHOTAIND
INE330H01018,BE,EQ,2020-03-03,2020-03-04,RCOM,RCOM
INE332H01014,BE,EQ,2020-03-03,2020-03-04,INDOTECH,INDOTECH
INE333I01036,BE,EQ,2020-03-03,2020-03-04,NTL,NTL
INE342A01018,BE,EQ,2020-03-03,2020-03-04,PREMIER,PREMIER
INE344S01016,EQ,BE,2020-03-03,2020-03-04,INFOBEAN,INFOBEAN
INE370E01029,BE,EQ,2020-03-03,2020-03-04,VIVIDHA,VIVIDHA
INE412U01017,BE,EQ,2020-03-03,2020-03-04,BIGBLOC,BIGBLOC
INE418N01027,BE,EQ,2020-03-03,2020-03-04,INTEGRA,INTEGRA
INE425B01027,BE,EQ,2020-03-03,2020-03-04,BCG,BCG
INE426D01013,BE,EQ,2020-03-03,2020-03-04,GOACARBON,GOACARBON
INE429C01035,BE,EQ,2020-03-03,2020-03-04,SINTEX,SINTEX
INE429F01012,BE,EQ,2020-03-03,2020-03-04,SKIL,SKIL
INE451L01014,EQ,BE,2020-03-03,2020-03-04,MAHASTEEL,MAHASTEEL
INE460C01014,BE,EQ,2020-03-03,2020-03-04,GANESHHOUC,GANESHHOUC
INE484I01029,BE,EQ,2020-03-03,2020-03-04,PRECAM,PRECAM
INE495C01010,BE,EQ,2020-03-03,2020-03-04,SANGAMIND,SANGAMIND
INE501W01021,BE,EQ,2020-03-03,2020-03-04,SPTL,SPTL
INE503B01013,BE,EQ,2020-03-03,2020-03-04,STEELXIND,STEELXIND
INE509K01011,BE,EQ,2020-03-03,2020-03-04,TECHNOFAB,TECHNOFAB
INE517B01013,EQ,BE,2020-03-03,2020-03-04,TTML,TTML
INE520H01022,BE,EQ,2020-03-03,2020-03-04,BEARDSELL,BEARDSELL
INE524L01026,BE,EQ,2020-03-03,2020-03-04,KRIDHANINF,KRIDHANINF
INE537A01013,BE,EQ,2020-03-03,2020-03-04,GTNIND,GTNIND
INE542F01012,BE,EQ,2020-03-03,2020-03-04,RNAVAL,RNAVAL
INE550C01020,BE,EQ,2020-03-03,2020-03-04,URJA,URJA
INE550H01011,BE,EQ,2020-03-03,2020-03-04,SUPREMEINF,SUPREMEINF
INE555B01013,BE,EQ,2020-03-03,2020-03-04,AXISCADES,AXISCADES
INE561C01019,BE,EQ,2020-03-03,2020-03-04,BHARATGEAR,BHARATGEAR
INE561H01026,BE,EQ,2020-03-03,2020-03-04,PARSVNATH,PARSVNATH
INE574I01035,BE,EQ,2020-03-03,2020-03-04,ARCOTECH,ARCOTECH
INE591A01010,BE,EQ,2020-03-03,2020-03-04,OILCOUNTUB,OILCOUNTUB
INE618N01014,EQ,BE,2020-03-03,2020-03-04,BALAXI,BALAXI
INE619A01035,EQ,BE,2020-03-03,2020-03-04,RUCHI,RUCHI
INE625B01014,BE,EQ,2020-03-03,2020-03-04,RANASUG,RANASUG
INE629D01012,BE,EQ,2020-03-03,2020-03-04,BANSWRAS,BANSWRAS
INE645L01011,BE,EQ,2020-03-03,2020-03-04,JUBLINDS,JUBLINDS
INE646C01018,BE,EQ,2020-03-03,2020-03-04,GROBTEA,GROBTEA
INE658G01014,BE,EQ,2020-03-03,2020-03-04,SALSTEEL,SALSTEEL
INE662A01027,BE,EQ,2020-03-03,2020-03-04,SUPERSPIN,SUPERSPIN
INE676A01019,EQ,BE,2020-03-03,2020-03-04,AGCNET,AGCNET
INE688J01015,BE,EQ,2020-03-03,2020-03-04,EXCEL,EXCEL
INE691G01015,BE,EQ,2020-03-03,2020-03-04,IMPEXFERRO,IMPEXFERRO
INE703H01016,BE,EQ,2020-03-03,2020-03-04,HUBTOWN,HUBTOWN
INE716B01011,BE,EQ,2020-03-03,2020-03-04,TIPSINDLTD,TIPSINDLTD
INE718H01014,BE,EQ,2020-03-03,2020-03-04,AUTOIND,AUTOIND
INE732S01012,BE,EQ,2020-03-03,2020-03-04,SAKAR,SAKAR
INE737B01033,BE,EQ,2020-03-03,2020-03-04,ADROITINFO,ADROITINFO
INE753W01010,BE,EQ,2020-03-03,2020-03-04,SANGINITA,SANGINITA
INE775B01025,BE,EQ,2020-03-03,2020-03-04,KWALITY,KWALITY
INE778K01012,BE,EQ,2020-03-03,2020-03-04,EMAMIREAL,EMAMIREAL
INE788H01017,BE,EQ,2020-03-03,2020-03-04,HILTON,HILTON
INE790C01014,BE,EQ,2020-03-03,2020-03-04,PATSPINLTD,PATSPINLTD
INE792Z01011,BE,EQ,2020-03-03,2020-03-04,SIRCA,SIRCA
INE805B01012,BE,EQ,2020-03-03,2020-03-04,MANGTIMBER,MANGTIMBER
INE807K01035,BE,EQ,2020-03-03,2020-03-04,SCHAND,SCHAND
INE829A01014,BE,EQ,2020-03-03,2020-03-04,BIOFILCHEM,BIOFILCHEM
INE835A01011,BE,EQ,2020-03-03,2020-03-04,VARDMNPOLY,VARDMNPOLY
INE836H01014,BE,EQ,2020-03-03,2020-03-04,MCDHOLDING,MCDHOLDING
INE844A01013,BE,EQ,2020-03-03,2020-03-04,PEARLPOLY,PEARLPOLY
INE844K01012,BE,EQ,2020-03-03,2020-03-04,BEDMUTHA,BEDMUTHA
INE847C01020,BE,EQ,2020-03-03,2020-03-04,ROSSELLIND,ROSSELLIND
INE870H01013,BE,EQ,2020-03-03,2020-03-04,NETWORK18,NETWORK18
INE871B01014,BE,EQ,2020-03-03,2020-03-04,ZICOM,ZICOM
INE879E01037,BE,EQ,2020-03-03,2020-03-04,KANANIIND,KANANIIND
INE879I01012,BE,EQ,2020-03-03,2020-03-04,DBREALTY,DBREALTY
INE880B01015,BE,EQ,2020-03-03,2020-03-04,ANSALHSG,ANSALHSG
INE886A01014,EQ,BE,2020-03-03,2020-03-04,IITL,IITL
INE889E01010,EQ,BE,2020-03-03,2020-03-04,PIONDIST,PIONDIST
INE905P01028,BE,EQ,2020-03-03,2020-03-04,BCP,BCP
INE921B01025,BE,EQ,2020-03-03,2020-03-05,DBSTOCKBRO,DBSTOCKBRO
INE946H01037,BE,EQ,2020-03-03,2020-03-04,VIPULLTD,VIPULLTD
INE952A01022,BE,EQ,2020-03-03,2020-03-04,HINDNATGLS,HINDNATGLS
INE962C01027,BE,EQ,2020-03-03,2020-03-04,EASTSILK,EASTSILK
INE965H01011,BE,EQ,2020-03-03,2020-03-04,SITINET,SITINET
INE966H01019,BE,EQ,2020-03-03,2020-03-04,ZEEMEDIA,ZEEMEDIA
INE970N01027,BE,EQ,2020-03-03,2020-03-04,SPCENET,SPCENET
INE979R01011,BE,EQ,2020-03-03,2020-03-04,SHYAMCENT,SHYAMCENT
INE985W01018,BE,EQ,2020-03-03,2020-03-04,CREATIVE,CREATIVE
INE999K01014,BE,EQ,2020-03-03,2020-03-04,GREENPOWER,GREENPOWER
INE270A01029,BE,EQ,2020-03-04,2020-03-05,ALOKINDS,ALOKINDS
INE669X01016,SM,EQ,2020-03-04,2020-03-06,GEEKAYWIRE,GEEKAYWIRE
INE093B01015,BE,EQ,2020-03-05,2020-03-06,ALPSINDUS,ALPSINDUS
INE454M01024,BE,EQ,2020-03-05,2020-03-06,NAGAFERT,NAGAFERT
INE666D01022,EQ,BE,2020-03-05,2020-03-06,BORORENEW,BORORENEW
INE766A01018,BE,EQ,2020-03-05,2020-03-06,PAEL,PAEL
INE805B01012,EQ,BE,2020-03-05,2020-03-11,MANGTIMBER,MANGTIMBER
INE087J01028,BE,EQ,2020-03-06,2020-03-11,GBGLOBAL,GBGLOBAL
INE640C01011,BE,EQ,2020-03-06,2020-03-12,SHAHALLOYS,SHAHALLOYS
INE117B01012,BE,BZ,2020-03-09,2021-03-01,CURATECH,CURATECH
INE176C01016,BE,EQ,2020-03-09,2020-03-11,SATHAISPAT,SATHAISPAT
INE382T01014,SM,SZ,2020-03-09,2020-04-03,FOURTHDIM,FOURTHDIM
INE694A01020,BE,BZ,2020-03-09,2020-03-11,UNITECH,UNITECH
INE670B01028,BZ,BE,2020-03-11,2021-03-01,GANGOTRI,GANGOTRI
INE047O01014,EQ,BE,2020-03-12,2020-03-13,NIBL,NIBL
INE217K01011,EQ,BE,2020-03-12,2020-03-13,RHFL,RHFL
INE292A01023,EQ,BE,2020-03-12,2020-03-13,UVSL,UVSL
INE302H01017,EQ,BE,2020-03-12,2020-03-16,GTNTEX,GTNTEX
INE474B01017,EQ,BE,2020-03-12,2020-03-13,PSL,PSL
INE540A01017,EQ,BE,2020-03-12,2020-03-13,GLFL,GLFL
INE656K01010,EQ,BE,2020-03-12,2020-03-13,DQE,DQE
INE831Q01016,EQ,BE,2020-03-12,2020-03-13,BKMINDST,BKMINDST
INE871L01013,EQ,BE,2020-03-12,2020-03-13,TVVISION,TVVISION
INE878I01022,BE,EQ,2020-03-16,2020-03-17,BAFNAPH,BAFNAPH
INE666D01022,BE,EQ,2020-03-20,2020-03-23,BORORENEW,BORORENEW
INE03QK01018,BE,EQ,2020-03-23,2020-03-24,SUVENPHAR,SUVENPHAR
INE275F01019,EQ,BE,2020-03-24,2020-04-16,HOTELRUGBY,HOTELRUGBY
INE043C01018,EQ,BE,2020-03-25,2020-03-26,IVP,IVP
INE068D01021,EQ,BE,2020-03-25,2020-03-26,CASTEXTECH,CASTEXTECH
INE116D01028,EQ,BE,2020-03-25,2020-03-26,BAGFILMS,BAGFILMS
INE224E01036,EQ,BE,2020-03-25,2020-03-26,SCAPDVR,SCAPDVR
INE263L01013,EQ,BE,2020-03-25,2020-03-30,SANGHVIFOR,SANGHVIFOR
INE318D01020,EQ,BE,2020-03-25,2020-03-26,ZENITHBIR,ZENITHBIR
INE387I01016,EQ,BE,2020-03-25,2020-03-26,MAGNUM,MAGNUM
INE542F01012,EQ,BE,2020-03-25,2020-03-26,RNAVAL,RNAVAL
INE597I01010,EQ,BE,2020-03-25,2020-03-26,SHARDAMOTR,SHARDAMOTR
INE790C01014,EQ,BE,2020-03-25,2020-03-26,PATSPINLTD,PATSPINLTD
INE835A01011,EQ,BE,2020-03-25,2020-03-26,VARDMNPOLY,VARDMNPOLY
INE915B01019,EQ,BE,2020-03-25,2020-03-26,INDSWFTLAB,INDSWFTLAB
INE105I01012,EQ,BZ,2020-03-26,2020-03-27,SELMCL,SELMCL
INE240C01028,EQ,BE,2020-03-26,2020-04-08,UMESLTD,UMESLTD
INE391Z01012,BE,BZ,2020-03-26,2020-03-27,CKFSL,CKFSL
INE502K01016,BE,BZ,2020-03-26,2020-03-27,TALWALKARS,TALWALKARS
INE550H01011,EQ,BZ,2020-03-26,2020-03-27,SUPREMEINF,SUPREMEINF
INE627Z01019,BE,BZ,2020-03-26,2020-03-27,TALWGYM,TALWGYM
INE902B01017,BE,EQ,2020-04-03,2020-04-07,S&SPOWER,S&SPOWER
INE988C01014,EQ,BE,2020-04-07,2020-04-08,DHARSUGAR,DHARSUGAR
INE878I01022,EQ,BE,2020-04-08,2020-04-09,BAFNAPH,BAFNAPH
INE00CA01015,EQ,BE,2020-04-09,2020-04-13,TREJHARA,TREJHARA
INE016M01021,EQ,BE,2020-04-09,2020-04-13,DNAMEDIA,DNAMEDIA
INE019J01013,EQ,BE,2020-04-09,2020-04-13,SASTASUNDR,SASTASUNDR
INE039B01026,EQ,BE,2020-04-09,2020-04-13,CINEVISTA,CINEVISTA
INE052A01021,EQ,BE,2020-04-09,2020-04-13,WINDMACHIN,WINDMACHIN
INE091G01018,EQ,BE,2020-04-09,2020-04-13,JAIBALAJI,JAIBALAJI
INE093B01015,EQ,BE,2020-04-09,2020-04-13,ALPSINDUS,ALPSINDUS
INE099J01015,EQ,BE,2020-04-09,2020-04-13,JPINFRATEC,JPINFRATEC
INE110A01019,EQ,BE,2020-04-09,2020-04-13,BPL,BPL
INE196J01019,EQ,BE,2020-04-09,2020-04-13,OISL,OISL
INE221H01019,EQ,BE,2020-04-09,2020-04-13,GTLINFRA,GTLINFRA
INE248H01012,EQ,BE,2020-04-09,2020-04-13,ROHITFERRO,ROHITFERRO
INE306C01019,EQ,BE,2020-04-09,2020-04-13,ENERGYDEV,ENERGYDEV
INE350H01032,EQ,BE,2020-04-09,2020-04-13,BLKASHYAP,BLKASHYAP
INE351F01018,EQ,BE,2020-04-09,2020-04-13,JPPOWER,JPPOWER
INE364A01020,EQ,BE,2020-04-09,2020-04-13,JAYSREETEA,JAYSREETEA
INE393A01011,EQ,BE,2020-04-09,2020-04-13,DELTAMAGNT,DELTAMAGNT
INE414A01015,EQ,BE,2020-04-09,2020-04-13,MADRASFERT,MADRASFERT
INE454M01024,EQ,BE,2020-04-09,2020-04-13,NAGAFERT,NAGAFERT
INE472B01011,BE,EQ,2020-04-09,2020-04-13,BLUECOAST,BLUECOAST
INE501W01021,EQ,BE,2020-04-09,2020-04-13,SPTL,SPTL
INE534A01028,BE,EQ,2020-04-09,2020-04-13,GFSTEELS,GFSTEELS
INE546Y01022,BE,EQ,2020-04-09,2020-04-13,PRAXIS,PRAXIS
INE562B01019,EQ,BE,2020-04-09,2020-04-13,RAJSREESUG,RAJSREESUG
INE584F01014,EQ,BE,2020-04-09,2020-04-13,MANGALAM,MANGALAM
INE602K01014,EQ,BE,2020-04-09,2020-04-13,SYNCOM,SYNCOM
INE623A01011,EQ,BE,2020-04-09,2020-04-13,SAKHTISUG,SAKHTISUG
INE625B01014,EQ,BE,2020-04-09,2020-04-13,RANASUG,RANASUG
INE691G01015,EQ,BE,2020-04-09,2020-04-13,IMPEXFERRO,IMPEXFERRO
INE699A01011,EQ,BE,2020-04-09,2020-04-13,UTTAMSTL,UTTAMSTL
INE705C01020,EQ,BE,2020-04-09,2020-04-13,SHIVATEX,SHIVATEX
INE737B01033,EQ,BE,2020-04-09,2020-04-13,ADROITINFO,ADROITINFO
INE743C01021,EQ,BE,2020-04-09,2020-04-13,AIONJSW,AIONJSW
INE752G01015,EQ,BE,2020-04-09,2020-04-13,MSPL,MSPL
INE785M01013,EQ,BE,2020-04-09,2020-04-13,PCJEWELLER,PCJEWELLER
INE805B01012,BE,EQ,2020-04-09,2020-04-13,MANGTIMBER,MANGTIMBER
INE878H01016,EQ,BE,2020-04-09,2020-04-13,INVENTURE,INVENTURE
INE915K01010,EQ,BE,2020-04-09,2020-04-13,AHLWEST,AHLWEST
INE934B01028,EQ,BE,2020-04-09,2020-04-13,MERCATOR,MERCATOR
INE966H01019,EQ,BE,2020-04-09,2020-04-13,ZEEMEDIA,ZEEMEDIA
INE597I01010,BE,EQ,2020-04-13,2020-04-15,SHARDAMOTR,SHARDAMOTR
INE416A01036,EQ,BE,2020-04-15,2020-04-16,SABTN,SABTN
INE07Y701011,BE,EQ,2020-04-16,2020-04-17,POWERINDIA,POWERINDIA
INE788B01028,EQ,BE,2020-04-16,2020-04-17,INDSWFTLTD,INDSWFTLTD
INE043A01012,EQ,BE,2020-04-17,2020-04-20,GTL,GTL
INE425A01011,EQ,BE,2020-04-17,2020-04-20,METALFORGE,METALFORGE
INE526A01016,BZ,EQ,2020-04-20,2020-04-21,GARDENSILK,GARDENSILK
INE726L01019,BZ,BE,2020-04-20,2020-04-21,EBIXFOREX,EBIXFOREX
INE010J01012,EQ,BE,2020-04-22,2020-04-23,TEJASNET,TEJASNET
INE022B01014,EQ,BE,2020-04-22,2020-04-23,MUKANDENGG,MUKANDENGG
INE023M01027,EQ,BE,2020-04-22,2020-04-23,SETUINFRA,SETUINFRA
INE036A01016,EQ,BE,2020-04-22,2020-04-23,RELINFRA,RELINFRA
INE045B01015,EQ,BE,2020-04-22,2020-04-23,NELCO,NELCO
INE047B01011,EQ,BE,2020-04-22,2020-04-23,GILLANDERS,GILLANDERS
INE060J01017,EQ,BE,2020-04-22,2020-04-23,FLEXITUFF,FLEXITUFF
INE063J01011,EQ,BE,2020-04-22,2020-04-24,EUROMULTI,EUROMULTI
INE075B01012,EQ,BE,2020-04-22,2020-04-23,SICAL,SICAL
INE083B01016,EQ,BE,2020-04-22,2020-04-23,THEMISMED,THEMISMED
INE083D01012,EQ,BE,2020-04-22,2020-04-23,BALPHARMA,BALPHARMA
INE087B01017,EQ,BE,2020-04-22,2020-04-23,ANIKINDS,ANIKINDS
INE111B01023,EQ,BE,2020-04-22,2020-04-23,63MOONS,63MOONS
INE122M01019,EQ,BE,2020-04-22,2020-04-23,ESSARSHPNG,ESSARSHPNG
INE138A01028,EQ,BE,2020-04-22,2020-04-23,PENINLAND,PENINLAND
INE172N01012,EQ,BE,2020-04-22,2020-04-23,IMAGICAA,IMAGICAA
INE175A01038,EQ,BE,2020-04-22,2020-04-23,JISLJALEQS,JISLJALEQS
INE195N01013,EQ,BE,2020-04-22,2020-04-23,PROZONINTU,PROZONINTU
INE222J01013,EQ,BE,2020-04-22,2020-04-23,RANEENGINE,RANEENGINE
INE236A01020,EQ,BE,2020-04-22,2020-04-23,HCL-INSYS,HCL-INSYS
INE267I01010,EQ,BE,2020-04-22,2020-04-23,ARSSINFRA,ARSSINFRA
INE286H01012,EQ,BE,2020-04-22,2020-04-23,VISASTEEL,VISASTEEL
INE287C01029,EQ,BE,2020-04-22,2020-04-23,MIC,MIC
INE293A01013,EQ,BE,2020-04-22,2020-04-23,ROLTA,ROLTA
INE391D01019,EQ,BE,2020-04-22,2020-04-23,TRF,TRF
INE421A01028,EQ,BE,2020-04-22,2020-04-23,ABAN,ABAN
INE426D01013,EQ,BE,2020-04-22,2020-04-23,GOACARBON,GOACARBON
INE440A01010,EQ,BE,2020-04-22,2020-04-23,ASHIMASYN,ASHIMASYN
INE453B01029,EQ,BE,2020-04-22,2020-04-23,COMPUSOFT,COMPUSOFT
INE501G01024,EQ,BE,2020-04-22,2020-04-23,HTMEDIA,HTMEDIA
INE526B01014,EQ,BE,2020-04-22,2020-04-23,CALSOFT,CALSOFT
INE526G01021,EQ,BE,2020-04-22,2020-04-23,VIVIMEDLAB,VIVIMEDLAB
INE550C01020,EQ,BE,2020-04-22,2020-04-23,URJA,URJA
INE561C01019,EQ,BE,2020-04-22,2020-04-23,BHARATGEAR,BHARATGEAR
INE589G01011,EQ,BE,2020-04-22,2020-04-23,BRFL,BRFL
INE591A01010,EQ,BE,2020-04-22,2020-04-23,OILCOUNTUB,OILCOUNTUB
INE596H01014,EQ,BE,2020-04-22,2020-04-23,HOVS,HOVS
INE652F01027,EQ,BE,2020-04-22,2020-04-23,CCHHL,CCHHL
INE655A01013,EQ,BE,2020-04-22,2020-04-23,STCINDIA,STCINDIA
INE662A01027,EQ,BE,2020-04-22,2020-04-23,SUPERSPIN,SUPERSPIN
INE666E01012,EQ,BE,2020-04-22,2020-04-23,ANDHRACEMT,ANDHRACEMT
INE703H01016,EQ,BE,2020-04-22,2020-04-23,HUBTOWN,HUBTOWN
INE711A01022,EQ,BE,2020-04-22,2020-04-23,WALCHANNAG,WALCHANNAG
INE726V01018,EQ,BE,2020-04-22,2020-04-23,PRICOLLTD,PRICOLLTD
INE731A01020,EQ,BE,2020-04-22,2020-04-23,ARCHIES,ARCHIES
INE749B01012,EQ,BE,2020-04-22,2020-04-23,ORTINLABSS,ORTINLABSS
INE759V01019,EQ,BE,2020-04-22,2020-04-23,TMRVL,TMRVL
INE775B01025,EQ,BE,2020-04-22,2020-04-23,KWALITY,KWALITY
INE785A01026,EQ,BE,2020-04-22,2020-04-23,JAYAGROGN,JAYAGROGN
INE796G01012,EQ,BE,2020-04-22,2020-04-23,JINDALPHOT,JINDALPHOT
INE836H01014,EQ,BE,2020-04-22,2020-04-23,MCDHOLDING,MCDHOLDING
INE840M01016,EQ,BE,2020-04-22,2020-04-23,ZUARI,ZUARI
INE848A01014,EQ,BE,2020-04-22,2020-04-23,IZMO,IZMO
INE855C01015,EQ,BE,2020-04-22,2020-04-23,WEBELSOLAR,WEBELSOLAR
INE863B01011,EQ,BE,2020-04-22,2020-04-23,PREMEXPLN,PREMEXPLN
INE890C01046,EQ,BE,2020-04-22,2020-04-23,SANWARIA,SANWARIA
INE902B01017,EQ,BE,2020-04-22,2020-04-23,S&SPOWER,S&SPOWER
INE908D01010,EQ,BE,2020-04-22,2020-04-23,SHAKTIPUMP,SHAKTIPUMP
INE942G01012,EQ,BE,2020-04-22,2020-04-23,MCLEODRUSS,MCLEODRUSS
INE965H01011,EQ,BE,2020-04-22,2020-04-23,SITINET,SITINET
INE988E01036,EQ,BE,2020-04-22,2020-04-23,JMTAUTOLTD,JMTAUTOLTD
INE970N01027,EQ,BE,2020-04-23,2020-04-24,SPCENET,SPCENET
INE997Y01019,SM,EQ,2020-04-28,2020-04-29,MITTAL,MITTAL
INE258Y01016,ST,SM,2020-04-29,2020-05-05,LGHL,LGHL
INE378D01032,EQ,BE,2020-04-29,2020-04-30,MADHUCON,MADHUCON
INE472B01011,EQ,BE,2020-04-29,2020-04-30,BLUECOAST,BLUECOAST
INE891B01012,EQ,BE,2020-04-29,2020-05-11,DCMFINSERV,DCMFINSERV
INE542Z01010,SM,EQ,2020-04-30,2020-05-27,KAPSTON,KAPSTON
INE087J01028,EQ,BE,2020-05-04,2020-05-05,GBGLOBAL,GBGLOBAL
INE860T01019,EQ,BE,2020-05-05,2020-05-08,SABEVENTS,SABEVENTS
IN9175A01010,EQ,BE,2020-05-06,2020-05-07,JISLDVREQS,JISLDVREQS
INE013A01015,EQ,BE,2020-05-06,2020-05-07,RELCAPITAL,RELCAPITAL
INE065B01013,EQ,BE,2020-05-06,2020-05-07,INDLMETER,INDLMETER
INE161L01027,EQ,BE,2020-05-06,2020-05-07,VIKASMCORP,VIKASMCORP
INE197J01017,EQ,BE,2020-05-06,2020-05-08,LPDC,LPDC
INE216D01026,EQ,BE,2020-05-06,2020-05-07,KSERASERA,KSERASERA
INE287Z01012,EQ,BE,2020-05-06,2020-05-07,GAYAHWS,GAYAHWS
INE330H01018,EQ,BE,2020-05-06,2020-05-07,RCOM,RCOM
INE336H01023,EQ,BE,2020-05-06,2020-05-07,GAYAPROJ,GAYAPROJ
INE350C01017,EQ,BE,2020-05-06,2020-05-07,OPTIEMUS,OPTIEMUS
INE398B01018,BE,EQ,2020-05-06,2020-05-12,MRO-TEK,MRO-TEK
INE411B01019,EQ,BE,2020-05-06,2020-05-07,VENUSREM,VENUSREM
INE429F01012,EQ,BE,2020-05-06,2020-05-07,SKIL,SKIL
INE436A01026,EQ,BE,2020-05-06,2020-05-07,ANSALAPI,ANSALAPI
INE449G01018,EQ,BE,2020-05-06,2020-05-07,AGRITECH,AGRITECH
INE474L01016,EQ,BE,2020-05-06,2020-05-07,OMKARCHEM,OMKARCHEM
INE524L01026,EQ,BE,2020-05-06,2020-05-07,KRIDHANINF,KRIDHANINF
INE534A01028,EQ,BE,2020-05-06,2020-05-07,GFSTEELS,GFSTEELS
INE561H01026,EQ,BE,2020-05-06,2020-05-07,PARSVNATH,PARSVNATH
INE574I01035,EQ,BE,2020-05-06,2020-05-07,ARCOTECH,ARCOTECH
INE637C01025,EQ,BE,2020-05-06,2020-05-07,POKARNA,POKARNA
INE650L01011,EQ,BE,2020-05-06,2020-05-07,BROOKS,BROOKS
INE658G01014,EQ,BE,2020-05-06,2020-05-07,SALSTEEL,SALSTEEL
INE669A01022,EQ,BE,2020-05-06,2020-05-07,INFOMEDIA,INFOMEDIA
INE713B01026,EQ,BE,2020-05-06,2020-05-07,SURYALAXMI,SURYALAXMI
INE718H01014,EQ,BE,2020-05-06,2020-05-07,AUTOIND,AUTOIND
INE735M01018,EQ,BE,2020-05-06,2020-05-07,SEPOWER,SEPOWER
INE747B01016,EQ,BE,2020-05-06,2020-05-07,NEXTMEDIA,NEXTMEDIA
INE776I01010,EQ,BE,2020-05-06,2020-05-07,MEP,MEP
INE807K01035,EQ,BE,2020-05-06,2020-05-07,SCHAND,SCHAND
INE808B01016,EQ,BE,2020-05-06,2020-05-07,OPTOCIRCUI,OPTOCIRCUI
INE854B01010,EQ,BE,2020-05-06,2020-05-07,JAYNECOIND,JAYNECOIND
INE879E01037,EQ,BE,2020-05-06,2020-05-07,KANANIIND,KANANIIND
INE912H01013,EQ,BE,2020-05-06,2020-05-07,MBLINFRA,MBLINFRA
INE927A01040,EQ,BE,2020-05-06,2020-05-07,ROLLT,ROLLT
INE968D01022,EQ,BE,2020-05-06,2020-05-07,ARSHIYA,ARSHIYA
INE226H01026,EQ,BE,2020-05-11,2020-05-12,SADBHAV,SADBHAV
INE802W01015,SM,ST,2020-05-11,2020-05-12,BOHRA,BOHRA
INE188Y01015,SM,EQ,2020-05-13,2020-05-14,VERTOZ,VERTOZ
INE176C01016,EQ,BE,2020-05-18,2020-05-19,SATHAISPAT,SATHAISPAT
INE0AEJ01013,EQ,BE,2020-05-19,2020-05-20,BIRLATYRE,BIRLATYRE
INE382T01014,SZ,SM,2020-05-20,2020-06-22,FOURTHDIM,FOURTHDIM
INE226H01026,BE,EQ,2020-05-22,2020-05-26,SADBHAV,SADBHAV
INE802W01015,ST,SM,2020-05-22,2020-05-26,BOHRA,BOHRA
INE00CA01015,BE,EQ,2020-05-26,2020-05-27,TREJHARA,TREJHARA
INE00WC01019,BE,EQ,2020-05-26,2020-05-27,AFFLE,AFFLE
INE010J01012,BE,EQ,2020-05-26,2020-05-27,TEJASNET,TEJASNET
INE015D01022,BE,EQ,2020-05-26,2020-05-27,MANAKSIA,MANAKSIA
INE016M01021,BE,EQ,2020-05-26,2020-05-27,DNAMEDIA,DNAMEDIA
INE019J01013,BE,EQ,2020-05-26,2020-05-27,SASTASUNDR,SASTASUNDR
INE022B01014,BE,EQ,2020-05-26,2020-05-27,MUKANDENGG,MUKANDENGG
INE036A01016,BE,EQ,2020-05-26,2020-05-27,RELINFRA,RELINFRA
INE039B01026,BE,EQ,2020-05-26,2020-05-27,CINEVISTA,CINEVISTA
INE039O01011,BE,EQ,2020-05-26,2020-05-27,JASH,JASH
INE043C01018,BE,EQ,2020-05-26,2020-05-27,IVP,IVP
INE045B01015,BE,EQ,2020-05-26,2020-05-27,NELCO,NELCO
INE047B01011,BE,EQ,2020-05-26,2020-05-27,GILLANDERS,GILLANDERS
INE047O01014,BE,EQ,2020-05-26,2020-05-27,NIBL,NIBL
INE052A01021,BE,EQ,2020-05-26,2020-05-27,WINDMACHIN,WINDMACHIN
INE060J01017,BE,EQ,2020-05-26,2020-05-27,FLEXITUFF,FLEXITUFF
INE063J01011,BE,EQ,2020-05-26,2020-05-29,EUROMULTI,EUROMULTI
INE071A01013,BZ,BE,2020-05-26,2023-02-23,BINANIIND,BINANIIND
INE075B01012,BE,EQ,2020-05-26,2020-05-27,SICAL,SICAL
INE083B01016,BE,EQ,2020-05-26,2020-05-27,THEMISMED,THEMISMED
INE083D01012,BE,EQ,2020-05-26,2020-05-27,BALPHARMA,BALPHARMA
INE087B01017,BE,EQ,2020-05-26,2020-05-27,ANIKINDS,ANIKINDS
INE090C01019,EQ,BE,2020-05-26,2020-06-01,STINDIA,STINDIA
INE091G01018,BE,EQ,2020-05-26,2020-05-27,JAIBALAJI,JAIBALAJI
INE093B01015,BE,EQ,2020-05-26,2020-05-27,ALPSINDUS,ALPSINDUS
INE099J01015,BE,EQ,2020-05-26,2020-05-27,JPINFRATEC,JPINFRATEC
INE100D01014,BE,EQ,2020-05-26,2020-05-28,WSI,WSI
INE110A01019,BE,EQ,2020-05-26,2020-05-27,BPL,BPL
INE111B01023,BE,EQ,2020-05-26,2020-05-27,63MOONS,63MOONS
INE116D01028,BE,EQ,2020-05-26,2020-05-27,BAGFILMS,BAGFILMS
INE122M01019,BE,EQ,2020-05-26,2020-05-27,ESSARSHPNG,ESSARSHPNG
INE128A01029,BE,EQ,2020-05-26,2020-05-27,EVEREADY,EVEREADY
INE136S01016,BE,EQ,2020-05-26,2020-05-27,NEOGEN,NEOGEN
INE138A01028,BE,EQ,2020-05-26,2020-05-27,PENINLAND,PENINLAND
INE144D01012,BE,EQ,2020-05-26,2020-05-27,CUBEXTUB,CUBEXTUB
INE155G01029,EQ,BE,2020-05-26,2020-05-27,NDTV,NDTV
INE164B01022,EQ,BE,2020-05-26,2020-05-27,KELLTONTEC,KELLTONTEC
INE170V01019,EQ,BE,2020-05-26,2020-05-27,SALASAR,SALASAR
INE172N01012,BE,EQ,2020-05-26,2020-05-27,IMAGICAA,IMAGICAA
INE187A01017,BE,EQ,2020-05-26,2020-05-27,JBFIND,JBFIND
INE190H01024,EQ,BE,2020-05-26,2020-05-27,SAKUMA,SAKUMA
INE192R01011,BE,EQ,2020-05-26,2020-05-27,DMART,DMART
INE195N01013,BE,EQ,2020-05-26,2020-05-27,PROZONINTU,PROZONINTU
INE196J01019,BE,EQ,2020-05-26,2020-05-27,OISL,OISL
INE221H01019,BE,EQ,2020-05-26,2020-05-27,GTLINFRA,GTLINFRA
INE222J01013,BE,EQ,2020-05-26,2020-05-27,RANEENGINE,RANEENGINE
INE224E01036,BE,EQ,2020-05-26,2020-05-27,SCAPDVR,SCAPDVR
INE236A01020,BE,EQ,2020-05-26,2020-05-27,HCL-INSYS,HCL-INSYS
INE240C01028,BE,EQ,2020-05-26,2020-05-27,UMESLTD,UMESLTD
INE248H01012,BE,EQ,2020-05-26,2020-05-27,ROHITFERRO,ROHITFERRO
INE263L01013,BE,EQ,2020-05-26,2020-05-27,SANGHVIFOR,SANGHVIFOR
INE267I01010,BE,EQ,2020-05-26,2020-05-27,ARSSINFRA,ARSSINFRA
INE275F01019,BE,EQ,2020-05-26,2020-05-27,HOTELRUGBY,HOTELRUGBY
INE278R01018,EQ,BE,2020-05-26,2020-05-27,KARDA,KARDA
INE286H01012,BE,EQ,2020-05-26,2020-05-27,VISASTEEL,VISASTEEL
INE287C01029,BE,EQ,2020-05-26,2020-05-27,MIC,MIC
INE293A01013,BE,EQ,2020-05-26,2020-05-27,ROLTA,ROLTA
INE302H01017,BE,EQ,2020-05-26,2020-05-27,GTNTEX,GTNTEX
INE306C01019,BE,EQ,2020-05-26,2020-05-27,ENERGYDEV,ENERGYDEV
INE318D01020,BE,EQ,2020-05-26,2020-05-27,ZENITHBIR,ZENITHBIR
INE344S01016,BE,EQ,2020-05-26,2020-05-27,INFOBEAN,INFOBEAN
INE345B01019,BE,EQ,2020-05-26,2020-05-27,CEREBRAINT,CEREBRAINT
INE350H01032,BE,EQ,2020-05-26,2020-05-27,BLKASHYAP,BLKASHYAP
INE351F01018,BE,EQ,2020-05-26,2020-05-27,JPPOWER,JPPOWER
INE364A01020,BE,EQ,2020-05-26,2020-05-27,JAYSREETEA,JAYSREETEA
INE387I01016,BE,EQ,2020-05-26,2020-05-27,MAGNUM,MAGNUM
INE391D01019,BE,EQ,2020-05-26,2020-05-27,TRF,TRF
INE393A01011,BE,EQ,2020-05-26,2020-05-27,DELTAMAGNT,DELTAMAGNT
INE414A01015,BE,EQ,2020-05-26,2020-05-27,MADRASFERT,MADRASFERT
INE421A01028,BE,EQ,2020-05-26,2020-05-27,ABAN,ABAN
INE426D01013,BE,EQ,2020-05-26,2020-05-27,GOACARBON,GOACARBON
INE440A01010,BE,EQ,2020-05-26,2020-05-27,ASHIMASYN,ASHIMASYN
INE451L01014,BE,EQ,2020-05-26,2020-05-27,MAHASTEEL,MAHASTEEL
INE453B01029,BE,EQ,2020-05-26,2020-05-27,COMPUSOFT,COMPUSOFT
INE454M01024,BE,EQ,2020-05-26,2020-05-27,NAGAFERT,NAGAFERT
INE486Y01013,EQ,BE,2020-05-26,2020-05-27,TOUCHWOOD,TOUCHWOOD
INE501G01024,BE,EQ,2020-05-26,2020-05-27,HTMEDIA,HTMEDIA
INE517B01013,BE,EQ,2020-05-26,2020-05-27,TTML,TTML
INE520H01022,EQ,BE,2020-05-26,2020-05-27,BEARDSELL,BEARDSELL
INE526B01014,BE,EQ,2020-05-26,2020-05-27,CALSOFT,CALSOFT
INE526G01021,BE,EQ,2020-05-26,2020-05-27,VIVIMEDLAB,VIVIMEDLAB
INE540A01017,BE,EQ,2020-05-26,2020-05-27,GLFL,GLFL
INE542F01012,BE,EQ,2020-05-26,2020-05-27,RNAVAL,RNAVAL
INE550C01020,BE,EQ,2020-05-26,2020-05-27,URJA,URJA
INE561C01019,BE,EQ,2020-05-26,2020-05-27,BHARATGEAR,BHARATGEAR
INE562B01019,BE,EQ,2020-05-26,2020-05-27,RAJSREESUG,RAJSREESUG
INE566K01011,EQ,BE,2020-05-26,2020-05-27,ISFT,ISFT
INE570D01018,BE,EQ,2020-05-26,2020-05-27,ARROWGREEN,ARROWGREEN
INE589G01011,BE,EQ,2020-05-26,2020-05-27,BRFL,BRFL
INE591A01010,BE,EQ,2020-05-26,2020-05-27,OILCOUNTUB,OILCOUNTUB
INE596H01014,BE,EQ,2020-05-26,2020-05-27,HOVS,HOVS
INE618N01014,BE,EQ,2020-05-26,2020-05-27,BALAXI,BALAXI
INE623A01011,BE,EQ,2020-05-26,2020-05-27,SAKHTISUG,SAKHTISUG
INE625B01014,BE,EQ,2020-05-26,2020-05-27,RANASUG,RANASUG
INE650K01021,BZ,BE,2020-05-26,2020-09-07,8KMILES,8KMILES
INE652F01027,BE,EQ,2020-05-26,2020-05-27,CCHHL,CCHHL
INE655A01013,BE,EQ,2020-05-26,2020-05-27,STCINDIA,STCINDIA
INE656K01010,BE,EQ,2020-05-26,2020-05-27,DQE,DQE
INE662A01027,BE,EQ,2020-05-26,2020-05-27,SUPERSPIN,SUPERSPIN
INE666E01012,BE,EQ,2020-05-26,2020-05-27,ANDHRACEMT,ANDHRACEMT
INE670X01014,BE,EQ,2020-05-26,2020-05-27,LASA,LASA
INE672K01025,BE,EQ,2020-05-26,2020-05-27,CNOVAPETRO,CNOVAPETRO
INE676A01019,BE,EQ,2020-05-26,2020-05-27,AGCNET,AGCNET
INE681C01015,BE,EQ,2020-05-26,2020-05-27,KEYFINSERV,KEYFINSERV
INE699A01011,BE,EQ,2020-05-26,2020-05-27,UTTAMSTL,UTTAMSTL
INE703H01016,BE,EQ,2020-05-26,2020-05-27,HUBTOWN,HUBTOWN
INE705C01020,BE,EQ,2020-05-26,2020-05-27,SHIVATEX,SHIVATEX
INE711A01022,BE,EQ,2020-05-26,2020-05-27,WALCHANNAG,WALCHANNAG
INE726L01019,BE,EQ,2020-05-26,2020-05-27,EBIXFOREX,EBIXFOREX
INE726V01018,BE,EQ,2020-05-26,2020-05-27,PRICOLLTD,PRICOLLTD
INE731A01020,BE,EQ,2020-05-26,2020-05-27,ARCHIES,ARCHIES
INE737B01033,BE,EQ,2020-05-26,2020-05-27,ADROITINFO,ADROITINFO
INE741L01018,BE,EQ,2020-05-26,2020-05-27,DUCON,DUCON
INE743C01021,BE,EQ,2020-05-26,2020-05-27,AIONJSW,AIONJSW
INE749B01012,BE,EQ,2020-05-26,2020-05-27,ORTINLABSS,ORTINLABSS
INE752G01015,BE,EQ,2020-05-26,2020-05-27,MSPL,MSPL
INE759V01019,BE,EQ,2020-05-26,2020-05-27,TMRVL,TMRVL
INE775B01025,BE,EQ,2020-05-26,2020-05-27,KWALITY,KWALITY
INE785A01026,BE,EQ,2020-05-26,2020-05-27,JAYAGROGN,JAYAGROGN
INE785M01013,BE,EQ,2020-05-26,2020-05-27,PCJEWELLER,PCJEWELLER
INE790C01014,BE,EQ,2020-05-26,2020-05-27,PATSPINLTD,PATSPINLTD
INE796G01012,BE,EQ,2020-05-26,2020-05-27,JINDALPHOT,JINDALPHOT
INE829A01014,EQ,BE,2020-05-26,2020-05-27,BIOFILCHEM,BIOFILCHEM
INE831Q01016,BE,EQ,2020-05-26,2020-05-27,BKMINDST,BKMINDST
INE834M01019,BE,EQ,2020-05-26,2020-05-27,RTNINFRA,RTNINFRA
INE835A01011,BE,EQ,2020-05-26,2020-05-27,VARDMNPOLY,VARDMNPOLY
INE836H01014,BE,EQ,2020-05-26,2020-05-27,MCDHOLDING,MCDHOLDING
INE840M01016,BE,EQ,2020-05-26,2020-05-27,ZUARI,ZUARI
INE848A01014,BE,EQ,2020-05-26,2020-05-27,IZMO,IZMO
INE855C01015,BE,EQ,2020-05-26,2020-05-27,WEBELSOLAR,WEBELSOLAR
INE863B01011,BE,EQ,2020-05-26,2020-05-27,PREMEXPLN,PREMEXPLN
INE864X01013,EQ,BE,2020-05-26,2020-05-27,DPWIRES,DPWIRES
INE871L01013,BE,EQ,2020-05-26,2020-05-27,TVVISION,TVVISION
INE878H01016,BE,EQ,2020-05-26,2020-05-27,INVENTURE,INVENTURE
INE886A01014,BE,EQ,2020-05-26,2020-05-27,IITL,IITL
INE889E01010,BE,EQ,2020-05-26,2020-05-27,PIONDIST,PIONDIST
INE908D01010,BE,EQ,2020-05-26,2020-05-27,SHAKTIPUMP,SHAKTIPUMP
INE908V01012,BE,EQ,2020-05-26,2020-05-27,LIBAS,LIBAS
INE915B01019,BE,EQ,2020-05-26,2020-05-27,INDSWFTLAB,INDSWFTLAB
INE915K01010,BE,EQ,2020-05-26,2020-05-27,AHLWEST,AHLWEST
INE966H01019,BE,EQ,2020-05-26,2020-05-27,ZEEMEDIA,ZEEMEDIA
INE976T01013,BE,EQ,2020-05-26,2020-05-27,SAGARDEEP,SAGARDEEP
INE980Y01015,EQ,BE,2020-05-26,2020-05-27,SOUTHWEST,SOUTHWEST
INE988E01036,BE,EQ,2020-05-26,2020-05-27,JMTAUTOLTD,JMTAUTOLTD
INE0AEJ01013,BE,EQ,2020-05-29,2020-06-01,BIRLATYRE,BIRLATYRE
INE230B01021,EQ,BE,2020-06-02,2020-06-04,CREATIVEYE,CREATIVEYE
INE227G01018,EQ,BE,2020-06-03,2020-06-04,INDOWIND,INDOWIND
INE337M01013,EQ,BE,2020-06-03,2020-06-04,INDOTHAI,INDOTHAI
INE425B01027,EQ,BE,2020-06-03,2020-06-04,BCG,BCG
INE429C01035,EQ,BE,2020-06-03,2020-06-04,SINTEX,SINTEX
INE542C01019,EQ,BE,2020-06-03,2020-06-04,NKIND,NKIND
INE754A01014,EQ,BE,2020-06-03,2020-06-04,SUBEX,SUBEX
INE927C01020,EQ,BE,2020-06-03,2020-06-04,DIGISPICE,DIGISPICE
INE979R01011,EQ,BE,2020-06-03,2020-06-04,SHYAMCENT,SHYAMCENT
INE043A01012,BE,EQ,2020-06-05,2020-06-08,GTL,GTL
INE068D01021,BE,EQ,2020-06-05,2020-06-08,CASTEXTECH,CASTEXTECH
INE425A01011,BE,EQ,2020-06-05,2020-06-08,METALFORGE,METALFORGE
INE472B01011,BE,EQ,2020-06-05,2020-06-08,BLUECOAST,BLUECOAST
INE788B01028,BE,EQ,2020-06-05,2020-06-08,INDSWFTLTD,INDSWFTLTD
INE988C01014,BE,EQ,2020-06-05,2020-06-08,DHARSUGAR,DHARSUGAR
INE0AEJ01013,EQ,BE,2020-06-08,2020-06-09,BIRLATYRE,BIRLATYRE
INE342A01018,EQ,BE,2020-06-10,2020-06-16,PREMIER,PREMIER
INE240C01028,EQ,BE,2020-06-11,2020-06-12,UMESLTD,UMESLTD
INE068D01021,EQ,BE,2020-06-12,2020-06-15,CASTEXTECH,CASTEXTECH
INE043A01012,EQ,BE,2020-06-15,2020-06-16,GTL,GTL
INE187A01017,EQ,BE,2020-06-15,2020-06-16,JBFIND,JBFIND
INE217G01027,EQ,BE,2020-06-15,2020-06-16,PROSEED,PROSEED
INE318D01020,EQ,BE,2020-06-15,2020-06-16,ZENITHBIR,ZENITHBIR
INE480C01012,BE,EQ,2020-06-15,2020-06-16,SDBL,SDBL
INE619A01035,BE,EQ,2020-06-15,2020-06-16,RUCHI,RUCHI
INE662C01015,EQ,BE,2020-06-15,2020-06-16,CHROMATIC,CHROMATIC
INE425A01011,EQ,BE,2020-06-16,2020-06-17,METALFORGE,METALFORGE
INE010J01012,EQ,BE,2020-06-17,2020-06-18,TEJASNET,TEJASNET
INE016M01021,EQ,BE,2020-06-17,2020-06-18,DNAMEDIA,DNAMEDIA
INE01P501012,EQ,BE,2020-06-17,2020-06-18,XELPMOC,XELPMOC
INE022B01014,EQ,BE,2020-06-17,2020-06-18,MUKANDENGG,MUKANDENGG
INE047B01011,EQ,BE,2020-06-17,2020-06-18,GILLANDERS,GILLANDERS
INE050B01023,EQ,BE,2020-06-17,2020-06-18,IVC,IVC
INE050M01012,EQ,BE,2020-06-17,2020-06-18,VSSL,VSSL
INE060J01017,EQ,BE,2020-06-17,2020-06-18,FLEXITUFF,FLEXITUFF
INE063J01011,EQ,BE,2020-06-17,2020-06-22,EUROMULTI,EUROMULTI
INE088B01015,EQ,BE,2020-06-17,2020-06-18,NATNLSTEEL,NATNLSTEEL
INE093B01015,EQ,BE,2020-06-17,2020-06-18,ALPSINDUS,ALPSINDUS
INE099J01015,EQ,BE,2020-06-17,2020-06-18,JPINFRATEC,JPINFRATEC
INE100D01014,EQ,BE,2020-06-17,2020-06-19,WSI,WSI
INE106I01010,EQ,BE,2020-06-17,2020-06-18,ANKITMETAL,ANKITMETAL
INE111B01023,EQ,BE,2020-06-17,2020-06-18,63MOONS,63MOONS
INE116D01028,EQ,BE,2020-06-17,2020-06-18,BAGFILMS,BAGFILMS
INE126M01010,EQ,BE,2020-06-17,2020-06-18,IBULISL,IBULISL
INE143H01015,EQ,BE,2020-06-17,2020-06-18,KSK,KSK
INE147P01019,EQ,BE,2020-06-17,2020-06-18,JPOLYINVST,JPOLYINVST
INE196J01019,EQ,BE,2020-06-17,2020-06-18,OISL,OISL
INE218G01033,EQ,BE,2020-06-17,2020-06-18,PALREDTEC,PALREDTEC
INE224E01036,EQ,BE,2020-06-17,2020-06-18,SCAPDVR,SCAPDVR
INE234I01010,EQ,BE,2020-06-17,2020-06-18,KAUSHALYA,KAUSHALYA
INE236A01020,EQ,BE,2020-06-17,2020-06-18,HCL-INSYS,HCL-INSYS
INE236G01019,EQ,BE,2020-06-17,2020-06-18,TVSELECT,TVSELECT
INE248H01012,EQ,BE,2020-06-17,2020-06-18,ROHITFERRO,ROHITFERRO
INE272L01022,EQ,BE,2020-06-17,2020-06-18,SURANASOL,SURANASOL
INE273D01019,EQ,BE,2020-06-17,2020-06-18,AARVEEDEN,AARVEEDEN
INE287C01029,EQ,BE,2020-06-17,2020-06-18,MIC,MIC
INE291D01011,EQ,BE,2020-06-17,2020-06-18,KDDL,KDDL
INE294A01037,EQ,BE,2020-06-17,2020-06-18,BALLARPUR,BALLARPUR
INE313D01013,EQ,BE,2020-06-17,2020-06-18,MOHOTAIND,MOHOTAIND
INE314C01013,EQ,BE,2020-06-17,2020-06-18,SOMATEX,SOMATEX
INE374B01019,EQ,BE,2020-06-17,2020-06-18,MUKTAARTS,MUKTAARTS
INE390H01012,EQ,BE,2020-06-17,2020-06-18,KAMDHENU,KAMDHENU
INE450G01024,EQ,BE,2020-06-17,2020-06-18,VIPCLOTHNG,VIPCLOTHNG
INE453B01029,EQ,BE,2020-06-17,2020-06-18,COMPUSOFT,COMPUSOFT
INE454M01024,EQ,BE,2020-06-17,2020-06-18,NAGAFERT,NAGAFERT
INE471W01019,EQ,BE,2020-06-17,2020-06-18,PALASHSECU,PALASHSECU
INE482J01021,EQ,BE,2020-06-17,2020-06-18,GAL,GAL
INE503B01013,EQ,BE,2020-06-17,2020-06-18,STEELXIND,STEELXIND
INE509K01011,EQ,BE,2020-06-17,2020-06-18,TECHNOFAB,TECHNOFAB
INE512B01022,EQ,BE,2020-06-17,2020-06-18,FCSSOFT,FCSSOFT
INE523B01011,EQ,BE,2020-06-17,2020-06-18,AKSHOPTFBR,AKSHOPTFBR
INE526A01016,EQ,BE,2020-06-17,2020-06-18,GARDENSILK,GARDENSILK
INE526G01021,EQ,BE,2020-06-17,2020-06-18,VIVIMEDLAB,VIVIMEDLAB
INE542F01012,EQ,BE,2020-06-17,2020-06-18,RNAVAL,RNAVAL
INE544H01014,EQ,BE,2020-06-17,2020-06-18,JHS,JHS
INE550C01020,EQ,BE,2020-06-17,2020-06-18,URJA,URJA
INE562B01019,EQ,BE,2020-06-17,2020-06-18,RAJSREESUG,RAJSREESUG
INE570D01018,EQ,BE,2020-06-17,2020-06-18,ARROWGREEN,ARROWGREEN
INE587G01015,EQ,BE,2020-06-17,2020-06-18,KAYA,KAYA
INE590L01019,EQ,BE,2020-06-17,2020-06-18,VASWANI,VASWANI
INE591A01010,EQ,BE,2020-06-17,2020-06-18,OILCOUNTUB,OILCOUNTUB
INE609C01024,EQ,BE,2020-06-17,2020-06-18,ORIENTLTD,ORIENTLTD
INE623A01011,EQ,BE,2020-06-17,2020-06-18,SAKHTISUG,SAKHTISUG
INE625B01014,EQ,BE,2020-06-17,2020-06-18,RANASUG,RANASUG
INE636A01039,EQ,BE,2020-06-17,2020-06-18,MAWANASUG,MAWANASUG
INE637H01024,EQ,BE,2020-06-17,2020-06-18,SHIVAMAUTO,SHIVAMAUTO
INE640C01011,EQ,BE,2020-06-17,2020-06-18,SHAHALLOYS,SHAHALLOYS
INE643K01018,EQ,BE,2020-06-17,2020-06-18,ARIHANTSUP,ARIHANTSUP
INE645W01026,EQ,BE,2020-06-17,2020-06-18,AIRAN,AIRAN
INE652F01027,EQ,BE,2020-06-17,2020-06-18,CCHHL,CCHHL
INE656K01010,EQ,BE,2020-06-17,2020-06-18,DQE,DQE
INE662A01027,EQ,BE,2020-06-17,2020-06-18,SUPERSPIN,SUPERSPIN
INE666E01012,EQ,BE,2020-06-17,2020-06-18,ANDHRACEMT,ANDHRACEMT
INE729D01010,EQ,BE,2020-06-17,2020-06-18,KILITCH,KILITCH
INE732F01019,EQ,BE,2020-06-17,2020-06-18,ISMTLTD,ISMTLTD
INE742C01031,EQ,BE,2020-06-17,2020-06-18,JINDRILL,JINDRILL
INE748T01016,EQ,BE,2020-06-17,2020-06-18,SIMBHALS,SIMBHALS
INE750A01020,EQ,BE,2020-06-17,2020-06-18,ORIENTHOT,ORIENTHOT
INE752G01015,EQ,BE,2020-06-17,2020-06-18,MSPL,MSPL
INE759V01019,EQ,BE,2020-06-17,2020-06-18,TMRVL,TMRVL
INE775B01025,EQ,BE,2020-06-17,2020-06-18,KWALITY,KWALITY
INE781B01015,EQ,BE,2020-06-17,2020-06-18,NOIDATOLL,NOIDATOLL
INE788B01028,EQ,BE,2020-06-17,2020-06-18,INDSWFTLTD,INDSWFTLTD
INE790C01014,EQ,BE,2020-06-17,2020-06-18,PATSPINLTD,PATSPINLTD
INE797H01018,EQ,BE,2020-06-17,2020-06-18,TGBHOTELS,TGBHOTELS
INE804H01012,EQ,BE,2020-06-17,2020-06-18,TFL,TFL
INE817H01014,EQ,BE,2020-06-17,2020-06-18,BURNPUR,BURNPUR
INE831A01028,EQ,BE,2020-06-17,2020-06-18,MIRCELECTR,MIRCELECTR
INE831Q01016,EQ,BE,2020-06-17,2020-06-18,BKMINDST,BKMINDST
INE834I01025,EQ,BE,2020-06-17,2020-06-18,KHADIM,KHADIM
INE834M01019,EQ,BE,2020-06-17,2020-06-18,RTNINFRA,RTNINFRA
INE835A01011,EQ,BE,2020-06-17,2020-06-18,VARDMNPOLY,VARDMNPOLY
INE861B01015,EQ,BE,2020-06-17,2020-06-18,MOTOGENFIN,MOTOGENFIN
INE867A01022,EQ,BE,2020-06-17,2020-06-18,MANUGRAPH,MANUGRAPH
INE871B01014,EQ,BE,2020-06-17,2020-06-18,ZICOM,ZICOM
INE900C01027,EQ,BE,2020-06-17,2020-06-18,ASAL,ASAL
INE908D01010,EQ,BE,2020-06-17,2020-06-18,SHAKTIPUMP,SHAKTIPUMP
INE952A01022,EQ,BE,2020-06-17,2020-06-18,HINDNATGLS,HINDNATGLS
INE966H01019,EQ,BE,2020-06-17,2020-06-18,ZEEMEDIA,ZEEMEDIA
INE988C01014,EQ,BE,2020-06-17,2020-06-18,DHARSUGAR,DHARSUGAR
INE988E01036,EQ,BE,2020-06-17,2020-06-18,JMTAUTOLTD,JMTAUTOLTD
INE998H01012,EQ,BE,2020-06-17,2020-06-18,ORIENTALTL,ORIENTALTL
INE224E01028,EQ,BE,2020-06-18,2020-06-19,STAMPEDE,STAMPEDE
INE540A01017,EQ,BE,2020-06-18,2020-06-22,GLFL,GLFL
INE0AEJ01013,BE,EQ,2020-06-19,2020-06-22,BIRLATYRE,BIRLATYRE
INE562X01013,SM,EQ,2020-06-19,2020-06-22,UNIVASTU,UNIVASTU
INE614Z01017,SZ,ST,2020-06-22,2021-01-05,GIRIRAJ,GIRIRAJ
INE964B01033,BE,EQ,2020-06-22,2020-06-23,ALCHEM,ALCHEM
INE370E01029,EQ,BE,2020-06-23,2020-06-24,VIVIDHA,VIVIDHA
INE754X01016,SM,EQ,2020-06-23,2020-06-24,AARVI,AARVI
INE472B01011,EQ,BE,2020-06-24,2020-06-25,BLUECOAST,BLUECOAST
INE221H01019,EQ,BE,2020-06-29,2020-06-30,GTLINFRA,GTLINFRA
INE022C01012,EQ,BE,2020-06-30,2020-07-02,EUROTEXIND,EUROTEXIND
INE047O01014,EQ,BE,2020-07-01,2020-07-02,NIBL,NIBL
INE08ZM01014,EQ,BE,2020-07-01,2020-07-02,GREENPANEL,GREENPANEL
INE093R01011,EQ,BE,2020-07-01,2020-07-02,LSIL,LSIL
INE108E01023,EQ,BE,2020-07-01,2020-07-02,SUNDARAM,SUNDARAM
INE110A01019,EQ,BE,2020-07-01,2020-07-02,BPL,BPL
INE159N01027,EQ,BE,2020-07-01,2020-07-02,VIJIFIN,VIJIFIN
INE172N01012,EQ,BE,2020-07-01,2020-07-02,IMAGICAA,IMAGICAA
INE181G01025,EQ,BE,2020-07-01,2020-07-02,GAMMNINFRA,GAMMNINFRA
INE201J01017,EQ,BE,2020-07-01,2020-07-02,LGBFORGE,LGBFORGE
INE235C01010,EQ,BE,2020-07-01,2020-07-02,SUMEETINDS,SUMEETINDS
INE239D01028,EQ,BE,2020-07-01,2020-07-02,OMMETALS,OMMETALS
INE275F01019,EQ,BE,2020-07-01,2020-07-02,HOTELRUGBY,HOTELRUGBY
INE286H01012,EQ,BE,2020-07-01,2020-07-02,VISASTEEL,VISASTEEL
INE293A01013,EQ,BE,2020-07-01,2020-07-02,ROLTA,ROLTA
INE304A01026,EQ,BE,2020-07-01,2020-07-02,MUKANDLTD,MUKANDLTD
INE333I01036,EQ,BE,2020-07-01,2020-07-02,NTL,NTL
INE387I01016,EQ,BE,2020-07-01,2020-07-02,MAGNUM,MAGNUM
INE395A01016,EQ,BE,2020-07-01,2020-07-02,BSELINFRA,BSELINFRA
INE418N01027,EQ,BE,2020-07-01,2020-07-02,INTEGRA,INTEGRA
INE424C01010,EQ,BE,2020-07-01,2020-07-02,GINNIFILA,GINNIFILA
INE440A01010,EQ,BE,2020-07-01,2020-07-02,ASHIMASYN,ASHIMASYN
INE445C01015,EQ,BE,2020-07-01,2020-07-02,XPROINDIA,XPROINDIA
INE446C01013,EQ,BE,2020-07-01,2020-07-02,GLOBOFFS,GLOBOFFS
INE452L01012,EQ,BE,2020-07-01,2020-07-02,ADHUNIKIND,ADHUNIKIND
INE460C01014,EQ,BE,2020-07-01,2020-07-02,GANESHHOUC,GANESHHOUC
INE537A01013,EQ,BE,2020-07-01,2020-07-02,GTNIND,GTNIND
INE546Y01022,EQ,BE,2020-07-01,2020-07-02,PRAXIS,PRAXIS
INE589G01011,EQ,BE,2020-07-01,2020-07-02,BRFL,BRFL
INE600A01035,EQ,BE,2020-07-01,2020-07-02,PILITA,PILITA
INE670X01014,EQ,BE,2020-07-01,2020-07-02,LASA,LASA
INE672K01025,EQ,BE,2020-07-01,2020-07-02,CNOVAPETRO,CNOVAPETRO
INE699A01011,EQ,BE,2020-07-01,2020-07-02,UTTAMSTL,UTTAMSTL
INE749B01012,EQ,BE,2020-07-01,2020-07-02,ORTINLABSS,ORTINLABSS
INE778A01021,EQ,BE,2020-07-01,2020-07-02,TECHIN,TECHIN
INE791A01024,EQ,BE,2020-07-01,2020-07-02,BLBLIMITED,BLBLIMITED
INE819L01012,EQ,BE,2020-07-01,2020-07-02,ELGIRUBCO,ELGIRUBCO
INE844A01013,EQ,BE,2020-07-01,2020-07-02,PEARLPOLY,PEARLPOLY
INE855C01015,EQ,BE,2020-07-01,2020-07-02,WEBELSOLAR,WEBELSOLAR
INE863B01011,EQ,BE,2020-07-01,2020-07-02,PREMEXPLN,PREMEXPLN
INE864B01027,EQ,BE,2020-07-01,2020-07-02,UMANGDAIRY,UMANGDAIRY
INE871L01013,EQ,BE,2020-07-01,2020-07-02,TVVISION,TVVISION
INE875R01011,EQ,BE,2020-07-01,2020-07-02,BALKRISHNA,BALKRISHNA
INE880B01015,EQ,BE,2020-07-01,2020-07-02,ANSALHSG,ANSALHSG
INE911B01018,EQ,BE,2020-07-01,2020-07-02,TCIFINANCE,TCIFINANCE
INE933A01014,EQ,BE,2020-07-01,2020-07-02,LYKALABS,LYKALABS
INE962C01027,EQ,BE,2020-07-01,2020-07-02,EASTSILK,EASTSILK
INE203Y01012,SM,EQ,2020-07-02,2020-07-08,SILLYMONKS,SILLYMONKS
INE0AEJ01013,EQ,BE,2020-07-03,2020-07-06,BIRLATYRE,BIRLATYRE
INE221H01019,BE,EQ,2020-07-10,2020-07-13,GTLINFRA,GTLINFRA
INE065J01016,EQ,BE,2020-07-13,2020-07-24,GISOLUTION,GISOLUTION
INE03JI01017,EQ,BE,2020-07-15,2020-07-16,DGCONTENT,DGCONTENT
INE077B01018,EQ,BE,2020-07-15,2020-07-16,ZODJRDMKJ,ZODJRDMKJ
INE661I01014,EQ,BE,2020-07-15,2020-07-16,BGRENERGY,BGRENERGY
INE850E01012,EQ,BE,2020-07-15,2020-07-16,LFIC,LFIC
INE874F01027,EQ,BE,2020-07-15,2020-07-20,RADAAN,RADAAN
INE737B01033,EQ,BE,2020-07-16,2020-07-17,ADROITINFO,ADROITINFO
INE0AEJ01013,BE,EQ,2020-07-17,2020-07-20,BIRLATYRE,BIRLATYRE
INE0D6I01015,ST,SM,2020-07-17,2020-07-20,KSOLVES,KSOLVES
INE500X01013,SM,ST,2020-07-17,2020-07-20,LEXUS,LEXUS
INE474B01017,BE,EQ,2020-07-20,2020-07-21,PSL,PSL
INE784B01035,BZ,BE,2020-07-20,2023-09-26,WINSOME,WINSOME
INE619A01035,EQ,BE,2020-07-22,2020-07-23,RUCHI,RUCHI
INE650Z01011,SM,SZ,2020-07-22,2021-01-07,POWERFUL,POWERFUL
INE982F01036,EQ,BE,2020-07-22,2020-07-23,HATHWAY,HATHWAY
INE065J01016,BE,EQ,2020-07-24,2020-09-17,GISOLUTION,GISOLUTION
INE369C01017,EQ,BE,2020-07-29,2020-07-30,NORBTEAEXP,NORBTEAEXP
INE196Y01018,SM,EQ,2020-07-31,2020-08-04,WORTH,WORTH
INE500X01013,ST,SM,2020-07-31,2020-08-03,LEXUS,LEXUS
INE319Y01016,SM,EQ,2020-08-03,2020-08-04,TIRUPATIFL,TIRUPATIFL
INE425A01011,BE,EQ,2020-08-07,2020-08-10,METALFORGE,METALFORGE
INE429I01024,BE,EQ,2020-08-07,2020-08-10,CCCL,CCCL
INE970N01027,BE,EQ,2020-08-07,2020-08-10,SPCENET,SPCENET
INE07OG01012,BE,EQ,2020-08-12,2020-08-13,NDRAUTO,NDRAUTO
INE301Z01011,SM,SZ,2020-08-12,2021-02-03,SONISOYA,SONISOYA
INE391D01019,EQ,BE,2020-08-13,2020-08-14,TRF,TRF
INE022C01012,BE,EQ,2020-08-14,2020-08-18,EUROTEXIND,EUROTEXIND
IN9175A01010,BE,EQ,2020-08-17,2020-08-18,JISLDVREQS,JISLDVREQS
INE010J01012,BE,EQ,2020-08-17,2020-08-18,TEJASNET,TEJASNET
INE013A01015,BE,EQ,2020-08-17,2020-08-18,RELCAPITAL,RELCAPITAL
INE016M01021,BE,EQ,2020-08-17,2020-08-18,DNAMEDIA,DNAMEDIA
INE022B01014,BE,EQ,2020-08-17,2020-08-18,MUKANDENGG,MUKANDENGG
INE023M01027,BE,EQ,2020-08-17,2020-08-18,SETUINFRA,SETUINFRA
INE03JI01017,BE,EQ,2020-08-17,2020-08-18,DGCONTENT,DGCONTENT
INE03V001013,EQ,BE,2020-08-17,2020-08-18,UNIVPHOTO,UNIVPHOTO
INE047B01011,BE,EQ,2020-08-17,2020-08-18,GILLANDERS,GILLANDERS
INE047O01014,BE,EQ,2020-08-17,2020-08-18,NIBL,NIBL
INE050M01012,BE,EQ,2020-08-17,2020-08-18,VSSL,VSSL
INE060J01017,BE,EQ,2020-08-17,2020-08-18,FLEXITUFF,FLEXITUFF
INE063J01011,BE,EQ,2020-08-17,2020-08-18,EUROMULTI,EUROMULTI
INE065B01013,BE,EQ,2020-08-17,2020-08-18,INDLMETER,INDLMETER
INE077B01018,BE,EQ,2020-08-17,2020-08-18,ZODJRDMKJ,ZODJRDMKJ
INE087J01028,BE,EQ,2020-08-17,2020-08-18,GBGLOBAL,GBGLOBAL
INE088B01015,BE,EQ,2020-08-17,2020-08-18,NATNLSTEEL,NATNLSTEEL
INE08ZM01014,BE,EQ,2020-08-17,2020-08-18,GREENPANEL,GREENPANEL
INE090C01019,BE,EQ,2020-08-17,2020-08-18,STINDIA,STINDIA
INE093B01015,BE,EQ,2020-08-17,2020-08-18,ALPSINDUS,ALPSINDUS
INE093R01011,BE,EQ,2020-08-17,2020-08-18,LSIL,LSIL
INE099J01015,BE,EQ,2020-08-17,2020-08-18,JPINFRATEC,JPINFRATEC
INE100D01014,BE,EQ,2020-08-17,2020-08-18,WSI,WSI
INE106I01010,BE,EQ,2020-08-17,2020-08-18,ANKITMETAL,ANKITMETAL
INE108E01023,BE,EQ,2020-08-17,2020-08-18,SUNDARAM,SUNDARAM
INE110A01019,BE,EQ,2020-08-17,2020-08-18,BPL,BPL
INE111B01023,BE,EQ,2020-08-17,2020-08-18,63MOONS,63MOONS
INE116D01028,BE,EQ,2020-08-17,2020-08-18,BAGFILMS,BAGFILMS
INE126M01010,BE,EQ,2020-08-17,2020-08-18,IBULISL,IBULISL
INE147P01019,BE,EQ,2020-08-17,2020-08-18,JPOLYINVST,JPOLYINVST
INE155G01029,BE,EQ,2020-08-17,2020-08-18,NDTV,NDTV
INE159N01027,BE,EQ,2020-08-17,2020-08-18,VIJIFIN,VIJIFIN
INE161L01027,BE,EQ,2020-08-17,2020-08-18,VIKASMCORP,VIKASMCORP
INE164B01022,BE,EQ,2020-08-17,2020-08-18,KELLTONTEC,KELLTONTEC
INE170V01019,BE,EQ,2020-08-17,2020-08-18,SALASAR,SALASAR
INE172N01012,BE,EQ,2020-08-17,2020-08-18,IMAGICAA,IMAGICAA
INE175A01038,BE,EQ,2020-08-17,2020-08-18,JISLJALEQS,JISLJALEQS
INE181G01025,BE,EQ,2020-08-17,2020-08-18,GAMMNINFRA,GAMMNINFRA
INE190H01024,BE,EQ,2020-08-17,2020-08-18,SAKUMA,SAKUMA
INE196J01019,BE,EQ,2020-08-17,2020-08-18,OISL,OISL
INE197J01017,BE,EQ,2020-08-17,2020-08-18,LPDC,LPDC
INE201J01017,BE,EQ,2020-08-17,2020-08-18,LGBFORGE,LGBFORGE
INE216D01026,BE,EQ,2020-08-17,2020-08-18,KSERASERA,KSERASERA
INE217K01011,BE,EQ,2020-08-17,2020-08-18,RHFL,RHFL
INE218G01033,BE,EQ,2020-08-17,2020-08-18,PALREDTEC,PALREDTEC
INE227G01018,BE,EQ,2020-08-17,2020-08-18,INDOWIND,INDOWIND
INE230B01021,BE,EQ,2020-08-17,2020-08-18,CREATIVEYE,CREATIVEYE
INE235C01010,BE,EQ,2020-08-17,2020-08-18,SUMEETINDS,SUMEETINDS
INE236A01020,BE,EQ,2020-08-17,2020-08-18,HCL-INSYS,HCL-INSYS
INE236G01019,BE,EQ,2020-08-17,2020-08-18,TVSELECT,TVSELECT
INE239D01028,BE,EQ,2020-08-17,2020-08-18,OMMETALS,OMMETALS
INE248H01012,BE,EQ,2020-08-17,2020-08-18,ROHITFERRO,ROHITFERRO
INE270I01014,EQ,BE,2020-08-17,2020-08-18,VISHNU,VISHNU
INE272L01022,BE,EQ,2020-08-17,2020-08-18,SURANASOL,SURANASOL
INE273D01019,BE,EQ,2020-08-17,2020-08-18,AARVEEDEN,AARVEEDEN
INE275F01019,BE,EQ,2020-08-17,2020-08-18,HOTELRUGBY,HOTELRUGBY
INE286H01012,BE,EQ,2020-08-17,2020-08-18,VISASTEEL,VISASTEEL
INE291D01011,BE,EQ,2020-08-17,2020-08-18,KDDL,KDDL
INE292A01023,BE,EQ,2020-08-17,2020-08-18,UVSL,UVSL
INE293A01013,BE,EQ,2020-08-17,2020-08-18,ROLTA,ROLTA
INE304A01026,BE,EQ,2020-08-17,2020-08-18,MUKANDLTD,MUKANDLTD
INE313D01013,BE,EQ,2020-08-17,2020-08-18,MOHOTAIND,MOHOTAIND
INE314C01013,BE,EQ,2020-08-17,2020-08-18,SOMATEX,SOMATEX
INE333I01036,BE,EQ,2020-08-17,2020-08-18,NTL,NTL
INE336H01023,BE,EQ,2020-08-17,2020-08-18,GAYAPROJ,GAYAPROJ
INE337M01013,BE,EQ,2020-08-17,2020-08-18,INDOTHAI,INDOTHAI
INE350C01017,BE,EQ,2020-08-17,2020-08-18,OPTIEMUS,OPTIEMUS
INE350H01032,EQ,BE,2020-08-17,2020-08-18,BLKASHYAP,BLKASHYAP
INE374B01019,BE,EQ,2020-08-17,2020-08-18,MUKTAARTS,MUKTAARTS
INE387I01016,BE,EQ,2020-08-17,2020-08-18,MAGNUM,MAGNUM
INE390H01012,BE,EQ,2020-08-17,2020-08-18,KAMDHENU,KAMDHENU
INE395A01016,BE,EQ,2020-08-17,2020-08-18,BSELINFRA,BSELINFRA
INE412U01017,EQ,BE,2020-08-17,2020-08-18,BIGBLOC,BIGBLOC
INE424C01010,BE,EQ,2020-08-17,2020-08-18,GINNIFILA,GINNIFILA
INE425B01027,BE,EQ,2020-08-17,2020-08-18,BCG,BCG
INE429C01035,BE,EQ,2020-08-17,2020-08-18,SINTEX,SINTEX
INE429F01012,BE,EQ,2020-08-17,2020-08-18,SKIL,SKIL
INE429I01024,EQ,BE,2020-08-17,2020-08-18,CCCL,CCCL
INE436A01026,BE,EQ,2020-08-17,2020-08-18,ANSALAPI,ANSALAPI
INE440A01010,BE,EQ,2020-08-17,2020-08-18,ASHIMASYN,ASHIMASYN
INE445C01015,BE,EQ,2020-08-17,2020-08-18,XPROINDIA,XPROINDIA
INE446C01013,BE,EQ,2020-08-17,2020-08-18,GLOBOFFS,GLOBOFFS
INE449G01018,BE,EQ,2020-08-17,2020-08-18,AGRITECH,AGRITECH
INE450G01024,BE,EQ,2020-08-17,2020-08-18,VIPCLOTHNG,VIPCLOTHNG
INE452L01012,BE,EQ,2020-08-17,2020-08-18,ADHUNIKIND,ADHUNIKIND
INE453B01029,BE,EQ,2020-08-17,2020-08-18,COMPUSOFT,COMPUSOFT
INE454M01024,BE,EQ,2020-08-17,2020-08-18,NAGAFERT,NAGAFERT
INE460C01014,BE,EQ,2020-08-17,2020-08-18,GANESHHOUC,GANESHHOUC
INE471W01019,BE,EQ,2020-08-17,2020-08-18,PALASHSECU,PALASHSECU
INE474B01017,EQ,BE,2020-08-17,2020-08-18,PSL,PSL
INE474L01016,BE,EQ,2020-08-17,2020-08-18,OMKARCHEM,OMKARCHEM
INE482J01021,BE,EQ,2020-08-17,2020-08-18,GAL,GAL
INE486Y01013,BE,EQ,2020-08-17,2020-08-18,TOUCHWOOD,TOUCHWOOD
INE501W01021,BE,EQ,2020-08-17,2020-08-18,SPTL,SPTL
INE503B01013,BE,EQ,2020-08-17,2020-08-18,STEELXIND,STEELXIND
INE509K01011,BE,EQ,2020-08-17,2020-08-18,TECHNOFAB,TECHNOFAB
INE512B01022,BE,EQ,2020-08-17,2020-08-18,FCSSOFT,FCSSOFT
INE520H01022,BE,EQ,2020-08-17,2020-08-18,BEARDSELL,BEARDSELL
INE523B01011,BE,EQ,2020-08-17,2020-08-18,AKSHOPTFBR,AKSHOPTFBR
INE524L01026,BE,EQ,2020-08-17,2020-08-18,KRIDHANINF,KRIDHANINF
INE526G01021,BE,EQ,2020-08-17,2020-08-18,VIVIMEDLAB,VIVIMEDLAB
INE534A01028,BE,EQ,2020-08-17,2020-08-18,GFSTEELS,GFSTEELS
INE537A01013,BE,EQ,2020-08-17,2020-08-18,GTNIND,GTNIND
INE542C01019,BE,EQ,2020-08-17,2020-08-18,NKIND,NKIND
INE542F01012,BE,EQ,2020-08-17,2020-08-18,RNAVAL,RNAVAL
INE544H01014,BE,EQ,2020-08-17,2020-08-18,JHS,JHS
INE546Y01022,BE,EQ,2020-08-17,2020-08-18,PRAXIS,PRAXIS
INE550C01020,BE,EQ,2020-08-17,2020-08-18,URJA,URJA
INE561H01026,BE,EQ,2020-08-17,2020-08-18,PARSVNATH,PARSVNATH
INE562B01019,BE,EQ,2020-08-17,2020-08-18,RAJSREESUG,RAJSREESUG
INE566K01011,BE,EQ,2020-08-17,2020-08-18,ISFT,ISFT
INE570D01018,BE,EQ,2020-08-17,2020-08-18,ARROWGREEN,ARROWGREEN
INE579C01029,EQ,BE,2020-08-17,2020-08-18,VIMTALABS,VIMTALABS
INE584F01014,BE,EQ,2020-08-17,2020-08-18,MANGALAM,MANGALAM
INE587G01015,BE,EQ,2020-08-17,2020-08-18,KAYA,KAYA
INE589G01011,BE,EQ,2020-08-17,2020-08-18,BRFL,BRFL
INE590L01019,BE,EQ,2020-08-17,2020-08-18,VASWANI,VASWANI
INE591A01010,BE,EQ,2020-08-17,2020-08-18,OILCOUNTUB,OILCOUNTUB
INE600A01035,BE,EQ,2020-08-17,2020-08-18,PILITA,PILITA
INE609C01024,BE,EQ,2020-08-17,2020-08-18,ORIENTLTD,ORIENTLTD
INE618L01018,EQ,BE,2020-08-17,2020-08-18,5PAISA,5PAISA
INE618N01014,EQ,BE,2020-08-17,2020-08-18,BALAXI,BALAXI
INE623A01011,BE,EQ,2020-08-17,2020-08-18,SAKHTISUG,SAKHTISUG
INE636A01039,BE,EQ,2020-08-17,2020-08-18,MAWANASUG,MAWANASUG
INE637C01025,BE,EQ,2020-08-17,2020-08-18,POKARNA,POKARNA
INE637H01024,BE,EQ,2020-08-17,2020-08-18,SHIVAMAUTO,SHIVAMAUTO
INE640C01011,BE,EQ,2020-08-17,2020-08-18,SHAHALLOYS,SHAHALLOYS
INE643K01018,BE,EQ,2020-08-17,2020-08-18,ARIHANTSUP,ARIHANTSUP
INE645W01026,BE,EQ,2020-08-17,2020-08-18,AIRAN,AIRAN
INE650L01011,BE,EQ,2020-08-17,2020-08-18,BROOKS,BROOKS
INE652F01027,BE,EQ,2020-08-17,2020-08-18,CCHHL,CCHHL
INE656K01010,BE,EQ,2020-08-17,2020-08-18,DQE,DQE
INE658G01014,BE,EQ,2020-08-17,2020-08-18,SALSTEEL,SALSTEEL
INE661I01014,BE,EQ,2020-08-17,2020-08-18,BGRENERGY,BGRENERGY
INE662A01027,BE,EQ,2020-08-17,2020-08-18,SUPERSPIN,SUPERSPIN
INE666E01012,BE,EQ,2020-08-17,2020-08-18,ANDHRACEMT,ANDHRACEMT
INE669X01016,EQ,BE,2020-08-17,2020-08-18,GEEKAYWIRE,GEEKAYWIRE
INE670X01014,BE,EQ,2020-08-17,2020-08-18,LASA,LASA
INE672K01025,BE,EQ,2020-08-17,2020-08-18,CNOVAPETRO,CNOVAPETRO
INE696K01024,BE,EQ,2020-08-17,2020-08-18,PRAKASHSTL,PRAKASHSTL
INE699A01011,BE,EQ,2020-08-17,2020-08-18,UTTAMSTL,UTTAMSTL
INE713B01026,BE,EQ,2020-08-17,2020-08-18,SURYALAXMI,SURYALAXMI
INE718H01014,BE,EQ,2020-08-17,2020-08-18,AUTOIND,AUTOIND
INE729D01010,BE,EQ,2020-08-17,2020-08-18,KILITCH,KILITCH
INE732F01019,BE,EQ,2020-08-17,2020-08-18,ISMTLTD,ISMTLTD
INE735M01018,BE,EQ,2020-08-17,2020-08-18,SEPOWER,SEPOWER
INE742C01031,BE,EQ,2020-08-17,2020-08-18,JINDRILL,JINDRILL
INE747B01016,BE,EQ,2020-08-17,2020-08-18,NEXTMEDIA,NEXTMEDIA
INE748T01016,BE,EQ,2020-08-17,2020-08-18,SIMBHALS,SIMBHALS
INE748Z01013,BE,EQ,2020-08-17,2020-08-18,SUMIT,SUMIT
INE749B01012,BE,EQ,2020-08-17,2020-08-18,ORTINLABSS,ORTINLABSS
INE750A01020,BE,EQ,2020-08-17,2020-08-18,ORIENTHOT,ORIENTHOT
INE752G01015,BE,EQ,2020-08-17,2020-08-18,MSPL,MSPL
INE754A01014,BE,EQ,2020-08-17,2020-08-18,SUBEX,SUBEX
INE757B01015,EQ,BE,2020-08-17,2020-08-18,SHREYAS,SHREYAS
INE759V01019,BE,EQ,2020-08-17,2020-08-18,TMRVL,TMRVL
INE775B01025,BE,EQ,2020-08-17,2020-08-18,KWALITY,KWALITY
INE776I01010,BE,EQ,2020-08-17,2020-08-18,MEP,MEP
INE778A01021,BE,EQ,2020-08-17,2020-08-18,TECHIN,TECHIN
INE781B01015,BE,EQ,2020-08-17,2020-08-18,NOIDATOLL,NOIDATOLL
INE788B01028,BE,EQ,2020-08-17,2020-08-18,INDSWFTLTD,INDSWFTLTD
INE790C01014,BE,EQ,2020-08-17,2020-08-18,PATSPINLTD,PATSPINLTD
INE791A01024,BE,EQ,2020-08-17,2020-08-18,BLBLIMITED,BLBLIMITED
INE797H01018,BE,EQ,2020-08-17,2020-08-18,TGBHOTELS,TGBHOTELS
INE804H01012,BE,EQ,2020-08-17,2020-08-18,TFL,TFL
INE806A01020,EQ,BE,2020-08-17,2020-08-18,VIKASECO,VIKASECO
INE807K01035,BE,EQ,2020-08-17,2020-08-18,SCHAND,SCHAND
INE808B01016,BE,EQ,2020-08-17,2020-08-18,OPTOCIRCUI,OPTOCIRCUI
INE817H01014,BE,EQ,2020-08-17,2020-08-18,BURNPUR,BURNPUR
INE819L01012,BE,EQ,2020-08-17,2020-08-18,ELGIRUBCO,ELGIRUBCO
INE831A01028,BE,EQ,2020-08-17,2020-08-18,MIRCELECTR,MIRCELECTR
INE831Q01016,BE,EQ,2020-08-17,2020-08-18,BKMINDST,BKMINDST
INE834I01025,BE,EQ,2020-08-17,2020-08-18,KHADIM,KHADIM
INE834M01019,BE,EQ,2020-08-17,2020-08-18,RTNINFRA,RTNINFRA
INE835A01011,BE,EQ,2020-08-17,2020-08-18,VARDMNPOLY,VARDMNPOLY
INE844A01013,BE,EQ,2020-08-17,2020-08-18,PEARLPOLY,PEARLPOLY
INE850E01012,BE,EQ,2020-08-17,2020-08-18,LFIC,LFIC
INE854B01010,BE,EQ,2020-08-17,2020-08-18,JAYNECOIND,JAYNECOIND
INE855C01015,BE,EQ,2020-08-17,2020-08-18,WEBELSOLAR,WEBELSOLAR
INE860T01019,BE,EQ,2020-08-17,2020-08-18,SABEVENTS,SABEVENTS
INE861B01023,BE,EQ,2020-08-17,2020-08-18,MOTOGENFIN,MOTOGENFIN
INE863B01011,BE,EQ,2020-08-17,2020-08-18,PREMEXPLN,PREMEXPLN
INE864B01027,BE,EQ,2020-08-17,2020-08-18,UMANGDAIRY,UMANGDAIRY
INE864X01013,BE,EQ,2020-08-17,2020-08-18,DPWIRES,DPWIRES
INE867A01022,BE,EQ,2020-08-17,2020-08-18,MANUGRAPH,MANUGRAPH
INE871B01014,BE,EQ,2020-08-17,2020-08-18,ZICOM,ZICOM
INE871L01013,BE,EQ,2020-08-17,2020-08-18,TVVISION,TVVISION
INE875R01011,BE,EQ,2020-08-17,2020-08-18,BALKRISHNA,BALKRISHNA
INE879E01037,BE,EQ,2020-08-17,2020-08-18,KANANIIND,KANANIIND
INE880B01015,BE,EQ,2020-08-17,2020-08-18,ANSALHSG,ANSALHSG
INE890C01046,BE,EQ,2020-08-17,2020-08-18,SANWARIA,SANWARIA
INE900C01027,BE,EQ,2020-08-17,2020-08-18,ASAL,ASAL
INE902B01017,BE,EQ,2020-08-17,2020-08-18,S&SPOWER,S&SPOWER
INE908D01010,BE,EQ,2020-08-17,2020-08-18,SHAKTIPUMP,SHAKTIPUMP
INE911B01018,BE,EQ,2020-08-17,2020-08-18,TCIFINANCE,TCIFINANCE
INE912H01013,BE,EQ,2020-08-17,2020-08-18,MBLINFRA,MBLINFRA
INE927C01020,BE,EQ,2020-08-17,2020-08-18,DIGISPICE,DIGISPICE
INE933A01014,BE,EQ,2020-08-17,2020-08-18,LYKALABS,LYKALABS
INE934B01028,BE,EQ,2020-08-17,2020-08-18,MERCATOR,MERCATOR
INE952A01022,BE,EQ,2020-08-17,2020-08-18,HINDNATGLS,HINDNATGLS
INE962C01027,BE,EQ,2020-08-17,2020-08-18,EASTSILK,EASTSILK
INE965H01011,BE,EQ,2020-08-17,2020-08-18,SITINET,SITINET
INE966H01019,BE,EQ,2020-08-17,2020-08-18,ZEEMEDIA,ZEEMEDIA
INE968D01022,BE,EQ,2020-08-17,2020-08-18,ARSHIYA,ARSHIYA
INE979R01011,BE,EQ,2020-08-17,2020-08-18,SHYAMCENT,SHYAMCENT
INE980Y01015,BE,EQ,2020-08-17,2020-08-18,SOUTHWEST,SOUTHWEST
INE988E01036,BE,EQ,2020-08-17,2020-08-18,JMTAUTOLTD,JMTAUTOLTD
INE998H01012,BE,EQ,2020-08-17,2020-08-18,ORIENTALTL,ORIENTALTL
INE155Z01011,SM,EQ,2020-08-18,2020-08-19,MACPOWER,MACPOWER
INE813V01022,SM,EQ,2020-08-18,2020-08-19,MCL,MCL
INE959A01019,EQ,BE,2020-08-20,2020-08-21,FAIRCHEM,FAIRCHEM
INE090C01019,EQ,BE,2020-08-21,2020-08-24,STINDIA,STINDIA
INE187A01017,BE,EQ,2020-08-21,2020-08-24,JBFIND,JBFIND
INE216D01026,EQ,BE,2020-08-21,2020-08-24,KSERASERA,KSERASERA
INE342A01018,BE,EQ,2020-08-21,2020-08-24,PREMIER,PREMIER
INE540A01017,BE,EQ,2020-08-21,2020-08-25,GLFL,GLFL
INE574I01035,BE,EQ,2020-08-21,2020-08-24,ARCOTECH,ARCOTECH
INE602K01014,BE,EQ,2020-08-21,2020-08-24,SYNCOM,SYNCOM
INE750M01017,BE,EQ,2020-08-21,2020-08-24,HEXATRADEX,HEXATRADEX
INE871L01013,EQ,BE,2020-08-21,2020-08-24,TVVISION,TVVISION
INE335K01011,BZ,BE,2020-08-24,2021-04-26,COFFEEDAY,COFFEEDAY
INE378D01032,BE,EQ,2020-08-24,2020-08-25,MADHUCON,MADHUCON
INE039B01026,EQ,BE,2020-08-26,2020-08-27,CINEVISTA,CINEVISTA
INE110B01017,EQ,BE,2020-08-26,2020-08-27,MINDTECK,MINDTECK
INE120D01012,EQ,BE,2020-08-26,2020-08-27,HITECHCORP,HITECHCORP
INE122M01019,EQ,BE,2020-08-26,2020-08-27,ESSARSHPNG,ESSARSHPNG
INE184H01027,EQ,BE,2020-08-26,2020-08-27,EKC,EKC
INE230R01027,EQ,BE,2020-08-26,2020-08-27,RAMASTEEL,RAMASTEEL
INE263L01013,EQ,BE,2020-08-26,2020-08-27,SANGHVIFOR,SANGHVIFOR
INE283A01014,EQ,BE,2020-08-26,2020-08-27,PRECOT,PRECOT
INE283H01019,EQ,BE,2020-08-26,2020-08-27,ROHLTD,ROHLTD
INE295F01017,EQ,BE,2020-08-26,2020-08-27,BUTTERFLY,BUTTERFLY
INE342A01018,EQ,BE,2020-08-26,2020-08-27,PREMIER,PREMIER
INE409B01013,EQ,BE,2020-08-26,2020-08-27,SWELECTES,SWELECTES
INE416L01017,EQ,BE,2020-08-26,2020-08-27,EROSMEDIA,EROSMEDIA
INE425A01011,EQ,BE,2020-08-26,2020-08-27,METALFORGE,METALFORGE
INE477B01010,EQ,BE,2020-08-26,2020-08-27,DVL,DVL
INE501G01024,EQ,BE,2020-08-26,2020-08-27,HTMEDIA,HTMEDIA
INE574I01035,EQ,BE,2020-08-26,2020-08-27,ARCOTECH,ARCOTECH
INE611A01016,EQ,BE,2020-08-26,2020-08-27,RSWM,RSWM
INE646C01018,EQ,BE,2020-08-26,2020-08-27,GROBTEA,GROBTEA
INE727B01026,EQ,BE,2020-08-26,2020-08-27,GENESYS,GENESYS
INE747B01016,EQ,BE,2020-08-26,2020-08-27,NEXTMEDIA,NEXTMEDIA
INE750M01017,EQ,BE,2020-08-26,2020-08-27,HEXATRADEX,HEXATRADEX
INE778K01012,EQ,BE,2020-08-26,2020-08-27,EMAMIREAL,EMAMIREAL
INE805A01014,EQ,BE,2020-08-26,2020-08-27,GOLDTECH,GOLDTECH
INE828A01016,EQ,BE,2020-08-26,2020-08-27,BIL,BIL
INE875G01030,EQ,BE,2020-08-26,2020-08-27,NDL,NDL
INE878E01021,EQ,BE,2020-08-26,2020-08-27,SETCO,SETCO
INE886A01014,EQ,BE,2020-08-26,2020-08-27,IITL,IITL
INE933B01012,EQ,BE,2020-08-26,2020-08-27,MEGASOFT,MEGASOFT
INE087J01028,EQ,BE,2020-08-27,2020-08-28,GBGLOBAL,GBGLOBAL
INE336X01012,SM,EQ,2020-08-27,2020-08-28,TOTAL,TOTAL
INE755Q01025,BE,EQ,2020-08-28,2020-08-31,VISHAL,VISHAL
INE788B01028,EQ,BE,2020-08-28,2020-08-31,INDSWFTLTD,INDSWFTLTD
INE970N01027,EQ,BE,2020-08-28,2020-08-31,SPCENET,SPCENET
INE526B01014,EQ,BE,2020-08-31,2020-09-01,CALSOFT,CALSOFT
INE067A01029,EQ,BE,2020-09-01,2020-09-02,CGPOWER,CGPOWER
INE376C01020,BE,BZ,2020-09-01,2020-09-02,SPENTEX,SPENTEX
INE027H01010,BE,EQ,2020-09-03,2020-09-04,MAXHEALTH,MAXHEALTH
INE959A01019,BE,EQ,2020-09-03,2020-09-04,FAIRCHEM,FAIRCHEM
INE088B01015,EQ,BE,2020-09-07,2020-09-08,NATNLSTEEL,NATNLSTEEL
INE060J01017,EQ,BE,2020-09-09,2020-09-10,FLEXITUFF,FLEXITUFF
INE063J01011,EQ,BE,2020-09-09,2020-09-10,EUROMULTI,EUROMULTI
INE100D01014,EQ,BE,2020-09-09,2020-09-10,WSI,WSI
INE106I01010,EQ,BE,2020-09-09,2020-09-10,ANKITMETAL,ANKITMETAL
INE197J01017,EQ,BE,2020-09-09,2020-09-10,LPDC,LPDC
INE218G01033,EQ,BE,2020-09-09,2020-09-10,PALREDTEC,PALREDTEC
INE230B01021,EQ,BE,2020-09-09,2020-09-10,CREATIVEYE,CREATIVEYE
INE248H01012,EQ,BE,2020-09-09,2020-09-10,ROHITFERRO,ROHITFERRO
INE446C01013,EQ,BE,2020-09-09,2020-09-10,GLOBOFFS,GLOBOFFS
INE509K01011,EQ,BE,2020-09-09,2020-09-10,TECHNOFAB,TECHNOFAB
INE520H01022,EQ,BE,2020-09-09,2020-09-10,BEARDSELL,BEARDSELL
INE544H01014,EQ,BE,2020-09-09,2020-09-10,JHS,JHS
INE546Y01022,EQ,BE,2020-09-09,2020-09-10,PRAXIS,PRAXIS
INE589G01011,EQ,BE,2020-09-09,2020-09-10,BRFL,BRFL
INE732F01019,EQ,BE,2020-09-09,2020-09-10,ISMTLTD,ISMTLTD
INE791A01024,EQ,BE,2020-09-09,2020-09-10,BLBLIMITED,BLBLIMITED
INE854B01010,EQ,BE,2020-09-09,2020-09-10,JAYNECOIND,JAYNECOIND
INE966H01019,EQ,BE,2020-09-09,2020-09-10,ZEEMEDIA,ZEEMEDIA
INE0CG601016,BE,EQ,2020-09-10,2020-09-11,MAXIND,MAXIND
INE067A01029,BE,EQ,2020-09-11,2020-09-14,CGPOWER,CGPOWER
INE382T01014,SM,SZ,2020-09-11,2020-09-15,FOURTHDIM,FOURTHDIM
INE486B01011,BE,BZ,2020-09-11,2020-09-14,JAINSTUDIO,JAINSTUDIO
INE890C01046,EQ,BZ,2020-09-11,2020-09-14,SANWARIA,SANWARIA
INE950G01023,EQ,BZ,2020-09-11,2020-09-14,UNIPLY,UNIPLY
INE043A01012,BE,EQ,2020-09-14,2020-09-15,GTL,GTL
INE650K01021,BE,EQ,2020-09-14,2020-09-15,8KMILES,8KMILES
INE878I01022,BE,EQ,2020-09-14,2020-09-15,BAFNAPH,BAFNAPH
INE143H01015,BE,EQ,2020-09-15,2020-09-16,KSK,KSK
INE240C01028,BE,EQ,2020-09-15,2020-09-16,UMESLTD,UMESLTD
INE391D01019,BE,EQ,2020-09-15,2020-09-16,TRF,TRF
INE416A01036,BE,EQ,2020-09-15,2020-09-16,SABTN,SABTN
INE737B01033,BE,EQ,2020-09-15,2020-09-16,ADROITINFO,ADROITINFO
INE988C01014,BE,EQ,2020-09-15,2020-09-16,DHARSUGAR,DHARSUGAR
INE065J01016,EQ,BE,2020-09-17,2020-10-27,GISOLUTION,GISOLUTION
INE922B01023,EQ,BE,2020-09-18,2020-09-21,PANACEABIO,PANACEABIO
INE008Z01012,SM,EQ,2020-09-22,2020-09-23,SRPL,SRPL
INE087Z01016,SM,EQ,2020-09-22,2020-09-29,AAKASH,AAKASH
INE03JI01017,EQ,BE,2020-09-23,2020-09-24,DGCONTENT,DGCONTENT
INE201M01011,EQ,BE,2020-09-23,2020-09-24,CLEDUCATE,CLEDUCATE
INE286H01012,EQ,BE,2020-09-23,2020-09-24,VISASTEEL,VISASTEEL
INE333I01036,EQ,BE,2020-09-23,2020-09-24,NTL,NTL
INE440A01010,EQ,BE,2020-09-23,2020-09-24,ASHIMASYN,ASHIMASYN
INE457L01011,EQ,BE,2020-09-23,2020-09-24,PGEL,PGEL
INE482J01021,EQ,BE,2020-09-23,2020-09-24,GAL,GAL
INE650K01021,EQ,BE,2020-09-23,2020-09-24,8KMILES,8KMILES
INE844K01012,EQ,BE,2020-09-23,2020-09-24,BEDMUTHA,BEDMUTHA
INE871B01014,EQ,BE,2020-09-23,2020-09-24,ZICOM,ZICOM
INE993A01026,EQ,BE,2020-09-23,2020-09-24,MANINDS,MANINDS
INE602K01014,EQ,BZ,2020-09-25,2020-09-28,SYNCOM,SYNCOM
INE242C01024,EQ,BE,2020-10-05,2020-10-06,ANANTRAJ,ANANTRAJ
INE688Y01014,SM,EQ,2020-10-05,2020-11-13,DANGEE,DANGEE
INE922B01023,BE,EQ,2020-10-05,2020-10-06,PANACEABIO,PANACEABIO
INE129Z01016,SM,EQ,2020-10-06,2020-10-07,SINTERCOM,SINTERCOM
INE581X01013,SM,EQ,2020-10-06,2020-10-07,GLOBE,GLOBE
INE378D01032,EQ,BE,2020-10-07,2020-10-08,MADHUCON,MADHUCON
INE650L01011,EQ,BE,2020-10-07,2020-10-08,BROOKS,BROOKS
INE728W01012,SM,SZ,2020-10-07,2020-12-14,PUSHPREALM,PUSHPREALM
INE878I01022,EQ,BE,2020-10-07,2020-10-08,BAFNAPH,BAFNAPH
INE968D01022,EQ,BE,2020-10-07,2020-10-08,ARSHIYA,ARSHIYA
INE090C01019,BE,BZ,2020-10-08,2020-10-22,STINDIA,STINDIA
INE871L01013,BE,EQ,2020-10-08,2020-10-12,TVVISION,TVVISION
INE993A01026,BE,EQ,2020-10-08,2020-10-09,MANINDS,MANINDS
INE068D01021,BE,EQ,2020-10-09,2020-10-12,CASTEXTECH,CASTEXTECH
INE216D01026,BE,BZ,2020-10-09,2020-10-12,KSERASERA,KSERASERA
INE520Y01019,SM,EQ,2020-10-09,2020-10-12,ICEMAKE,ICEMAKE
INE669A01022,BE,EQ,2020-10-09,2020-10-12,INFOMEDIA,INFOMEDIA
INE747B01016,BE,EQ,2020-10-09,2020-10-12,NEXTMEDIA,NEXTMEDIA
INE970N01027,BE,EQ,2020-10-09,2020-10-12,SPCENET,SPCENET
INE591Q01016,SM,EQ,2020-10-16,2020-10-19,SUULD,SUULD
INE242C01024,BE,EQ,2020-10-19,2020-10-20,ANANTRAJ,ANANTRAJ
INE068D01021,EQ,BE,2020-10-20,2020-10-21,CASTEXTECH,CASTEXTECH
INE083D01012,EQ,BE,2020-10-21,2020-10-22,BALPHARMA,BALPHARMA
INE263W01010,EQ,BE,2020-10-21,2020-10-22,MAHESHWARI,MAHESHWARI
INE314C01013,EQ,BE,2020-10-21,2020-10-22,SOMATEX,SOMATEX
INE368I01016,EQ,BE,2020-10-21,2020-10-22,NIRAJ,NIRAJ
INE429C01035,EQ,BE,2020-10-21,2020-10-22,SINTEX,SINTEX
INE669A01022,EQ,BE,2020-10-21,2020-10-22,INFOMEDIA,INFOMEDIA
INE715Y01015,SM,EQ,2020-10-21,2020-10-22,SHRADHA,SHRADHA
INE729D01010,EQ,BE,2020-10-21,2020-10-22,KILITCH,KILITCH
INE737B01033,EQ,BE,2020-10-21,2020-10-22,ADROITINFO,ADROITINFO
INE781B01015,EQ,BE,2020-10-21,2020-10-22,NOIDATOLL,NOIDATOLL
INE860T01019,EQ,BE,2020-10-21,2020-10-22,SABEVENTS,SABEVENTS
INE908D01010,EQ,BE,2020-10-21,2020-10-22,SHAKTIPUMP,SHAKTIPUMP
INE976T01013,EQ,BE,2020-10-21,2020-10-22,SAGARDEEP,SAGARDEEP
INE006Z01016,SM,EQ,2020-10-22,2021-03-22,ARVEE,ARVEE
INE0D0U01013,ST,SM,2020-10-26,2020-10-27,AAATECH,AAATECH
INE032Z01012,SM,EQ,2020-10-27,2020-10-28,BSHSL,BSHSL
INE065J01016,BE,EQ,2020-10-27,2020-11-10,GISOLUTION,GISOLUTION
INE0ALR01011,ST,SM,2020-10-27,2020-11-02,ATALREAL,ATALREAL
INE060901019,BE,EQ,2020-10-28,2020-10-29,LIKHITHA,LIKHITHA
INE862Y01015,SM,EQ,2020-10-28,2020-10-29,BANKA,BANKA
INE0A0S01010,ST,SM,2020-10-30,2020-11-02,SIGMA,SIGMA
INE294G01026,BZ,EQ,2020-10-30,2020-11-03,ROML,ROML
INE266Y01019,SM,EQ,2020-11-02,2020-11-03,DPABHUSHAN,DPABHUSHAN
INE874F01027,BE,EQ,2020-11-02,2020-11-09,RADAAN,RADAAN
INE970N01027,EQ,BE,2020-11-02,2020-11-03,SPCENET,SPCENET
INE0EEJ01015,ST,SM,2020-11-03,2020-11-04,BTML,BTML
INE0AJG01018,BE,EQ,2020-11-04,2020-11-05,HEMIPROP,HEMIPROP
INE721Z01010,SM,EQ,2020-11-05,2020-11-06,AARON,AARON
INE472B01011,BE,EQ,2020-11-06,2020-11-10,BLUECOAST,BLUECOAST
INE591A01010,EQ,BE,2020-11-06,2020-11-09,OILCOUNTUB,OILCOUNTUB
INE982F01036,BE,EQ,2020-11-06,2020-11-09,HATHWAY,HATHWAY
INE01P501012,BE,EQ,2020-11-09,2020-11-10,XELPMOC,XELPMOC
INE039B01026,BE,EQ,2020-11-09,2020-11-10,CINEVISTA,CINEVISTA
INE03JI01017,BE,EQ,2020-11-09,2020-11-10,DGCONTENT,DGCONTENT
INE03V001013,BE,EQ,2020-11-09,2020-11-10,UNIVPHOTO,UNIVPHOTO
INE040H01021,EQ,BE,2020-11-09,2020-11-10,SUZLON,SUZLON
INE060J01017,BE,EQ,2020-11-09,2020-11-10,FLEXITUFF,FLEXITUFF
INE063J01011,BE,EQ,2020-11-09,2020-11-10,EUROMULTI,EUROMULTI
INE071D01033,EQ,BE,2020-11-09,2020-11-10,MENONBE,MENONBE
INE087J01028,BE,EQ,2020-11-09,2020-11-10,GBGLOBAL,GBGLOBAL
INE088B01015,BE,EQ,2020-11-09,2020-11-10,NATNLSTEEL,NATNLSTEEL
INE100D01014,BE,EQ,2020-11-09,2020-11-10,WSI,WSI
INE106I01010,BE,EQ,2020-11-09,2020-11-10,ANKITMETAL,ANKITMETAL
INE110B01017,BE,EQ,2020-11-09,2020-11-10,MINDTECK,MINDTECK
INE120D01012,BE,EQ,2020-11-09,2020-11-10,HITECHCORP,HITECHCORP
INE122M01019,BE,EQ,2020-11-09,2020-11-10,ESSARSHPNG,ESSARSHPNG
INE184H01027,BE,EQ,2020-11-09,2020-11-10,EKC,EKC
INE197J01017,BE,EQ,2020-11-09,2020-11-10,LPDC,LPDC
INE201M01011,BE,EQ,2020-11-09,2020-11-10,CLEDUCATE,CLEDUCATE
INE203Y01012,EQ,BE,2020-11-09,2020-11-10,SILLYMONKS,SILLYMONKS
INE216G01011,BE,EQ,2020-11-09,2020-11-10,SUJANAUNI,SUJANAUNI
INE218G01033,BE,EQ,2020-11-09,2020-11-10,PALREDTEC,PALREDTEC
INE224E01036,BE,EQ,2020-11-09,2020-11-10,SCAPDVR,SCAPDVR
INE229H01012,EQ,BE,2020-11-09,2020-11-10,NITINSPIN,NITINSPIN
INE230B01021,BE,EQ,2020-11-09,2020-11-10,CREATIVEYE,CREATIVEYE
INE230R01027,BE,EQ,2020-11-09,2020-11-10,RAMASTEEL,RAMASTEEL
INE234I01010,BE,EQ,2020-11-09,2020-11-10,KAUSHALYA,KAUSHALYA
INE263L01013,BE,EQ,2020-11-09,2020-11-10,SANGHVIFOR,SANGHVIFOR
INE268L01020,BE,EQ,2020-11-09,2020-11-10,SPYL,SPYL
INE270I01014,BE,EQ,2020-11-09,2020-11-10,VISHNU,VISHNU
INE278R01026,BE,EQ,2020-11-09,2020-11-10,KARDA,KARDA
INE283H01019,BE,EQ,2020-11-09,2020-11-10,ROHLTD,ROHLTD
INE286H01012,BE,EQ,2020-11-09,2020-11-10,VISASTEEL,VISASTEEL
INE287Z01012,BE,EQ,2020-11-09,2020-11-10,GAYAHWS,GAYAHWS
INE294A01037,BE,EQ,2020-11-09,2020-11-10,BALLARPUR,BALLARPUR
INE295F01017,BE,EQ,2020-11-09,2020-11-10,BUTTERFLY,BUTTERFLY
INE319Y01016,EQ,BE,2020-11-09,2020-11-10,TIRUPATIFL,TIRUPATIFL
INE330H01018,BE,EQ,2020-11-09,2020-11-10,RCOM,RCOM
INE333I01036,BE,EQ,2020-11-09,2020-11-10,NTL,NTL
INE342A01018,BE,EQ,2020-11-09,2020-11-10,PREMIER,PREMIER
INE350C01017,EQ,BE,2020-11-09,2020-11-10,OPTIEMUS,OPTIEMUS
INE350H01032,BE,EQ,2020-11-09,2020-11-10,BLKASHYAP,BLKASHYAP
INE369C01017,BE,EQ,2020-11-09,2020-11-10,NORBTEAEXP,NORBTEAEXP
INE370E01029,BE,EQ,2020-11-09,2020-11-10,VIVIDHA,VIVIDHA
INE378D01032,BE,EQ,2020-11-09,2020-11-10,MADHUCON,MADHUCON
INE385I01010,EQ,BE,2020-11-09,2020-11-10,ALPA,ALPA
INE409B01013,BE,EQ,2020-11-09,2020-11-10,SWELECTES,SWELECTES
INE411B01019,BE,EQ,2020-11-09,2020-11-10,VENUSREM,VENUSREM
INE416L01017,BE,EQ,2020-11-09,2020-11-10,EROSMEDIA,EROSMEDIA
INE418N01027,BE,EQ,2020-11-09,2020-11-13,INTEGRA,INTEGRA
INE425A01011,BE,EQ,2020-11-09,2020-11-10,METALFORGE,METALFORGE
INE440A01010,BE,EQ,2020-11-09,2020-11-10,ASHIMASYN,ASHIMASYN
INE446C01013,BE,EQ,2020-11-09,2020-11-10,GLOBOFFS,GLOBOFFS
INE457L01011,BE,EQ,2020-11-09,2020-11-10,PGEL,PGEL
INE477B01010,BE,EQ,2020-11-09,2020-11-10,DVL,DVL
INE482J01021,BE,EQ,2020-11-09,2020-11-10,GAL,GAL
INE501G01024,BE,EQ,2020-11-09,2020-11-10,HTMEDIA,HTMEDIA
INE509K01011,BE,EQ,2020-11-09,2020-11-10,TECHNOFAB,TECHNOFAB
INE517B01013,EQ,BE,2020-11-09,2020-11-10,TTML,TTML
INE520H01022,BE,EQ,2020-11-09,2020-11-10,BEARDSELL,BEARDSELL
INE526A01016,BE,EQ,2020-11-09,2020-11-10,GARDENSILK,GARDENSILK
INE526B01014,BE,EQ,2020-11-09,2020-11-10,CALSOFT,CALSOFT
INE542Z01010,EQ,BE,2020-11-09,2020-11-10,KAPSTON,KAPSTON
INE544H01014,BE,EQ,2020-11-09,2020-11-10,JHS,JHS
INE546Y01022,BE,EQ,2020-11-09,2020-11-10,PRAXIS,PRAXIS
INE574I01035,BE,EQ,2020-11-09,2020-11-10,ARCOTECH,ARCOTECH
INE579C01029,BE,EQ,2020-11-09,2020-11-10,VIMTALABS,VIMTALABS
INE589G01011,BE,EQ,2020-11-09,2020-11-10,BRFL,BRFL
INE594B01012,EQ,BE,2020-11-09,2020-11-10,BSL,BSL
INE611A01016,BE,EQ,2020-11-09,2020-11-10,RSWM,RSWM
INE614G01033,EQ,BE,2020-11-09,2020-11-10,RPOWER,RPOWER
INE618L01018,BE,EQ,2020-11-09,2020-11-10,5PAISA,5PAISA
INE618N01014,BE,EQ,2020-11-09,2020-11-10,BALAXI,BALAXI
INE625B01014,BE,EQ,2020-11-09,2020-11-10,RANASUG,RANASUG
INE646C01018,BE,EQ,2020-11-09,2020-11-10,GROBTEA,GROBTEA
INE650L01011,BE,EQ,2020-11-09,2020-11-10,BROOKS,BROOKS
INE676A01019,EQ,BE,2020-11-09,2020-11-10,AGCNET,AGCNET
INE677H01012,EQ,BE,2020-11-09,2020-11-10,DEEPENR,DEEPENR
INE691G01015,BE,EQ,2020-11-09,2020-11-10,IMPEXFERRO,IMPEXFERRO
INE695B01025,EQ,BE,2020-11-09,2020-11-10,COUNCODOS,COUNCODOS
INE727B01026,BE,EQ,2020-11-09,2020-11-10,GENESYS,GENESYS
INE732F01019,BE,EQ,2020-11-09,2020-11-10,ISMTLTD,ISMTLTD
INE737W01013,BE,EQ,2020-11-09,2020-11-10,AKASH,AKASH
INE757B01015,BE,EQ,2020-11-09,2020-11-10,SHREYAS,SHREYAS
INE778K01012,BE,EQ,2020-11-09,2020-11-10,EMAMIREAL,EMAMIREAL
INE791A01024,BE,EQ,2020-11-09,2020-11-10,BLBLIMITED,BLBLIMITED
INE805A01014,BE,EQ,2020-11-09,2020-11-10,GOLDTECH,GOLDTECH
INE806A01020,BE,EQ,2020-11-09,2020-11-10,VIKASECO,VIKASECO
INE808B01016,EQ,BE,2020-11-09,2020-11-10,OPTOCIRCUI,OPTOCIRCUI
INE828A01016,BE,EQ,2020-11-09,2020-11-10,BIL,BIL
INE835B01035,EQ,BE,2020-11-09,2020-11-10,MOLDTECH,MOLDTECH
INE840Y01011,EQ,BE,2020-11-09,2020-11-10,ONEPOINT,ONEPOINT
INE844K01012,BE,EQ,2020-11-09,2020-11-10,BEDMUTHA,BEDMUTHA
INE854B01010,BE,EQ,2020-11-09,2020-11-10,JAYNECOIND,JAYNECOIND
INE871B01014,BE,EQ,2020-11-09,2020-11-10,ZICOM,ZICOM
INE875G01030,BE,EQ,2020-11-09,2020-11-10,NDL,NDL
INE878E01021,BE,EQ,2020-11-09,2020-11-10,SETCO,SETCO
INE886A01014,BE,EQ,2020-11-09,2020-11-10,IITL,IITL
INE891B01012,BE,EQ,2020-11-09,2020-11-10,DCMFINSERV,DCMFINSERV
INE919I01024,EQ,BE,2020-11-09,2020-11-10,RADIOCITY,RADIOCITY
INE927A01040,BE,EQ,2020-11-09,2020-11-10,ROLLT,ROLLT
INE933B01012,BE,EQ,2020-11-09,2020-11-10,MEGASOFT,MEGASOFT
INE942G01012,BE,EQ,2020-11-09,2020-11-10,MCLEODRUSS,MCLEODRUSS
INE966H01019,BE,EQ,2020-11-09,2020-11-10,ZEEMEDIA,ZEEMEDIA
INE968D01022,BE,EQ,2020-11-09,2020-11-10,ARSHIYA,ARSHIYA
INE291W01011,SM,EQ,2020-11-10,2020-12-07,GLOBAL,GLOBAL
INE586X01012,SM,EQ,2020-11-12,2020-11-13,KEERTI,KEERTI
INE754A01055,BE,EQ,2020-11-18,2020-11-19,SUBEXLTD,SUBEXLTD
INE127B01011,EQ,BE,2020-11-19,2020-11-20,HITECHGEAR,HITECHGEAR
INE445C01015,EQ,BE,2020-11-19,2020-11-20,XPROINDIA,XPROINDIA
INE023S01016,EQ,BE,2020-11-23,2020-11-24,JIYAECO,JIYAECO
INE02PY01013,BE,EQ,2020-11-23,2020-11-24,BOROLTD,BOROLTD
INE09EO01013,BE,EQ,2020-11-23,2020-11-24,AARTISURF,AARTISURF
INE172H01014,BE,EQ,2020-11-23,2020-11-24,RMCL,RMCL
INE196B01016,EQ,BE,2020-11-23,2020-11-24,SHIRPUR-G,SHIRPUR-G
INE216G01011,EQ,BE,2020-11-23,2020-11-24,SUJANAUNI,SUJANAUNI
INE217G01027,BE,EQ,2020-11-23,2020-11-24,PROSEED,PROSEED
INE454M01024,EQ,BE,2020-11-23,2020-11-24,NAGAFERT,NAGAFERT
INE662C01015,BE,EQ,2020-11-23,2020-11-24,CHROMATIC,CHROMATIC
INE677H01012,BE,EQ,2020-11-23,2020-11-24,DEEPENR,DEEPENR
INE750M01017,BE,EQ,2020-11-23,2020-11-24,HEXATRADEX,HEXATRADEX
INE472B01011,EQ,BE,2020-11-24,2020-11-25,BLUECOAST,BLUECOAST
INE143H01015,EQ,BZ,2020-11-27,2020-12-01,KSK,KSK
INE196J01019,EQ,BZ,2020-11-27,2020-12-01,OISL,OISL
INE251H01024,EQ,BZ,2020-11-27,2020-12-01,GVKPIL,GVKPIL
INE268L01020,EQ,BE,2020-11-27,2020-12-01,SPYL,SPYL
INE294A01037,EQ,BZ,2020-11-27,2020-12-01,BALLARPUR,BALLARPUR
INE388G01018,BE,BZ,2020-11-27,2020-12-01,TANTIACONS,TANTIACONS
INE446A01025,BE,BZ,2020-11-27,2020-12-01,ATLASCYCLE,ATLASCYCLE
INE509K01011,EQ,BZ,2020-11-27,2020-12-01,TECHNOFAB,TECHNOFAB
INE607L01029,EQ,BZ,2020-11-27,2020-12-01,BILENERGY,BILENERGY
INE871B01014,EQ,BZ,2020-11-27,2020-12-01,ZICOM,ZICOM
INE01JE01010,SM,EQ,2020-12-01,2020-12-02,MARINE,MARINE
INE500X01013,SM,ST,2020-12-02,2020-12-03,LEXUS,LEXUS
INE043C01018,EQ,BE,2020-12-03,2020-12-04,IVP,IVP
INE047O01014,EQ,BE,2020-12-03,2020-12-04,NIBL,NIBL
INE060J01017,EQ,BE,2020-12-03,2020-12-04,FLEXITUFF,FLEXITUFF
INE088B01015,EQ,BE,2020-12-03,2020-12-04,NATNLSTEEL,NATNLSTEEL
INE111B01023,EQ,BE,2020-12-03,2020-12-04,63MOONS,63MOONS
INE137C01018,EQ,BE,2020-12-03,2020-12-04,ALPHAGEO,ALPHAGEO
INE144D01012,EQ,BE,2020-12-03,2020-12-04,CUBEXTUB,CUBEXTUB
INE193B01039,EQ,BE,2020-12-03,2020-12-04,AYMSYNTEX,AYMSYNTEX
INE199C01026,EQ,BE,2020-12-03,2020-12-04,ADVANIHOTR,ADVANIHOTR
INE218G01033,EQ,BE,2020-12-03,2020-12-04,PALREDTEC,PALREDTEC
INE263L01013,EQ,BE,2020-12-03,2020-12-04,SANGHVIFOR,SANGHVIFOR
INE319Z01013,SM,EQ,2020-12-03,2020-12-04,SUPREMEENG,SUPREMEENG
INE393A01011,EQ,BE,2020-12-03,2020-12-04,DELTAMAGNT,DELTAMAGNT
INE421A01028,EQ,BE,2020-12-03,2020-12-04,ABAN,ABAN
INE426D01013,EQ,BE,2020-12-03,2020-12-04,GOACARBON,GOACARBON
INE440A01010,EQ,BE,2020-12-03,2020-12-04,ASHIMASYN,ASHIMASYN
INE440L01017,EQ,BE,2020-12-03,2020-12-04,TIJARIA,TIJARIA
INE561H01026,EQ,BE,2020-12-03,2020-12-04,PARSVNATH,PARSVNATH
INE688J01015,EQ,BE,2020-12-03,2020-12-04,EXCEL,EXCEL
INE831Q01016,EQ,BE,2020-12-03,2020-12-04,BKMINDST,BKMINDST
INE861B01023,EQ,BE,2020-12-03,2020-12-04,MOTOGENFIN,MOTOGENFIN
INE875R01011,EQ,BE,2020-12-03,2020-12-04,BALKRISHNA,BALKRISHNA
INE879I01012,EQ,BE,2020-12-03,2020-12-04,DBREALTY,DBREALTY
INE893I01013,EQ,BE,2020-12-03,2020-12-04,VASCONEQ,VASCONEQ
INE927C01020,EQ,BE,2020-12-03,2020-12-04,DIGISPICE,DIGISPICE
INE945H01013,EQ,BE,2020-12-03,2020-12-04,V2RETAIL,V2RETAIL
INE954E01012,EQ,BE,2020-12-03,2020-12-04,MOHITIND,MOHITIND
INE965H01011,EQ,BE,2020-12-03,2020-12-04,SITINET,SITINET
INE474L01016,EQ,BE,2020-12-09,2020-12-10,OMKARCHEM,OMKARCHEM
INE483S01020,EQ,BE,2020-12-09,2020-12-10,INFIBEAM,INFIBEAM
INE483C01032,EQ,BE,2020-12-10,2020-12-11,TANLA,TANLA
INE648Z01015,SM,EQ,2020-12-10,2020-12-11,ACCURACY,ACCURACY
INE364Z01019,SM,EQ,2020-12-11,2020-12-14,REPL,REPL
INE416A01036,EQ,BE,2020-12-11,2020-12-14,SABTN,SABTN
INE500X01013,ST,SM,2020-12-11,2020-12-14,LEXUS,LEXUS
INE591A01010,BE,EQ,2020-12-15,2020-12-16,OILCOUNTUB,OILCOUNTUB
INE00S901012,EQ,BE,2020-12-16,2020-12-17,NILASPACES,NILASPACES
INE013A01015,EQ,BE,2020-12-16,2020-12-17,RELCAPITAL,RELCAPITAL
INE016M01021,EQ,BE,2020-12-16,2020-12-17,DNAMEDIA,DNAMEDIA
INE023M01027,EQ,BE,2020-12-16,2020-12-17,SETUINFRA,SETUINFRA
INE025R01013,EQ,BE,2020-12-16,2020-12-17,ARTEMISMED,ARTEMISMED
INE052A01021,EQ,BE,2020-12-16,2020-12-17,WINDMACHIN,WINDMACHIN
INE058B01018,EQ,BE,2020-12-16,2020-12-17,ZENITHEXPO,ZENITHEXPO
INE065B01013,EQ,BE,2020-12-16,2020-12-17,INDLMETER,INDLMETER
INE075B01012,EQ,BE,2020-12-16,2020-12-17,SICAL,SICAL
INE087B01017,EQ,BE,2020-12-16,2020-12-17,ANIKINDS,ANIKINDS
INE087J01028,EQ,BE,2020-12-16,2020-12-17,GBGLOBAL,GBGLOBAL
INE08KP01019,EQ,BE,2020-12-16,2020-12-17,DCMNVL,DCMNVL
INE093R01011,EQ,BE,2020-12-16,2020-12-17,LSIL,LSIL
INE099J01015,EQ,BE,2020-12-16,2020-12-17,JPINFRATEC,JPINFRATEC
INE100D01014,EQ,BE,2020-12-16,2020-12-17,WSI,WSI
INE116D01028,EQ,BE,2020-12-16,2020-12-17,BAGFILMS,BAGFILMS
INE142K01011,EQ,BE,2020-12-16,2020-12-17,LYPSAGEMS,LYPSAGEMS
INE147P01019,EQ,BE,2020-12-16,2020-12-17,JPOLYINVST,JPOLYINVST
INE159N01027,EQ,BE,2020-12-16,2020-12-17,VIJIFIN,VIJIFIN
INE161G01027,EQ,BE,2020-12-16,2020-12-17,MORARJEE,MORARJEE
INE172H01014,EQ,BE,2020-12-16,2020-12-17,RMCL,RMCL
INE172N01012,EQ,BE,2020-12-16,2020-12-17,IMAGICAA,IMAGICAA
INE178C01020,EQ,BE,2020-12-16,2020-12-17,SMARTLINK,SMARTLINK
INE187A01017,EQ,BE,2020-12-16,2020-12-17,JBFIND,JBFIND
INE201J01017,EQ,BE,2020-12-16,2020-12-17,LGBFORGE,LGBFORGE
INE217K01011,EQ,BE,2020-12-16,2020-12-17,RHFL,RHFL
INE227G01018,EQ,BE,2020-12-16,2020-12-17,INDOWIND,INDOWIND
INE234I01010,EQ,BE,2020-12-16,2020-12-17,KAUSHALYA,KAUSHALYA
INE235C01010,EQ,BE,2020-12-16,2020-12-17,SUMEETINDS,SUMEETINDS
INE236G01019,EQ,BE,2020-12-16,2020-12-17,TVSELECT,TVSELECT
INE240C01028,EQ,BE,2020-12-16,2020-12-17,UMESLTD,UMESLTD
INE281A01026,EQ,BE,2020-12-16,2020-12-17,CENTEXT,CENTEXT
INE287Z01012,EQ,BE,2020-12-16,2020-12-17,GAYAHWS,GAYAHWS
INE289A01011,EQ,BE,2020-12-16,2020-12-17,NAHARINDUS,NAHARINDUS
INE319B01014,EQ,BE,2020-12-16,2020-12-17,BYKE,BYKE
INE363M01019,EQ,BE,2020-12-16,2020-12-17,SHEMAROO,SHEMAROO
INE370E01029,EQ,BE,2020-12-16,2020-12-17,VIVIDHA,VIVIDHA
INE378D01032,EQ,BE,2020-12-16,2020-12-17,MADHUCON,MADHUCON
INE383H01017,EQ,BE,2020-12-16,2020-12-17,MALUPAPER,MALUPAPER
INE391D01019,EQ,BE,2020-12-16,2020-12-17,TRF,TRF
INE418N01027,EQ,BE,2020-12-16,2020-12-17,INTEGRA,INTEGRA
INE425A01011,EQ,BE,2020-12-16,2020-12-17,METALFORGE,METALFORGE
INE436A01026,EQ,BE,2020-12-16,2020-12-17,ANSALAPI,ANSALAPI
INE449G01018,EQ,BE,2020-12-16,2020-12-17,AGRITECH,AGRITECH
INE452L01012,EQ,BE,2020-12-16,2020-12-17,ADHUNIKIND,ADHUNIKIND
INE453B01029,EQ,BE,2020-12-16,2020-12-17,COMPUSOFT,COMPUSOFT
INE471W01019,EQ,BE,2020-12-16,2020-12-17,PALASHSECU,PALASHSECU
INE495J01015,EQ,BE,2020-12-16,2020-12-17,PRADIP,PRADIP
INE498A01018,EQ,BE,2020-12-16,2020-12-17,DCM,DCM
INE501W01021,EQ,BE,2020-12-16,2020-12-17,SPTL,SPTL
INE505C01016,EQ,BE,2020-12-16,2020-12-17,PRAENG,PRAENG
INE512B01022,EQ,BE,2020-12-16,2020-12-17,FCSSOFT,FCSSOFT
INE524L01026,EQ,BE,2020-12-16,2020-12-17,KRIDHANINF,KRIDHANINF
INE528A01020,EQ,BE,2020-12-16,2020-12-17,GKWLIMITED,GKWLIMITED
INE537A01013,EQ,BE,2020-12-16,2020-12-17,GTNIND,GTNIND
INE550B01022,EQ,BE,2020-12-16,2020-12-17,HBSL,HBSL
INE550C01020,EQ,BE,2020-12-16,2020-12-17,URJA,URJA
INE561C01019,EQ,BE,2020-12-16,2020-12-17,BHARATGEAR,BHARATGEAR
INE574I01035,EQ,BE,2020-12-16,2020-12-17,ARCOTECH,ARCOTECH
INE596H01014,EQ,BE,2020-12-16,2020-12-17,HOVS,HOVS
INE597L01014,EQ,BE,2020-12-16,2020-12-17,LOVABLE,LOVABLE
INE611A01016,EQ,BE,2020-12-16,2020-12-17,RSWM,RSWM
INE636A01039,EQ,BE,2020-12-16,2020-12-17,MAWANASUG,MAWANASUG
INE652F01027,EQ,BE,2020-12-16,2020-12-17,CCHHL,CCHHL
INE661I01014,EQ,BE,2020-12-16,2020-12-17,BGRENERGY,BGRENERGY
INE662C01015,EQ,BE,2020-12-16,2020-12-17,CHROMATIC,CHROMATIC
INE672K01025,EQ,BE,2020-12-16,2020-12-17,CNOVAPETRO,CNOVAPETRO
INE696K01024,EQ,BE,2020-12-16,2020-12-17,PRAKASHSTL,PRAKASHSTL
INE741L01018,EQ,BE,2020-12-16,2020-12-17,DUCON,DUCON
INE747B01016,EQ,BE,2020-12-16,2020-12-17,NEXTMEDIA,NEXTMEDIA
INE748Z01013,EQ,BE,2020-12-16,2020-12-17,SUMIT,SUMIT
INE763I01026,EQ,BE,2020-12-16,2020-12-17,TRIL,TRIL
INE790C01014,EQ,BE,2020-12-16,2020-12-17,PATSPINLTD,PATSPINLTD
INE796G01012,EQ,BE,2020-12-16,2020-12-17,JINDALPHOT,JINDALPHOT
INE797H01018,EQ,BE,2020-12-16,2020-12-17,TGBHOTELS,TGBHOTELS
INE803H01014,EQ,BE,2020-12-16,2020-12-17,RUCHIRA,RUCHIRA
INE817H01014,EQ,BE,2020-12-16,2020-12-17,BURNPUR,BURNPUR
INE836H01014,EQ,BE,2020-12-16,2020-12-17,MCDHOLDING,MCDHOLDING
INE854B01010,EQ,BE,2020-12-16,2020-12-17,JAYNECOIND,JAYNECOIND
INE871L01013,EQ,BE,2020-12-16,2020-12-17,TVVISION,TVVISION
INE882A01013,EQ,BE,2020-12-16,2020-12-17,MARALOVER,MARALOVER
INE886A01014,EQ,BE,2020-12-16,2020-12-17,IITL,IITL
INE902B01017,EQ,BE,2020-12-16,2020-12-17,S&SPOWER,S&SPOWER
INE905P01028,EQ,BE,2020-12-16,2020-12-17,BCP,BCP
INE911B01018,EQ,BE,2020-12-16,2020-12-17,TCIFINANCE,TCIFINANCE
INE912L01015,EQ,BE,2020-12-16,2020-12-17,ONELIFECAP,ONELIFECAP
INE927A01040,EQ,BE,2020-12-16,2020-12-17,ROLLT,ROLLT
INE934B01028,EQ,BE,2020-12-16,2020-12-17,MERCATOR,MERCATOR
INE937A01023,EQ,BE,2020-12-16,2020-12-17,SPMLINFRA,SPMLINFRA
INE964B01033,EQ,BE,2020-12-16,2020-12-17,ALCHEM,ALCHEM
INE981B01011,EQ,BE,2020-12-16,2020-12-17,CMICABLES,CMICABLES
INE988C01014,EQ,BE,2020-12-16,2020-12-17,DHARSUGAR,DHARSUGAR
INE217G01027,EQ,BE,2020-12-17,2020-12-18,PROSEED,PROSEED
INE786W01010,SM,EQ,2020-12-17,2020-12-18,RKEC,RKEC
INE483C01032,BE,EQ,2020-12-18,2020-12-21,TANLA,TANLA
INE591A01010,EQ,BE,2020-12-18,2020-12-21,OILCOUNTUB,OILCOUNTUB
INE0APB01016,SM,EQ,2020-12-22,2020-12-23,MGEL,MGEL
INE691G01015,EQ,BE,2020-12-22,2020-12-23,IMPEXFERRO,IMPEXFERRO
INE483S01020,BE,EQ,2020-12-23,2020-12-24,INFIBEAM,INFIBEAM
INE925Y01010,SM,EQ,2020-12-23,2020-12-24,GODHA,GODHA
INE056I01017,EQ,BZ,2020-12-24,2020-12-28,REFEX,REFEX
INE063J01011,EQ,BZ,2020-12-24,2020-12-28,EUROMULTI,EUROMULTI
INE075D01018,EQ,BZ,2020-12-24,2020-12-28,GMBREW,GMBREW
INE107F01022,BE,BZ,2020-12-24,2020-12-28,WANBURY,WANBURY
INE196B01016,BE,BZ,2020-12-24,2020-12-28,SHIRPUR-G,SHIRPUR-G
INE287C01029,BE,BZ,2020-12-24,2020-12-28,MIC,MIC
INE574I01035,BE,BZ,2020-12-24,2020-12-28,ARCOTECH,ARCOTECH
INE637C01025,EQ,BZ,2020-12-24,2020-12-28,POKARNA,POKARNA
INE662C01015,BE,BZ,2020-12-24,2020-12-28,CHROMATIC,CHROMATIC
INE766A01018,EQ,BZ,2020-12-24,2020-12-28,PAEL,PAEL
INE792H01019,EQ,BZ,2020-12-24,2020-12-28,GLOBALVECT,GLOBALVECT
INE924D01017,EQ,BZ,2020-12-24,2020-12-28,THEINVEST,THEINVEST
INE964B01033,BE,BZ,2020-12-24,2020-12-28,ALCHEM,ALCHEM
INE191A01027,BZ,BE,2020-12-28,2020-12-29,ORCHPHARMA,ORCHPHARMA
INE060B01014,EQ,BE,2020-12-30,2020-12-31,KHANDSE,KHANDSE
INE065J01016,EQ,BE,2020-12-30,2020-12-31,GISOLUTION,GISOLUTION
INE093B01015,EQ,BE,2020-12-30,2020-12-31,ALPSINDUS,ALPSINDUS
INE186H01014,EQ,BE,2020-12-30,2020-12-31,BASML,BASML
INE273D01019,EQ,BE,2020-12-30,2020-12-31,AARVEEDEN,AARVEEDEN
INE290A01027,EQ,BE,2020-12-30,2020-12-31,NAHARSPING,NAHARSPING
INE398B01018,EQ,BE,2020-12-30,2020-12-31,MRO-TEK,MRO-TEK
INE458B01036,EQ,BE,2020-12-30,2020-12-31,BHAGYANGR,BHAGYANGR
INE542C01019,EQ,BE,2020-12-30,2020-12-31,NKIND,NKIND
INE635A01023,EQ,BE,2020-12-30,2020-12-31,SHYAMTEL,SHYAMTEL
INE713B01026,EQ,BE,2020-12-30,2020-12-31,SURYALAXMI,SURYALAXMI
INE813V01022,EQ,BE,2020-12-30,2020-12-31,MCL,MCL
INE831A01028,EQ,BE,2020-12-30,2020-12-31,MIRCELECTR,MIRCELECTR
INE874I01013,EQ,BE,2020-12-30,2020-12-31,RAMKY,RAMKY
INE949P01018,EQ,BE,2020-12-30,2020-12-31,GENUSPAPER,GENUSPAPER
INE09E501017,BE,EQ,2021-01-01,2021-01-04,RVHL,RVHL
INE0EK901012,BE,EQ,2021-01-01,2021-01-04,TARC,TARC
INE656K01010,EQ,BZ,2021-01-01,2021-01-04,DQE,DQE
INE106I01010,EQ,BE,2021-01-06,2021-01-07,ANKITMETAL,ANKITMETAL
INE0DNW01011,BE,EQ,2021-01-07,2021-01-08,FAIRCHEMOR,FAIRCHEMOR
INE287C01029,BZ,BE,2021-01-08,2021-01-18,MIC,MIC
INE318D01020,BE,EQ,2021-01-08,2021-01-11,ZENITHSTL,ZENITHSTL
INE619A01035,BE,EQ,2021-01-08,2021-01-11,RUCHI,RUCHI
INE253A01025,EQ,BE,2021-01-11,2021-01-12,HINDMOTORS,HINDMOTORS
INE640C01011,EQ,BE,2021-01-12,2021-01-13,SHAHALLOYS,SHAHALLOYS
INE658T01017,SM,EQ,2021-01-12,2021-01-21,WEALTH,WEALTH
IN9175A01010,EQ,BE,2021-01-13,2021-01-14,JISLDVREQS,JISLDVREQS
INE138C01024,EQ,BE,2021-01-13,2021-01-14,KANORICHEM,KANORICHEM
INE155Z01011,EQ,BE,2021-01-13,2021-01-14,MACPOWER,MACPOWER
INE185H01016,EQ,BE,2021-01-13,2021-01-14,CELEBRITY,CELEBRITY
INE209L01016,EQ,BE,2021-01-13,2021-01-14,CEBBCO,CEBBCO
INE217A01012,EQ,BE,2021-01-13,2021-01-14,ZUARIGLOB,ZUARIGLOB
INE230R01027,EQ,BE,2021-01-13,2021-01-14,RAMASTEEL,RAMASTEEL
INE272L01022,EQ,BE,2021-01-13,2021-01-14,SURANASOL,SURANASOL
INE278G01037,EQ,BE,2021-01-13,2021-01-18,CYBERMEDIA,CYBERMEDIA
INE294G01026,EQ,BE,2021-01-13,2021-01-14,ROML,ROML
INE313D01013,EQ,BE,2021-01-13,2021-01-14,MOHOTAIND,MOHOTAIND
INE337M01013,EQ,BE,2021-01-13,2021-01-14,INDOTHAI,INDOTHAI
INE342A01018,EQ,BE,2021-01-13,2021-01-14,PREMIER,PREMIER
INE350H01032,EQ,BE,2021-01-13,2021-01-14,BLKASHYAP,BLKASHYAP
INE397H01017,EQ,BE,2021-01-13,2021-01-14,LOKESHMACH,LOKESHMACH
INE429F01012,EQ,BE,2021-01-13,2021-01-14,SKIL,SKIL
INE450G01024,EQ,BE,2021-01-13,2021-01-14,VIPCLOTHNG,VIPCLOTHNG
INE486Y01013,EQ,BE,2021-01-13,2021-01-14,TOUCHWOOD,TOUCHWOOD
INE495C01010,EQ,BE,2021-01-13,2021-01-14,SANGAMIND,SANGAMIND
INE611L01021,EQ,BE,2021-01-13,2021-01-14,INDTERRAIN,INDTERRAIN
INE644Y01017,EQ,BE,2021-01-13,2021-01-14,SHIVAMILLS,SHIVAMILLS
INE699A01011,EQ,BE,2021-01-13,2021-01-14,UTTAMSTL,UTTAMSTL
INE703H01016,EQ,BE,2021-01-13,2021-01-14,HUBTOWN,HUBTOWN
INE725L01011,EQ,BE,2021-01-13,2021-01-14,KARMAENG,KARMAENG
INE727B01026,EQ,BE,2021-01-13,2021-01-14,GENESYS,GENESYS
INE730A01022,EQ,BE,2021-01-13,2021-01-14,ORICONENT,ORICONENT
INE735M01018,EQ,BE,2021-01-13,2021-01-14,SEPOWER,SEPOWER
INE874F01027,EQ,BE,2021-01-13,2021-01-14,RADAAN,RADAAN
INE877I01016,EQ,BE,2021-01-13,2021-01-14,ARCHIDPLY,ARCHIDPLY
INE888B01018,EQ,BE,2021-01-13,2021-01-14,PODDARHOUS,PODDARHOUS
INE899L01022,EQ,BE,2021-01-13,2021-01-14,UJAAS,UJAAS
INE937C01029,EQ,BE,2021-01-13,2021-01-14,NILAINFRA,NILAINFRA
INE972X01014,EQ,BE,2021-01-13,2021-01-14,VAISHALI,VAISHALI
INE988E01036,EQ,BE,2021-01-13,2021-01-14,JMTAUTOLTD,JMTAUTOLTD
INE999K01014,EQ,BE,2021-01-13,2021-01-14,GREENPOWER,GREENPOWER
INE962C01027,EQ,BE,2021-01-15,2021-01-18,EASTSILK,EASTSILK
INE056I01017,BZ,EQ,2021-01-18,2021-01-19,REFEX,REFEX
INE318D01020,EQ,BE,2021-01-20,2021-01-21,ZENITHSTL,ZENITHSTL
INE00Y701018,SM,SZ,2021-01-22,2021-01-27,SECL,SECL
INE195Y01010,SM,SZ,2021-01-22,2021-01-25,SECURCRED,SECURCRED
INE418Y01016,SM,SZ,2021-01-22,2021-02-01,CKPLEISURE,CKPLEISURE
INE448A01013,EQ,BZ,2021-01-22,2021-01-25,AUTOLITIND,AUTOLITIND
INE542F01012,EQ,BZ,2021-01-22,2021-01-25,RNAVAL,RNAVAL
INE075D01018,BZ,EQ,2021-01-25,2021-01-27,GMBREW,GMBREW
INE804H01012,EQ,BE,2021-01-25,2021-02-03,TFL,TFL
INE00PV01013,SM,EQ,2021-01-27,2021-01-28,AHLADA,AHLADA
INE614Z01017,ST,SM,2021-01-27,2021-01-28,GIRIRAJ,GIRIRAJ
INE637C01025,BZ,EQ,2021-01-29,2021-02-01,POKARNA,POKARNA
INE924D01017,BZ,EQ,2021-01-29,2021-02-01,THEINVEST,THEINVEST
INE008Z01012,EQ,BE,2021-02-01,2021-02-02,SRPL,SRPL
INE013A01015,BE,EQ,2021-02-01,2021-02-02,RELCAPITAL,RELCAPITAL
INE016M01021,BE,EQ,2021-02-01,2021-02-02,DNAMEDIA,DNAMEDIA
INE025R01013,BE,EQ,2021-02-01,2021-02-02,ARTEMISMED,ARTEMISMED
INE032Z01012,EQ,BE,2021-02-01,2021-02-02,BSHSL,BSHSL
INE040H01021,BE,EQ,2021-02-01,2021-02-02,SUZLON,SUZLON
INE043C01018,BE,EQ,2021-02-01,2021-02-02,IVP,IVP
INE050B01023,BE,EQ,2021-02-01,2021-02-02,IVC,IVC
INE052A01021,BE,EQ,2021-02-01,2021-02-02,WINDMACHIN,WINDMACHIN
INE058B01018,BE,EQ,2021-02-01,2021-02-02,ZENITHEXPO,ZENITHEXPO
INE060B01014,BE,EQ,2021-02-01,2021-02-02,KHANDSE,KHANDSE
INE060J01017,BE,EQ,2021-02-01,2021-02-02,FLEXITUFF,FLEXITUFF
INE065B01013,BE,EQ,2021-02-01,2021-02-02,INDLMETER,INDLMETER
INE065J01016,BE,EQ,2021-02-01,2021-02-03,GISOLUTION,GISOLUTION
INE071D01033,BE,EQ,2021-02-01,2021-02-02,MENONBE,MENONBE
INE075B01012,BE,EQ,2021-02-01,2021-02-02,SICAL,SICAL
INE083D01012,BE,EQ,2021-02-01,2021-02-02,BALPHARMA,BALPHARMA
INE087B01017,BE,EQ,2021-02-01,2021-02-02,ANIKINDS,ANIKINDS
INE087J01028,BE,EQ,2021-02-01,2021-02-02,GBGLOBAL,GBGLOBAL
INE087Z01016,EQ,BE,2021-02-01,2021-02-02,AAKASH,AAKASH
INE088B01015,BE,EQ,2021-02-01,2021-02-02,NATNLSTEEL,NATNLSTEEL
INE091G01018,EQ,BE,2021-02-01,2021-02-02,JAIBALAJI,JAIBALAJI
INE093R01011,BE,EQ,2021-02-01,2021-02-02,LSIL,LSIL
INE099J01015,BE,EQ,2021-02-01,2021-02-02,JPINFRATEC,JPINFRATEC
INE0AJG01018,EQ,BE,2021-02-01,2021-02-02,HEMIPROP,HEMIPROP
INE100D01014,BE,EQ,2021-02-01,2021-02-02,WSI,WSI
INE111B01023,BE,EQ,2021-02-01,2021-02-02,63MOONS,63MOONS
INE116D01028,BE,EQ,2021-02-01,2021-02-02,BAGFILMS,BAGFILMS
INE127B01011,BE,EQ,2021-02-01,2021-02-02,HITECHGEAR,HITECHGEAR
INE137C01018,BE,EQ,2021-02-01,2021-02-02,ALPHAGEO,ALPHAGEO
INE142K01011,BE,EQ,2021-02-01,2021-02-02,LYPSAGEMS,LYPSAGEMS
INE144D01012,BE,EQ,2021-02-01,2021-02-02,CUBEXTUB,CUBEXTUB
INE159N01027,BE,EQ,2021-02-01,2021-02-02,VIJIFIN,VIJIFIN
INE161G01027,BE,EQ,2021-02-01,2021-02-02,MORARJEE,MORARJEE
INE172H01014,BE,EQ,2021-02-01,2021-02-02,RMCL,RMCL
INE172N01012,BE,EQ,2021-02-01,2021-02-02,IMAGICAA,IMAGICAA
INE178C01020,BE,EQ,2021-02-01,2021-02-02,SMARTLINK,SMARTLINK
INE186H01014,BE,EQ,2021-02-01,2021-02-02,BASML,BASML
INE187A01017,BE,EQ,2021-02-01,2021-02-02,JBFIND,JBFIND
INE193B01039,BE,EQ,2021-02-01,2021-02-02,AYMSYNTEX,AYMSYNTEX
INE197J01017,EQ,BE,2021-02-01,2021-02-02,LPDC,LPDC
INE199C01026,BE,EQ,2021-02-01,2021-02-02,ADVANIHOTR,ADVANIHOTR
INE201J01017,BE,EQ,2021-02-01,2021-02-02,LGBFORGE,LGBFORGE
INE204E01012,EQ,BE,2021-02-01,2021-02-02,AGARIND,AGARIND
INE217K01011,BE,EQ,2021-02-01,2021-02-02,RHFL,RHFL
INE229H01012,BE,EQ,2021-02-01,2021-02-02,NITINSPIN,NITINSPIN
INE234I01010,BE,EQ,2021-02-01,2021-02-02,KAUSHALYA,KAUSHALYA
INE236G01019,BE,EQ,2021-02-01,2021-02-02,TVSELECT,TVSELECT
INE251C01017,BE,EQ,2021-02-01,2021-02-02,ABMINTLTD,ABMINTLTD
INE263L01013,BE,EQ,2021-02-01,2021-02-02,SANGHVIFOR,SANGHVIFOR
INE263W01010,BE,EQ,2021-02-01,2021-02-02,MAHESHWARI,MAHESHWARI
INE273D01019,BE,EQ,2021-02-01,2021-02-02,AARVEEDEN,AARVEEDEN
INE281A01026,BE,EQ,2021-02-01,2021-02-02,CENTEXT,CENTEXT
INE283A01014,BE,EQ,2021-02-01,2021-02-02,PRECOT,PRECOT
INE289A01011,BE,EQ,2021-02-01,2021-02-02,NAHARINDUS,NAHARINDUS
INE290A01027,BE,EQ,2021-02-01,2021-02-02,NAHARSPING,NAHARSPING
INE306C01019,EQ,BE,2021-02-01,2021-02-02,ENERGYDEV,ENERGYDEV
INE314C01013,BE,EQ,2021-02-01,2021-02-02,SOMATEX,SOMATEX
INE319B01014,BE,EQ,2021-02-01,2021-02-02,BYKE,BYKE
INE323J01019,EQ,BE,2021-02-01,2021-02-02,SOMICONVEY,SOMICONVEY
INE350C01017,BE,EQ,2021-02-01,2021-02-02,OPTIEMUS,OPTIEMUS
INE363M01019,BE,EQ,2021-02-01,2021-02-02,SHEMAROO,SHEMAROO
INE368I01016,BE,EQ,2021-02-01,2021-02-02,NIRAJ,NIRAJ
INE378D01032,BE,EQ,2021-02-01,2021-02-02,MADHUCON,MADHUCON
INE383H01017,BE,EQ,2021-02-01,2021-02-02,MALUPAPER,MALUPAPER
INE385I01010,BE,EQ,2021-02-01,2021-02-02,ALPA,ALPA
INE391D01019,BE,EQ,2021-02-01,2021-02-02,TRF,TRF
INE393A01011,BE,EQ,2021-02-01,2021-02-02,DELTAMAGNT,DELTAMAGNT
INE412U01017,BE,EQ,2021-02-01,2021-02-02,BIGBLOC,BIGBLOC
INE414A01015,EQ,BE,2021-02-01,2021-02-02,MADRASFERT,MADRASFERT
INE418N01027,BE,EQ,2021-02-01,2021-02-02,INTEGRA,INTEGRA
INE421A01028,BE,EQ,2021-02-01,2021-02-02,ABAN,ABAN
INE426D01013,BE,EQ,2021-02-01,2021-02-02,GOACARBON,GOACARBON
INE436A01026,BE,EQ,2021-02-01,2021-02-02,ANSALAPI,ANSALAPI
INE440A01010,BE,EQ,2021-02-01,2021-02-02,ASHIMASYN,ASHIMASYN
INE445C01015,BE,EQ,2021-02-01,2021-02-02,XPROINDIA,XPROINDIA
INE449G01018,BE,EQ,2021-02-01,2021-02-02,AGRITECH,AGRITECH
INE452L01012,BE,EQ,2021-02-01,2021-02-02,ADHUNIKIND,ADHUNIKIND
INE453B01029,BE,EQ,2021-02-01,2021-02-02,COMPUSOFT,COMPUSOFT
INE458B01036,BE,EQ,2021-02-01,2021-02-02,BHAGYANGR,BHAGYANGR
INE471W01019,BE,EQ,2021-02-01,2021-02-02,PALASHSECU,PALASHSECU
INE474E01029,EQ,BE,2021-02-01,2021-02-02,BHANDARI,BHANDARI
INE498A01018,BE,EQ,2021-02-01,2021-02-02,DCM,DCM
INE501W01021,BE,EQ,2021-02-01,2021-02-02,SPTL,SPTL
INE505C01016,BE,EQ,2021-02-01,2021-02-02,PRAENG,PRAENG
INE506W01012,BE,EQ,2021-02-01,2021-02-02,KRISHANA,KRISHANA
INE524L01026,BE,EQ,2021-02-01,2021-02-02,KRIDHANINF,KRIDHANINF
INE528A01020,BE,EQ,2021-02-01,2021-02-02,GKWLIMITED,GKWLIMITED
INE537A01013,BE,EQ,2021-02-01,2021-02-02,GTNIND,GTNIND
INE542C01019,BE,EQ,2021-02-01,2021-02-02,NKIND,NKIND
INE546Y01022,EQ,BE,2021-02-01,2021-02-02,PRAXIS,PRAXIS
INE561C01019,BE,EQ,2021-02-01,2021-02-02,BHARATGEAR,BHARATGEAR
INE561H01026,BE,EQ,2021-02-01,2021-02-02,PARSVNATH,PARSVNATH
INE562X01013,EQ,BE,2021-02-01,2021-02-02,UNIVASTU,UNIVASTU
INE577L01016,EQ,BE,2021-02-01,2021-02-02,STEL,STEL
INE581X01013,EQ,BE,2021-02-01,2021-02-02,GLOBE,GLOBE
INE591Q01016,EQ,BE,2021-02-01,2021-02-02,SUULD,SUULD
INE594B01012,BE,EQ,2021-02-01,2021-02-02,BSL,BSL
INE596H01014,BE,EQ,2021-02-01,2021-02-02,HOVS,HOVS
INE597L01014,BE,EQ,2021-02-01,2021-02-02,LOVABLE,LOVABLE
INE611A01016,BE,EQ,2021-02-01,2021-02-02,RSWM,RSWM
INE614G01033,BE,EQ,2021-02-01,2021-02-02,RPOWER,RPOWER
INE635A01023,BE,EQ,2021-02-01,2021-02-02,SHYAMTEL,SHYAMTEL
INE636A01039,BE,EQ,2021-02-01,2021-02-02,MAWANASUG,MAWANASUG
INE650K01021,BE,EQ,2021-02-01,2021-02-02,SECURKLOUD,SECURKLOUD
INE652F01027,BE,EQ,2021-02-01,2021-02-02,CCHHL,CCHHL
INE661I01014,BE,EQ,2021-02-01,2021-02-02,BGRENERGY,BGRENERGY
INE669A01022,BE,EQ,2021-02-01,2021-02-02,INFOMEDIA,INFOMEDIA
INE669X01016,BE,EQ,2021-02-01,2021-02-02,GEEKAYWIRE,GEEKAYWIRE
INE672K01025,BE,EQ,2021-02-01,2021-02-02,CNOVAPETRO,CNOVAPETRO
INE676A01019,BE,EQ,2021-02-01,2021-02-02,AGCNET,AGCNET
INE688J01015,BE,EQ,2021-02-01,2021-02-02,EXCEL,EXCEL
INE696K01024,BE,EQ,2021-02-01,2021-02-02,PRAKASHSTL,PRAKASHSTL
INE713B01026,BE,EQ,2021-02-01,2021-02-02,SURYALAXMI,SURYALAXMI
INE715Y01015,EQ,BE,2021-02-01,2021-02-02,SHRADHA,SHRADHA
INE716B01011,EQ,BE,2021-02-01,2021-02-02,TIPSINDLTD,TIPSINDLTD
INE729D01010,BE,EQ,2021-02-01,2021-02-02,KILITCH,KILITCH
INE737B01033,BE,EQ,2021-02-01,2021-02-02,ADROITINFO,ADROITINFO
INE741L01018,BE,EQ,2021-02-01,2021-02-02,DUCON,DUCON
INE747B01016,BE,EQ,2021-02-01,2021-02-02,NEXTMEDIA,NEXTMEDIA
INE748Z01013,BE,EQ,2021-02-01,2021-02-02,SUMIT,SUMIT
INE763I01026,BE,EQ,2021-02-01,2021-02-02,TRIL,TRIL
INE778A01021,EQ,BE,2021-02-01,2021-02-02,TECHIN,TECHIN
INE781B01015,BE,EQ,2021-02-01,2021-02-02,NOIDATOLL,NOIDATOLL
INE790C01014,BE,EQ,2021-02-01,2021-02-02,PATSPINLTD,PATSPINLTD
INE792Z01011,EQ,BE,2021-02-01,2021-02-02,SIRCA,SIRCA
INE796G01012,BE,EQ,2021-02-01,2021-02-02,JINDALPHOT,JINDALPHOT
INE797H01018,BE,EQ,2021-02-01,2021-02-02,TGBHOTELS,TGBHOTELS
INE803H01014,BE,EQ,2021-02-01,2021-02-02,RUCHIRA,RUCHIRA
INE808B01016,BE,EQ,2021-02-01,2021-02-02,OPTOCIRCUI,OPTOCIRCUI
INE813V01022,BE,EQ,2021-02-01,2021-02-02,MCL,MCL
INE829A01014,BE,EQ,2021-02-01,2021-02-02,BIOFILCHEM,BIOFILCHEM
INE831A01028,BE,EQ,2021-02-01,2021-02-02,MIRCELECTR,MIRCELECTR
INE831Q01016,BE,EQ,2021-02-01,2021-02-02,BKMINDST,BKMINDST
INE835B01035,BE,EQ,2021-02-01,2021-02-02,MOLDTECH,MOLDTECH
INE836H01014,BE,EQ,2021-02-01,2021-02-02,MCDHOLDING,MCDHOLDING
INE840Y01011,BE,EQ,2021-02-01,2021-02-02,ONEPOINT,ONEPOINT
INE854B01010,BE,EQ,2021-02-01,2021-02-02,JAYNECOIND,JAYNECOIND
INE860T01019,BE,EQ,2021-02-01,2021-02-02,SABEVENTS,SABEVENTS
INE861B01023,BE,EQ,2021-02-01,2021-02-02,MOTOGENFIN,MOTOGENFIN
INE871L01013,BE,EQ,2021-02-01,2021-02-02,TVVISION,TVVISION
INE874I01013,BE,EQ,2021-02-01,2021-02-02,RAMKY,RAMKY
INE878I01022,BE,EQ,2021-02-01,2021-02-02,BAFNAPH,BAFNAPH
INE886A01014,BE,EQ,2021-02-01,2021-02-02,IITL,IITL
INE891B01012,EQ,BE,2021-02-01,2021-02-02,DCMFINSERV,DCMFINSERV
INE893I01013,BE,EQ,2021-02-01,2021-02-02,VASCONEQ,VASCONEQ
INE898S01029,EQ,BE,2021-02-01,2021-02-02,MAJESCO,MAJESCO
INE900C01027,EQ,BE,2021-02-01,2021-02-02,ASAL,ASAL
INE905P01028,BE,EQ,2021-02-01,2021-02-02,BCP,BCP
INE908D01010,BE,EQ,2021-02-01,2021-02-02,SHAKTIPUMP,SHAKTIPUMP
INE908V01012,EQ,BE,2021-02-01,2021-02-02,LIBAS,LIBAS
INE911B01018,BE,EQ,2021-02-01,2021-02-02,TCIFINANCE,TCIFINANCE
INE919I01024,BE,EQ,2021-02-01,2021-02-02,RADIOCITY,RADIOCITY
INE933A01014,EQ,BE,2021-02-01,2021-02-02,LYKALABS,LYKALABS
INE937A01023,BE,EQ,2021-02-01,2021-02-02,SPMLINFRA,SPMLINFRA
INE945H01013,BE,EQ,2021-02-01,2021-02-02,V2RETAIL,V2RETAIL
INE949P01018,BE,EQ,2021-02-01,2021-02-02,GENUSPAPER,GENUSPAPER
INE954E01012,BE,EQ,2021-02-01,2021-02-02,MOHITIND,MOHITIND
INE965H01011,BE,EQ,2021-02-01,2021-02-02,SITINET,SITINET
INE968D01022,EQ,BE,2021-02-01,2021-02-02,ARSHIYA,ARSHIYA
INE976T01013,BE,EQ,2021-02-01,2021-02-02,SAGARDEEP,SAGARDEEP
INE981B01011,BE,EQ,2021-02-01,2021-02-02,CMICABLES,CMICABLES
INE988C01014,BE,EQ,2021-02-01,2021-02-02,DHARSUGAR,DHARSUGAR
INE398B01018,BE,EQ,2021-02-03,2021-02-08,MRO-TEK,MRO-TEK
INE700A01033,EQ,BE,2021-02-03,2021-02-04,JUBILANT,JUBILANT
INE106I01010,BE,EQ,2021-02-05,2021-02-08,ANKITMETAL,ANKITMETAL
INE253A01025,BE,EQ,2021-02-05,2021-02-08,HINDMOTORS,HINDMOTORS
INE425A01011,BE,EQ,2021-02-05,2021-02-08,METALFORGE,METALFORGE
INE472B01011,BE,EQ,2021-02-05,2021-02-08,BLUECOAST,BLUECOAST
INE088B01015,EQ,BE,2021-02-10,2021-02-11,NATNLSTEEL,NATNLSTEEL
INE224E01036,EQ,BE,2021-02-10,2021-02-11,SCAPDVR,SCAPDVR
INE457L01011,EQ,BE,2021-02-10,2021-02-11,PGEL,PGEL
INE544H01014,EQ,BE,2021-02-10,2021-02-11,JHS,JHS
INE00KV01014,SM,EQ,2021-02-11,2021-02-16,RAJMET,RAJMET
INE00Y801016,SM,EQ,2021-02-15,2021-02-16,AKG,AKG
INE700A01033,BE,EQ,2021-02-17,2021-02-18,JUBLPHARMA,JUBLPHARMA
INE016M01021,EQ,BE,2021-02-18,2021-02-19,DNAMEDIA,DNAMEDIA
INE01GN01017,SM,EQ,2021-02-18,2021-02-22,IRISDOREME,IRISDOREME
INE172H01014,EQ,BE,2021-02-19,2021-02-22,RMCL,RMCL
INE454M01024,BE,EQ,2021-02-19,2021-02-22,NAGAFERT,NAGAFERT
INE808B01016,EQ,BE,2021-02-19,2021-02-22,OPTOCIRCUI,OPTOCIRCUI
INE472B01011,EQ,BE,2021-02-23,2021-02-24,BLUECOAST,BLUECOAST
INE043C01018,EQ,BE,2021-02-24,2021-02-25,IVP,IVP
INE060J01017,EQ,BE,2021-02-24,2021-02-25,FLEXITUFF,FLEXITUFF
INE201J01017,EQ,BE,2021-02-24,2021-02-25,LGBFORGE,LGBFORGE
INE253A01025,EQ,BE,2021-02-24,2021-02-25,HINDMOTORS,HINDMOTORS
INE263L01013,EQ,BE,2021-02-24,2021-02-25,SANGHVIFOR,SANGHVIFOR
INE314C01013,EQ,BE,2021-02-24,2021-02-25,SOMATEX,SOMATEX
INE316L01019,EQ,BE,2021-02-24,2021-02-25,BHARATWIRE,BHARATWIRE
INE398B01018,EQ,BE,2021-02-24,2021-02-25,MRO-TEK,MRO-TEK
INE418N01027,EQ,BE,2021-02-24,2021-02-25,INTEGRA,INTEGRA
INE425A01011,EQ,BE,2021-02-24,2021-02-25,METALFORGE,METALFORGE
INE570D01018,EQ,BE,2021-02-24,2021-02-25,ARROWGREEN,ARROWGREEN
INE635A01023,EQ,BE,2021-02-24,2021-02-25,SHYAMTEL,SHYAMTEL
INE669A01022,EQ,BE,2021-02-24,2021-02-25,INFOMEDIA,INFOMEDIA
INE672K01025,EQ,BE,2021-02-24,2021-02-25,CNOVAPETRO,CNOVAPETRO
INE750M01017,EQ,BE,2021-02-24,2021-02-25,HEXATRADEX,HEXATRADEX
INE805A01014,EQ,BE,2021-02-24,2021-02-25,GOLDTECH,GOLDTECH
INE831A01028,EQ,BE,2021-02-24,2021-02-25,MIRCELECTR,MIRCELECTR
INE981B01011,EQ,BE,2021-02-24,2021-02-25,CMICABLES,CMICABLES
INE107F01022,BZ,BE,2021-03-01,2021-03-02,WANBURY,WANBURY
INE01II01013,SM,EQ,2021-03-02,2021-03-03,SILGO,SILGO
INE047O01014,BE,EQ,2021-03-05,2021-03-08,NIBL,NIBL
INE088B01015,BE,EQ,2021-03-05,2021-03-08,NATNLSTEEL,NATNLSTEEL
INE268L01020,BE,EQ,2021-03-05,2021-03-08,SPYL,SPYL
INE287C01029,BE,EQ,2021-03-05,2021-03-08,MIC,MIC
INE416A01036,BE,EQ,2021-03-05,2021-03-08,SABTN,SABTN
INE474L01016,BE,EQ,2021-03-05,2021-03-08,OMKARCHEM,OMKARCHEM
INE591A01010,BE,EQ,2021-03-05,2021-03-08,OILCOUNTUB,OILCOUNTUB
INE640C01011,BE,EQ,2021-03-05,2021-03-08,SHAHALLOYS,SHAHALLOYS
INE691G01015,BE,EQ,2021-03-05,2021-03-08,IMPEXFERRO,IMPEXFERRO
INE016M01021,BE,EQ,2021-03-08,2021-03-16,DNAMEDIA,DNAMEDIA
INE06ZX01015,ST,SM,2021-03-08,2021-03-22,PARTYCRUS,PARTYCRUS
INE103C01036,BE,EQ,2021-03-09,2021-03-10,SMCGLOBAL,SMCGLOBAL
INE005I01014,EQ,BE,2021-03-10,2021-03-12,AMDIND,AMDIND
INE00KV01014,EQ,BE,2021-03-10,2021-03-12,RAJMET,RAJMET
INE032B01021,EQ,BE,2021-03-10,2021-03-12,PRIMESECU,PRIMESECU
INE047O01014,EQ,BE,2021-03-10,2021-03-12,NIBL,NIBL
INE093R01011,EQ,BE,2021-03-10,2021-03-12,LSIL,LSIL
INE0DSF01015,BE,EQ,2021-03-10,2021-03-12,NURECA,NURECA
INE172N01012,EQ,BE,2021-03-10,2021-03-12,IMAGICAA,IMAGICAA
INE236G01019,EQ,BE,2021-03-10,2021-03-12,TVSELECT,TVSELECT
INE378D01032,EQ,BE,2021-03-10,2021-03-12,MADHUCON,MADHUCON
INE387I01016,EQ,BE,2021-03-10,2021-03-12,MAGNUM,MAGNUM
INE454M01024,EQ,BE,2021-03-10,2021-03-12,NAGAFERT,NAGAFERT
INE458B01036,EQ,BE,2021-03-10,2021-03-12,BHAGYANGR,BHAGYANGR
INE474L01016,EQ,BE,2021-03-10,2021-03-12,OMKARCHEM,OMKARCHEM
INE561H01026,EQ,BE,2021-03-10,2021-03-12,PARSVNATH,PARSVNATH
INE562B01019,EQ,BE,2021-03-10,2021-03-12,RAJSREESUG,RAJSREESUG
INE707C01018,EQ,BE,2021-03-10,2021-03-12,CAPTRUST,CAPTRUST
INE737B01033,EQ,BE,2021-03-10,2021-03-12,ADROITINFO,ADROITINFO
INE781B01015,EQ,BE,2021-03-10,2021-03-12,NOIDATOLL,NOIDATOLL
INE791A01024,EQ,BE,2021-03-10,2021-03-12,BLBLIMITED,BLBLIMITED
INE829A01014,EQ,BE,2021-03-10,2021-03-12,BIOFILCHEM,BIOFILCHEM
INE863B01011,EQ,BE,2021-03-10,2021-03-12,PREMEXPLN,PREMEXPLN
INE946H01037,EQ,BE,2021-03-10,2021-03-12,VIPULLTD,VIPULLTD
INE047O01014,BE,EQ,2021-03-15,2021-03-16,NIBL,NIBL
INE117B01012,BZ,BE,2021-03-15,2021-03-22,CURATECH,CURATECH
INE088B01015,EQ,BE,2021-03-16,2021-03-17,NATNLSTEEL,NATNLSTEEL
INE262S01010,SM,ST,2021-03-19,2024-02-20,SHAIVAL,SHAIVAL
INE07S101020,ST,SM,2021-03-23,2021-03-24,PAVNAIND,PAVNAIND
INE03RS01019,BE,EQ,2021-03-24,2021-03-25,DRCSYSTEMS,DRCSYSTEMS
INE065J01016,EQ,BE,2021-03-24,2021-03-25,GISOLUTION,GISOLUTION
INE287C01029,EQ,BE,2021-03-24,2021-03-25,MIC,MIC
INE392B01011,EQ,BE,2021-03-24,2021-03-25,PNC,PNC
INE416A01036,EQ,BE,2021-03-24,2021-03-25,SABTN,SABTN
INE495S01016,EQ,BE,2021-03-24,2021-03-25,HPL,HPL
INE591A01010,EQ,BE,2021-03-24,2021-03-25,OILCOUNTUB,OILCOUNTUB
INE596H01014,EQ,BE,2021-03-24,2021-03-25,HOVS,HOVS
INE640C01011,EQ,BE,2021-03-24,2021-03-25,SHAHALLOYS,SHAHALLOYS
INE691G01015,EQ,BE,2021-03-24,2021-03-25,IMPEXFERRO,IMPEXFERRO
INE796G01012,EQ,BE,2021-03-24,2021-03-25,JINDALPHOT,JINDALPHOT
INE807K01035,EQ,BE,2021-03-24,2021-03-25,SCHAND,SCHAND
INE878I01022,EQ,BE,2021-03-24,2021-03-25,BAFNAPH,BAFNAPH
INE952A01022,EQ,BE,2021-03-24,2021-03-25,HINDNATGLS,HINDNATGLS
INE538A01037,EQ,BE,2021-03-25,2021-03-26,GFLLIMITED,GFLLIMITED
INE195Y01010,SZ,SM,2021-03-30,2021-04-07,SECURCRED,SECURCRED
INE0BY001018,BE,EQ,2021-04-05,2021-04-06,JUBLINGREA,JUBLINGREA
INE022B01014,EQ,BE,2021-04-06,2021-04-07,MUKANDENGG,MUKANDENGG
INE938A01021,BE,EQ,2021-04-06,2021-04-07,LCCINFOTEC,LCCINFOTEC
INE006Z01016,EQ,BE,2021-04-07,2021-04-08,ARVEE,ARVEE
INE03RS01019,EQ,BE,2021-04-07,2021-04-08,DRCSYSTEMS,DRCSYSTEMS
INE100D01014,EQ,BE,2021-04-07,2021-04-08,WSI,WSI
INE138A01028,EQ,BE,2021-04-07,2021-04-08,PENINLAND,PENINLAND
INE445C01015,EQ,BE,2021-04-07,2021-04-08,XPROINDIA,XPROINDIA
INE860T01019,EQ,BE,2021-04-07,2021-04-08,SABEVENTS,SABEVENTS
INE871L01013,EQ,BE,2021-04-07,2021-04-08,TVVISION,TVVISION
INE657B01025,BE,EQ,2021-04-09,2021-04-12,BLUECHIP,BLUECHIP
INE538A01037,BE,EQ,2021-04-12,2021-04-13,GFLLIMITED,GFLLIMITED
INE749B01020,BE,EQ,2021-04-13,2021-04-15,ORTINLAB,ORTINLAB
INE018401013,BE,EQ,2021-04-15,2021-04-16,SUVIDHAA,SUVIDHAA
INE657B01025,EQ,BE,2021-04-16,2021-04-19,BLUECHIP,BLUECHIP
INE00Y701018,SZ,SM,2021-04-20,2021-05-03,SECL,SECL
INE439T01012,SM,EQ,2021-04-20,2021-04-22,NITIRAJ,NITIRAJ
INE0A1E01018,ST,SM,2021-04-22,2021-04-23,SIDDHIKA,SIDDHIKA
INE869Y01010,SM,EQ,2021-04-22,2021-04-23,TEMBO,TEMBO
INE425A01011,BE,BZ,2021-04-23,2021-04-26,METALFORGE,METALFORGE
IN9175A01010,BE,EQ,2021-04-26,2021-04-27,JISLDVREQS,JISLDVREQS
INE005I01014,BE,EQ,2021-04-26,2021-04-27,AMDIND,AMDIND
INE00KV01014,BE,EQ,2021-04-26,2021-04-27,RAJMET,RAJMET
INE00S901012,BE,EQ,2021-04-26,2021-04-27,NILASPACES,NILASPACES
INE023M01027,BE,EQ,2021-04-26,2021-04-27,SETUINFRA,SETUINFRA
INE032B01021,BE,EQ,2021-04-26,2021-04-27,PRIMESECU,PRIMESECU
INE032Z01012,BE,EQ,2021-04-26,2021-04-27,BSHSL,BSHSL
INE039B01026,EQ,BE,2021-04-26,2021-04-27,CINEVISTA,CINEVISTA
INE040M01013,EQ,BE,2021-04-26,2021-04-27,TREEHOUSE,TREEHOUSE
INE043C01018,BE,EQ,2021-04-26,2021-04-27,IVP,IVP
INE047O01014,EQ,BE,2021-04-26,2021-04-27,NIBL,NIBL
INE060J01017,BE,EQ,2021-04-26,2021-04-27,FLEXITUFF,FLEXITUFF
INE065J01016,BE,EQ,2021-04-26,2021-04-27,GISOLUTION,GISOLUTION
INE087Z01016,BE,EQ,2021-04-26,2021-04-27,AAKASH,AAKASH
INE08KP01019,BE,EQ,2021-04-26,2021-04-27,DCMNVL,DCMNVL
INE091G01018,BE,EQ,2021-04-26,2021-04-27,JAIBALAJI,JAIBALAJI
INE093B01015,BE,EQ,2021-04-26,2021-04-27,ALPSINDUS,ALPSINDUS
INE093R01011,BE,EQ,2021-04-26,2021-04-27,LSIL,LSIL
INE0AJG01018,BE,EQ,2021-04-26,2021-04-27,HEMIPROP,HEMIPROP
INE0GXK01018,ST,SM,2021-04-26,2021-04-27,VMARCIND,VMARCIND
INE111B01023,EQ,BE,2021-04-26,2021-04-27,63MOONS,63MOONS
INE138C01024,BE,EQ,2021-04-26,2021-04-27,KANORICHEM,KANORICHEM
INE155Z01011,BE,EQ,2021-04-26,2021-04-27,MACPOWER,MACPOWER
INE172N01012,BE,EQ,2021-04-26,2021-04-27,IMAGICAA,IMAGICAA
INE185H01016,BE,EQ,2021-04-26,2021-04-27,CELEBRITY,CELEBRITY
INE187A01017,EQ,BE,2021-04-26,2021-04-27,JBFIND,JBFIND
INE197J01017,BE,EQ,2021-04-26,2021-04-27,LPDC,LPDC
INE201J01017,BE,EQ,2021-04-26,2021-04-27,LGBFORGE,LGBFORGE
INE204E01012,BE,EQ,2021-04-26,2021-04-27,AGARIND,AGARIND
INE209L01016,BE,EQ,2021-04-26,2021-04-27,CEBBCO,CEBBCO
INE217A01012,BE,EQ,2021-04-26,2021-04-27,ZUARIGLOB,ZUARIGLOB
INE218G01033,BE,EQ,2021-04-26,2021-04-27,PALREDTEC,PALREDTEC
INE224E01036,BE,EQ,2021-04-26,2021-04-27,SCAPDVR,SCAPDVR
INE227G01018,BE,EQ,2021-04-26,2021-04-27,INDOWIND,INDOWIND
INE230R01027,BE,EQ,2021-04-26,2021-04-27,RAMASTEEL,RAMASTEEL
INE236G01019,BE,EQ,2021-04-26,2021-04-27,TVSELECT,TVSELECT
INE240C01028,BE,EQ,2021-04-26,2021-04-27,UMESLTD,UMESLTD
INE248H01012,BE,EQ,2021-04-26,2021-04-27,ROHITFERRO,ROHITFERRO
INE253A01025,BE,EQ,2021-04-26,2021-04-27,HINDMOTORS,HINDMOTORS
INE263L01013,BE,EQ,2021-04-26,2021-04-27,SANGHVIFOR,SANGHVIFOR
INE272L01022,BE,EQ,2021-04-26,2021-04-27,SURANASOL,SURANASOL
INE273D01019,EQ,BE,2021-04-26,2021-04-27,AARVEEDEN,AARVEEDEN
INE278G01037,BE,EQ,2021-04-26,2021-04-27,CYBERMEDIA,CYBERMEDIA
INE287C01029,BE,EQ,2021-04-26,2021-04-27,MIC,MIC
INE287Z01012,BE,EQ,2021-04-26,2021-04-27,GAYAHWS,GAYAHWS
INE294G01026,BE,EQ,2021-04-26,2021-04-27,ROML,ROML
INE304A01026,EQ,BE,2021-04-26,2021-04-27,MUKANDLTD,MUKANDLTD
INE306C01019,BE,EQ,2021-04-26,2021-04-27,ENERGYDEV,ENERGYDEV
INE313D01013,BE,EQ,2021-04-26,2021-04-27,MOHOTAIND,MOHOTAIND
INE314C01013,BE,EQ,2021-04-26,2021-04-27,SOMATEX,SOMATEX
INE316L01019,BE,EQ,2021-04-26,2021-04-27,BHARATWIRE,BHARATWIRE
INE318D01020,BE,EQ,2021-04-26,2021-04-27,ZENITHSTL,ZENITHSTL
INE323J01019,BE,EQ,2021-04-26,2021-04-27,SOMICONVEY,SOMICONVEY
INE342A01018,BE,EQ,2021-04-26,2021-04-27,PREMIER,PREMIER
INE350H01032,BE,EQ,2021-04-26,2021-04-27,BLKASHYAP,BLKASHYAP
INE367G01038,EQ,BE,2021-04-26,2021-04-27,PFOCUS,PFOCUS
INE370E01029,BE,EQ,2021-04-26,2021-04-27,VIVIDHA,VIVIDHA
INE378D01032,BE,EQ,2021-04-26,2021-04-27,MADHUCON,MADHUCON
INE385I01010,EQ,BE,2021-04-26,2021-04-27,ALPA,ALPA
INE387I01016,BE,EQ,2021-04-26,2021-04-27,MAGNUM,MAGNUM
INE398B01018,BE,EQ,2021-04-26,2021-04-27,MRO-TEK,MRO-TEK
INE414A01015,BE,EQ,2021-04-26,2021-04-27,MADRASFERT,MADRASFERT
INE429C01035,BE,EQ,2021-04-26,2021-04-27,SINTEX,SINTEX
INE429F01012,BE,EQ,2021-04-26,2021-04-27,SKIL,SKIL
INE440L01017,BE,EQ,2021-04-26,2021-04-27,TIJARIA,TIJARIA
INE450G01024,BE,EQ,2021-04-26,2021-04-27,VIPCLOTHNG,VIPCLOTHNG
INE454M01024,BE,EQ,2021-04-26,2021-04-27,NAGAFERT,NAGAFERT
INE457L01011,BE,EQ,2021-04-26,2021-04-27,PGEL,PGEL
INE458B01036,BE,EQ,2021-04-26,2021-04-27,BHAGYANGR,BHAGYANGR
INE474E01029,BE,EQ,2021-04-26,2021-04-27,BHANDARI,BHANDARI
INE486Y01013,BE,EQ,2021-04-26,2021-04-27,TOUCHWOOD,TOUCHWOOD
INE495S01016,BE,EQ,2021-04-26,2021-04-27,HPL,HPL
INE512B01022,BE,EQ,2021-04-26,2021-04-27,FCSSOFT,FCSSOFT
INE517B01013,BE,EQ,2021-04-26,2021-04-27,TTML,TTML
INE544H01014,BE,EQ,2021-04-26,2021-04-27,JHS,JHS
INE546Y01022,BE,EQ,2021-04-26,2021-04-27,PRAXIS,PRAXIS
INE550B01022,BE,EQ,2021-04-26,2021-04-27,HBSL,HBSL
INE550C01020,BE,EQ,2021-04-26,2021-04-27,URJA,URJA
INE561H01026,BE,EQ,2021-04-26,2021-04-27,PARSVNATH,PARSVNATH
INE562B01019,BE,EQ,2021-04-26,2021-04-27,RAJSREESUG,RAJSREESUG
INE562X01013,BE,EQ,2021-04-26,2021-04-27,UNIVASTU,UNIVASTU
INE570D01018,BE,EQ,2021-04-26,2021-04-27,ARROWGREEN,ARROWGREEN
INE577L01016,BE,EQ,2021-04-26,2021-04-27,STEL,STEL
INE591Q01016,BE,EQ,2021-04-26,2021-04-27,SUULD,SUULD
INE596H01014,BE,EQ,2021-04-26,2021-04-27,HOVS,HOVS
INE611L01021,BE,EQ,2021-04-26,2021-04-27,INDTERRAIN,INDTERRAIN
INE643K01018,EQ,BE,2021-04-26,2021-04-27,ARIHANTSUP,ARIHANTSUP
INE644Y01017,BE,EQ,2021-04-26,2021-04-27,SHIVAMILLS,SHIVAMILLS
INE658G01014,EQ,BE,2021-04-26,2021-04-27,SALSTEEL,SALSTEEL
INE658T01017,EQ,BE,2021-04-26,2021-04-27,WEALTH,WEALTH
INE669A01022,BE,EQ,2021-04-26,2021-04-27,INFOMEDIA,INFOMEDIA
INE695B01025,BE,EQ,2021-04-26,2021-04-27,COUNCODOS,COUNCODOS
INE699A01011,BE,EQ,2021-04-26,2021-04-27,UTTAMSTL,UTTAMSTL
INE703H01016,BE,EQ,2021-04-26,2021-04-27,HUBTOWN,HUBTOWN
INE707C01018,BE,EQ,2021-04-26,2021-04-27,CAPTRUST,CAPTRUST
INE715Y01015,BE,EQ,2021-04-26,2021-04-27,SHRADHA,SHRADHA
INE716B01011,BE,EQ,2021-04-26,2021-04-27,TIPSINDLTD,TIPSINDLTD
INE725L01011,BE,EQ,2021-04-26,2021-04-27,KARMAENG,KARMAENG
INE727B01026,BE,EQ,2021-04-26,2021-04-27,GENESYS,GENESYS
INE730A01022,BE,EQ,2021-04-26,2021-04-27,ORICONENT,ORICONENT
INE735M01018,BE,EQ,2021-04-26,2021-04-27,SEPOWER,SEPOWER
INE737B01033,BE,EQ,2021-04-26,2021-04-27,ADROITINFO,ADROITINFO
INE752G01015,EQ,BE,2021-04-26,2021-04-27,MSPL,MSPL
INE778A01021,BE,EQ,2021-04-26,2021-04-27,TECHIN,TECHIN
INE781B01015,BE,EQ,2021-04-26,2021-04-27,NOIDATOLL,NOIDATOLL
INE788H01017,EQ,BE,2021-04-26,2021-04-27,HILTON,HILTON
INE791A01024,BE,EQ,2021-04-26,2021-04-27,BLBLIMITED,BLBLIMITED
INE792Z01011,BE,EQ,2021-04-26,2021-04-27,SIRCA,SIRCA
INE804H01012,BE,EQ,2021-04-26,2021-04-27,TFL,TFL
INE805A01014,BE,EQ,2021-04-26,2021-04-27,GOLDTECH,GOLDTECH
INE807K01035,BE,EQ,2021-04-26,2021-04-27,SCHAND,SCHAND
INE817H01014,BE,EQ,2021-04-26,2021-04-27,BURNPUR,BURNPUR
INE828A01016,EQ,BE,2021-04-26,2021-04-27,BIL,BIL
INE829A01014,BE,EQ,2021-04-26,2021-04-27,BIOFILCHEM,BIOFILCHEM
INE831A01028,BE,EQ,2021-04-26,2021-04-27,MIRCELECTR,MIRCELECTR
INE863B01011,BE,EQ,2021-04-26,2021-04-27,PREMEXPLN,PREMEXPLN
INE874F01027,BE,EQ,2021-04-26,2021-04-27,RADAAN,RADAAN
INE875R01011,BE,EQ,2021-04-26,2021-04-27,BALKRISHNA,BALKRISHNA
INE877I01016,BE,EQ,2021-04-26,2021-04-27,ARCHIDPLY,ARCHIDPLY
INE878I01022,BE,EQ,2021-04-26,2021-04-27,BAFNAPH,BAFNAPH
INE879I01012,BE,EQ,2021-04-26,2021-04-27,DBREALTY,DBREALTY
INE882A01013,BE,EQ,2021-04-26,2021-04-27,MARALOVER,MARALOVER
INE888B01018,BE,EQ,2021-04-26,2021-04-27,PODDARHOUS,PODDARHOUS
INE891B01012,BE,EQ,2021-04-26,2021-04-27,DCMFINSERV,DCMFINSERV
INE898S01029,BE,EQ,2021-04-26,2021-04-27,MAJESCO,MAJESCO
INE899L01022,BE,EQ,2021-04-26,2021-04-27,UJAAS,UJAAS
INE900C01027,BE,EQ,2021-04-26,2021-04-27,ASAL,ASAL
INE900L01010,BE,EQ,2021-04-26,2021-04-27,MBAPL,MBAPL
INE902B01017,BE,EQ,2021-04-26,2021-04-27,S&SPOWER,S&SPOWER
INE908V01012,BE,EQ,2021-04-26,2021-04-27,LIBAS,LIBAS
INE912L01015,BE,EQ,2021-04-26,2021-04-27,ONELIFECAP,ONELIFECAP
INE925Y01010,EQ,BE,2021-04-26,2021-04-27,GODHA,GODHA
INE927A01040,BE,EQ,2021-04-26,2021-04-27,ROLLT,ROLLT
INE927C01020,BE,EQ,2021-04-26,2021-04-27,DIGISPICE,DIGISPICE
INE933A01014,BE,EQ,2021-04-26,2021-04-27,LYKALABS,LYKALABS
INE934B01028,BE,EQ,2021-04-26,2021-04-27,MERCATOR,MERCATOR
INE937C01029,BE,EQ,2021-04-26,2021-04-27,NILAINFRA,NILAINFRA
INE946H01037,BE,EQ,2021-04-26,2021-04-27,VIPULLTD,VIPULLTD
INE952A01022,BE,EQ,2021-04-26,2021-04-27,HINDNATGLS,HINDNATGLS
INE968D01022,BE,EQ,2021-04-26,2021-04-27,ARSHIYA,ARSHIYA
INE972X01014,BE,EQ,2021-04-26,2021-04-27,VAISHALI,VAISHALI
INE981B01011,BE,EQ,2021-04-26,2021-04-27,CMICABLES,CMICABLES
INE988E01036,BE,EQ,2021-04-26,2021-04-27,JMTAUTOLTD,JMTAUTOLTD
INE999K01014,BE,EQ,2021-04-26,2021-04-27,GREENPOWER,GREENPOWER
INE792B01012,BE,EQ,2021-04-28,2021-04-29,AMBICAAGAR,AMBICAAGAR
INE335K01011,BE,EQ,2021-04-30,2021-05-03,COFFEEDAY,COFFEEDAY
INE080B01012,BZ,BE,2021-05-03,2022-04-06,KOHINOOR,KOHINOOR
INE747K01017,BE,EQ,2021-05-03,2021-05-06,TARAPUR,TARAPUR
INE191A01027,BE,EQ,2021-05-04,2021-05-05,ORCHPHARMA,ORCHPHARMA
INE083D01012,EQ,BE,2021-05-05,2021-05-06,BALPHARMA,BALPHARMA
INE116D01028,EQ,BE,2021-05-05,2021-05-06,BAGFILMS,BAGFILMS
INE144D01012,EQ,BE,2021-05-05,2021-05-06,CUBEXTUB,CUBEXTUB
INE159N01027,EQ,BE,2021-05-05,2021-05-06,VIJIFIN,VIJIFIN
INE176J01011,EQ,BE,2021-05-05,2021-05-06,SICAGEN,SICAGEN
INE526G01021,EQ,BE,2021-05-05,2021-05-06,VIVIMEDLAB,VIVIMEDLAB
INE542C01019,EQ,BE,2021-05-05,2021-05-06,NKIND,NKIND
INE632X01030,EQ,BE,2021-05-05,2021-05-06,SHRENIK,SHRENIK
INE688Y01014,EQ,BE,2021-05-05,2021-05-06,DANGEE,DANGEE
INE840Y01011,EQ,BE,2021-05-05,2021-05-06,ONEPOINT,ONEPOINT
INE933B01012,EQ,BE,2021-05-05,2021-05-06,MEGASOFT,MEGASOFT
INE691G01015,BE,EQ,2021-05-06,2021-05-10,IMPEXFERRO,IMPEXFERRO
INE820Y01013,SM,EQ,2021-05-06,2021-05-07,AJOONI,AJOONI
INE318D01020,EQ,BE,2021-05-07,2021-05-10,ZENITHSTL,ZENITHSTL
INE792H01019,BZ,EQ,2021-05-07,2021-05-10,GLOBALVECT,GLOBALVECT
INE0FHS01016,BE,EQ,2021-05-10,2021-05-11,DEEPINDS,DEEPINDS
INE268L01020,EQ,BE,2021-05-11,2021-05-12,SPYL,SPYL
INE287C01029,EQ,BE,2021-05-14,2021-05-17,MIC,MIC
INE691G01015,EQ,BE,2021-05-17,2021-05-19,IMPEXFERRO,IMPEXFERRO
INE025R01013,EQ,BE,2021-05-19,2021-05-20,ARTEMISMED,ARTEMISMED
INE050B01023,EQ,BE,2021-05-19,2021-05-20,IVC,IVC
INE060J01017,EQ,BE,2021-05-19,2021-05-20,FLEXITUFF,FLEXITUFF
INE087J01028,EQ,BE,2021-05-19,2021-05-20,GBGLOBAL,GBGLOBAL
INE093R01011,EQ,BE,2021-05-19,2021-05-20,LSIL,LSIL
INE106I01010,EQ,BE,2021-05-19,2021-05-20,ANKITMETAL,ANKITMETAL
INE134B01017,EQ,BE,2021-05-19,2021-05-20,KECL,KECL
INE248H01012,EQ,BE,2021-05-19,2021-05-20,ROHITFERRO,ROHITFERRO
INE286H01012,EQ,BE,2021-05-19,2021-05-20,VISASTEEL,VISASTEEL
INE342A01018,EQ,BE,2021-05-19,2021-05-20,PREMIER,PREMIER
INE440A01010,EQ,BE,2021-05-19,2021-05-20,ASHIMASYN,ASHIMASYN
INE482J01021,EQ,BE,2021-05-19,2021-05-20,GAL,GAL
INE512B01022,EQ,BE,2021-05-19,2021-05-20,FCSSOFT,FCSSOFT
INE520H01022,EQ,BE,2021-05-19,2021-05-20,BEARDSELL,BEARDSELL
INE523B01011,EQ,BE,2021-05-19,2021-05-20,AKSHOPTFBR,AKSHOPTFBR
INE570D01018,EQ,BE,2021-05-19,2021-05-20,ARROWGREEN,ARROWGREEN
INE573K01017,EQ,BE,2021-05-19,2021-05-20,RUSHIL,RUSHIL
INE619I01012,EQ,BE,2021-05-19,2021-05-20,A2ZINFRA,A2ZINFRA
INE623A01011,EQ,BE,2021-05-19,2021-05-20,SAKHTISUG,SAKHTISUG
INE652F01027,EQ,BE,2021-05-19,2021-05-20,CCHHL,CCHHL
INE662A01027,EQ,BE,2021-05-19,2021-05-20,SUPERSPIN,SUPERSPIN
INE688J01015,EQ,BE,2021-05-19,2021-05-20,EXCEL,EXCEL
INE696K01024,EQ,BE,2021-05-19,2021-05-20,PRAKASHSTL,PRAKASHSTL
INE699B01027,EQ,BE,2021-05-19,2021-05-20,SAMBHAAV,SAMBHAAV
INE713B01026,EQ,BE,2021-05-19,2021-05-20,SURYALAXMI,SURYALAXMI
INE721Z01010,EQ,BE,2021-05-19,2021-05-20,AARON,AARON
INE729D01010,EQ,BE,2021-05-19,2021-05-20,KILITCH,KILITCH
INE732F01019,EQ,BE,2021-05-19,2021-05-20,ISMTLTD,ISMTLTD
INE747K01017,EQ,BE,2021-05-19,2021-05-20,TARAPUR,TARAPUR
INE748T01016,EQ,BE,2021-05-19,2021-05-20,SIMBHALS,SIMBHALS
INE778A01021,EQ,BE,2021-05-19,2021-05-20,TECHIN,TECHIN
INE790C01014,EQ,BE,2021-05-19,2021-05-20,PATSPINLTD,PATSPINLTD
INE797H01018,EQ,BE,2021-05-19,2021-05-20,TGBHOTELS,TGBHOTELS
INE806A01020,EQ,BE,2021-05-19,2021-05-20,VIKASECO,VIKASECO
INE806C01018,EQ,BE,2021-05-19,2021-05-20,TIL,TIL
INE820Y01013,EQ,BE,2021-05-19,2021-05-20,AJOONI,AJOONI
INE859Q01017,EQ,BE,2021-05-19,2021-05-20,MANAKALUCO,MANAKALUCO
INE875G01030,EQ,BE,2021-05-19,2021-05-20,NDL,NDL
INE937A01023,EQ,BE,2021-05-19,2021-05-20,SPMLINFRA,SPMLINFRA
INE965H01011,EQ,BE,2021-05-19,2021-05-20,SITINET,SITINET
INE976T01013,EQ,BE,2021-05-19,2021-05-20,SAGARDEEP,SAGARDEEP
INE514Y01012,SM,EQ,2021-05-20,2021-05-21,MOKSH,MOKSH
INE495C01010,BE,EQ,2021-05-21,2021-05-24,SANGAMIND,SANGAMIND
INE750M01017,BE,EQ,2021-05-21,2021-05-24,HEXATRADEX,HEXATRADEX
INE831Q01016,EQ,BE,2021-05-21,2021-05-24,BKMINDST,BKMINDST
INE877I01016,EQ,BE,2021-05-21,2021-05-24,ARCHIDPLY,ARCHIDPLY
INE817H01014,EQ,BE,2021-05-24,2021-05-25,BURNPUR,BURNPUR
INE875R01011,EQ,BE,2021-05-26,2021-05-27,BALKRISHNA,BALKRISHNA
INE669A01022,EQ,BE,2021-05-28,2021-05-31,INFOMEDIA,INFOMEDIA
INE023M01027,EQ,BE,2021-06-02,2021-06-03,SETUINFRA,SETUINFRA
INE058B01018,EQ,BE,2021-06-02,2021-06-03,ZENITHEXPO,ZENITHEXPO
INE077B01018,EQ,BE,2021-06-02,2021-06-03,ZODJRDMKJ,ZODJRDMKJ
INE099J01015,EQ,BE,2021-06-02,2021-06-03,JPINFRATEC,JPINFRATEC
INE172N01012,EQ,BE,2021-06-02,2021-06-03,IMAGICAA,IMAGICAA
INE186H01022,EQ,BE,2021-06-02,2021-06-03,BASML,BASML
INE195N01013,EQ,BE,2021-06-02,2021-06-03,PROZONINTU,PROZONINTU
INE217G01035,BE,EQ,2021-06-02,2021-06-03,PROINDIA,PROINDIA
INE229A01017,EQ,BE,2021-06-02,2021-06-03,ONWARDTEC,ONWARDTEC
INE240C01028,EQ,BE,2021-06-02,2021-06-03,UMESLTD,UMESLTD
INE267I01010,EQ,BE,2021-06-02,2021-06-03,ARSSINFRA,ARSSINFRA
INE287Z01012,EQ,BE,2021-06-02,2021-06-03,GAYAHWS,GAYAHWS
INE319B01014,EQ,BE,2021-06-02,2021-06-03,BYKE,BYKE
INE319Z01013,EQ,BE,2021-06-02,2021-06-03,SUPREMEENG,SUPREMEENG
INE333I01036,EQ,BE,2021-06-02,2021-06-03,NTL,NTL
INE363M01019,EQ,BE,2021-06-02,2021-06-03,SHEMAROO,SHEMAROO
INE370E01029,EQ,BE,2021-06-02,2021-06-03,VIVIDHA,VIVIDHA
INE387I01016,EQ,BE,2021-06-02,2021-06-03,MAGNUM,MAGNUM
INE480C01020,EQ,BE,2021-06-02,2021-06-03,SDBL,SDBL
INE524L01026,EQ,BE,2021-06-02,2021-06-03,KRIDHANINF,KRIDHANINF
INE534A01028,EQ,BE,2021-06-02,2021-06-03,GFSTEELS,GFSTEELS
INE592B01016,EQ,BE,2021-06-02,2021-06-03,TTL,TTL
INE597L01014,EQ,BE,2021-06-02,2021-06-03,LOVABLE,LOVABLE
INE637H01024,EQ,BE,2021-06-02,2021-06-03,SHIVAMAUTO,SHIVAMAUTO
INE666E01012,EQ,BE,2021-06-02,2021-06-03,ANDHRACEMT,ANDHRACEMT
INE735M01018,EQ,BE,2021-06-02,2021-06-03,SEPOWER,SEPOWER
INE804H01012,EQ,BE,2021-06-02,2021-06-03,TFL,TFL
INE921B01025,EQ,BE,2021-06-02,2021-06-03,DBSTOCKBRO,DBSTOCKBRO
INE933A01014,EQ,BE,2021-06-02,2021-06-03,LYKALABS,LYKALABS
INE938A01021,EQ,BE,2021-06-02,2021-06-03,LCCINFOTEC,LCCINFOTEC
INE967C01018,EQ,BE,2021-06-02,2021-06-03,KAMATHOTEL,KAMATHOTEL
INE160H01019,BE,EQ,2021-06-04,2021-06-07,PBAINFRA,PBAINFRA
INE065J01016,EQ,BE,2021-06-07,2021-06-08,GISOLUTION,GISOLUTION
INE00WC01019,EQ,BE,2021-06-08,2021-06-09,AFFLE,AFFLE
INE010J01012,EQ,BE,2021-06-08,2021-06-09,TEJASNET,TEJASNET
INE05AN01011,EQ,BE,2021-06-08,2021-06-09,SHIL,SHIL
INE067A01029,EQ,BE,2021-06-08,2021-06-09,CGPOWER,CGPOWER
INE074A01025,EQ,BE,2021-06-08,2021-06-09,PRAJIND,PRAJIND
INE08ZM01014,EQ,BE,2021-06-08,2021-06-09,GREENPANEL,GREENPANEL
INE126M01010,EQ,BE,2021-06-08,2021-06-09,YAARII,YAARII
INE156A01020,EQ,BE,2021-06-08,2021-06-09,INDORAMA,INDORAMA
INE184H01027,EQ,BE,2021-06-08,2021-06-09,EKC,EKC
INE201A01024,EQ,BE,2021-06-08,2021-06-09,MANALIPETC,MANALIPETC
INE242C01024,EQ,BE,2021-06-08,2021-06-09,ANANTRAJ,ANANTRAJ
INE254N01018,EQ,BE,2021-06-08,2021-06-09,HNDFDS,HNDFDS
INE278R01026,EQ,BE,2021-06-08,2021-06-09,KARDA,KARDA
INE295F01017,EQ,BE,2021-06-08,2021-06-09,BUTTERFLY,BUTTERFLY
INE348A01023,EQ,BE,2021-06-08,2021-06-09,ASHAPURMIN,ASHAPURMIN
INE350C01017,EQ,BE,2021-06-08,2021-06-09,OPTIEMUS,OPTIEMUS
INE364U01010,EQ,BE,2021-06-08,2021-06-09,ADANIGREEN,ADANIGREEN
INE399L01023,EQ,BE,2021-06-08,2021-06-09,ATGL,ATGL
INE483C01032,EQ,BE,2021-06-08,2021-06-09,TANLA,TANLA
INE511C01022,EQ,BE,2021-06-08,2021-06-09,MAGMA,MAGMA
INE517B01013,EQ,BE,2021-06-08,2021-06-09,TTML,TTML
INE530B01024,EQ,BE,2021-06-08,2021-06-09,IIFL,IIFL
INE614G01033,EQ,BE,2021-06-08,2021-06-09,RPOWER,RPOWER
INE663A01017,EQ,BE,2021-06-08,2021-06-09,SUPPETRO,SUPPETRO
INE666D01022,EQ,BE,2021-06-08,2021-06-09,BORORENEW,BORORENEW
INE674A01014,EQ,BE,2021-06-08,2021-06-09,TATASTLLP,TATASTLLP
INE676A01019,EQ,BE,2021-06-08,2021-06-09,AGCNET,AGCNET
INE716B01011,EQ,BE,2021-06-08,2021-06-09,TIPSINDLTD,TIPSINDLTD
INE743C01021,EQ,BE,2021-06-08,2021-06-09,JSWISPL,JSWISPL
INE748C01020,EQ,BE,2021-06-08,2021-06-09,3IINFOTECH,3IINFOTECH
INE794A01010,EQ,BE,2021-06-08,2021-06-09,NEULANDLAB,NEULANDLAB
INE834M01019,EQ,BE,2021-06-08,2021-06-09,RTNINDIA,RTNINDIA
INE854B01010,EQ,BE,2021-06-08,2021-06-09,JAYNECOIND,JAYNECOIND
INE927C01020,EQ,BE,2021-06-08,2021-06-09,DIGISPICE,DIGISPICE
INE931S01010,EQ,BE,2021-06-08,2021-06-09,ADANITRANS,ADANITRANS
INE979A01017,EQ,BE,2021-06-08,2021-06-09,SAREGAMA,SAREGAMA
INE732A01036,EQ,BE,2021-06-09,2021-06-10,KIRLOSBROS,KIRLOSBROS
INE912L01015,EQ,BE,2021-06-09,2021-06-10,ONELIFECAP,ONELIFECAP
INE572E01012,EQ,BE,2021-06-10,2021-06-11,PNBHOUSING,PNBHOUSING
INE635A01023,BE,EQ,2021-06-10,2021-06-14,SHYAMTEL,SHYAMTEL
INE416A01036,BE,EQ,2021-06-11,2021-06-14,SABTN,SABTN
INE814H01011,EQ,BE,2021-06-11,2021-06-14,ADANIPOWER,ADANIPOWER
INE455F01025,EQ,BE,2021-06-15,2021-06-16,JPASSOCIAT,JPASSOCIAT
IN9175A01010,EQ,BE,2021-06-16,2021-06-17,JISLDVREQS,JISLDVREQS
INE00KV01014,EQ,BE,2021-06-16,2021-06-17,RAJMET,RAJMET
INE022C01012,EQ,BE,2021-06-16,2021-06-25,EUROTEXIND,EUROTEXIND
INE036A01016,EQ,BE,2021-06-16,2021-06-17,RELINFRA,RELINFRA
INE03JI01017,EQ,BE,2021-06-16,2021-06-17,DGCONTENT,DGCONTENT
INE093B01015,EQ,BE,2021-06-16,2021-06-17,ALPSINDUS,ALPSINDUS
INE108E01023,EQ,BE,2021-06-16,2021-06-17,SUNDARAM,SUNDARAM
INE122M01019,EQ,BE,2021-06-16,2021-06-17,ESSARSHPNG,ESSARSHPNG
INE165B01029,EQ,BE,2021-06-16,2021-06-17,RSSOFTWARE,RSSOFTWARE
INE170I01016,EQ,BE,2021-06-16,2021-06-17,HGS,HGS
INE197J01017,EQ,BE,2021-06-16,2021-06-17,LPDC,LPDC
INE217K01011,EQ,BE,2021-06-16,2021-06-17,RHFL,RHFL
INE234I01010,EQ,BE,2021-06-16,2021-06-17,KAUSHALYA,KAUSHALYA
INE275F01019,EQ,BE,2021-06-16,2021-06-17,HOTELRUGBY,HOTELRUGBY
INE285H01022,EQ,BE,2021-06-16,2021-06-17,ATLANTA,ATLANTA
INE291D01011,EQ,BE,2021-06-16,2021-06-17,KDDL,KDDL
INE314C01013,EQ,BE,2021-06-16,2021-06-17,SOMATEX,SOMATEX
INE393A01011,EQ,BE,2021-06-16,2021-06-17,DELTAMAGNT,DELTAMAGNT
INE413D01011,EQ,BE,2021-06-16,2021-06-17,ARIHANT,ARIHANT
INE421A01028,EQ,BE,2021-06-16,2021-06-17,ABAN,ABAN
INE426D01013,EQ,BE,2021-06-16,2021-06-17,GOACARBON,GOACARBON
INE429C01035,EQ,BE,2021-06-16,2021-06-17,SINTEX,SINTEX
INE429F01012,EQ,BE,2021-06-16,2021-06-17,SKIL,SKIL
INE436A01026,EQ,BE,2021-06-16,2021-06-17,ANSALAPI,ANSALAPI
INE453B01029,EQ,BE,2021-06-16,2021-06-17,COMPUSOFT,COMPUSOFT
INE460C01014,EQ,BE,2021-06-16,2021-06-17,GANESHHOUC,GANESHHOUC
INE471W01019,EQ,BE,2021-06-16,2021-06-17,PALASHSECU,PALASHSECU
INE472M01018,EQ,BE,2021-06-16,2021-06-17,MTEDUCARE,MTEDUCARE
INE498A01018,EQ,BE,2021-06-16,2021-06-17,DCM,DCM
INE501W01021,EQ,BE,2021-06-16,2021-06-17,SPTL,SPTL
INE526B01014,EQ,BE,2021-06-16,2021-06-17,CALSOFT,CALSOFT
INE555B01013,EQ,BE,2021-06-16,2021-06-17,AXISCADES,AXISCADES
INE562B01019,EQ,BE,2021-06-16,2021-06-17,RAJSREESUG,RAJSREESUG
INE629D01012,EQ,BE,2021-06-16,2021-06-17,BANSWRAS,BANSWRAS
INE636A01039,EQ,BE,2021-06-16,2021-06-17,MAWANASUG,MAWANASUG
INE695B01025,EQ,BE,2021-06-16,2021-06-17,COUNCODOS,COUNCODOS
INE697V01011,SM,EQ,2021-06-16,2021-10-19,PANSARI,PANSARI
INE703H01016,EQ,BE,2021-06-16,2021-06-17,HUBTOWN,HUBTOWN
INE718H01014,EQ,BE,2021-06-16,2021-06-17,AUTOIND,AUTOIND
INE725L01011,EQ,BE,2021-06-16,2021-06-17,KARMAENG,KARMAENG
INE741L01018,EQ,BE,2021-06-16,2021-06-17,DUCON,DUCON
INE759V01019,EQ,BE,2021-06-16,2021-06-17,TMRVL,TMRVL
INE782L01012,EQ,BE,2021-06-16,2021-06-17,SANCO,SANCO
INE802B01019,EQ,BE,2021-06-16,2021-06-17,LINCPEN,LINCPEN
INE836H01014,EQ,BE,2021-06-16,2021-06-17,MCDHOLDING,MCDHOLDING
INE844K01012,EQ,BE,2021-06-16,2021-06-17,BEDMUTHA,BEDMUTHA
INE852F01015,EQ,BE,2021-06-16,2021-06-17,GDL,GDL
INE867A01022,EQ,BE,2021-06-16,2021-06-17,MANUGRAPH,MANUGRAPH
INE869Y01010,EQ,BE,2021-06-16,2021-06-17,TEMBO,TEMBO
INE879E01037,EQ,BE,2021-06-16,2021-06-17,KANANIIND,KANANIIND
INE899L01022,EQ,BE,2021-06-16,2021-06-17,UJAAS,UJAAS
INE902B01017,EQ,BE,2021-06-16,2021-06-17,S&SPOWER,S&SPOWER
INE905P01028,EQ,BE,2021-06-16,2021-06-17,BCP,BCP
INE935Q01015,EQ,BE,2021-06-16,2021-06-17,FSC,FSC
INE942G01012,EQ,BE,2021-06-16,2021-06-17,MCLEODRUSS,MCLEODRUSS
INE946H01037,EQ,BE,2021-06-16,2021-06-17,VIPULLTD,VIPULLTD
INE954E01012,EQ,BE,2021-06-16,2021-06-17,MOHITIND,MOHITIND
INE177H01013,EQ,BE,2021-06-17,2021-06-18,GPIL,GPIL
INE416A01036,EQ,BE,2021-06-17,2021-06-18,SABTN,SABTN
INE501A01019,EQ,BE,2021-06-17,2021-06-18,DEEPAKFERT,DEEPAKFERT
INE738I01010,EQ,BE,2021-06-17,2021-06-18,ECLERX,ECLERX
INE385C01013,EQ,BE,2021-06-18,2021-06-21,SARDAEN,SARDAEN
INE805B01012,EQ,BE,2021-06-18,2021-06-21,MANGTIMBER,MANGTIMBER
INE615I01010,EQ,BE,2021-06-22,2021-06-23,GLOBUSSPR,GLOBUSSPR
INE874F01027,EQ,BE,2021-06-23,2021-06-24,RADAAN,RADAAN
INE0FLR01028,BE,EQ,2021-06-24,2021-06-25,IWEL,IWEL
INE355A01028,EQ,BE,2021-06-24,2021-06-25,SOMANYCERA,SOMANYCERA
INE048C01017,BE,BZ,2021-06-25,2021-06-28,VICEROY,VICEROY
INE172H01014,BE,BZ,2021-06-25,2021-06-28,RMCL,RMCL
INE874I01013,EQ,BE,2021-06-25,2021-06-28,RAMKY,RAMKY
INE505Y01010,BE,EQ,2021-06-28,2021-06-29,VINEETLAB,VINEETLAB
INE00S901012,EQ,BE,2021-06-30,2021-07-01,NILASPACES,NILASPACES
INE0FLR01028,EQ,BE,2021-06-30,2021-07-01,IWEL,IWEL
INE201J01017,EQ,BE,2021-06-30,2021-07-01,LGBFORGE,LGBFORGE
INE391D01019,EQ,BE,2021-06-30,2021-07-01,TRF,TRF
INE589G01011,EQ,BE,2021-06-30,2021-07-01,BRFL,BRFL
INE645W01026,EQ,BE,2021-06-30,2021-07-01,AIRAN,AIRAN
INE800A01015,EQ,BE,2021-06-30,2021-07-01,BIRLACABLE,BIRLACABLE
INE900C01027,EQ,BE,2021-06-30,2021-07-01,ASAL,ASAL
INE934B01028,EQ,BE,2021-06-30,2021-07-01,MERCATOR,MERCATOR
INE947I01017,EQ,BE,2021-06-30,2021-07-01,LOTUSEYE,LOTUSEYE
INE952A01022,EQ,BE,2021-06-30,2021-07-01,HINDNATGLS,HINDNATGLS
INE087H01022,EQ,BE,2021-07-01,2021-07-02,RENUKA,RENUKA
INE973A01010,EQ,BE,2021-07-01,2021-07-02,GOLDENTOBC,GOLDENTOBC
INE0CAJ01017,ST,SM,2021-07-02,2021-07-05,AILIMITED,AILIMITED
INE642Y01011,SM,EQ,2021-07-02,2021-07-05,HINDCON,HINDCON
INE082A01010,EQ,BE,2021-07-05,2021-07-06,KOPRAN,KOPRAN
INE191A01027,EQ,BE,2021-07-05,2021-07-06,ORCHPHARMA,ORCHPHARMA
INE472B01011,BE,EQ,2021-07-05,2021-07-12,BLUECOAST,BLUECOAST
INE691Z01015,SM,EQ,2021-07-05,2021-07-06,GANGAFORGE,GANGAFORGE
INE786F01031,EQ,BE,2021-07-05,2021-07-06,UTTAMSUGAR,UTTAMSUGAR
INE912L01015,BE,EQ,2021-07-05,2021-07-27,ONELIFECAP,ONELIFECAP
INE399K01017,EQ,BE,2021-07-06,2021-07-07,RTNPOWER,RTNPOWER
INE737B01033,EQ,BE,2021-07-06,2021-07-07,ADROITINFO,ADROITINFO
INE260D01016,EQ,BE,2021-07-07,2021-07-08,OLECTRA,OLECTRA
INE306A01021,EQ,BE,2021-07-07,2021-07-08,BAJAJHIND,BAJAJHIND
INE451D01011,EQ,BE,2021-07-07,2021-07-08,RAJRATAN,RAJRATAN
INE597I01028,EQ,BE,2021-07-07,2021-07-08,SHARDAMOTR,SHARDAMOTR
INE635A01023,EQ,BE,2021-07-07,2021-07-08,SHYAMTEL,SHYAMTEL
INE019J01013,EQ,BE,2021-07-08,2021-07-09,SASTASUNDR,SASTASUNDR
INE255D01024,EQ,BE,2021-07-08,2021-07-09,GULPOLY,GULPOLY
INE344S01016,EQ,BE,2021-07-08,2021-07-09,INFOBEAN,INFOBEAN
INE548A01028,EQ,BE,2021-07-08,2021-07-09,HFCL,HFCL
INE619B01017,EQ,BE,2021-07-08,2021-07-09,NEWGEN,NEWGEN
INE474L01016,BE,EQ,2021-07-09,2021-07-12,OMKARCHEM,OMKARCHEM
INE669A01022,BE,EQ,2021-07-09,2021-07-12,INFOMEDIA,INFOMEDIA
INE875R01011,BE,EQ,2021-07-09,2021-07-12,BALKRISHNA,BALKRISHNA
INE454M01024,EQ,BE,2021-07-14,2021-07-15,NAGAFERT,NAGAFERT
INE484C01022,EQ,BE,2021-07-14,2021-07-15,TIDEWATER,TIDEWATER
INE290A01027,EQ,BE,2021-07-15,2021-07-16,NAHARSPING,NAHARSPING
INE201K01015,EQ,BE,2021-07-16,2021-07-19,EXPLEOSOL,EXPLEOSOL
INE217G01035,EQ,BE,2021-07-16,2021-07-19,PROINDIA,PROINDIA
IN9175A01010,BE,EQ,2021-07-19,2021-07-20,JISLDVREQS,JISLDVREQS
INE01GN01017,EQ,BE,2021-07-19,2021-07-20,IRISDOREME,IRISDOREME
INE01P501012,EQ,BE,2021-07-19,2021-07-20,XELPMOC,XELPMOC
INE020G01017,EQ,BE,2021-07-19,2021-07-20,INSPIRISYS,INSPIRISYS
INE022C01012,BE,EQ,2021-07-19,2021-07-20,EUROTEXIND,EUROTEXIND
INE025R01013,BE,EQ,2021-07-19,2021-07-20,ARTEMISMED,ARTEMISMED
INE03RS01019,BE,EQ,2021-07-19,2021-07-20,DRCSYSTEMS,DRCSYSTEMS
INE043A01012,EQ,BE,2021-07-19,2021-07-20,GTL,GTL
INE047B01011,EQ,BE,2021-07-19,2021-07-20,GILLANDERS,GILLANDERS
INE047O01014,BE,EQ,2021-07-19,2021-07-20,NIBL,NIBL
INE050B01023,BE,EQ,2021-07-19,2021-07-20,IVC,IVC
INE058B01018,BE,EQ,2021-07-19,2021-07-20,ZENITHEXPO,ZENITHEXPO
INE060J01017,BE,EQ,2021-07-19,2021-07-20,FLEXITUFF,FLEXITUFF
INE074B01023,EQ,BE,2021-07-19,2021-07-20,PARACABLES,PARACABLES
INE077B01018,BE,EQ,2021-07-19,2021-07-20,ZODJRDMKJ,ZODJRDMKJ
INE07OG01012,EQ,BE,2021-07-19,2021-07-20,NDRAUTO,NDRAUTO
INE083D01012,BE,EQ,2021-07-19,2021-07-20,BALPHARMA,BALPHARMA
INE090B01011,EQ,BE,2021-07-19,2021-07-20,OMAXAUTO,OMAXAUTO
INE099J01015,BE,EQ,2021-07-19,2021-07-20,JPINFRATEC,JPINFRATEC
INE0EK901012,EQ,BE,2021-07-19,2021-07-20,TARC,TARC
INE105C01023,EQ,BE,2021-07-19,2021-07-20,3PLAND,3PLAND
INE111B01023,BE,EQ,2021-07-19,2021-07-20,63MOONS,63MOONS
INE112F01022,EQ,BE,2021-07-19,2021-07-20,LAMBODHARA,LAMBODHARA
INE116D01028,BE,EQ,2021-07-19,2021-07-20,BAGFILMS,BAGFILMS
INE122M01019,BE,EQ,2021-07-19,2021-07-20,ESSARSHPNG,ESSARSHPNG
INE133E01013,EQ,BE,2021-07-19,2021-07-20,TI,TI
INE134B01017,BE,EQ,2021-07-19,2021-07-20,KECL,KECL
INE144D01012,BE,EQ,2021-07-19,2021-07-20,CUBEXTUB,CUBEXTUB
INE160H01019,EQ,BE,2021-07-19,2021-07-20,PBAINFRA,PBAINFRA
INE165B01029,BE,EQ,2021-07-19,2021-07-20,RSSOFTWARE,RSSOFTWARE
INE172N01012,BE,EQ,2021-07-19,2021-07-20,IMAGICAA,IMAGICAA
INE176J01011,BE,EQ,2021-07-19,2021-07-20,SICAGEN,SICAGEN
INE181G01025,EQ,BE,2021-07-19,2021-07-20,GAMMNINFRA,GAMMNINFRA
INE186H01022,BE,EQ,2021-07-19,2021-07-20,BASML,BASML
INE190H01024,EQ,BE,2021-07-19,2021-07-20,SAKUMA,SAKUMA
INE195N01013,BE,EQ,2021-07-19,2021-07-20,PROZONINTU,PROZONINTU
INE203Y01012,BE,EQ,2021-07-19,2021-07-20,SILLYMONKS,SILLYMONKS
INE209L01016,EQ,BE,2021-07-19,2021-07-20,CEBBCO,CEBBCO
INE215I01019,EQ,BE,2021-07-19,2021-07-20,MAANALU,MAANALU
INE217A01012,EQ,BE,2021-07-19,2021-07-20,ZUARIGLOB,ZUARIGLOB
INE218C01016,EQ,BE,2021-07-19,2021-07-20,AUSOMENT,AUSOMENT
INE227G01018,EQ,BE,2021-07-19,2021-07-20,INDOWIND,INDOWIND
INE229A01017,BE,EQ,2021-07-19,2021-07-20,ONWARDTEC,ONWARDTEC
INE230R01027,EQ,BE,2021-07-19,2021-07-20,RAMASTEEL,RAMASTEEL
INE234I01010,BE,EQ,2021-07-19,2021-07-20,KAUSHALYA,KAUSHALYA
INE240C01028,BE,EQ,2021-07-19,2021-07-20,UMESLTD,UMESLTD
INE267I01010,BE,EQ,2021-07-19,2021-07-20,ARSSINFRA,ARSSINFRA
INE273D01019,BE,EQ,2021-07-19,2021-07-20,AARVEEDEN,AARVEEDEN
INE278G01037,EQ,BE,2021-07-19,2021-07-20,CYBERMEDIA,CYBERMEDIA
INE286H01012,BE,EQ,2021-07-19,2021-07-20,VISASTEEL,VISASTEEL
INE289A01011,EQ,BE,2021-07-19,2021-07-20,NAHARINDUS,NAHARINDUS
INE291D01011,BE,EQ,2021-07-19,2021-07-20,KDDL,KDDL
INE293A01013,EQ,BE,2021-07-19,2021-07-20,ROLTA,ROLTA
INE304A01026,BE,EQ,2021-07-19,2021-07-20,MUKANDLTD,MUKANDLTD
INE313D01013,EQ,BE,2021-07-19,2021-07-20,MOHOTAIND,MOHOTAIND
INE314C01013,BE,EQ,2021-07-19,2021-07-20,SOMATEX,SOMATEX
INE316L01019,EQ,BE,2021-07-19,2021-07-20,BHARATWIRE,BHARATWIRE
INE319B01014,BE,EQ,2021-07-19,2021-07-20,BYKE,BYKE
INE319Z01013,BE,EQ,2021-07-19,2021-07-20,SUPREMEENG,SUPREMEENG
INE332H01014,EQ,BE,2021-07-19,2021-07-20,INDOTECH,INDOTECH
INE333I01036,BE,EQ,2021-07-19,2021-07-20,NTL,NTL
INE337M01013,BE,EQ,2021-07-19,2021-07-20,INDOTHAI,INDOTHAI
INE342A01018,BE,EQ,2021-07-19,2021-07-20,PREMIER,PREMIER
INE363M01019,BE,EQ,2021-07-19,2021-07-20,SHEMAROO,SHEMAROO
INE367G01038,BE,EQ,2021-07-19,2021-07-20,PFOCUS,PFOCUS
INE370E01029,BE,EQ,2021-07-19,2021-07-20,VIVIDHA,VIVIDHA
INE385I01010,BE,EQ,2021-07-19,2021-07-20,ALPA,ALPA
INE392B01011,BE,EQ,2021-07-19,2021-07-20,PNC,PNC
INE393A01011,BE,EQ,2021-07-19,2021-07-20,DELTAMAGNT,DELTAMAGNT
INE397H01017,BE,EQ,2021-07-19,2021-07-20,LOKESHMACH,LOKESHMACH
INE413D01011,BE,EQ,2021-07-19,2021-07-20,ARIHANT,ARIHANT
INE421A01028,BE,EQ,2021-07-19,2021-07-20,ABAN,ABAN
INE425B01027,EQ,BE,2021-07-19,2021-07-20,BCG,BCG
INE426D01013,BE,EQ,2021-07-19,2021-07-20,GOACARBON,GOACARBON
INE429C01035,BE,EQ,2021-07-19,2021-07-20,SINTEX,SINTEX
INE429F01012,BE,EQ,2021-07-19,2021-07-20,SKIL,SKIL
INE436A01026,BE,EQ,2021-07-19,2021-07-20,ANSALAPI,ANSALAPI
INE440A01010,BE,EQ,2021-07-19,2021-07-20,ASHIMASYN,ASHIMASYN
INE440L01017,EQ,BE,2021-07-19,2021-07-20,TIJARIA,TIJARIA
INE445C01015,BE,EQ,2021-07-19,2021-07-20,XPROINDIA,XPROINDIA
INE452L01012,EQ,BE,2021-07-19,2021-07-20,INCREDIBLE,INCREDIBLE
INE453B01029,BE,EQ,2021-07-19,2021-07-20,COMPUSOFT,COMPUSOFT
INE460C01014,BE,EQ,2021-07-19,2021-07-20,GANESHHOUC,GANESHHOUC
INE471W01019,BE,EQ,2021-07-19,2021-07-20,PALASHSECU,PALASHSECU
INE472M01018,BE,EQ,2021-07-19,2021-07-20,MTEDUCARE,MTEDUCARE
INE474C01015,EQ,BE,2021-07-19,2021-07-20,REMSONSIND,REMSONSIND
INE480C01020,BE,EQ,2021-07-19,2021-07-20,SDBL,SDBL
INE482J01021,BE,EQ,2021-07-19,2021-07-20,GAL,GAL
INE497D01022,EQ,BE,2021-07-19,2021-07-20,DAMODARIND,DAMODARIND
INE498A01018,BE,EQ,2021-07-19,2021-07-20,DCM,DCM
INE501W01021,BE,EQ,2021-07-19,2021-07-20,SPTL,SPTL
INE505C01016,EQ,BE,2021-07-19,2021-07-20,PRAENG,PRAENG
INE520H01022,BE,EQ,2021-07-19,2021-07-20,BEARDSELL,BEARDSELL
INE524L01026,BE,EQ,2021-07-19,2021-07-20,KRIDHANINF,KRIDHANINF
INE526G01021,BE,EQ,2021-07-19,2021-07-20,VIVIMEDLAB,VIVIMEDLAB
INE534A01028,BE,EQ,2021-07-19,2021-07-20,GFSTEELS,GFSTEELS
INE542C01019,BE,EQ,2021-07-19,2021-07-20,NKIND,NKIND
INE555B01013,BE,EQ,2021-07-19,2021-07-20,AXISCADES,AXISCADES
INE559D01011,EQ,BE,2021-07-19,2021-07-20,CREST,CREST
INE562B01019,BE,EQ,2021-07-19,2021-07-20,RAJSREESUG,RAJSREESUG
INE570D01018,BE,EQ,2021-07-19,2021-07-20,ARROWGREEN,ARROWGREEN
INE573K01017,BE,EQ,2021-07-19,2021-07-20,RUSHIL,RUSHIL
INE592B01016,BE,EQ,2021-07-19,2021-07-20,TTL,TTL
INE597L01014,BE,EQ,2021-07-19,2021-07-20,LOVABLE,LOVABLE
INE619I01012,BE,EQ,2021-07-19,2021-07-20,A2ZINFRA,A2ZINFRA
INE625B01014,EQ,BE,2021-07-19,2021-07-20,RANASUG,RANASUG
INE629D01012,BE,EQ,2021-07-19,2021-07-20,BANSWRAS,BANSWRAS
INE632X01030,BE,EQ,2021-07-19,2021-07-20,SHRENIK,SHRENIK
INE637H01024,BE,EQ,2021-07-19,2021-07-20,SHIVAMAUTO,SHIVAMAUTO
INE641C01019,BE,EQ,2021-07-19,2021-07-20,KAVVERITEL,KAVVERITEL
INE643K01018,BE,EQ,2021-07-19,2021-07-20,ARIHANTSUP,ARIHANTSUP
INE677H01012,EQ,BE,2021-07-19,2021-07-20,DEEPENR,DEEPENR
INE688Y01014,BE,EQ,2021-07-19,2021-07-20,DANGEE,DANGEE
INE695B01025,BE,EQ,2021-07-19,2021-07-20,COUNCODOS,COUNCODOS
INE703H01016,BE,EQ,2021-07-19,2021-07-20,HUBTOWN,HUBTOWN
INE718H01014,BE,EQ,2021-07-19,2021-07-20,AUTOIND,AUTOIND
INE721Z01010,BE,EQ,2021-07-19,2021-07-20,AARON,AARON
INE725L01011,BE,EQ,2021-07-19,2021-07-20,KARMAENG,KARMAENG
INE729D01010,BE,EQ,2021-07-19,2021-07-20,KILITCH,KILITCH
INE731A01020,EQ,BE,2021-07-19,2021-07-20,ARCHIES,ARCHIES
INE735M01018,BE,EQ,2021-07-19,2021-07-20,SEPOWER,SEPOWER
INE747K01017,BE,EQ,2021-07-19,2021-07-20,TARAPUR,TARAPUR
INE752G01015,BE,EQ,2021-07-19,2021-07-20,MSPL,MSPL
INE756C01015,EQ,BE,2021-07-19,2021-07-20,NDGL,NDGL
INE759V01019,BE,EQ,2021-07-19,2021-07-20,TMRVL,TMRVL
INE778A01021,BE,EQ,2021-07-19,2021-07-20,TECHIN,TECHIN
INE782L01012,BE,EQ,2021-07-19,2021-07-20,SANCO,SANCO
INE788H01017,BE,EQ,2021-07-19,2021-07-20,HILTON,HILTON
INE790C01014,BE,EQ,2021-07-19,2021-07-20,PATSPINLTD,PATSPINLTD
INE796G01012,BE,EQ,2021-07-19,2021-07-20,JINDALPHOT,JINDALPHOT
INE797H01018,BE,EQ,2021-07-19,2021-07-20,TGBHOTELS,TGBHOTELS
INE802B01019,BE,EQ,2021-07-19,2021-07-20,LINCPEN,LINCPEN
INE804H01012,BE,EQ,2021-07-19,2021-07-20,TFL,TFL
INE806A01020,BE,EQ,2021-07-19,2021-07-20,VIKASECO,VIKASECO
INE806C01018,BE,EQ,2021-07-19,2021-07-20,TIL,TIL
INE820Y01013,BE,EQ,2021-07-19,2021-07-20,AJOONI,AJOONI
INE823A01017,EQ,BE,2021-07-19,2021-07-20,KOTHARIPRO,KOTHARIPRO
INE828A01016,BE,EQ,2021-07-19,2021-07-20,BIL,BIL
INE831A01028,EQ,BE,2021-07-19,2021-07-20,MIRCELECTR,MIRCELECTR
INE835B01035,EQ,BE,2021-07-19,2021-07-20,MOLDTECH,MOLDTECH
INE836H01014,BE,EQ,2021-07-19,2021-07-20,MCDHOLDING,MCDHOLDING
INE838E01017,EQ,BE,2021-07-19,2021-07-20,PONNIERODE,PONNIERODE
INE840M01016,EQ,BE,2021-07-19,2021-07-20,ZUARI,ZUARI
INE859Q01017,BE,EQ,2021-07-19,2021-07-20,MANAKALUCO,MANAKALUCO
INE863B01011,EQ,BE,2021-07-19,2021-07-20,PREMEXPLN,PREMEXPLN
INE863I01016,EQ,BE,2021-07-19,2021-07-20,BANG,BANG
INE867A01022,BE,EQ,2021-07-19,2021-07-20,MANUGRAPH,MANUGRAPH
INE869Y01010,BE,EQ,2021-07-19,2021-07-20,TEMBO,TEMBO
INE871L01013,BE,EQ,2021-07-19,2021-07-20,TVVISION,TVVISION
INE872A01014,EQ,BE,2021-07-19,2021-07-20,SREINFRA,SREINFRA
INE875G01030,BE,EQ,2021-07-19,2021-07-20,NDL,NDL
INE891B01012,EQ,BE,2021-07-19,2021-07-20,DCMFINSERV,DCMFINSERV
INE895W01019,EQ,BE,2021-07-19,2021-07-20,PANACHE,PANACHE
INE899L01022,BE,EQ,2021-07-19,2021-07-20,UJAAS,UJAAS
INE902B01017,BE,EQ,2021-07-19,2021-07-20,S&SPOWER,S&SPOWER
INE905P01028,BE,EQ,2021-07-19,2021-07-20,BCP,BCP
INE921B01025,BE,EQ,2021-07-19,2021-07-20,DBSTOCKBRO,DBSTOCKBRO
INE923A01015,EQ,BE,2021-07-19,2021-07-20,SILINV,SILINV
INE933A01014,BE,EQ,2021-07-19,2021-07-20,LYKALABS,LYKALABS
INE935Q01015,BE,EQ,2021-07-19,2021-07-20,FSC,FSC
INE937A01023,BE,EQ,2021-07-19,2021-07-20,SPMLINFRA,SPMLINFRA
INE938A01021,BE,EQ,2021-07-19,2021-07-20,LCCINFOTEC,LCCINFOTEC
INE942G01012,BE,EQ,2021-07-19,2021-07-20,MCLEODRUSS,MCLEODRUSS
INE946H01037,BE,EQ,2021-07-19,2021-07-20,VIPULLTD,VIPULLTD
INE949P01018,EQ,BE,2021-07-19,2021-07-20,GENUSPAPER,GENUSPAPER
INE952H01027,EQ,BE,2021-07-19,2021-07-20,RAJTV,RAJTV
INE962C01027,BE,EQ,2021-07-19,2021-07-20,EASTSILK,EASTSILK
INE965H01011,BE,EQ,2021-07-19,2021-07-20,SITINET,SITINET
INE967C01018,BE,EQ,2021-07-19,2021-07-20,KAMATHOTEL,KAMATHOTEL
INE985W01018,EQ,BE,2021-07-19,2021-07-20,CREATIVE,CREATIVE
INE988C01014,EQ,BE,2021-07-19,2021-07-20,DHARSUGAR,DHARSUGAR
INE221H01019,EQ,BE,2021-07-20,2021-07-22,GTLINFRA,GTLINFRA
INE298G01027,EQ,BE,2021-07-20,2021-07-22,AJMERA,AJMERA
INE736A01011,EQ,BE,2021-07-20,2021-07-22,CDSL,CDSL
INE049A01027,EQ,BE,2021-07-23,2021-07-26,HIMATSEIDE,HIMATSEIDE
INE304A01026,EQ,BE,2021-07-23,2021-07-26,MUKANDLTD,MUKANDLTD
INE472B01011,EQ,BE,2021-07-23,2021-07-26,BLUECOAST,BLUECOAST
INE669A01022,EQ,BE,2021-07-23,2021-07-26,INFOMEDIA,INFOMEDIA
INE696K01024,BE,EQ,2021-07-26,2021-07-27,PRAKASHSTL,PRAKASHSTL
INE788B01028,BE,EQ,2021-07-26,2021-07-27,INDSWFTLTD,INDSWFTLTD
INE875R01011,EQ,BE,2021-07-26,2021-07-27,BALKRISHNA,BALKRISHNA
INE973A01010,BE,EQ,2021-07-26,2021-07-27,GOLDENTOBC,GOLDENTOBC
INE022C01012,EQ,BE,2021-07-27,2021-07-28,EUROTEXIND,EUROTEXIND
INE0G2G01015,ST,SM,2021-07-27,2021-07-28,WALPAR,WALPAR
INE534A01028,EQ,BE,2021-07-27,2021-07-28,GFSTEELS,GFSTEELS
INE032Z01012,EQ,BE,2021-07-28,2021-07-29,BSHSL,BSHSL
INE061A01014,EQ,BE,2021-07-28,2021-07-29,INDIANCARD,INDIANCARD
INE121E01018,EQ,BE,2021-07-28,2021-07-29,JSWENERGY,JSWENERGY
INE123C01018,EQ,BE,2021-07-28,2021-07-29,TAINWALCHM,TAINWALCHM
INE132H01018,EQ,BE,2021-07-28,2021-07-29,AURIONPRO,AURIONPRO
INE161L01027,EQ,BE,2021-07-28,2021-07-29,VIKASLIFE,VIKASLIFE
INE362A01016,BE,EQ,2021-07-28,2021-07-29,PVP,PVP
INE450G01024,EQ,BE,2021-07-28,2021-07-29,VIPCLOTHNG,VIPCLOTHNG
INE482B01010,EQ,BE,2021-07-28,2021-07-29,TERASOFT,TERASOFT
INE596H01014,EQ,BE,2021-07-28,2021-07-29,HOVS,HOVS
INE699A01011,EQ,BE,2021-07-28,2021-07-29,UTTAMSTL,UTTAMSTL
INE722J01012,EQ,BE,2021-07-28,2021-07-29,RKDL,RKDL
INE748Z01013,EQ,BE,2021-07-28,2021-07-29,SUMIT,SUMIT
INE835A01011,EQ,BE,2021-07-28,2021-07-29,VARDMNPOLY,VARDMNPOLY
INE251H01024,BZ,BE,2021-08-02,2022-08-12,GVKPIL,GVKPIL
INE446A01025,BZ,BE,2021-08-02,2024-12-27,ATLASCYCLE,ATLASCYCLE
INE550H01011,BZ,BE,2021-08-02,2021-11-02,SUPREMEINF,SUPREMEINF
INE229H01012,EQ,BE,2021-08-03,2021-08-04,NITINSPIN,NITINSPIN
INE919H01018,EQ,BE,2021-08-04,2021-08-05,IMFA,IMFA
INE824B01021,EQ,BE,2021-08-05,2021-08-06,TATASTLBSL,TATASTLBSL
INE088B01015,BE,EQ,2021-08-06,2021-08-09,NATNLSTEEL,NATNLSTEEL
INE100D01014,BE,EQ,2021-08-06,2021-08-10,WSI,WSI
INE391D01019,BE,EQ,2021-08-06,2021-08-09,TRF,TRF
INE737B01033,BE,EQ,2021-08-06,2021-08-09,ADROITINFO,ADROITINFO
INE817H01014,BE,EQ,2021-08-06,2021-08-09,BURNPUR,BURNPUR
INE874F01027,BE,EQ,2021-08-06,2021-08-09,RADAAN,RADAAN
INE123B01028,EQ,BE,2021-08-11,2021-08-12,NAGREEKEXP,NAGREEKEXP
INE224E01036,EQ,BE,2021-08-11,2021-08-12,SCAPDVR,SCAPDVR
INE333I01036,EQ,BE,2021-08-11,2021-08-12,NTL,NTL
INE362A01016,EQ,BE,2021-08-11,2021-08-12,PVP,PVP
INE486Y01013,EQ,BE,2021-08-11,2021-08-12,TOUCHWOOD,TOUCHWOOD
INE498A01018,EQ,BE,2021-08-11,2021-08-12,DCM,DCM
INE641C01019,EQ,BE,2021-08-11,2021-08-12,KAVVERITEL,KAVVERITEL
INE703H01016,EQ,BE,2021-08-11,2021-08-12,HUBTOWN,HUBTOWN
INE704H01022,EQ,BE,2021-08-11,2021-08-12,CINELINE,CINELINE
INE725L01011,EQ,BE,2021-08-11,2021-08-12,KARMAENG,KARMAENG
INE788B01028,EQ,BE,2021-08-11,2021-08-12,INDSWFTLTD,INDSWFTLTD
INE817H01014,EQ,BE,2021-08-11,2021-08-12,BURNPUR,BURNPUR
INE871L01013,EQ,BE,2021-08-11,2021-08-12,TVVISION,TVVISION
INE912L01015,EQ,BE,2021-08-11,2021-08-12,ONELIFECAP,ONELIFECAP
INE937A01023,EQ,BE,2021-08-11,2021-08-12,SPMLINFRA,SPMLINFRA
INE023S01016,BE,BZ,2021-08-12,2021-08-30,JIYAECO,JIYAECO
INE750M01017,EQ,BE,2021-08-17,2021-08-18,HEXATRADEX,HEXATRADEX
INE398B01018,EQ,BE,2021-08-18,2021-08-20,MRO-TEK,MRO-TEK
INE844K01012,BE,EQ,2021-08-20,2021-08-23,BEDMUTHA,BEDMUTHA
INE877I01016,BE,EQ,2021-08-20,2021-08-23,ARCHIDPLY,ARCHIDPLY
INE731C01018,BE,EQ,2021-08-23,2021-08-25,KHAITANLTD,KHAITANLTD
INE00D001018,ST,SM,2021-08-24,2021-08-25,REXPIPES,REXPIPES
INE0FFK01017,ST,SM,2021-08-24,2021-08-26,NPST,NPST
INE100D01014,EQ,BE,2021-08-25,2021-08-26,WSI,WSI
INE342A01018,EQ,BE,2021-08-25,2021-08-26,PREMIER,PREMIER
INE542C01019,EQ,BE,2021-08-25,2021-08-26,NKIND,NKIND
INE737B01033,EQ,BE,2021-08-25,2021-08-26,ADROITINFO,ADROITINFO
INE874F01027,EQ,BE,2021-08-25,2021-08-26,RADAAN,RADAAN
INE921B01025,EQ,BE,2021-08-25,2021-08-26,DBSTOCKBRO,DBSTOCKBRO
INE902B01017,EQ,BE,2021-08-27,2021-08-30,S&SPOWER,S&SPOWER
INE0GFE01018,BE,EQ,2021-08-30,2021-08-31,EXXARO,EXXARO
INE349X01015,SM,ST,2021-08-31,2021-09-01,JALAN,JALAN
INE071N01016,BE,EQ,2021-09-01,2021-09-02,MFL,MFL
INE0CT101020,BE,EQ,2021-09-01,2021-09-02,MOL,MOL
INE696V01013,SM,EQ,2021-09-01,2021-09-02,JAIPURKURT,JAIPURKURT
INE782X01017,SM,EQ,2021-09-01,2021-09-02,SERVOTECH,SERVOTECH
INE802C01017,EQ,BE,2021-09-06,2021-09-07,SSWL,SSWL
INE083B01016,EQ,BE,2021-09-07,2021-09-08,THEMISMED,THEMISMED
INE016M01021,EQ,BE,2021-09-08,2021-09-09,DNAMEDIA,DNAMEDIA
INE0HPK01012,ST,SM,2021-09-08,2021-09-09,DUDIGITAL,DUDIGITAL
INE110A01019,EQ,BE,2021-09-08,2021-09-09,BPL,BPL
INE323J01019,EQ,BE,2021-09-08,2021-09-09,SOMICONVEY,SOMICONVEY
INE731C01018,EQ,BE,2021-09-08,2021-09-09,KHAITANLTD,KHAITANLTD
INE805A01014,EQ,BE,2021-09-08,2021-09-09,GOLDTECH,GOLDTECH
INE862Y01015,EQ,BE,2021-09-08,2021-09-09,BANKA,BANKA
INE938A01021,EQ,BE,2021-09-08,2021-09-09,LCCINFOTEC,LCCINFOTEC
INE942G01012,EQ,BE,2021-09-08,2021-09-09,MCLEODRUSS,MCLEODRUSS
INE00WC01019,BE,EQ,2021-09-09,2021-09-13,AFFLE,AFFLE
INE010J01012,BE,EQ,2021-09-09,2021-09-13,TEJASNET,TEJASNET
INE05AN01011,BE,EQ,2021-09-09,2021-09-13,SHIL,SHIL
INE067A01029,BE,EQ,2021-09-09,2021-09-13,CGPOWER,CGPOWER
INE074A01025,BE,EQ,2021-09-09,2021-09-13,PRAJIND,PRAJIND
INE08ZM01014,BE,EQ,2021-09-09,2021-09-13,GREENPANEL,GREENPANEL
INE126M01010,BE,EQ,2021-09-09,2021-09-13,YAARII,YAARII
INE156A01020,BE,EQ,2021-09-09,2021-09-13,INDORAMA,INDORAMA
INE184H01027,BE,EQ,2021-09-09,2021-09-13,EKC,EKC
INE201A01024,BE,EQ,2021-09-09,2021-09-13,MANALIPETC,MANALIPETC
INE242C01024,BE,EQ,2021-09-09,2021-09-13,ANANTRAJ,ANANTRAJ
INE254N01018,BE,EQ,2021-09-09,2021-09-13,HNDFDS,HNDFDS
INE278R01034,BE,EQ,2021-09-09,2021-09-13,KARDA,KARDA
INE295F01017,BE,EQ,2021-09-09,2021-09-13,BUTTERFLY,BUTTERFLY
INE348A01023,BE,EQ,2021-09-09,2021-09-13,ASHAPURMIN,ASHAPURMIN
INE349X01015,ST,SM,2021-09-09,2021-09-13,JALAN,JALAN
INE364U01010,BE,EQ,2021-09-09,2021-09-13,ADANIGREEN,ADANIGREEN
INE399L01023,BE,EQ,2021-09-09,2021-09-13,ATGL,ATGL
INE483C01032,BE,EQ,2021-09-09,2021-09-13,TANLA,TANLA
INE511C01022,BE,EQ,2021-09-09,2021-09-13,POONAWALLA,POONAWALLA
INE530B01024,BE,EQ,2021-09-09,2021-09-13,IIFL,IIFL
INE572E01012,BE,EQ,2021-09-09,2021-09-13,PNBHOUSING,PNBHOUSING
INE614G01033,BE,EQ,2021-09-09,2021-09-13,RPOWER,RPOWER
INE663A01017,BE,EQ,2021-09-09,2021-09-13,SUPPETRO,SUPPETRO
INE666D01022,BE,EQ,2021-09-09,2021-09-13,BORORENEW,BORORENEW
INE674A01014,BE,EQ,2021-09-09,2021-09-13,TATASTLLP,TATASTLLP
INE716B01011,BE,EQ,2021-09-09,2021-09-13,TIPSINDLTD,TIPSINDLTD
INE732A01036,BE,EQ,2021-09-09,2021-09-13,KIRLOSBROS,KIRLOSBROS
INE743C01021,BE,EQ,2021-09-09,2021-09-13,JSWISPL,JSWISPL
INE794A01010,BE,EQ,2021-09-09,2021-09-13,NEULANDLAB,NEULANDLAB
INE854B01010,BE,EQ,2021-09-09,2021-09-13,JAYNECOIND,JAYNECOIND
INE927C01020,BE,EQ,2021-09-09,2021-09-13,DIGISPICE,DIGISPICE
INE931S01010,BE,EQ,2021-09-09,2021-09-13,ADANITRANS,ADANITRANS
INE979A01017,BE,EQ,2021-09-09,2021-09-13,SAREGAMA,SAREGAMA
INE147P01019,BE,EQ,2021-09-13,2021-09-14,JPOLYINVST,JPOLYINVST
INE248H01012,BE,EQ,2021-09-13,2021-09-14,ROHITFERRO,ROHITFERRO
INE398B01018,BE,EQ,2021-09-13,2021-09-14,MRO-TEK,MRO-TEK
INE526B01014,BE,EQ,2021-09-13,2021-09-14,CALSOFT,CALSOFT
INE065J01016,BE,EQ,2021-09-14,2021-09-15,GISOLUTION,GISOLUTION
INE534A01028,BE,EQ,2021-09-14,2021-09-15,GFSTEELS,GFSTEELS
INE010J01012,EQ,BE,2021-09-15,2021-09-16,TEJASNET,TEJASNET
INE04LG01015,SM,EQ,2021-09-15,2021-09-16,PAR,PAR
INE05AN01011,EQ,BE,2021-09-15,2021-09-16,SHIL,SHIL
INE067A01029,EQ,BE,2021-09-15,2021-09-16,CGPOWER,CGPOWER
INE074A01025,EQ,BE,2021-09-15,2021-09-16,PRAJIND,PRAJIND
INE08ZM01014,EQ,BE,2021-09-15,2021-09-16,GREENPANEL,GREENPANEL
INE399L01023,EQ,BE,2021-09-15,2021-09-16,ATGL,ATGL
INE483C01032,EQ,BE,2021-09-15,2021-09-16,TANLA,TANLA
INE511C01022,EQ,BE,2021-09-15,2021-09-16,POONAWALLA,POONAWALLA
INE614G01033,EQ,BE,2021-09-15,2021-09-16,RPOWER,RPOWER
INE716B01011,EQ,BE,2021-09-15,2021-09-16,TIPSINDLTD,TIPSINDLTD
INE854B01010,EQ,BE,2021-09-15,2021-09-16,JAYNECOIND,JAYNECOIND
INE927C01020,EQ,BE,2021-09-15,2021-09-16,DIGISPICE,DIGISPICE
INE931S01010,EQ,BE,2021-09-15,2021-09-16,ADANITRANS,ADANITRANS
INE933X01016,SM,EQ,2021-09-15,2021-09-16,SHANTI,SHANTI
INE979A01017,EQ,BE,2021-09-15,2021-09-16,SAREGAMA,SAREGAMA
INE036A01016,BE,EQ,2021-09-17,2021-09-20,RELINFRA,RELINFRA
INE385C01013,BE,EQ,2021-09-17,2021-09-20,SARDAEN,SARDAEN
INE455F01025,BE,EQ,2021-09-17,2021-09-20,JPASSOCIAT,JPASSOCIAT
INE501A01019,BE,EQ,2021-09-17,2021-09-20,DEEPAKFERT,DEEPAKFERT
INE738I01010,BE,EQ,2021-09-17,2021-09-20,ECLERX,ECLERX
INE814H01011,BE,EQ,2021-09-17,2021-09-20,ADANIPOWER,ADANIPOWER
INE852F01015,BE,EQ,2021-09-17,2021-09-20,GDL,GDL
INE116D01028,EQ,BE,2021-09-22,2021-09-23,BAGFILMS,BAGFILMS
INE236Y01012,EQ,BE,2021-09-22,2021-09-23,NGIL,NGIL
INE248H01012,EQ,BE,2021-09-22,2021-09-23,ROHITFERRO,ROHITFERRO
INE294G01026,EQ,BE,2021-09-22,2021-09-23,ROML,ROML
INE363M01019,EQ,BE,2021-09-22,2021-09-23,SHEMAROO,SHEMAROO
INE419U01012,EQ,BE,2021-09-22,2021-09-23,HAPPSTMNDS,HAPPSTMNDS
INE449G01018,EQ,BE,2021-09-22,2021-09-23,AGRITECH,AGRITECH
INE778A01021,EQ,BE,2021-09-22,2021-09-23,TECHIN,TECHIN
INE804H01012,EQ,BE,2021-09-22,2021-09-23,TFL,TFL
INE836H01014,EQ,BE,2021-09-22,2021-09-23,MCDHOLDING,MCDHOLDING
INE010J01012,BE,EQ,2021-09-24,2021-09-27,TEJASNET,TEJASNET
INE036A01016,EQ,BE,2021-09-24,2021-09-27,RELINFRA,RELINFRA
INE08ZM01014,BE,EQ,2021-09-24,2021-09-27,GREENPANEL,GREENPANEL
INE177H01013,BE,EQ,2021-09-24,2021-09-27,GPIL,GPIL
INE251C01025,BE,EQ,2021-09-24,2021-09-27,ABMINTLLTD,ABMINTLLTD
INE355A01028,BE,EQ,2021-09-24,2021-09-27,SOMANYCERA,SOMANYCERA
INE483C01032,BE,EQ,2021-09-24,2021-09-27,TANLA,TANLA
INE511C01022,BE,EQ,2021-09-24,2021-09-27,POONAWALLA,POONAWALLA
INE808B01016,BE,BZ,2021-09-24,2021-09-27,OPTOCIRCUI,OPTOCIRCUI
INE831Q01016,BE,BZ,2021-09-24,2021-09-27,BKMINDST,BKMINDST
INE0HQI01014,ST,SM,2021-09-29,2021-09-30,BEWLTD,BEWLTD
INE548Z01017,SM,EQ,2021-09-29,2021-09-30,LAGNAM,LAGNAM
INE495J01015,BE,EQ,2021-10-06,2021-10-11,PRADIP,PRADIP
INE902B01017,BE,EQ,2021-10-06,2021-10-11,S&SPOWER,S&SPOWER
INE045B01015,EQ,BE,2021-10-07,2021-10-08,NELCO,NELCO
INE201A01024,EQ,BE,2021-10-07,2021-10-08,MANALIPETC,MANALIPETC
INE732A01036,EQ,BE,2021-10-07,2021-10-08,KIRLOSBROS,KIRLOSBROS
INE022C01012,BE,EQ,2021-10-08,2021-10-11,EUROTEXIND,EUROTEXIND
INE082A01010,BE,EQ,2021-10-08,2021-10-11,KOPRAN,KOPRAN
INE255D01024,BE,EQ,2021-10-08,2021-10-11,GULPOLY,GULPOLY
INE287Z01012,BE,EQ,2021-10-08,2021-10-11,GAYAHWS,GAYAHWS
INE306A01021,BE,EQ,2021-10-08,2021-10-11,BAJAJHIND,BAJAJHIND
INE344S01016,BE,EQ,2021-10-08,2021-10-11,INFOBEAN,INFOBEAN
INE391D01019,EQ,BE,2021-10-08,2021-10-11,TRF,TRF
INE548A01028,BE,EQ,2021-10-08,2021-10-11,HFCL,HFCL
INE597I01028,BE,EQ,2021-10-08,2021-10-11,SHARDAMOTR,SHARDAMOTR
INE619B01017,BE,EQ,2021-10-08,2021-10-11,NEWGEN,NEWGEN
INE786F01031,BE,EQ,2021-10-08,2021-10-11,UTTAMSUGAR,UTTAMSUGAR
INE904D01019,BE,EQ,2021-10-08,2021-10-11,PDPL,PDPL
INE006Z01016,BE,EQ,2021-10-11,2021-10-12,ARVEE,ARVEE
INE008Z01012,BE,EQ,2021-10-11,2021-10-12,SRPL,SRPL
INE00KV01014,BE,EQ,2021-10-11,2021-10-12,RAJMET,RAJMET
INE00S901012,BE,EQ,2021-10-11,2021-10-12,NILASPACES,NILASPACES
INE013A01015,EQ,BE,2021-10-11,2021-10-12,RELCAPITAL,RELCAPITAL
INE016M01021,BE,EQ,2021-10-11,2021-10-12,DNAMEDIA,DNAMEDIA
INE019J01013,BE,EQ,2021-10-11,2021-10-12,SASTASUNDR,SASTASUNDR
INE01GN01017,BE,EQ,2021-10-11,2021-10-12,IRISDOREME,IRISDOREME
INE01P501012,BE,EQ,2021-10-11,2021-10-12,XELPMOC,XELPMOC
INE020G01017,BE,EQ,2021-10-11,2021-10-12,INSPIRISYS,INSPIRISYS
INE023M01027,BE,EQ,2021-10-11,2021-10-12,SETUINFRA,SETUINFRA
INE032Z01012,BE,EQ,2021-10-11,2021-10-12,BSHSL,BSHSL
INE034S01021,EQ,BE,2021-10-11,2021-10-12,ARVSMART,ARVSMART
INE039B01026,BE,EQ,2021-10-11,2021-10-12,CINEVISTA,CINEVISTA
INE03JI01017,BE,EQ,2021-10-11,2021-10-12,DGCONTENT,DGCONTENT
INE040M01013,BE,EQ,2021-10-11,2021-10-12,TREEHOUSE,TREEHOUSE
INE043A01012,BE,EQ,2021-10-11,2021-10-12,GTL,GTL
INE047B01011,BE,EQ,2021-10-11,2021-10-12,GILLANDERS,GILLANDERS
INE061A01014,BE,EQ,2021-10-11,2021-10-12,INDIANCARD,INDIANCARD
INE068L01016,EQ,BE,2021-10-11,2021-10-12,CANTABIL,CANTABIL
INE074B01023,BE,EQ,2021-10-11,2021-10-12,PARACABLES,PARACABLES
INE07O001018,EQ,BE,2021-10-11,2021-10-12,EASEMYTRIP,EASEMYTRIP
INE07OG01012,BE,EQ,2021-10-11,2021-10-12,NDRAUTO,NDRAUTO
INE087H01022,BE,EQ,2021-10-11,2021-10-12,RENUKA,RENUKA
INE090B01011,BE,EQ,2021-10-11,2021-10-12,OMAXAUTO,OMAXAUTO
INE093R01011,BE,EQ,2021-10-11,2021-10-12,LSIL,LSIL
INE0EK901012,BE,EQ,2021-10-11,2021-10-12,TARC,TARC
INE0FLR01028,BE,EQ,2021-10-11,2021-10-12,IWEL,IWEL
INE100D01014,BE,EQ,2021-10-11,2021-10-12,WSI,WSI
INE102A01024,EQ,BE,2021-10-11,2021-10-12,HLVLTD,HLVLTD
INE105C01023,BE,EQ,2021-10-11,2021-10-12,3PLAND,3PLAND
INE106I01010,BE,EQ,2021-10-11,2021-10-12,ANKITMETAL,ANKITMETAL
INE108E01023,BE,EQ,2021-10-11,2021-10-12,SUNDARAM,SUNDARAM
INE112F01022,BE,EQ,2021-10-11,2021-10-12,LAMBODHARA,LAMBODHARA
INE123B01028,BE,EQ,2021-10-11,2021-10-12,NAGREEKEXP,NAGREEKEXP
INE123C01018,BE,EQ,2021-10-11,2021-10-12,TAINWALCHM,TAINWALCHM
INE132H01018,BE,EQ,2021-10-11,2021-10-12,AURIONPRO,AURIONPRO
INE133E01013,BE,EQ,2021-10-11,2021-10-12,TI,TI
INE138A01028,BE,EQ,2021-10-11,2021-10-12,PENINLAND,PENINLAND
INE147P01019,EQ,BE,2021-10-11,2021-10-12,JPOLYINVST,JPOLYINVST
INE159N01027,BE,EQ,2021-10-11,2021-10-12,VIJIFIN,VIJIFIN
INE160H01019,BE,EQ,2021-10-11,2021-10-12,PBAINFRA,PBAINFRA
INE161L01027,BE,EQ,2021-10-11,2021-10-12,VIKASLIFE,VIKASLIFE
INE172N01012,EQ,BE,2021-10-11,2021-10-12,IMAGICAA,IMAGICAA
INE181G01025,BE,EQ,2021-10-11,2021-10-12,AJRINFRA,AJRINFRA
INE187A01017,BE,EQ,2021-10-11,2021-10-12,JBFIND,JBFIND
INE190H01024,BE,EQ,2021-10-11,2021-10-12,SAKUMA,SAKUMA
INE197J01017,BE,EQ,2021-10-11,2021-10-12,LPDC,LPDC
INE201J01017,BE,EQ,2021-10-11,2021-10-12,LGBFORGE,LGBFORGE
INE209L01016,BE,EQ,2021-10-11,2021-10-12,CEBBCO,CEBBCO
INE215I01019,BE,EQ,2021-10-11,2021-10-12,MAANALU,MAANALU
INE217A01012,BE,EQ,2021-10-11,2021-10-12,ZUARIGLOB,ZUARIGLOB
INE217K01011,BE,EQ,2021-10-11,2021-10-12,RHFL,RHFL
INE218C01016,BE,EQ,2021-10-11,2021-10-12,AUSOMENT,AUSOMENT
INE221B01012,EQ,BE,2021-10-11,2021-10-12,DYNAMATECH,DYNAMATECH
INE227G01018,BE,EQ,2021-10-11,2021-10-12,INDOWIND,INDOWIND
INE230B01021,EQ,BE,2021-10-11,2021-10-12,CREATIVEYE,CREATIVEYE
INE230R01027,BE,EQ,2021-10-11,2021-10-12,RAMASTEEL,RAMASTEEL
INE235C01010,BE,EQ,2021-10-11,2021-10-12,SUMEETINDS,SUMEETINDS
INE242C01024,EQ,BE,2021-10-11,2021-10-12,ANANTRAJ,ANANTRAJ
INE275F01019,BE,EQ,2021-10-11,2021-10-12,HOTELRUGBY,HOTELRUGBY
INE278G01037,BE,EQ,2021-10-11,2021-10-12,CYBERMEDIA,CYBERMEDIA
INE283H01019,EQ,BE,2021-10-11,2021-10-12,ROHLTD,ROHLTD
INE285H01022,BE,EQ,2021-10-11,2021-10-12,ATLANTA,ATLANTA
INE289A01011,BE,EQ,2021-10-11,2021-10-12,NAHARINDUS,NAHARINDUS
INE293A01013,BE,EQ,2021-10-11,2021-10-12,ROLTA,ROLTA
INE295F01017,EQ,BE,2021-10-11,2021-10-12,BUTTERFLY,BUTTERFLY
INE313D01013,BE,EQ,2021-10-11,2021-10-12,MOHOTAIND,MOHOTAIND
INE316L01019,BE,EQ,2021-10-11,2021-10-12,BHARATWIRE,BHARATWIRE
INE323J01019,BE,EQ,2021-10-11,2021-10-12,SOMICONVEY,SOMICONVEY
INE332H01014,BE,EQ,2021-10-11,2021-10-12,INDOTECH,INDOTECH
INE333I01036,BE,EQ,2021-10-11,2021-10-12,NTL,NTL
INE342A01018,BE,EQ,2021-10-11,2021-10-12,PREMIER,PREMIER
INE350C01017,BE,EQ,2021-10-11,2021-10-12,OPTIEMUS,OPTIEMUS
INE362A01016,BE,EQ,2021-10-11,2021-10-12,PVP,PVP
INE387I01016,BE,EQ,2021-10-11,2021-10-12,MAGNUM,MAGNUM
INE399K01017,BE,EQ,2021-10-11,2021-10-12,RTNPOWER,RTNPOWER
INE418L01021,EQ,BE,2021-10-11,2021-10-12,NAZARA,NAZARA
INE425B01027,BE,EQ,2021-10-11,2021-10-12,BCG,BCG
INE440L01017,BE,EQ,2021-10-11,2021-10-12,TIJARIA,TIJARIA
INE450G01024,BE,EQ,2021-10-11,2021-10-12,VIPCLOTHNG,VIPCLOTHNG
INE452L01012,BE,EQ,2021-10-11,2021-10-12,INCREDIBLE,INCREDIBLE
INE454M01024,BE,EQ,2021-10-11,2021-10-12,NAGAFERT,NAGAFERT
INE474C01015,BE,EQ,2021-10-11,2021-10-12,REMSONSIND,REMSONSIND
INE482B01010,BE,EQ,2021-10-11,2021-10-12,TERASOFT,TERASOFT
INE486Y01013,BE,EQ,2021-10-11,2021-10-12,TOUCHWOOD,TOUCHWOOD
INE497B01018,EQ,BE,2021-10-11,2021-10-12,SEAMECLTD,SEAMECLTD
INE497D01022,BE,EQ,2021-10-11,2021-10-12,DAMODARIND,DAMODARIND
INE498A01018,BE,EQ,2021-10-11,2021-10-12,DCM,DCM
INE500A01029,EQ,BE,2021-10-11,2021-10-12,DCW,DCW
INE505C01016,BE,EQ,2021-10-11,2021-10-12,PRAENG,PRAENG
INE512B01022,BE,EQ,2021-10-11,2021-10-12,FCSSOFT,FCSSOFT
INE517B01013,BE,EQ,2021-10-11,2021-10-12,TTML,TTML
INE523B01011,BE,EQ,2021-10-11,2021-10-12,AKSHOPTFBR,AKSHOPTFBR
INE526B01014,EQ,BE,2021-10-11,2021-10-12,CALSOFT,CALSOFT
INE530B01024,EQ,BE,2021-10-11,2021-10-12,IIFL,IIFL
INE534A01028,EQ,BE,2021-10-11,2021-10-12,GFSTEELS,GFSTEELS
INE542C01019,BE,EQ,2021-10-11,2021-10-12,NKIND,NKIND
INE542Z01010,BE,EQ,2021-10-11,2021-10-12,KAPSTON,KAPSTON
INE546V01010,SM,EQ,2021-10-11,2021-10-12,EIFFL,EIFFL
INE559D01011,BE,EQ,2021-10-11,2021-10-12,CREST,CREST
INE581X01021,BE,EQ,2021-10-11,2021-10-12,GLOBE,GLOBE
INE589G01011,BE,EQ,2021-10-11,2021-10-12,BRFL,BRFL
INE596H01014,BE,EQ,2021-10-11,2021-10-12,HOVS,HOVS
INE615I01010,BE,EQ,2021-10-11,2021-10-12,GLOBUSSPR,GLOBUSSPR
INE623A01011,BE,EQ,2021-10-11,2021-10-12,SAKHTISUG,SAKHTISUG
INE625B01014,BE,EQ,2021-10-11,2021-10-12,RANASUG,RANASUG
INE635A01023,BE,EQ,2021-10-11,2021-10-12,SHYAMTEL,SHYAMTEL
INE636A01039,BE,EQ,2021-10-11,2021-10-12,MAWANASUG,MAWANASUG
INE645W01026,BE,EQ,2021-10-11,2021-10-12,AIRAN,AIRAN
INE652F01027,BE,EQ,2021-10-11,2021-10-12,CCHHL,CCHHL
INE658G01014,BE,EQ,2021-10-11,2021-10-12,SALSTEEL,SALSTEEL
INE662A01027,BE,EQ,2021-10-11,2021-10-12,SUPERSPIN,SUPERSPIN
INE666E01012,BE,EQ,2021-10-11,2021-10-12,ANDHRACEMT,ANDHRACEMT
INE669A01022,BE,EQ,2021-10-11,2021-10-12,INFOMEDIA,INFOMEDIA
INE677H01012,BE,EQ,2021-10-11,2021-10-12,DEEPENR,DEEPENR
INE688J01015,BE,EQ,2021-10-11,2021-10-12,EXCEL,EXCEL
INE699A01011,BE,EQ,2021-10-11,2021-10-12,UTTAMSTL,UTTAMSTL
INE699B01027,BE,EQ,2021-10-11,2021-10-12,SAMBHAAV,SAMBHAAV
INE703H01016,BE,EQ,2021-10-11,2021-10-12,HUBTOWN,HUBTOWN
INE704H01022,BE,EQ,2021-10-11,2021-10-12,CINELINE,CINELINE
INE713B01026,BE,EQ,2021-10-11,2021-10-12,SURYALAXMI,SURYALAXMI
INE722J01012,BE,EQ,2021-10-11,2021-10-12,RKDL,RKDL
INE725L01011,BE,EQ,2021-10-11,2021-10-12,KARMAENG,KARMAENG
INE731A01020,BE,EQ,2021-10-11,2021-10-12,ARCHIES,ARCHIES
INE732F01019,BE,EQ,2021-10-11,2021-10-12,ISMTLTD,ISMTLTD
INE737B01033,BE,EQ,2021-10-11,2021-10-12,ADROITINFO,ADROITINFO
INE741L01018,BE,EQ,2021-10-11,2021-10-12,DUCON,DUCON
INE748T01016,BE,EQ,2021-10-11,2021-10-12,SIMBHALS,SIMBHALS
INE748Z01013,BE,EQ,2021-10-11,2021-10-12,SUMIT,SUMIT
INE756C01015,BE,EQ,2021-10-11,2021-10-12,NDGL,NDGL
INE788B01028,BE,EQ,2021-10-11,2021-10-12,INDSWFTLTD,INDSWFTLTD
INE800A01015,BE,EQ,2021-10-11,2021-10-12,BIRLACABLE,BIRLACABLE
INE805B01012,BE,EQ,2021-10-11,2021-10-12,MANGTIMBER,MANGTIMBER
INE817H01014,BE,EQ,2021-10-11,2021-10-12,BURNPUR,BURNPUR
INE823A01017,BE,EQ,2021-10-11,2021-10-12,KOTHARIPRO,KOTHARIPRO
INE831A01028,BE,EQ,2021-10-11,2021-10-12,MIRCELECTR,MIRCELECTR
INE834M01019,BE,EQ,2021-10-11,2021-10-12,RTNINDIA,RTNINDIA
INE835A01011,BE,EQ,2021-10-11,2021-10-12,VARDMNPOLY,VARDMNPOLY
INE835B01035,BE,EQ,2021-10-11,2021-10-12,MOLDTECH,MOLDTECH
INE836F01026,EQ,BE,2021-10-11,2021-10-12,DISHTV,DISHTV
INE838E01017,BE,EQ,2021-10-11,2021-10-12,PONNIERODE,PONNIERODE
INE840M01016,BE,EQ,2021-10-11,2021-10-12,ZUARI,ZUARI
INE840Y01011,BE,EQ,2021-10-11,2021-10-12,ONEPOINT,ONEPOINT
INE860T01019,BE,EQ,2021-10-11,2021-10-12,SABEVENTS,SABEVENTS
INE862Y01015,BE,EQ,2021-10-11,2021-10-12,BANKA,BANKA
INE863B01011,BE,EQ,2021-10-11,2021-10-12,PREMEXPLN,PREMEXPLN
INE863I01016,BE,EQ,2021-10-11,2021-10-12,BANG,BANG
INE869Y01010,EQ,BE,2021-10-11,2021-10-12,TEMBO,TEMBO
INE871L01013,BE,EQ,2021-10-11,2021-10-12,TVVISION,TVVISION
INE872A01014,BE,EQ,2021-10-11,2021-10-12,SREINFRA,SREINFRA
INE874F01027,BE,EQ,2021-10-11,2021-10-12,RADAAN,RADAAN
INE874I01013,BE,EQ,2021-10-11,2021-10-12,RAMKY,RAMKY
INE875R01011,BE,EQ,2021-10-11,2021-10-12,BALKRISHNA,BALKRISHNA
INE879E01037,BE,EQ,2021-10-11,2021-10-12,KANANIIND,KANANIIND
INE886A01014,EQ,BE,2021-10-11,2021-10-12,IITL,IITL
INE891B01012,BE,EQ,2021-10-11,2021-10-12,DCMFINSERV,DCMFINSERV
INE895W01019,BE,EQ,2021-10-11,2021-10-12,PANACHE,PANACHE
INE900C01027,BE,EQ,2021-10-11,2021-10-12,ASAL,ASAL
INE912L01015,BE,EQ,2021-10-11,2021-10-12,ONELIFECAP,ONELIFECAP
INE921B01025,BE,EQ,2021-10-11,2021-10-12,DBSTOCKBRO,DBSTOCKBRO
INE923A01015,BE,EQ,2021-10-11,2021-10-12,SILINV,SILINV
INE933B01012,BE,EQ,2021-10-11,2021-10-12,MEGASOFT,MEGASOFT
INE934B01028,BE,EQ,2021-10-11,2021-10-12,MERCATOR,MERCATOR
INE937A01023,BE,EQ,2021-10-11,2021-10-12,SPMLINFRA,SPMLINFRA
INE938A01021,BE,EQ,2021-10-11,2021-10-12,LCCINFOTEC,LCCINFOTEC
INE942G01012,BE,EQ,2021-10-11,2021-10-12,MCLEODRUSS,MCLEODRUSS
INE945H01013,EQ,BE,2021-10-11,2021-10-12,V2RETAIL,V2RETAIL
INE947I01017,BE,EQ,2021-10-11,2021-10-12,LOTUSEYE,LOTUSEYE
INE949P01018,BE,EQ,2021-10-11,2021-10-12,GENUSPAPER,GENUSPAPER
INE952A01022,BE,EQ,2021-10-11,2021-10-12,HINDNATGLS,HINDNATGLS
INE952H01027,BE,EQ,2021-10-11,2021-10-12,RAJTV,RAJTV
INE954E01012,BE,EQ,2021-10-11,2021-10-12,MOHITIND,MOHITIND
INE965H01011,EQ,BE,2021-10-11,2021-10-12,SITINET,SITINET
INE966H01019,EQ,BE,2021-10-11,2021-10-12,ZEEMEDIA,ZEEMEDIA
INE973A01010,EQ,BE,2021-10-11,2021-10-12,GOLDENTOBC,GOLDENTOBC
INE976T01013,BE,EQ,2021-10-11,2021-10-12,SAGARDEEP,SAGARDEEP
INE985W01018,BE,EQ,2021-10-11,2021-10-12,CREATIVE,CREATIVE
INE988C01014,BE,EQ,2021-10-11,2021-10-12,DHARSUGAR,DHARSUGAR
INE065J01016,EQ,BE,2021-10-12,2021-10-13,GISOLUTION,GISOLUTION
INE801L01010,SM,EQ,2021-10-12,2021-10-13,AIROLAM,AIROLAM
INE03RS01019,EQ,BE,2021-10-13,2021-10-14,DRCSYSTEMS,DRCSYSTEMS
INE0GOJ01027,ST,SM,2021-10-13,2021-10-14,QUADPRO,QUADPRO
INE153T01027,EQ,BE,2021-10-13,2021-10-14,BLS,BLS
INE045601015,BE,EQ,2021-10-14,2021-10-18,PARAS,PARAS
INE290A01027,BE,EQ,2021-10-14,2021-10-18,NAHARSPING,NAHARSPING
INE355A01028,EQ,BE,2021-10-14,2021-10-18,SOMANYCERA,SOMANYCERA
INE484C01030,BE,EQ,2021-10-14,2021-10-18,TIDEWATER,TIDEWATER
INE738V01013,SM,EQ,2021-10-14,2021-10-20,ARTNIRMAN,ARTNIRMAN
INE011H01014,BE,BZ,2021-10-18,2021-10-25,RAJVIR,RAJVIR
INE817H01014,EQ,BE,2021-10-19,2021-10-20,BURNPUR,BURNPUR
IN9175A01010,EQ,BE,2021-10-20,2021-10-21,JISLDVREQS,JISLDVREQS
INE022C01012,EQ,BE,2021-10-20,2021-10-21,EUROTEXIND,EUROTEXIND
INE075B01012,EQ,BE,2021-10-20,2021-10-21,SICAL,SICAL
INE134B01017,EQ,BE,2021-10-20,2021-10-21,KECL,KECL
INE201M01029,EQ,BE,2021-10-20,2021-10-21,CLEDUCATE,CLEDUCATE
INE253A01025,EQ,BE,2021-10-20,2021-10-21,HINDMOTORS,HINDMOTORS
INE272L01022,EQ,BE,2021-10-20,2021-10-21,SURANASOL,SURANASOL
INE287Z01012,EQ,BE,2021-10-20,2021-10-21,GAYAHWS,GAYAHWS
INE421A01028,EQ,BE,2021-10-20,2021-10-21,ABAN,ABAN
INE474L01016,EQ,BE,2021-10-20,2021-10-21,OMKARCHEM,OMKARCHEM
INE546Y01022,EQ,BE,2021-10-20,2021-10-21,PRAXIS,PRAXIS
INE637H01024,EQ,BE,2021-10-20,2021-10-21,SHIVAMAUTO,SHIVAMAUTO
INE753W01010,EQ,BE,2021-10-20,2021-10-21,SANGINITA,SANGINITA
INE776I01010,EQ,BE,2021-10-20,2021-10-21,MEP,MEP
INE933X01016,EQ,BE,2021-10-20,2021-10-21,SHANTI,SHANTI
INE937C01029,EQ,BE,2021-10-20,2021-10-21,NILAINFRA,NILAINFRA
INE980Y01015,EQ,BE,2021-10-20,2021-10-21,SOUTHWEST,SOUTHWEST
INE999K01014,EQ,BE,2021-10-20,2021-10-21,GREENPOWER,GREENPOWER
INE112X01017,SM,EQ,2021-10-21,2021-10-22,SIKKO,SIKKO
INE814H01011,EQ,BE,2021-10-21,2021-10-22,ADANIPOWER,ADANIPOWER
INE02KC01010,ST,SM,2021-10-22,2021-10-25,JAINAM,JAINAM
INE049A01027,BE,EQ,2021-10-22,2021-10-25,HIMATSEIDE,HIMATSEIDE
INE088B01015,EQ,BE,2021-10-22,2021-10-25,NATNLSTEEL,NATNLSTEEL
INE0IGO01011,ST,SM,2021-10-22,2021-11-03,DESTINY,DESTINY
INE201K01015,BE,EQ,2021-10-22,2021-10-25,EXPLEOSOL,EXPLEOSOL
INE221H01019,BE,EQ,2021-10-22,2021-10-25,GTLINFRA,GTLINFRA
INE293A01013,EQ,BZ,2021-10-22,2021-10-25,ROLTA,ROLTA
INE298G01027,BE,EQ,2021-10-22,2021-10-25,AJMERA,AJMERA
INE304A01026,BE,EQ,2021-10-22,2021-10-25,MUKANDLTD,MUKANDLTD
INE355A01028,BE,EQ,2021-10-22,2021-10-25,SOMANYCERA,SOMANYCERA
INE530B01024,BE,EQ,2021-10-22,2021-10-25,IIFL,IIFL
INE589G01011,EQ,BZ,2021-10-22,2021-10-25,BRFL,BRFL
INE614G01033,BE,EQ,2021-10-22,2021-10-25,RPOWER,RPOWER
INE732A01036,BE,EQ,2021-10-22,2021-10-25,KIRLOSBROS,KIRLOSBROS
INE736A01011,BE,EQ,2021-10-22,2021-10-25,CDSL,CDSL
INE915K01010,EQ,BZ,2021-10-22,2021-10-25,AHLWEST,AHLWEST
INE927C01020,BE,EQ,2021-10-22,2021-10-25,DIGISPICE,DIGISPICE
INE988E01036,EQ,BZ,2021-10-22,2021-10-25,JMTAUTOLTD,JMTAUTOLTD
INE0I3Y01014,ST,SM,2021-10-26,2021-10-27,BMETRICS,BMETRICS
INE0DZ701010,ST,SM,2021-10-27,2021-10-28,DYNAMIC,DYNAMIC
INE100D01014,EQ,BE,2021-10-28,2021-10-29,WSI,WSI
INE177H01021,EQ,BE,2021-10-28,2021-10-29,GPIL,GPIL
INE904D01019,EQ,BE,2021-10-28,2021-10-29,PDPL,PDPL
INE201A01024,BE,EQ,2021-10-29,2021-11-01,MANALIPETC,MANALIPETC
INE731U01028,BE,EQ,2021-10-29,2021-11-01,DIGJAMLMTD,DIGJAMLMTD
INE814H01011,BE,EQ,2021-10-29,2021-11-01,ADANIPOWER,ADANIPOWER
INE298G01027,EQ,BE,2021-11-01,2021-11-02,AJMERA,AJMERA
INE732A01036,EQ,BE,2021-11-01,2021-11-02,KIRLOSBROS,KIRLOSBROS
INE927C01020,EQ,BE,2021-11-01,2021-11-02,DIGISPICE,DIGISPICE
INE472B01011,BE,EQ,2021-11-02,2021-11-09,BLUECOAST,BLUECOAST
INE0APB01016,EQ,BE,2021-11-03,2021-11-08,MGEL,MGEL
INE0GN101014,ST,SM,2021-11-03,2021-11-08,DKEGL,DKEGL
INE106I01010,EQ,BE,2021-11-03,2021-11-08,ANKITMETAL,ANKITMETAL
INE133E01013,EQ,BE,2021-11-03,2021-11-08,TI,TI
INE159N01027,EQ,BE,2021-11-03,2021-11-08,VIJIFIN,VIJIFIN
INE177H01021,BE,EQ,2021-11-03,2021-11-08,GPIL,GPIL
INE229H01012,BE,EQ,2021-11-03,2021-11-08,NITINSPIN,NITINSPIN
INE240C01028,EQ,BE,2021-11-03,2021-11-08,UMESLTD,UMESLTD
INE275F01019,EQ,BE,2021-11-03,2021-11-08,HOTELRUGBY,HOTELRUGBY
INE286H01012,EQ,BE,2021-11-03,2021-11-08,VISASTEEL,VISASTEEL
INE413D01011,EQ,BE,2021-11-03,2021-11-08,ARIHANT,ARIHANT
INE429C01035,EQ,BE,2021-11-03,2021-11-08,SINTEX,SINTEX
INE436A01026,EQ,BE,2021-11-03,2021-11-08,ANSALAPI,ANSALAPI
INE498A01018,EQ,BE,2021-11-03,2021-11-08,DCM,DCM
INE669A01022,EQ,BE,2021-11-03,2021-11-08,INFOMEDIA,INFOMEDIA
INE748C01038,BE,EQ,2021-11-03,2021-11-08,3IINFOLTD,3IINFOLTD
INE840Y01011,EQ,BE,2021-11-03,2021-11-08,ONEPOINT,ONEPOINT
INE871L01013,EQ,BE,2021-11-03,2021-11-08,TVVISION,TVVISION
INE919H01018,BE,EQ,2021-11-03,2021-11-08,IMFA,IMFA
INE985W01018,EQ,BE,2021-11-03,2021-11-08,CREATIVE,CREATIVE
INE0FLR01028,EQ,BE,2021-11-08,2021-11-09,IWEL,IWEL
INE270I01014,EQ,BE,2021-11-08,2021-11-09,VISHNU,VISHNU
INE290A01027,EQ,BE,2021-11-08,2021-11-09,NAHARSPING,NAHARSPING
INE391D01019,BE,EQ,2021-11-08,2021-11-09,TRF,TRF
INE550H01011,BE,EQ,2021-11-08,2021-11-09,SUPREMEINF,SUPREMEINF
INE344S01016,EQ,BE,2021-11-10,2021-11-11,INFOBEAN,INFOBEAN
INE105I01020,BE,EQ,2021-11-11,2021-11-12,SELMC,SELMC
INE255D01024,EQ,BE,2021-11-11,2021-11-12,GULPOLY,GULPOLY
INE614G01033,EQ,BE,2021-11-11,2021-11-12,RPOWER,RPOWER
INE801V01019,SM,EQ,2021-11-11,2021-11-12,LAXMICOT,LAXMICOT
INE902B01017,EQ,BE,2021-11-12,2021-11-15,S&SPOWER,S&SPOWER
INE306A01021,EQ,BE,2021-11-15,2021-11-16,BAJAJHIND,BAJAJHIND
INE0J0B01017,ST,SM,2021-11-16,2021-11-17,KOTYARK,KOTYARK
INE314C01013,EQ,BE,2021-11-16,2021-11-17,SOMATEX,SOMATEX
INE03JI01017,EQ,BE,2021-11-17,2021-11-18,DGCONTENT,DGCONTENT
INE108E01023,EQ,BE,2021-11-17,2021-11-18,SUNDARAM,SUNDARAM
INE203Y01012,EQ,BE,2021-11-17,2021-11-18,SILLYMONKS,SILLYMONKS
INE210A01017,EQ,BE,2021-11-17,2021-11-18,WILLAMAGOR,WILLAMAGOR
INE285H01022,EQ,BE,2021-11-17,2021-11-18,ATLANTA,ATLANTA
INE512B01022,EQ,BE,2021-11-17,2021-11-18,FCSSOFT,FCSSOFT
INE619I01012,EQ,BE,2021-11-17,2021-11-18,A2ZINFRA,A2ZINFRA
INE668D01028,EQ,BE,2021-11-17,2021-11-18,DONEAR,DONEAR
INE699B01027,EQ,BE,2021-11-17,2021-11-18,SAMBHAAV,SAMBHAAV
INE735M01018,EQ,BE,2021-11-17,2021-11-18,SEPOWER,SEPOWER
INE738V01013,EQ,BE,2021-11-17,2021-11-18,ARTNIRMAN,ARTNIRMAN
INE788H01017,EQ,BE,2021-11-17,2021-11-18,HILTON,HILTON
INE835A01011,EQ,BE,2021-11-17,2021-11-18,VARDMNPOLY,VARDMNPOLY
INE860T01019,EQ,BE,2021-11-17,2021-11-18,SABEVENTS,SABEVENTS
INE872A01014,EQ,BE,2021-11-17,2021-11-18,SREINFRA,SREINFRA
INE900C01027,EQ,BE,2021-11-17,2021-11-18,ASAL,ASAL
INE933B01012,EQ,BE,2021-11-17,2021-11-18,MEGASOFT,MEGASOFT
INE00SZ01018,SM,EQ,2021-11-18,2021-11-22,MARSHALL,MARSHALL
INE068Z01016,SM,ST,2021-11-18,2021-11-25,VASA,VASA
INE123C01018,EQ,BE,2021-11-18,2021-11-22,TAINWALCHM,TAINWALCHM
INE170I01016,BE,EQ,2021-11-18,2021-11-22,HGS,HGS
INE217G01035,BE,EQ,2021-11-18,2021-11-22,PROINDIA,PROINDIA
INE313D01013,EQ,BE,2021-11-18,2021-11-22,MOHOTAIND,MOHOTAIND
INE344S01016,BE,EQ,2021-11-18,2021-11-22,INFOBEAN,INFOBEAN
INE429F01012,EQ,BE,2021-11-18,2021-11-22,SKIL,SKIL
INE676A01019,BE,EQ,2021-11-18,2021-11-22,AGCNET,AGCNET
INE722J01012,EQ,BE,2021-11-18,2021-11-22,RKDL,RKDL
INE732A01036,BE,EQ,2021-11-18,2021-11-22,KIRLOSBROS,KIRLOSBROS
INE750M01017,BE,EQ,2021-11-18,2021-11-22,HEXATRADEX,HEXATRADEX
INE927C01020,BE,EQ,2021-11-18,2021-11-22,DIGISPICE,DIGISPICE
INE891B01012,EQ,BE,2021-11-22,2021-11-23,DCMFINSERV,DCMFINSERV
INE472B01011,EQ,BE,2021-11-23,2021-11-24,BLUECOAST,BLUECOAST
INE593W01010,SM,EQ,2021-11-23,2021-11-24,FOCUS,FOCUS
INE201A01024,EQ,BE,2021-11-25,2021-11-26,MANALIPETC,MANALIPETC
INE760W01015,SM,EQ,2021-11-25,2021-11-26,RPPL,RPPL
INE05AN01011,BE,EQ,2021-11-26,2021-11-29,SHIL,SHIL
INE0J6L01013,ST,SM,2021-11-26,2021-11-29,NIDAN,NIDAN
INE242C01024,BE,EQ,2021-11-26,2021-11-29,ANANTRAJ,ANANTRAJ
INE298G01027,BE,EQ,2021-11-26,2021-11-29,AJMERA,AJMERA
INE306A01021,BE,EQ,2021-11-26,2021-11-29,BAJAJHIND,BAJAJHIND
INE344S01016,EQ,BE,2021-11-26,2021-11-29,INFOBEAN,INFOBEAN
INE0D0K01014,BE,EQ,2021-11-29,2021-11-30,SIGACHI,SIGACHI
INE425B01027,EQ,BE,2021-11-29,2021-11-30,BCG,BCG
INE00S901012,EQ,BE,2021-12-01,2021-12-02,NILASPACES,NILASPACES
INE023M01027,EQ,BE,2021-12-01,2021-12-02,SETUINFRA,SETUINFRA
INE039B01026,EQ,BE,2021-12-01,2021-12-02,CINEVISTA,CINEVISTA
INE218G01033,EQ,BE,2021-12-01,2021-12-02,PALREDTEC,PALREDTEC
INE227G01018,EQ,BE,2021-12-01,2021-12-02,INDOWIND,INDOWIND
INE333I01036,EQ,BE,2021-12-01,2021-12-02,NTL,NTL
INE362A01016,EQ,BE,2021-12-01,2021-12-02,PVP,PVP
INE370E01029,EQ,BE,2021-12-01,2021-12-02,VIVIDHA,VIVIDHA
INE378D01032,EQ,BE,2021-12-01,2021-12-02,MADHUCON,MADHUCON
INE439T01012,EQ,BE,2021-12-01,2021-12-02,NITIRAJ,NITIRAJ
INE688J01015,EQ,BE,2021-12-01,2021-12-02,EXCEL,EXCEL
INE697V01011,EQ,BE,2021-12-01,2021-12-02,PANSARI,PANSARI
INE806A01020,EQ,BE,2021-12-01,2021-12-02,VIKASECO,VIKASECO
INE867A01022,EQ,BE,2021-12-01,2021-12-02,MANUGRAPH,MANUGRAPH
INE871H01011,EQ,BE,2021-12-01,2021-12-02,GSS,GSS
INE899L01022,EQ,BE,2021-12-01,2021-12-02,UJAAS,UJAAS
INE934B01028,EQ,BE,2021-12-01,2021-12-02,MERCATOR,MERCATOR
INE937A01023,EQ,BE,2021-12-01,2021-12-02,SPMLINFRA,SPMLINFRA
INE201A01024,BE,EQ,2021-12-03,2021-12-06,MANALIPETC,MANALIPETC
INE255D01024,BE,EQ,2021-12-03,2021-12-06,GULPOLY,GULPOLY
INE802C01025,BE,EQ,2021-12-03,2021-12-06,SSWL,SSWL
INE874F01027,EQ,BE,2021-12-06,2021-12-07,RADAAN,RADAAN
INE016M01021,EQ,BE,2021-12-07,2021-12-08,DNAMEDIA,DNAMEDIA
INE445C01015,EQ,BE,2021-12-07,2021-12-08,XPROINDIA,XPROINDIA
INE517B01013,EQ,BE,2021-12-09,2021-12-10,TTML,TTML
INE083B01016,BE,EQ,2021-12-10,2021-12-13,THEMISMED,THEMISMED
INE391D01019,EQ,BE,2021-12-10,2021-12-13,TRF,TRF
INE540A01017,EQ,BE,2021-12-10,2021-12-13,GLFL,GLFL
INE737B01033,EQ,BE,2021-12-10,2021-12-13,ADROITINFO,ADROITINFO
INE123C01018,BE,EQ,2021-12-13,2021-12-20,TAINWALCHM,TAINWALCHM
INE368U01011,SM,EQ,2021-12-13,2021-12-31,UNITEDPOLY,UNITEDPOLY
INE761Y01019,SM,EQ,2021-12-13,2021-12-14,ZODIAC,ZODIAC
INE817H01014,BE,EQ,2021-12-13,2021-12-14,BURNPUR,BURNPUR
INE022C01012,BE,EQ,2021-12-14,2021-12-15,EUROTEXIND,EUROTEXIND
INE229H01012,EQ,BE,2021-12-14,2021-12-15,NITINSPIN,NITINSPIN
INE879I01012,EQ,BE,2021-12-14,2021-12-15,DBREALTY,DBREALTY
INE902B01017,BE,EQ,2021-12-14,2021-12-15,S&SPOWER,S&SPOWER
INE020G01017,EQ,BE,2021-12-15,2021-12-16,INSPIRISYS,INSPIRISYS
INE074B01023,EQ,BE,2021-12-15,2021-12-16,PARACABLES,PARACABLES
INE138A01028,EQ,BE,2021-12-15,2021-12-16,PENINLAND,PENINLAND
INE187A01017,EQ,BE,2021-12-15,2021-12-16,JBFIND,JBFIND
INE244A01016,EQ,BE,2021-12-15,2021-12-16,DENORA,DENORA
INE342A01018,EQ,BE,2021-12-15,2021-12-16,PREMIER,PREMIER
INE550H01011,EQ,BE,2021-12-15,2021-12-16,SUPREMEINF,SUPREMEINF
INE559D01011,EQ,BE,2021-12-15,2021-12-16,CREST,CREST
INE562B01019,EQ,BE,2021-12-15,2021-12-16,RAJSREESUG,RAJSREESUG
INE597L01014,EQ,BE,2021-12-15,2021-12-16,LOVABLE,LOVABLE
INE635A01023,EQ,BE,2021-12-15,2021-12-16,SHYAMTEL,SHYAMTEL
INE737W01013,EQ,BE,2021-12-15,2021-12-16,AKASH,AKASH
INE741L01018,EQ,BE,2021-12-15,2021-12-16,DUCON,DUCON
INE747B01016,EQ,BE,2021-12-15,2021-12-16,NEXTMEDIA,NEXTMEDIA
INE861B01023,EQ,BE,2021-12-15,2021-12-16,MOTOGENFIN,MOTOGENFIN
INE880B01015,EQ,BE,2021-12-15,2021-12-16,ANSALHSG,ANSALHSG
INE976T01013,EQ,BE,2021-12-15,2021-12-16,SAGARDEEP,SAGARDEEP
INE022C01012,EQ,BE,2021-12-17,2022-01-17,EUROTEXIND,EUROTEXIND
INE074A01025,BE,EQ,2021-12-17,2021-12-20,PRAJIND,PRAJIND
INE344S01016,BE,EQ,2021-12-17,2021-12-20,INFOBEAN,INFOBEAN
INE093R01011,EQ,BE,2021-12-20,2021-12-21,LSIL,LSIL
INE255D01024,EQ,BE,2021-12-20,2021-12-21,GULPOLY,GULPOLY
INE982V01017,SM,EQ,2021-12-20,2021-12-21,JETFREIGHT,JETFREIGHT
INE221H01019,EQ,BE,2021-12-21,2021-12-22,GTLINFRA,GTLINFRA
INE419U01012,BE,EQ,2021-12-24,2021-12-27,HAPPSTMNDS,HAPPSTMNDS
INE614G01033,BE,EQ,2021-12-24,2021-12-27,RPOWER,RPOWER
INE558R01013,SM,EQ,2021-12-29,2021-12-30,HECPROJECT,HECPROJECT
INE902B01017,EQ,BE,2021-12-29,2021-12-30,S&SPOWER,S&SPOWER
INE732F01019,EQ,BE,2021-12-30,2021-12-31,ISMTLTD,ISMTLTD
INE255D01024,BE,EQ,2021-12-31,2022-01-03,GULPOLY,GULPOLY
INE287C01037,BE,EQ,2021-12-31,2022-01-03,MICEL,MICEL
INE836H01014,BE,BZ,2021-12-31,2022-01-03,MCDHOLDING,MCDHOLDING
IN9175A01010,BE,EQ,2022-01-03,2022-01-04,JISLDVREQS,JISLDVREQS
INE008Z01012,EQ,BE,2022-01-03,2022-01-04,SRPL,SRPL
INE013A01015,BE,EQ,2022-01-03,2022-01-04,RELCAPITAL,RELCAPITAL
INE01JE01028,EQ,BE,2022-01-03,2022-01-04,MARINE,MARINE
INE02PY01013,EQ,BE,2022-01-03,2022-01-04,BOROLTD,BOROLTD
INE034S01021,BE,EQ,2022-01-03,2022-01-04,ARVSMART,ARVSMART
INE036A01016,BE,EQ,2022-01-03,2022-01-04,RELINFRA,RELINFRA
INE039B01026,BE,EQ,2022-01-03,2022-01-04,CINEVISTA,CINEVISTA
INE03JI01017,BE,EQ,2022-01-03,2022-01-04,DGCONTENT,DGCONTENT
INE040M01013,EQ,BE,2022-01-03,2022-01-04,TREEHOUSE,TREEHOUSE
INE050B01023,EQ,BE,2022-01-03,2022-01-04,IVC,IVC
INE065B01013,EQ,BE,2022-01-03,2022-01-04,INDLMETER,INDLMETER
INE067A01029,BE,EQ,2022-01-03,2022-01-04,CGPOWER,CGPOWER
INE068L01016,BE,EQ,2022-01-03,2022-01-04,CANTABIL,CANTABIL
INE075B01012,BE,EQ,2022-01-03,2022-01-04,SICAL,SICAL
INE07O001018,BE,EQ,2022-01-03,2022-01-04,EASEMYTRIP,EASEMYTRIP
INE0APB01016,BE,EQ,2022-01-03,2022-01-04,MGEL,MGEL
INE110A01019,BE,EQ,2022-01-03,2022-01-04,BPL,BPL
INE110B01017,EQ,BE,2022-01-03,2022-01-04,MINDTECK,MINDTECK
INE134B01017,BE,EQ,2022-01-03,2022-01-04,KECL,KECL
INE147P01019,BE,EQ,2022-01-03,2022-01-04,JPOLYINVST,JPOLYINVST
INE161G01027,EQ,BE,2022-01-03,2022-01-04,MORARJEE,MORARJEE
INE172N01012,BE,EQ,2022-01-03,2022-01-04,IMAGICAA,IMAGICAA
INE181G01025,EQ,BE,2022-01-03,2022-01-04,AJRINFRA,AJRINFRA
INE185H01016,EQ,BE,2022-01-03,2022-01-04,CELEBRITY,CELEBRITY
INE195N01013,EQ,BE,2022-01-03,2022-01-04,PROZONINTU,PROZONINTU
INE197J01017,EQ,BE,2022-01-03,2022-01-04,LPDC,LPDC
INE201J01017,EQ,BE,2022-01-03,2022-01-04,LGBFORGE,LGBFORGE
INE201M01029,BE,EQ,2022-01-03,2022-01-04,CLEDUCATE,CLEDUCATE
INE203Y01012,BE,EQ,2022-01-03,2022-01-04,SILLYMONKS,SILLYMONKS
INE210A01017,BE,EQ,2022-01-03,2022-01-04,WILLAMAGOR,WILLAMAGOR
INE218G01033,BE,EQ,2022-01-03,2022-01-04,PALREDTEC,PALREDTEC
INE221B01012,BE,EQ,2022-01-03,2022-01-04,DYNAMATECH,DYNAMATECH
INE224E01036,BE,EQ,2022-01-03,2022-01-04,SCAPDVR,SCAPDVR
INE230B01021,BE,EQ,2022-01-03,2022-01-04,CREATIVEYE,CREATIVEYE
INE244B01030,EQ,BE,2022-01-03,2022-01-04,PATELENG,PATELENG
INE253A01025,BE,EQ,2022-01-03,2022-01-04,HINDMOTORS,HINDMOTORS
INE260D01016,BE,EQ,2022-01-03,2022-01-04,OLECTRA,OLECTRA
INE283H01019,BE,EQ,2022-01-03,2022-01-04,ROHLTD,ROHLTD
INE285H01022,BE,EQ,2022-01-03,2022-01-04,ATLANTA,ATLANTA
INE286H01012,BE,EQ,2022-01-03,2022-01-04,VISASTEEL,VISASTEEL
INE294G01026,BE,EQ,2022-01-03,2022-01-04,ROML,ROML
INE295F01017,BE,EQ,2022-01-03,2022-01-04,BUTTERFLY,BUTTERFLY
INE302H01017,EQ,BE,2022-01-03,2022-01-04,GTNTEX,GTNTEX
INE306C01019,EQ,BE,2022-01-03,2022-01-04,ENERGYDEV,ENERGYDEV
INE319Y01024,BE,EQ,2022-01-03,2022-01-04,TIRUPATIFL,TIRUPATIFL
INE330H01018,EQ,BE,2022-01-03,2022-01-04,RCOM,RCOM
INE336X01012,EQ,BE,2022-01-03,2022-01-04,TOTAL,TOTAL
INE337M01013,EQ,BE,2022-01-03,2022-01-04,INDOTHAI,INDOTHAI
INE362A01016,BE,EQ,2022-01-03,2022-01-04,PVP,PVP
INE363M01019,BE,EQ,2022-01-03,2022-01-04,SHEMAROO,SHEMAROO
INE399K01017,EQ,BE,2022-01-03,2022-01-04,RTNPOWER,RTNPOWER
INE412G01016,EQ,BE,2022-01-03,2022-01-04,BCLIND,BCLIND
INE413D01011,BE,EQ,2022-01-03,2022-01-04,ARIHANT,ARIHANT
INE418L01021,BE,EQ,2022-01-03,2022-01-04,NAZARA,NAZARA
INE421A01028,BE,EQ,2022-01-03,2022-01-04,ABAN,ABAN
INE436A01026,BE,EQ,2022-01-03,2022-01-04,ANSALAPI,ANSALAPI
INE439T01012,BE,EQ,2022-01-03,2022-01-04,NITIRAJ,NITIRAJ
INE449G01018,BE,EQ,2022-01-03,2022-01-04,AGRITECH,AGRITECH
INE471W01019,EQ,BE,2022-01-03,2022-01-04,PALASHSECU,PALASHSECU
INE474E01029,EQ,BE,2022-01-03,2022-01-04,BHANDARI,BHANDARI
INE474L01016,BE,EQ,2022-01-03,2022-01-04,OMKARCHEM,OMKARCHEM
INE482J01021,EQ,BE,2022-01-03,2022-01-04,GAL,GAL
INE497B01018,BE,EQ,2022-01-03,2022-01-04,SEAMECLTD,SEAMECLTD
INE498A01018,BE,EQ,2022-01-03,2022-01-04,DCM,DCM
INE500A01029,BE,EQ,2022-01-03,2022-01-04,DCW,DCW
INE503B01013,EQ,BE,2022-01-03,2022-01-04,STEELXIND,STEELXIND
INE505C01016,EQ,BE,2022-01-03,2022-01-04,PRAENG,PRAENG
INE524L01026,EQ,BE,2022-01-03,2022-01-04,KRIDHANINF,KRIDHANINF
INE526B01014,BE,EQ,2022-01-03,2022-01-04,CALSOFT,CALSOFT
INE542Z01010,EQ,BE,2022-01-03,2022-01-04,KAPSTON,KAPSTON
INE546Y01022,BE,EQ,2022-01-03,2022-01-04,PRAXIS,PRAXIS
INE550C01020,EQ,BE,2022-01-03,2022-01-04,URJA,URJA
INE555B01013,EQ,BE,2022-01-03,2022-01-04,AXISCADES,AXISCADES
INE561H01026,EQ,BE,2022-01-03,2022-01-04,PARSVNATH,PARSVNATH
INE591A01010,BE,EQ,2022-01-03,2022-01-04,OILCOUNTUB,OILCOUNTUB
INE610C01014,EQ,BE,2022-01-03,2022-01-04,ARENTERP,ARENTERP
INE619I01012,BE,EQ,2022-01-03,2022-01-04,A2ZINFRA,A2ZINFRA
INE637H01024,BE,EQ,2022-01-03,2022-01-04,SHIVAMAUTO,SHIVAMAUTO
INE640C01011,BE,EQ,2022-01-03,2022-01-04,SHAHALLOYS,SHAHALLOYS
INE641C01019,BE,EQ,2022-01-03,2022-01-04,KAVVERITEL,KAVVERITEL
INE652F01027,EQ,BE,2022-01-03,2022-01-04,CCHHL,CCHHL
INE668D01028,BE,EQ,2022-01-03,2022-01-04,DONEAR,DONEAR
INE695B01025,EQ,BE,2022-01-03,2022-01-04,COUNCODOS,COUNCODOS
INE697V01011,BE,EQ,2022-01-03,2022-01-04,PANSARI,PANSARI
INE703H01016,EQ,BE,2022-01-03,2022-01-04,HUBTOWN,HUBTOWN
INE725L01011,EQ,BE,2022-01-03,2022-01-04,KARMAENG,KARMAENG
INE729D01010,EQ,BE,2022-01-03,2022-01-04,KILITCH,KILITCH
INE731C01018,BE,EQ,2022-01-03,2022-01-04,KHAITANLTD,KHAITANLTD
INE747K01017,EQ,BE,2022-01-03,2022-01-04,TARAPUR,TARAPUR
INE753W01010,BE,EQ,2022-01-03,2022-01-04,SANGINITA,SANGINITA
INE767B01022,EQ,BE,2022-01-03,2022-01-04,VIKASPROP,VIKASPROP
INE776I01010,BE,EQ,2022-01-03,2022-01-04,MEP,MEP
INE778A01021,BE,EQ,2022-01-03,2022-01-04,TECHIN,TECHIN
INE778K01012,EQ,BE,2022-01-03,2022-01-04,EMAMIREAL,EMAMIREAL
INE782X01017,EQ,BE,2022-01-03,2022-01-04,SERVOTECH,SERVOTECH
INE788H01017,BE,EQ,2022-01-03,2022-01-04,HILTON,HILTON
INE790C01014,EQ,BE,2022-01-03,2022-01-04,PATSPINLTD,PATSPINLTD
INE791A01024,EQ,BE,2022-01-03,2022-01-04,BLBLIMITED,BLBLIMITED
INE792H01019,EQ,BE,2022-01-03,2022-01-04,GLOBALVECT,GLOBALVECT
INE804H01012,BE,EQ,2022-01-03,2022-01-04,TFL,TFL
INE806A01020,BE,EQ,2022-01-03,2022-01-04,VIKASECO,VIKASECO
INE817H01014,EQ,BE,2022-01-03,2022-01-04,BURNPUR,BURNPUR
INE830Q01018,EQ,BE,2022-01-03,2022-01-04,MANAKCOAT,MANAKCOAT
INE835A01011,BE,EQ,2022-01-03,2022-01-04,VARDMNPOLY,VARDMNPOLY
INE835D01023,EQ,BE,2022-01-03,2022-01-04,HIRECT,HIRECT
INE836B01017,EQ,BE,2022-01-03,2022-01-04,SATIN,SATIN
INE836F01026,BE,EQ,2022-01-03,2022-01-04,DISHTV,DISHTV
INE840Y01011,BE,EQ,2022-01-03,2022-01-04,ONEPOINT,ONEPOINT
INE859Q01017,EQ,BE,2022-01-03,2022-01-04,MANAKALUCO,MANAKALUCO
INE867A01022,BE,EQ,2022-01-03,2022-01-04,MANUGRAPH,MANUGRAPH
INE869Y01010,BE,EQ,2022-01-03,2022-01-04,TEMBO,TEMBO
INE872A01014,BE,EQ,2022-01-03,2022-01-04,SREINFRA,SREINFRA
INE879E01037,EQ,BE,2022-01-03,2022-01-04,KANANIIND,KANANIIND
INE886A01014,BE,EQ,2022-01-03,2022-01-04,IITL,IITL
INE899L01022,BE,EQ,2022-01-03,2022-01-04,UJAAS,UJAAS
INE900C01027,BE,EQ,2022-01-03,2022-01-04,ASAL,ASAL
INE911B01018,EQ,BE,2022-01-03,2022-01-04,TCIFINANCE,TCIFINANCE
INE921B01025,EQ,BE,2022-01-03,2022-01-04,DBSTOCKBRO,DBSTOCKBRO
INE925Y01010,BE,EQ,2022-01-03,2022-01-04,GODHA,GODHA
INE927A01040,EQ,BE,2022-01-03,2022-01-04,ROLLT,ROLLT
INE933A01014,EQ,BE,2022-01-03,2022-01-04,LYKALABS,LYKALABS
INE937A01023,BE,EQ,2022-01-03,2022-01-04,SPMLINFRA,SPMLINFRA
INE937C01029,BE,EQ,2022-01-03,2022-01-04,NILAINFRA,NILAINFRA
INE938A01021,EQ,BE,2022-01-03,2022-01-04,LCCINFOTEC,LCCINFOTEC
INE945H01013,BE,EQ,2022-01-03,2022-01-04,V2RETAIL,V2RETAIL
INE962C01027,EQ,BE,2022-01-03,2022-01-04,EASTSILK,EASTSILK
INE966H01019,BE,EQ,2022-01-03,2022-01-04,ZEEMEDIA,ZEEMEDIA
INE973A01010,BE,EQ,2022-01-03,2022-01-04,GOLDENTOBC,GOLDENTOBC
INE980Y01015,BE,EQ,2022-01-03,2022-01-04,SOUTHWEST,SOUTHWEST
INE985W01018,BE,EQ,2022-01-03,2022-01-04,CREATIVE,CREATIVE
INE997Y01019,EQ,BE,2022-01-03,2022-01-04,MITTAL,MITTAL
INE0JM501013,ST,SM,2022-01-05,2022-01-06,NRL,NRL
INE362A01016,EQ,BE,2022-01-06,2022-01-07,PVP,PVP
INE505V01016,ST,SM,2022-01-06,2022-01-07,EUROBOND,EUROBOND
INE900C01027,EQ,BE,2022-01-06,2022-01-07,ASAL,ASAL
INE016M01021,BE,EQ,2022-01-07,2022-01-10,DNAMEDIA,DNAMEDIA
INE045B01015,BE,EQ,2022-01-07,2022-01-10,NELCO,NELCO
INE088B01015,BE,EQ,2022-01-07,2022-01-10,NATNLSTEEL,NATNLSTEEL
INE0GSL01016,BE,EQ,2022-01-07,2022-01-10,HPAL,HPAL
INE191A01027,BE,EQ,2022-01-07,2022-01-10,ORCHPHARMA,ORCHPHARMA
INE201A01024,EQ,BE,2022-01-07,2022-01-10,MANALIPETC,MANALIPETC
INE229H01012,BE,EQ,2022-01-07,2022-01-10,NITINSPIN,NITINSPIN
INE534A01028,BE,EQ,2022-01-07,2022-01-10,GFSTEELS,GFSTEELS
INE874F01027,BE,EQ,2022-01-07,2022-01-10,RADAAN,RADAAN
INE891B01012,BE,EQ,2022-01-07,2022-01-10,DCMFINSERV,DCMFINSERV
INE088B01015,EQ,BE,2022-01-10,2022-01-11,NATNLSTEEL,NATNLSTEEL
INE0I7D01019,ST,SM,2022-01-10,2022-01-11,FOCE,FOCE
INE440L01017,EQ,BE,2022-01-10,2022-01-11,TIJARIA,TIJARIA
INE534A01028,EQ,BE,2022-01-10,2022-01-11,GFSTEELS,GFSTEELS
INE977Y01011,SM,EQ,2022-01-10,2022-01-11,BCONCEPTS,BCONCEPTS
INE481Z01011,SM,EQ,2022-01-11,2022-01-12,UNIINFO,UNIINFO
INE03JI01017,EQ,BE,2022-01-12,2022-01-13,DGCONTENT,DGCONTENT
INE04AK01010,EQ,BE,2022-01-12,2022-01-13,SBC,SBC
INE061A01014,EQ,BE,2022-01-12,2022-01-13,INDIANCARD,INDIANCARD
INE105C01023,EQ,BE,2022-01-12,2022-01-13,3PLAND,3PLAND
INE122M01019,EQ,BE,2022-01-12,2022-01-13,ESSARSHPNG,ESSARSHPNG
INE127I01024,EQ,BE,2022-01-12,2022-01-13,GOODLUCK,GOODLUCK
INE130B01031,EQ,BE,2022-01-12,2022-01-13,SURANAT&P,SURANAT&P
INE142K01011,EQ,BE,2022-01-12,2022-01-13,LYPSAGEMS,LYPSAGEMS
INE161L01027,EQ,BE,2022-01-12,2022-01-13,VIKASLIFE,VIKASLIFE
INE217K01011,EQ,BE,2022-01-12,2022-01-13,RHFL,RHFL
INE267I01010,EQ,BE,2022-01-12,2022-01-13,ARSSINFRA,ARSSINFRA
INE278G01037,EQ,BE,2022-01-12,2022-01-13,CYBERMEDIA,CYBERMEDIA
INE287C01037,EQ,BE,2022-01-12,2022-01-13,MICEL,MICEL
INE409B01013,EQ,BE,2022-01-12,2022-01-13,SWELECTES,SWELECTES
INE452L01012,EQ,BE,2022-01-12,2022-01-13,INCREDIBLE,INCREDIBLE
INE453B01029,EQ,BE,2022-01-12,2022-01-13,COMPUSOFT,COMPUSOFT
INE542C01019,EQ,BE,2022-01-12,2022-01-13,NKIND,NKIND
INE600A01035,EQ,BE,2022-01-12,2022-01-13,PILITA,PILITA
INE623A01011,EQ,BE,2022-01-12,2022-01-13,SAKHTISUG,SAKHTISUG
INE632X01030,EQ,BE,2022-01-12,2022-01-13,SHRENIK,SHRENIK
INE699A01011,EQ,BE,2022-01-12,2022-01-13,UTTAMSTL,UTTAMSTL
INE706A01022,EQ,BE,2022-01-12,2022-01-13,VIKASWSP,VIKASWSP
INE713T01010,EQ,BE,2022-01-12,2022-01-13,APOLLO,APOLLO
INE761Y01019,EQ,BE,2022-01-12,2022-01-13,ZODIAC,ZODIAC
INE782L01012,EQ,BE,2022-01-12,2022-01-13,SANCO,SANCO
INE788B01028,EQ,BE,2022-01-12,2022-01-13,INDSWFTLTD,INDSWFTLTD
INE862Y01015,EQ,BE,2022-01-12,2022-01-13,BANKA,BANKA
INE875R01011,EQ,BE,2022-01-12,2022-01-13,BALKRISHNA,BALKRISHNA
INE879A01019,EQ,BE,2022-01-12,2022-01-13,SHREERAMA,SHREERAMA
INE891B01012,EQ,BE,2022-01-12,2022-01-13,DCMFINSERV,DCMFINSERV
INE905P01028,EQ,BE,2022-01-12,2022-01-13,BCP,BCP
INE952H01027,EQ,BE,2022-01-12,2022-01-13,RAJTV,RAJTV
INE981B01011,EQ,BE,2022-01-12,2022-01-13,CMICABLES,CMICABLES
INE988C01014,EQ,BE,2022-01-12,2022-01-13,DHARSUGAR,DHARSUGAR
INE998H01012,EQ,BE,2022-01-12,2022-01-13,ORIENTALTL,ORIENTALTL
INE0IA701014,ST,SM,2022-01-13,2022-01-14,VIVO,VIVO
INE02WG01016,SM,EQ,2022-01-14,2022-01-17,WFL,WFL
INE153T01027,BE,EQ,2022-01-14,2022-01-17,BLS,BLS
INE201A01024,BE,EQ,2022-01-14,2022-01-17,MANALIPETC,MANALIPETC
INE255D01024,EQ,BE,2022-01-14,2022-01-17,GULPOLY,GULPOLY
INE451D01011,BE,EQ,2022-01-14,2022-01-17,RAJRATAN,RAJRATAN
INE111B01023,EQ,BE,2022-01-18,2022-01-19,63MOONS,63MOONS
INE314T01025,EQ,BE,2022-01-18,2022-01-19,GOKULAGRO,GOKULAGRO
INE874F01027,EQ,BE,2022-01-18,2022-01-19,RADAAN,RADAAN
INE016M01021,EQ,BE,2022-01-19,2022-01-20,DNAMEDIA,DNAMEDIA
INE045B01015,EQ,BE,2022-01-19,2022-01-20,NELCO,NELCO
INE064C01022,EQ,BE,2022-01-20,2022-01-21,TRIDENT,TRIDENT
INE419U01012,EQ,BE,2022-01-20,2022-01-21,HAPPSTMNDS,HAPPSTMNDS
INE068Z01016,ST,SZ,2022-01-21,2022-01-24,VASA,VASA
INE255D01024,BE,EQ,2022-01-21,2022-01-24,GULPOLY,GULPOLY
INE293A01013,BZ,EQ,2022-01-21,2022-01-24,ROLTA,ROLTA
INE573R01012,EQ,BZ,2022-01-21,2022-01-24,SEYAIND,SEYAIND
INE589G01011,BZ,EQ,2022-01-21,2022-01-24,BRFL,BRFL
INE08PH01015,ST,SM,2022-01-24,2022-01-25,ABCOTS,ABCOTS
INE0IJY01014,ST,SM,2022-01-25,2022-01-27,TIMESCAN,TIMESCAN
INE00SZ01018,EQ,BE,2022-01-27,2022-01-28,MARSHALL,MARSHALL
INE060B01014,EQ,BE,2022-01-27,2022-01-28,KHANDSE,KHANDSE
INE060J01017,EQ,BE,2022-01-27,2022-01-28,FLEXITUFF,FLEXITUFF
INE075B01012,EQ,BE,2022-01-27,2022-01-28,SICAL,SICAL
INE218G01033,EQ,BE,2022-01-27,2022-01-28,PALREDTEC,PALREDTEC
INE234I01010,EQ,BE,2022-01-27,2022-01-28,KAUSHALYA,KAUSHALYA
INE285H01022,EQ,BE,2022-01-27,2022-01-28,ATLANTA,ATLANTA
INE450G01024,EQ,BE,2022-01-27,2022-01-28,VIPCLOTHNG,VIPCLOTHNG
INE627H01017,EQ,BE,2022-01-27,2022-01-28,CTE,CTE
INE641C01019,EQ,BE,2022-01-27,2022-01-28,KAVVERITEL,KAVVERITEL
INE662A01027,EQ,BE,2022-01-27,2022-01-28,SUPERSPIN,SUPERSPIN
INE718H01014,EQ,BE,2022-01-27,2022-01-28,AUTOIND,AUTOIND
INE731C01018,EQ,BE,2022-01-27,2022-01-28,KHAITANLTD,KHAITANLTD
INE773I01017,EQ,BE,2022-01-27,2022-01-28,ALKALI,ALKALI
INE806A01020,EQ,BE,2022-01-27,2022-01-28,VIKASECO,VIKASECO
INE899L01022,EQ,BE,2022-01-27,2022-01-28,UJAAS,UJAAS
INE925Y01010,EQ,BE,2022-01-27,2022-01-28,GODHA,GODHA
INE937A01023,EQ,BE,2022-01-27,2022-01-28,SPMLINFRA,SPMLINFRA
INE419U01012,BE,EQ,2022-01-28,2022-01-31,HAPPSTMNDS,HAPPSTMNDS
INE429C01035,BE,EQ,2022-01-31,2022-02-01,SINTEX,SINTEX
INE372C01037,EQ,BE,2022-02-01,2022-02-02,PRECWIRE,PRECWIRE
INE451D01011,EQ,BE,2022-02-02,2022-02-03,RAJRATAN,RAJRATAN
INE133E01013,BE,EQ,2022-02-04,2022-02-07,TI,TI
INE491V01019,SM,EQ,2022-02-07,2022-02-08,CROWN,CROWN
INE182Z01015,SM,ST,2022-02-08,2022-02-09,SSINFRA,SSINFRA
INE02WG01016,EQ,BE,2022-02-09,2022-02-10,WFL,WFL
INE087Z01024,EQ,BE,2022-02-09,2022-02-10,AAKASH,AAKASH
INE09N301011,EQ,BE,2022-02-09,2022-02-10,FLUOROCHEM,FLUOROCHEM
INE727S01012,EQ,BE,2022-02-09,2022-02-10,BRNL,BRNL
INE947I01017,EQ,BE,2022-02-09,2022-02-10,LOTUSEYE,LOTUSEYE
INE221H01019,BE,EQ,2022-02-11,2022-02-14,GTLINFRA,GTLINFRA
INE314C01013,BE,EQ,2022-02-11,2022-02-14,SOMATEX,SOMATEX
INE362A01016,BE,EQ,2022-02-11,2022-02-14,PVP,PVP
INE391D01019,BE,EQ,2022-02-11,2022-02-14,TRF,TRF
INE534A01028,BE,EQ,2022-02-11,2022-02-14,GFSTEELS,GFSTEELS
INE931S01010,BE,EQ,2022-02-11,2022-02-14,ADANITRANS,ADANITRANS
INE060X01018,SM,EQ,2022-02-14,2022-02-15,DEVIT,DEVIT
INE0HKW01018,ST,SM,2022-02-14,2022-02-15,PRECISION,PRECISION
INE534A01028,EQ,BE,2022-02-14,2022-02-15,GFSTEELS,GFSTEELS
INE105I01020,EQ,BE,2022-02-15,2022-02-16,SELMC,SELMC
INE229H01012,EQ,BE,2022-02-17,2022-02-18,NITINSPIN,NITINSPIN
INE045B01015,BE,EQ,2022-02-18,2022-02-21,NELCO,NELCO
INE083B01016,EQ,BE,2022-02-18,2022-02-21,THEMISMED,THEMISMED
INE0FLR01028,BE,EQ,2022-02-18,2022-02-21,IWEL,IWEL
INE102A01024,BE,EQ,2022-02-21,2022-02-22,HLVLTD,HLVLTD
INE293A01013,EQ,BE,2022-02-21,2022-02-22,ROLTA,ROLTA
INE362A01016,EQ,BE,2022-02-21,2022-02-22,PVP,PVP
INE501W01021,EQ,BE,2022-02-21,2022-02-22,SPTL,SPTL
INE722J01012,BE,EQ,2022-02-21,2022-02-22,RKDL,RKDL
INE843B01013,BE,EQ,2022-02-21,2022-02-22,MAHAPEXLTD,MAHAPEXLTD
INE255D01024,EQ,BE,2022-02-23,2022-02-24,GULPOLY,GULPOLY
INE314C01013,EQ,BE,2022-02-23,2022-02-24,SOMATEX,SOMATEX
INE593W01010,EQ,BE,2022-02-23,2022-02-24,FOCUS,FOCUS
INE778A01021,EQ,BE,2022-02-23,2022-02-24,TECHIN,TECHIN
INE728Z01015,SM,EQ,2022-02-24,2022-02-25,SOFTTECH,SOFTTECH
INE105I01020,BE,EQ,2022-02-25,2022-02-28,SELMC,SELMC
INE182Z01015,ST,SM,2022-02-25,2022-02-28,SSINFRA,SSINFRA
INE229H01012,BE,EQ,2022-02-25,2022-02-28,NITINSPIN,NITINSPIN
INE399L01023,BE,EQ,2022-02-25,2022-02-28,ATGL,ATGL
INE974Z01015,SM,EQ,2022-02-25,2022-03-02,PRITI,PRITI
INE968D01022,EQ,BE,2022-03-02,2022-03-03,ARSHIYA,ARSHIYA
INE083B01016,BE,EQ,2022-03-04,2022-03-07,THEMISMED,THEMISMED
INE425B01027,BE,EQ,2022-03-04,2022-03-07,BCG,BCG
INE854B01010,BE,EQ,2022-03-04,2022-03-07,JAYNECOIND,JAYNECOIND
INE0J1P01015,ST,SM,2022-03-07,2022-03-08,RICHA,RICHA
INE766A01018,BZ,EQ,2022-03-07,2022-03-11,PAEL,PAEL
IN9623B01058,EQ,BE,2022-03-09,2022-03-10,FELDVR,FELDVR
INE0JR301013,ST,SM,2022-03-09,2022-03-10,MADHAVBAUG,MADHAVBAUG
INE697V01011,EQ,BE,2022-03-09,2022-03-10,PANSARI,PANSARI
INE722J01012,EQ,BE,2022-03-09,2022-03-10,RKDL,RKDL
INE727B01026,EQ,BE,2022-03-09,2022-03-10,GENESYS,GENESYS
INE813V01022,EQ,BE,2022-03-09,2022-03-10,MCL,MCL
INE863B01011,EQ,BE,2022-03-09,2022-03-10,PREMEXPLN,PREMEXPLN
INE105I01020,EQ,BE,2022-03-10,2022-03-11,SELMC,SELMC
INE472B01011,BE,EQ,2022-03-11,2022-03-16,BLUECOAST,BLUECOAST
INE979A01017,BE,EQ,2022-03-11,2022-03-14,SAREGAMA,SAREGAMA
INE045B01015,EQ,BE,2022-03-14,2022-03-15,NELCO,NELCO
INE229H01012,EQ,BE,2022-03-14,2022-03-15,NITINSPIN,NITINSPIN
INE318D01020,BE,EQ,2022-03-14,2022-03-15,ZENITHSTL,ZENITHSTL
INE691G01015,BE,EQ,2022-03-14,2022-03-15,IMPEXFERRO,IMPEXFERRO
INE093B01015,BE,EQ,2022-03-15,2022-03-16,ALPSINDUS,ALPSINDUS
INE240C01028,BE,EQ,2022-03-15,2022-03-16,UMESLTD,UMESLTD
INE874F01027,BE,EQ,2022-03-15,2022-03-16,RADAAN,RADAAN
INE828O01033,SM,EQ,2022-03-16,2022-03-17,MITCON,MITCON
INE968D01022,BE,EQ,2022-03-16,2022-03-17,ARSHIYA,ARSHIYA
INE024L01027,EQ,BE,2022-03-17,2022-03-21,GRAVITA,GRAVITA
INE255D01024,BE,EQ,2022-03-17,2022-03-21,GULPOLY,GULPOLY
INE573R01012,BZ,BE,2022-03-17,2022-03-21,SEYAIND,SEYAIND
INE368U01011,EQ,BE,2022-03-21,2022-03-22,UNITEDPOLY,UNITEDPOLY
INE429C01035,EQ,BE,2022-03-21,2022-12-12,SINTEX,SINTEX
INE904J01016,BE,BZ,2022-03-21,2022-03-28,JINDCOT,JINDCOT
INE391D01019,EQ,BE,2022-03-22,2022-03-23,TRF,TRF
INE425B01027,EQ,BE,2022-03-23,2022-03-24,BCG,BCG
INE03KJ01013,ST,SM,2022-03-25,2022-03-28,SHIGAN,SHIGAN
INE255D01024,EQ,BE,2022-03-25,2022-03-28,GULPOLY,GULPOLY
INE368U01011,BE,EQ,2022-03-25,2022-03-28,UNITEDPOLY,UNITEDPOLY
INE451D01029,BE,EQ,2022-03-25,2022-03-28,RAJRATAN,RAJRATAN
INE006Z01016,EQ,BE,2022-03-28,2022-03-29,ARVEE,ARVEE
INE008Z01012,BE,EQ,2022-03-28,2022-03-29,SRPL,SRPL
INE00S901012,BE,EQ,2022-03-28,2022-03-29,NILASPACES,NILASPACES
INE00SZ01018,BE,EQ,2022-03-28,2022-03-29,MARSHALL,MARSHALL
INE016M01021,BE,EQ,2022-03-28,2022-03-29,DNAMEDIA,DNAMEDIA
INE01JE01028,BE,EQ,2022-03-28,2022-03-29,MARINE,MARINE
INE023M01027,BE,EQ,2022-03-28,2022-03-29,SETUINFRA,SETUINFRA
INE02PY01013,BE,EQ,2022-03-28,2022-03-29,BOROLTD,BOROLTD
INE032Z01012,EQ,BE,2022-03-28,2022-03-29,BSHSL,BSHSL
INE040M01013,BE,EQ,2022-03-28,2022-03-29,TREEHOUSE,TREEHOUSE
INE04AK01028,BE,EQ,2022-03-28,2022-03-29,SBC,SBC
INE050B01023,BE,EQ,2022-03-28,2022-03-29,IVC,IVC
INE060B01014,BE,EQ,2022-03-28,2022-03-29,KHANDSE,KHANDSE
INE060J01017,BE,EQ,2022-03-28,2022-03-29,FLEXITUFF,FLEXITUFF
INE061A01014,BE,EQ,2022-03-28,2022-03-29,INDIANCARD,INDIANCARD
INE065B01013,BE,EQ,2022-03-28,2022-03-29,INDLMETER,INDLMETER
INE074B01023,BE,EQ,2022-03-28,2022-03-29,PARACABLES,PARACABLES
INE075B01012,BE,EQ,2022-03-28,2022-03-29,SICAL,SICAL
INE087Z01024,BE,EQ,2022-03-28,2022-03-29,AAKASH,AAKASH
INE093R01011,BE,EQ,2022-03-28,2022-03-29,LSIL,LSIL
INE105C01023,BE,EQ,2022-03-28,2022-03-29,3PLAND,3PLAND
INE106I01010,BE,EQ,2022-03-28,2022-03-29,ANKITMETAL,ANKITMETAL
INE108E01023,BE,EQ,2022-03-28,2022-03-29,SUNDARAM,SUNDARAM
INE110B01017,BE,EQ,2022-03-28,2022-03-29,MINDTECK,MINDTECK
INE116D01028,BE,EQ,2022-03-28,2022-03-29,BAGFILMS,BAGFILMS
INE122M01019,BE,EQ,2022-03-28,2022-03-29,ESSARSHPNG,ESSARSHPNG
INE130B01031,BE,EQ,2022-03-28,2022-03-29,SURANAT&P,SURANAT&P
INE138A01028,BE,EQ,2022-03-28,2022-03-29,PENINLAND,PENINLAND
INE142K01011,BE,EQ,2022-03-28,2022-03-29,LYPSAGEMS,LYPSAGEMS
INE159N01027,BE,EQ,2022-03-28,2022-03-29,VIJIFIN,VIJIFIN
INE161G01027,BE,EQ,2022-03-28,2022-03-29,MORARJEE,MORARJEE
INE161L01027,BE,EQ,2022-03-28,2022-03-29,VIKASLIFE,VIKASLIFE
INE181G01025,BE,EQ,2022-03-28,2022-03-29,AJRINFRA,AJRINFRA
INE185H01016,BE,EQ,2022-03-28,2022-03-29,CELEBRITY,CELEBRITY
INE187A01017,BE,EQ,2022-03-28,2022-03-29,JBFIND,JBFIND
INE195N01013,BE,EQ,2022-03-28,2022-03-29,PROZONINTU,PROZONINTU
INE197J01017,BE,EQ,2022-03-28,2022-03-29,LPDC,LPDC
INE201J01017,BE,EQ,2022-03-28,2022-03-29,LGBFORGE,LGBFORGE
INE217K01011,BE,EQ,2022-03-28,2022-03-29,RHFL,RHFL
INE218G01033,BE,EQ,2022-03-28,2022-03-29,PALREDTEC,PALREDTEC
INE227G01018,BE,EQ,2022-03-28,2022-03-29,INDOWIND,INDOWIND
INE234I01010,BE,EQ,2022-03-28,2022-03-29,KAUSHALYA,KAUSHALYA
INE236Y01012,BE,EQ,2022-03-28,2022-03-29,NGIL,NGIL
INE244A01016,BE,EQ,2022-03-28,2022-03-29,DENORA,DENORA
INE244B01030,BE,EQ,2022-03-28,2022-03-29,PATELENG,PATELENG
INE248H01012,BE,EQ,2022-03-28,2022-03-29,ROHITFERRO,ROHITFERRO
INE267I01010,BE,EQ,2022-03-28,2022-03-29,ARSSINFRA,ARSSINFRA
INE272L01022,BE,EQ,2022-03-28,2022-03-29,SURANASOL,SURANASOL
INE285H01022,BE,EQ,2022-03-28,2022-03-29,ATLANTA,ATLANTA
INE287C01037,BE,EQ,2022-03-28,2022-03-29,MICEL,MICEL
INE306C01019,BE,EQ,2022-03-28,2022-03-29,ENERGYDEV,ENERGYDEV
INE330H01018,BE,EQ,2022-03-28,2022-03-29,RCOM,RCOM
INE336X01012,BE,EQ,2022-03-28,2022-03-29,TOTAL,TOTAL
INE337M01013,BE,EQ,2022-03-28,2022-03-29,INDOTHAI,INDOTHAI
INE342A01018,BE,EQ,2022-03-28,2022-03-29,PREMIER,PREMIER
INE370E01029,BE,EQ,2022-03-28,2022-03-29,VIVIDHA,VIVIDHA
INE378D01032,BE,EQ,2022-03-28,2022-03-29,MADHUCON,MADHUCON
INE399K01017,BE,EQ,2022-03-28,2022-03-29,RTNPOWER,RTNPOWER
INE409B01013,BE,EQ,2022-03-28,2022-03-29,SWELECTES,SWELECTES
INE412G01016,BE,EQ,2022-03-28,2022-03-29,BCLIND,BCLIND
INE429I01024,BE,EQ,2022-03-28,2022-03-29,CCCL,CCCL
INE440L01017,BE,EQ,2022-03-28,2022-03-29,TIJARIA,TIJARIA
INE450G01024,BE,EQ,2022-03-28,2022-03-29,VIPCLOTHNG,VIPCLOTHNG
INE452L01012,BE,EQ,2022-03-28,2022-03-29,INCREDIBLE,INCREDIBLE
INE453B01029,BE,EQ,2022-03-28,2022-03-29,COMPUSOFT,COMPUSOFT
INE472B01011,EQ,BE,2022-03-28,2022-03-29,BLUECOAST,BLUECOAST
INE474E01029,BE,EQ,2022-03-28,2022-03-29,BHANDARI,BHANDARI
INE480C01020,EQ,BE,2022-03-28,2022-03-29,SDBL,SDBL
INE482J01021,BE,EQ,2022-03-28,2022-03-29,GAL,GAL
INE503B01013,BE,EQ,2022-03-28,2022-03-29,STEELXIND,STEELXIND
INE505C01016,BE,EQ,2022-03-28,2022-03-29,PRAENG,PRAENG
INE512B01022,BE,EQ,2022-03-28,2022-03-29,FCSSOFT,FCSSOFT
INE517B01013,BE,EQ,2022-03-28,2022-03-29,TTML,TTML
INE520Y01019,EQ,BE,2022-03-28,2022-03-29,ICEMAKE,ICEMAKE
INE524L01026,BE,EQ,2022-03-28,2022-03-29,KRIDHANINF,KRIDHANINF
INE540A01017,BE,EQ,2022-03-28,2022-03-29,GLFL,GLFL
INE542C01019,BE,EQ,2022-03-28,2022-03-29,NKIND,NKIND
INE542Z01010,BE,EQ,2022-03-28,2022-03-29,KAPSTON,KAPSTON
INE550C01020,BE,EQ,2022-03-28,2022-03-29,URJA,URJA
INE550H01011,BE,EQ,2022-03-28,2022-03-29,SUPREMEINF,SUPREMEINF
INE555B01013,BE,EQ,2022-03-28,2022-03-29,AXISCADES,AXISCADES
INE559D01011,BE,EQ,2022-03-28,2022-03-29,CREST,CREST
INE561H01026,BE,EQ,2022-03-28,2022-03-29,PARSVNATH,PARSVNATH
INE562B01019,BE,EQ,2022-03-28,2022-03-29,RAJSREESUG,RAJSREESUG
INE597L01014,BE,EQ,2022-03-28,2022-03-29,LOVABLE,LOVABLE
INE600A01035,BE,EQ,2022-03-28,2022-03-29,PILITA,PILITA
INE610C01014,BE,EQ,2022-03-28,2022-03-29,ARENTERP,ARENTERP
INE623A01011,BE,EQ,2022-03-28,2022-03-29,SAKHTISUG,SAKHTISUG
INE627H01017,BE,EQ,2022-03-28,2022-03-29,CTE,CTE
INE632X01030,BE,EQ,2022-03-28,2022-03-29,SHRENIK,SHRENIK
INE635A01023,BE,EQ,2022-03-28,2022-03-29,SHYAMTEL,SHYAMTEL
INE641C01019,BE,EQ,2022-03-28,2022-03-29,KAVVERITEL,KAVVERITEL
INE652F01027,BE,EQ,2022-03-28,2022-03-29,CCHHL,CCHHL
INE662A01027,BE,EQ,2022-03-28,2022-03-29,SUPERSPIN,SUPERSPIN
INE669A01022,BE,EQ,2022-03-28,2022-03-29,INFOMEDIA,INFOMEDIA
INE688J01015,BE,EQ,2022-03-28,2022-03-29,EXCEL,EXCEL
INE695B01025,BE,EQ,2022-03-28,2022-03-29,COUNCODOS,COUNCODOS
INE699A01011,BE,EQ,2022-03-28,2022-03-29,UTTAMSTL,UTTAMSTL
INE699B01027,BE,EQ,2022-03-28,2022-03-29,SAMBHAAV,SAMBHAAV
INE703H01016,BE,EQ,2022-03-28,2022-03-29,HUBTOWN,HUBTOWN
INE706A01022,BE,EQ,2022-03-28,2022-03-29,VIKASWSP,VIKASWSP
INE713T01010,BE,EQ,2022-03-28,2022-03-29,APOLLO,APOLLO
INE718H01014,BE,EQ,2022-03-28,2022-03-29,AUTOIND,AUTOIND
INE725L01011,BE,EQ,2022-03-28,2022-03-29,KARMAENG,KARMAENG
INE727S01012,BE,EQ,2022-03-28,2022-03-29,BRNL,BRNL
INE729D01010,BE,EQ,2022-03-28,2022-03-29,KILITCH,KILITCH
INE731C01018,BE,EQ,2022-03-28,2022-03-29,KHAITANLTD,KHAITANLTD
INE731U01028,EQ,BE,2022-03-28,2022-03-29,DIGJAMLMTD,DIGJAMLMTD
INE735M01018,BE,EQ,2022-03-28,2022-03-29,SEPOWER,SEPOWER
INE737B01033,BE,EQ,2022-03-28,2022-03-29,ADROITINFO,ADROITINFO
INE737W01013,BE,EQ,2022-03-28,2022-03-29,AKASH,AKASH
INE738V01013,BE,EQ,2022-03-28,2022-03-29,ARTNIRMAN,ARTNIRMAN
INE741L01018,BE,EQ,2022-03-28,2022-03-29,DUCON,DUCON
INE747B01016,BE,EQ,2022-03-28,2022-03-29,NEXTMEDIA,NEXTMEDIA
INE747K01017,BE,EQ,2022-03-28,2022-03-29,TARAPUR,TARAPUR
INE767B01022,BE,EQ,2022-03-28,2022-03-29,VIKASPROP,VIKASPROP
INE773I01017,BE,EQ,2022-03-28,2022-03-29,ALKALI,ALKALI
INE778A01021,BE,EQ,2022-03-28,2022-03-29,TECHIN,TECHIN
INE778K01012,BE,EQ,2022-03-28,2022-03-29,EMAMIREAL,EMAMIREAL
INE782L01012,BE,EQ,2022-03-28,2022-03-29,SANCO,SANCO
INE782X01017,BE,EQ,2022-03-28,2022-03-29,SERVOTECH,SERVOTECH
INE788B01028,BE,EQ,2022-03-28,2022-03-29,INDSWFTLTD,INDSWFTLTD
INE791A01024,BE,EQ,2022-03-28,2022-03-29,BLBLIMITED,BLBLIMITED
INE792H01019,BE,EQ,2022-03-28,2022-03-29,GLOBALVECT,GLOBALVECT
INE805A01014,BE,EQ,2022-03-28,2022-03-29,GOLDTECH,GOLDTECH
INE806A01020,BE,EQ,2022-03-28,2022-03-29,VIKASECO,VIKASECO
INE817H01014,BE,EQ,2022-03-28,2022-03-29,BURNPUR,BURNPUR
INE823A01017,EQ,BE,2022-03-28,2022-03-29,KOTHARIPRO,KOTHARIPRO
INE830Q01018,BE,EQ,2022-03-28,2022-03-29,MANAKCOAT,MANAKCOAT
INE835D01023,BE,EQ,2022-03-28,2022-03-29,HIRECT,HIRECT
INE836B01017,BE,EQ,2022-03-28,2022-03-29,SATIN,SATIN
INE859Q01017,BE,EQ,2022-03-28,2022-03-29,MANAKALUCO,MANAKALUCO
INE860T01019,BE,EQ,2022-03-28,2022-03-29,SABEVENTS,SABEVENTS
INE861A01058,BE,EQ,2022-03-28,2022-03-29,VISESHINFO,VISESHINFO
INE861B01023,BE,EQ,2022-03-28,2022-03-29,MOTOGENFIN,MOTOGENFIN
INE862Y01015,BE,EQ,2022-03-28,2022-03-29,BANKA,BANKA
INE871H01011,BE,EQ,2022-03-28,2022-03-29,GSS,GSS
INE875R01011,BE,EQ,2022-03-28,2022-03-29,BALKRISHNA,BALKRISHNA
INE879A01019,BE,EQ,2022-03-28,2022-03-29,SHREERAMA,SHREERAMA
INE880B01015,BE,EQ,2022-03-28,2022-03-29,ANSALHSG,ANSALHSG
INE899L01022,BE,EQ,2022-03-28,2022-03-29,UJAAS,UJAAS
INE902B01017,BE,EQ,2022-03-28,2022-03-29,S&SPOWER,S&SPOWER
INE905P01028,BE,EQ,2022-03-28,2022-03-29,BCP,BCP
INE911B01018,BE,EQ,2022-03-28,2022-03-29,TCIFINANCE,TCIFINANCE
INE921B01025,BE,EQ,2022-03-28,2022-03-29,DBSTOCKBRO,DBSTOCKBRO
INE927A01040,BE,EQ,2022-03-28,2022-03-29,ROLLT,ROLLT
INE933A01014,BE,EQ,2022-03-28,2022-03-29,LYKALABS,LYKALABS
INE933B01012,BE,EQ,2022-03-28,2022-03-29,MEGASOFT,MEGASOFT
INE933X01016,BE,EQ,2022-03-28,2022-03-29,SHANTI,SHANTI
INE934B01028,BE,EQ,2022-03-28,2022-03-29,MERCATOR,MERCATOR
INE937A01023,BE,EQ,2022-03-28,2022-03-29,SPMLINFRA,SPMLINFRA
INE938A01021,BE,EQ,2022-03-28,2022-03-29,LCCINFOTEC,LCCINFOTEC
INE947I01017,BE,EQ,2022-03-28,2022-03-29,LOTUSEYE,LOTUSEYE
INE952H01027,BE,EQ,2022-03-28,2022-03-29,RAJTV,RAJTV
INE962C01027,BE,EQ,2022-03-28,2022-03-29,EASTSILK,EASTSILK
INE965H01011,BE,EQ,2022-03-28,2022-03-29,SITINET,SITINET
INE976T01013,BE,EQ,2022-03-28,2022-03-29,SAGARDEEP,SAGARDEEP
INE981B01011,BE,EQ,2022-03-28,2022-03-29,CMICABLES,CMICABLES
INE988C01014,BE,EQ,2022-03-28,2022-03-29,DHARSUGAR,DHARSUGAR
INE997Y01019,BE,EQ,2022-03-28,2022-03-29,MITTAL,MITTAL
INE998H01012,BE,EQ,2022-03-28,2022-03-29,ORIENTALTL,ORIENTALTL
INE999K01014,BE,EQ,2022-03-28,2022-03-29,GREENPOWER,GREENPOWER
INE411Y01011,SM,EQ,2022-03-30,2022-03-31,DIL,DIL
INE533D01032,BE,EQ,2022-03-30,2022-04-01,RAJRILTD,RAJRILTD
INE0JW501011,ST,SM,2022-03-31,2022-04-05,SPRL,SPRL
INE045B01015,BE,EQ,2022-04-01,2022-04-04,NELCO,NELCO
INE229H01012,BE,EQ,2022-04-01,2022-04-04,NITINSPIN,NITINSPIN
INE589G01011,EQ,BZ,2022-04-01,2022-04-04,BRFL,BRFL
INE669A01022,EQ,BE,2022-04-01,2022-04-04,INFOMEDIA,INFOMEDIA
INE732F01019,BE,EQ,2022-04-01,2022-04-04,ISMTLTD,ISMTLTD
INE079J01017,BE,EQ,2022-04-04,2022-04-05,GATEWAY,GATEWAY
INE874F01027,EQ,BE,2022-04-04,2022-04-05,RADAAN,RADAAN
INE955I01044,BE,EQ,2022-04-04,2022-04-05,SEJALLTD,SEJALLTD
INE0CU601026,BE,EQ,2022-04-05,2022-04-06,GMRP&UI,GMRP&UI
INE652Z01017,SM,EQ,2022-04-05,2022-04-07,AVROIND,AVROIND
INE00LM01011,SM,EQ,2022-04-06,2022-04-07,SONAMCLOCK,SONAMCLOCK
INE058B01018,EQ,BE,2022-04-06,2022-04-07,ZENITHEXPO,ZENITHEXPO
INE093B01015,EQ,BE,2022-04-06,2022-04-07,ALPSINDUS,ALPSINDUS
INE0HS001010,ST,SM,2022-04-06,2022-04-07,COOLCAPS,COOLCAPS
INE240C01028,EQ,BE,2022-04-06,2022-04-07,UMESLTD,UMESLTD
INE319Z01021,EQ,BE,2022-04-06,2022-04-07,SUPREMEENG,SUPREMEENG
INE449G01018,EQ,BE,2022-04-06,2022-04-07,AGRITECH,AGRITECH
INE677H01012,EQ,BE,2022-04-06,2022-04-07,DEEPENR,DEEPENR
INE783X01023,EQ,BE,2022-04-06,2022-04-07,CHEMFAB,CHEMFAB
INE819L01012,EQ,BE,2022-04-06,2022-04-07,ELGIRUBCO,ELGIRUBCO
INE886A01014,EQ,BE,2022-04-06,2022-04-07,IITL,IITL
INE952A01022,EQ,BE,2022-04-06,2022-04-07,HINDNATGLS,HINDNATGLS
INE045B01015,EQ,BE,2022-04-07,2022-04-08,NELCO,NELCO
INE412G01016,EQ,BE,2022-04-07,2022-04-08,BCLIND,BCLIND
INE0FS801015,BE,EQ,2022-04-08,2022-04-11,MSUMI,MSUMI
INE0GMR01016,ST,SM,2022-04-08,2022-04-11,SWARAJ,SWARAJ
INE0KNW01016,ST,SM,2022-04-08,2022-04-11,KNAGRI,KNAGRI
INE255D01024,BE,EQ,2022-04-08,2022-04-11,GULPOLY,GULPOLY
INE368U01011,EQ,BE,2022-04-08,2022-04-11,UNITEDPOLY,UNITEDPOLY
INE255Z01019,SM,EQ,2022-04-11,2022-04-12,E2E,E2E
INE080B01012,BE,EQ,2022-04-12,2022-04-13,KOHINOOR,KOHINOOR
INE902B01017,EQ,BE,2022-04-12,2022-04-13,S&SPOWER,S&SPOWER
INE0GGO01015,ST,SM,2022-04-13,2022-04-18,KRISHIVAL,KRISHIVAL
INE127I01024,BE,EQ,2022-04-13,2022-04-18,GOODLUCK,GOODLUCK
INE540A01017,EQ,BE,2022-04-13,2022-04-18,GLFL,GLFL
INE098201028,SM,EQ,2022-04-18,2022-04-19,VCL,VCL
INE0KN801013,ST,SM,2022-04-19,2022-04-20,PROPEQUITY,PROPEQUITY
INE451D01029,EQ,BE,2022-04-19,2022-04-20,RAJRATAN,RAJRATAN
INE023M01027,EQ,BE,2022-04-20,2022-04-21,SETUINFRA,SETUINFRA
INE059B01024,EQ,BE,2022-04-20,2022-04-21,SIMPLEXINF,SIMPLEXINF
INE060J01017,EQ,BE,2022-04-20,2022-04-21,FLEXITUFF,FLEXITUFF
INE065B01013,EQ,BE,2022-04-20,2022-04-21,INDLMETER,INDLMETER
INE09E501017,EQ,BE,2022-04-20,2022-04-21,RVHL,RVHL
INE105C01023,EQ,BE,2022-04-20,2022-04-21,3PLAND,3PLAND
INE116D01028,EQ,BE,2022-04-20,2022-04-21,BAGFILMS,BAGFILMS
INE138A01028,EQ,BE,2022-04-20,2022-04-21,PENINLAND,PENINLAND
INE161G01027,EQ,BE,2022-04-20,2022-04-21,MORARJEE,MORARJEE
INE181G01025,EQ,BE,2022-04-20,2022-04-21,AJRINFRA,AJRINFRA
INE218G01033,EQ,BE,2022-04-20,2022-04-21,PALREDTEC,PALREDTEC
INE245I01016,EQ,BE,2022-04-20,2022-04-21,NAGREEKCAP,NAGREEKCAP
INE286H01012,EQ,BE,2022-04-20,2022-04-21,VISASTEEL,VISASTEEL
INE319B01014,EQ,BE,2022-04-20,2022-04-21,BYKE,BYKE
INE374B01019,EQ,BE,2022-04-20,2022-04-21,MUKTAARTS,MUKTAARTS
INE378D01032,EQ,BE,2022-04-20,2022-04-21,MADHUCON,MADHUCON
INE392B01011,EQ,BE,2022-04-20,2022-04-21,PNC,PNC
INE436A01026,EQ,BE,2022-04-20,2022-04-21,ANSALAPI,ANSALAPI
INE450G01024,EQ,BE,2022-04-20,2022-04-21,VIPCLOTHNG,VIPCLOTHNG
INE481Z01011,EQ,BE,2022-04-20,2022-04-21,UNIINFO,UNIINFO
INE505C01016,EQ,BE,2022-04-20,2022-04-21,PRAENG,PRAENG
INE542Z01010,EQ,BE,2022-04-20,2022-04-21,KAPSTON,KAPSTON
INE635A01023,EQ,BE,2022-04-20,2022-04-21,SHYAMTEL,SHYAMTEL
INE662A01027,EQ,BE,2022-04-20,2022-04-21,SUPERSPIN,SUPERSPIN
INE662L01016,EQ,BE,2022-04-20,2022-04-21,TCIDEVELOP,TCIDEVELOP
INE688J01015,EQ,BE,2022-04-20,2022-04-21,EXCEL,EXCEL
INE711A01022,EQ,BE,2022-04-20,2022-04-21,WALCHANNAG,WALCHANNAG
INE718H01014,EQ,BE,2022-04-20,2022-04-21,AUTOIND,AUTOIND
INE728Z01015,EQ,BE,2022-04-20,2022-04-21,SOFTTECH,SOFTTECH
INE731A01020,EQ,BE,2022-04-20,2022-04-21,ARCHIES,ARCHIES
INE731C01018,EQ,BE,2022-04-20,2022-04-21,KHAITANLTD,KHAITANLTD
INE747B01016,EQ,BE,2022-04-20,2022-04-21,NEXTMEDIA,NEXTMEDIA
INE764L01010,EQ,BE,2022-04-20,2022-04-21,SADBHIN,SADBHIN
INE773I01017,EQ,BE,2022-04-20,2022-04-21,ALKALI,ALKALI
INE788H01017,EQ,BE,2022-04-20,2022-04-21,HILTON,HILTON
INE797H01018,EQ,BE,2022-04-20,2022-04-21,TGBHOTELS,TGBHOTELS
INE855C01015,EQ,BE,2022-04-20,2022-04-21,WEBELSOLAR,WEBELSOLAR
INE895W01019,EQ,BE,2022-04-20,2022-04-21,PANACHE,PANACHE
INE898S01029,EQ,BE,2022-04-20,2022-04-21,AURUM,AURUM
INE911B01018,EQ,BE,2022-04-20,2022-04-21,TCIFINANCE,TCIFINANCE
INE946H01037,EQ,BE,2022-04-20,2022-04-21,VIPULLTD,VIPULLTD
INE965H01011,EQ,BE,2022-04-20,2022-04-21,SITINET,SITINET
INE972X01014,EQ,BE,2022-04-20,2022-04-21,VAISHALI,VAISHALI
INE977Y01011,EQ,BE,2022-04-20,2022-04-21,BCONCEPTS,BCONCEPTS
INE0J5601015,ST,SM,2022-04-21,2022-04-22,KRISHNADEF,KRISHNADEF
INE064C01022,BE,EQ,2022-04-22,2022-04-25,TRIDENT,TRIDENT
INE0GIU01018,BE,EQ,2022-04-22,2022-04-25,UMAEXPORTS,UMAEXPORTS
INE121E01018,BE,EQ,2022-04-22,2022-04-25,JSWENERGY,JSWENERGY
INE247D01039,EQ,BE,2022-04-22,2022-04-25,JINDWORLD,JINDWORLD
INE314T01025,BE,EQ,2022-04-22,2022-04-25,GOKULAGRO,GOKULAGRO
INE706A01022,EQ,BZ,2022-04-22,2022-04-25,VIKASWSP,VIKASWSP
INE737B01033,EQ,BE,2022-04-25,2022-04-26,ADROITINFO,ADROITINFO
INE955I01044,EQ,BE,2022-04-25,2022-04-26,SEJALLTD,SEJALLTD
INE0IQ001011,BE,EQ,2022-04-26,2022-04-27,VERANDA,VERANDA
INE00EV01017,BE,EQ,2022-04-28,2022-04-29,HARIOMPIPE,HARIOMPIPE
INE111B01023,BE,EQ,2022-04-29,2022-05-02,63MOONS,63MOONS
INE533D01032,EQ,BE,2022-04-29,2022-05-04,RAJRILTD,RAJRILTD
INE00Z501011,SM,EQ,2022-05-02,2022-05-04,KRITIKA,KRITIKA
INE0J5801011,ST,SM,2022-05-02,2022-05-04,JSLL,JSLL
INE412U01025,EQ,BE,2022-05-02,2022-05-04,BIGBLOC,BIGBLOC
INE369C01017,EQ,BE,2022-05-04,2022-05-05,NORBTEAEXP,NORBTEAEXP
INE699H01024,EQ,BE,2022-05-04,2022-05-05,AWL,AWL
INE022C01012,BE,EQ,2022-05-05,2022-05-09,EUROTEXIND,EUROTEXIND
INE060B01014,EQ,BE,2022-05-05,2022-05-06,KHANDSE,KHANDSE
INE060X01018,EQ,BE,2022-05-05,2022-05-06,DEVIT,DEVIT
INE080B01012,EQ,BE,2022-05-05,2022-05-06,KOHINOOR,KOHINOOR
INE314T01025,EQ,BE,2022-05-05,2022-05-06,GOKULAGRO,GOKULAGRO
INE626Z01011,EQ,BE,2022-05-05,2022-05-06,HARDWYN,HARDWYN
INE703H01016,EQ,BE,2022-05-05,2022-05-06,HUBTOWN,HUBTOWN
INE704H01022,EQ,BE,2022-05-05,2022-05-06,CINELINE,CINELINE
INE725L01011,EQ,BE,2022-05-05,2022-05-06,KARMAENG,KARMAENG
INE748T01016,EQ,BE,2022-05-05,2022-05-06,SIMBHALS,SIMBHALS
INE871H01011,EQ,BE,2022-05-05,2022-05-06,GSS,GSS
INE020G01017,BE,EQ,2022-05-06,2022-05-09,INSPIRISYS,INSPIRISYS
INE045B01015,BE,EQ,2022-05-06,2022-05-09,NELCO,NELCO
INE368U01011,BE,EQ,2022-05-06,2022-05-09,UNITEDPOLY,UNITEDPOLY
INE372C01037,BE,EQ,2022-05-06,2022-05-09,PRECWIRE,PRECWIRE
INE391D01019,BE,EQ,2022-05-06,2022-05-09,TRF,TRF
INE534A01028,BE,EQ,2022-05-06,2022-05-09,GFSTEELS,GFSTEELS
INE669A01022,BE,EQ,2022-05-06,2022-05-09,INFOMEDIA,INFOMEDIA
INE716B01011,BE,EQ,2022-05-06,2022-05-09,TIPSINDLTD,TIPSINDLTD
INE891B01012,BE,EQ,2022-05-06,2022-05-09,DCMFINSERV,DCMFINSERV
INE732F01019,EQ,BE,2022-05-09,2022-05-10,ISMTLTD,ISMTLTD
INE625X01018,SM,EQ,2022-05-11,2022-05-12,SILVERTUC,SILVERTUC
INE041A01016,EQ,BE,2022-05-12,2022-05-13,DHAMPURSUG,DHAMPURSUG
INE09N301011,BE,EQ,2022-05-13,2022-05-16,FLUOROCHEM,FLUOROCHEM
INE425B01027,BE,EQ,2022-05-13,2022-05-16,BCG,BCG
INE451D01029,BE,EQ,2022-05-13,2022-05-16,RAJRATAN,RAJRATAN
INE879I01012,BE,EQ,2022-05-13,2022-05-16,DBREALTY,DBREALTY
INE00S901012,EQ,BE,2022-05-18,2022-05-19,NILASPACES,NILASPACES
INE022C01012,EQ,BE,2022-05-18,2022-05-23,EUROTEXIND,EUROTEXIND
INE098201028,EQ,BE,2022-05-18,2022-05-19,VCL,VCL
INE224E01036,EQ,BE,2022-05-18,2022-05-19,SCAPDVR,SCAPDVR
INE652Z01017,EQ,BE,2022-05-18,2022-05-19,AVROIND,AVROIND
INE716B01011,EQ,BE,2022-05-18,2022-05-19,TIPSINDLTD,TIPSINDLTD
INE891B01012,EQ,BE,2022-05-18,2022-05-19,DCMFINSERV,DCMFINSERV
INE289S01013,SM,ST,2022-05-19,2022-05-26,CMMIPL,CMMIPL
INE879I01012,EQ,BE,2022-05-19,2022-05-20,DBREALTY,DBREALTY
INE02WG01016,BE,EQ,2022-05-20,2022-05-23,WFL,WFL
INE0G1L01017,ST,SM,2022-05-20,2022-05-23,LEMERITE,LEMERITE
INE293A01013,BE,EQ,2022-05-20,2022-05-23,ROLTA,ROLTA
INE376Y01016,SM,ST,2022-05-20,2022-05-23,MILTON,MILTON
INE501W01021,BE,EQ,2022-05-20,2022-05-23,SPTL,SPTL
INE725E01024,EQ,BE,2022-05-20,2022-05-23,ORISSAMINE,ORISSAMINE
INE454M01024,EQ,BE,2022-05-23,2022-05-30,NAGAFERT,NAGAFERT
INE666E01012,EQ,BE,2022-05-23,2022-05-30,ANDHRACEMT,ANDHRACEMT
INE013A01015,EQ,BE,2022-05-24,2022-05-25,RELCAPITAL,RELCAPITAL
INE070Y01015,SM,ST,2022-05-24,2022-05-25,INNOVATIVE,INNOVATIVE
INE075B01012,EQ,BE,2022-05-24,2022-05-25,SICAL,SICAL
INE099J01015,EQ,BE,2022-05-24,2022-05-25,JPINFRATEC,JPINFRATEC
INE0AEJ01013,EQ,BE,2022-05-24,2022-05-25,BIRLATYRE,BIRLATYRE
INE191A01027,EQ,BE,2022-05-24,2022-05-25,ORCHPHARMA,ORCHPHARMA
INE217G01035,EQ,BE,2022-05-24,2022-05-25,EQUIPPP,EQUIPPP
INE227G01018,EQ,BE,2022-05-24,2022-05-25,INDOWIND,INDOWIND
INE251C01025,EQ,BE,2022-05-24,2022-05-25,ABMINTLLTD,ABMINTLLTD
INE267I01010,EQ,BE,2022-05-24,2022-05-25,ARSSINFRA,ARSSINFRA
INE270A01029,EQ,BE,2022-05-24,2022-05-25,ALOKINDS,ALOKINDS
INE287C01037,EQ,BE,2022-05-24,2022-05-25,MICEL,MICEL
INE294G01026,EQ,BE,2022-05-24,2022-05-25,ROML,ROML
INE330H01018,EQ,BE,2022-05-24,2022-05-25,RCOM,RCOM
INE342A01018,EQ,BE,2022-05-24,2022-05-25,PREMIER,PREMIER
INE429I01024,EQ,BE,2022-05-24,2022-05-25,CCCL,CCCL
INE591A01010,EQ,BE,2022-05-24,2022-05-25,OILCOUNTUB,OILCOUNTUB
INE619A01035,EQ,BE,2022-05-24,2022-05-25,RUCHI,RUCHI
INE699A01011,EQ,BE,2022-05-24,2022-05-25,UTTAMSTL,UTTAMSTL
INE872A01014,EQ,BE,2022-05-24,2022-05-25,SREINFRA,SREINFRA
INE878I01022,EQ,BE,2022-05-24,2022-05-25,BAFNAPH,BAFNAPH
INE899L01022,EQ,BE,2022-05-24,2022-05-25,UJAAS,UJAAS
INE934B01028,EQ,BE,2022-05-24,2022-05-25,MERCATOR,MERCATOR
INE988C01014,EQ,BE,2022-05-24,2022-05-25,DHARSUGAR,DHARSUGAR
INE534A01028,EQ,BE,2022-05-25,2022-05-26,GFSTEELS,GFSTEELS
INE669A01022,EQ,BE,2022-05-25,2022-05-26,INFOMEDIA,INFOMEDIA
INE041A01016,BE,EQ,2022-05-26,2022-05-27,DHAMPURSUG,DHAMPURSUG
INE0JZA01018,ST,SM,2022-05-26,2022-05-27,SONUINFRA,SONUINFRA
INE290A01027,BE,EQ,2022-05-27,2022-05-30,NAHARSPING,NAHARSPING
INE879I01012,BE,EQ,2022-05-27,2022-05-30,DBREALTY,DBREALTY
INE900L01010,EQ,BE,2022-05-27,2022-05-30,MBAPL,MBAPL
INE716B01011,BE,EQ,2022-06-01,2022-06-02,TIPSINDLTD,TIPSINDLTD
INE879I01012,EQ,BE,2022-06-02,2022-06-03,DBREALTY,DBREALTY
INE314T01025,BE,EQ,2022-06-03,2022-06-06,GOKULAGRO,GOKULAGRO
INE0JA001018,BE,EQ,2022-06-06,2022-06-07,VENUSPIPES,VENUSPIPES
INE663A01025,BE,EQ,2022-06-06,2022-06-07,SPLPETRO,SPLPETRO
INE016M01021,EQ,BE,2022-06-10,2022-06-13,DNAMEDIA,DNAMEDIA
INE737B01033,BE,EQ,2022-06-10,2022-06-13,ADROITINFO,ADROITINFO
INE879I01012,BE,EQ,2022-06-10,2022-06-13,DBREALTY,DBREALTY
INE082W01014,SM,EQ,2022-06-14,2022-06-15,WEWIN,WEWIN
INE391D01019,EQ,BE,2022-06-14,2022-06-15,TRF,TRF
INE962C01027,EQ,BE,2022-06-14,2022-06-15,EASTSILK,EASTSILK
INE973A01010,EQ,BE,2022-06-14,2022-06-15,GOLDENTOBC,GOLDENTOBC
INE00WS01056,ST,SM,2022-06-15,2022-06-16,GSTL,GSTL
INE024L01027,BE,EQ,2022-06-17,2022-06-20,GRAVITA,GRAVITA
INE270I01014,BE,EQ,2022-06-17,2022-06-20,VISHNU,VISHNU
IN9623B01058,BE,EQ,2022-06-20,2022-06-21,FELDVR,FELDVR
INE006Z01016,BE,EQ,2022-06-20,2022-06-21,ARVEE,ARVEE
INE00S901012,BE,EQ,2022-06-20,2022-06-21,NILASPACES,NILASPACES
INE020G01017,EQ,BE,2022-06-20,2022-06-21,INSPIRISYS,INSPIRISYS
INE023M01027,BE,EQ,2022-06-20,2022-06-21,SETUINFRA,SETUINFRA
INE026B01049,BE,BZ,2022-06-20,2022-06-27,JIKIND,JIKIND
INE032Z01012,BE,EQ,2022-06-20,2022-06-21,BSHSL,BSHSL
INE03JI01017,BE,EQ,2022-06-20,2022-06-21,DGCONTENT,DGCONTENT
INE040M01013,EQ,BE,2022-06-20,2022-06-21,TREEHOUSE,TREEHOUSE
INE058B01018,BE,EQ,2022-06-20,2022-06-21,ZENITHEXPO,ZENITHEXPO
INE059B01024,BE,EQ,2022-06-20,2022-06-21,SIMPLEXINF,SIMPLEXINF
INE060J01017,BE,EQ,2022-06-20,2022-06-21,FLEXITUFF,FLEXITUFF
INE060X01018,BE,EQ,2022-06-20,2022-06-21,DEVIT,DEVIT
INE098201028,BE,EQ,2022-06-20,2022-06-21,VCL,VCL
INE09E501017,BE,EQ,2022-06-20,2022-06-21,RVHL,RVHL
INE105C01023,BE,EQ,2022-06-20,2022-06-21,3PLAND,3PLAND
INE106I01010,EQ,BE,2022-06-20,2022-06-21,ANKITMETAL,ANKITMETAL
INE116D01028,BE,EQ,2022-06-20,2022-06-21,BAGFILMS,BAGFILMS
INE138A01028,BE,EQ,2022-06-20,2022-06-21,PENINLAND,PENINLAND
INE142K01011,EQ,BE,2022-06-20,2022-06-21,LYPSAGEMS,LYPSAGEMS
INE161G01027,BE,EQ,2022-06-20,2022-06-21,MORARJEE,MORARJEE
INE161L01027,EQ,BE,2022-06-20,2022-06-21,VIKASLIFE,VIKASLIFE
INE181G01025,BE,EQ,2022-06-20,2022-06-21,AJRINFRA,AJRINFRA
INE218G01033,BE,EQ,2022-06-20,2022-06-21,PALREDTEC,PALREDTEC
INE224E01036,BE,EQ,2022-06-20,2022-06-21,SCAPDVR,SCAPDVR
INE245I01016,BE,EQ,2022-06-20,2022-06-21,NAGREEKCAP,NAGREEKCAP
INE253A01025,EQ,BE,2022-06-20,2022-06-21,HINDMOTORS,HINDMOTORS
INE278G01037,BE,EQ,2022-06-20,2022-06-21,CYBERMEDIA,CYBERMEDIA
INE286H01012,BE,EQ,2022-06-20,2022-06-21,VISASTEEL,VISASTEEL
INE287Z01012,BE,EQ,2022-06-20,2022-06-21,GAYAHWS,GAYAHWS
INE291W01011,EQ,BE,2022-06-20,2022-06-21,GLOBAL,GLOBAL
INE313D01013,BE,BZ,2022-06-20,2022-06-27,MOHOTAIND,MOHOTAIND
INE314C01013,BE,EQ,2022-06-20,2022-06-21,SOMATEX,SOMATEX
INE318D01020,EQ,BE,2022-06-20,2022-06-21,ZENITHSTL,ZENITHSTL
INE319B01014,BE,EQ,2022-06-20,2022-06-21,BYKE,BYKE
INE319Z01021,BE,EQ,2022-06-20,2022-06-21,SUPREMEENG,SUPREMEENG
INE362A01016,BE,EQ,2022-06-20,2022-06-21,PVP,PVP
INE369C01017,BE,EQ,2022-06-20,2022-06-21,NORBTEAEXP,NORBTEAEXP
INE374B01019,BE,EQ,2022-06-20,2022-06-21,MUKTAARTS,MUKTAARTS
INE378D01032,BE,EQ,2022-06-20,2022-06-21,MADHUCON,MADHUCON
INE392B01011,BE,EQ,2022-06-20,2022-06-21,PNC,PNC
INE417B01040,EQ,BE,2022-06-20,2022-06-21,DSSL,DSSL
INE418N01035,BE,EQ,2022-06-20,2022-06-21,ESSENTIA,ESSENTIA
INE436A01026,BE,EQ,2022-06-20,2022-06-21,ANSALAPI,ANSALAPI
INE449G01018,BE,EQ,2022-06-20,2022-06-21,AGRITECH,AGRITECH
INE450G01024,BE,EQ,2022-06-20,2022-06-21,VIPCLOTHNG,VIPCLOTHNG
INE452O01016,EQ,BE,2022-06-20,2022-06-21,FLFL,FLFL
INE457L01011,EQ,BE,2022-06-20,2022-06-21,PGEL,PGEL
INE471W01019,BE,EQ,2022-06-20,2022-06-21,PALASHSECU,PALASHSECU
INE480C01020,BE,EQ,2022-06-20,2022-06-21,SDBL,SDBL
INE481Z01011,BE,EQ,2022-06-20,2022-06-21,UNIINFO,UNIINFO
INE505C01016,BE,EQ,2022-06-20,2022-06-21,PRAENG,PRAENG
INE520Y01019,BE,EQ,2022-06-20,2022-06-21,ICEMAKE,ICEMAKE
INE540A01017,BE,EQ,2022-06-20,2022-06-21,GLFL,GLFL
INE542C01019,EQ,BE,2022-06-20,2022-06-21,NKIND,NKIND
INE542Z01010,BE,EQ,2022-06-20,2022-06-21,KAPSTON,KAPSTON
INE593W01010,BE,EQ,2022-06-20,2022-06-21,FOCUS,FOCUS
INE626Z01011,BE,EQ,2022-06-20,2022-06-21,HARDWYN,HARDWYN
INE635A01023,BE,EQ,2022-06-20,2022-06-21,SHYAMTEL,SHYAMTEL
INE650K01021,EQ,BE,2022-06-20,2022-06-21,SECURKLOUD,SECURKLOUD
INE650L01011,EQ,BE,2022-06-20,2022-06-21,BROOKS,BROOKS
INE658T01017,BE,EQ,2022-06-20,2022-06-21,WEALTH,WEALTH
INE662A01027,BE,EQ,2022-06-20,2022-06-21,SUPERSPIN,SUPERSPIN
INE662L01016,BE,EQ,2022-06-20,2022-06-21,TCIDEVELOP,TCIDEVELOP
INE677H01012,BE,EQ,2022-06-20,2022-06-21,DEEPENR,DEEPENR
INE688J01015,BE,EQ,2022-06-20,2022-06-21,EXCEL,EXCEL
INE691G01015,EQ,BE,2022-06-20,2022-06-21,IMPEXFERRO,IMPEXFERRO
INE697V01011,BE,EQ,2022-06-20,2022-06-21,PANSARI,PANSARI
INE703H01016,BE,EQ,2022-06-20,2022-06-21,HUBTOWN,HUBTOWN
INE704H01022,BE,EQ,2022-06-20,2022-06-21,CINELINE,CINELINE
INE711A01022,BE,EQ,2022-06-20,2022-06-21,WALCHANNAG,WALCHANNAG
INE718H01014,BE,EQ,2022-06-20,2022-06-21,AUTOIND,AUTOIND
INE722J01012,BE,EQ,2022-06-20,2022-06-21,RKDL,RKDL
INE725L01011,BE,EQ,2022-06-20,2022-06-21,KARMAENG,KARMAENG
INE731A01020,BE,EQ,2022-06-20,2022-06-21,ARCHIES,ARCHIES
INE731C01018,BE,EQ,2022-06-20,2022-06-21,KHAITANLTD,KHAITANLTD
INE732S01012,EQ,BE,2022-06-20,2022-06-21,SAKAR,SAKAR
INE747B01016,BE,EQ,2022-06-20,2022-06-21,NEXTMEDIA,NEXTMEDIA
INE748T01016,BE,EQ,2022-06-20,2022-06-21,SIMBHALS,SIMBHALS
INE764L01010,BE,EQ,2022-06-20,2022-06-21,SADBHIN,SADBHIN
INE773I01017,BE,EQ,2022-06-20,2022-06-21,ALKALI,ALKALI
INE783X01023,BE,EQ,2022-06-20,2022-06-21,CHEMFAB,CHEMFAB
INE788H01017,BE,EQ,2022-06-20,2022-06-21,HILTON,HILTON
INE797H01018,BE,EQ,2022-06-20,2022-06-21,TGBHOTELS,TGBHOTELS
INE813V01022,BE,EQ,2022-06-20,2022-06-21,MCL,MCL
INE819L01012,BE,EQ,2022-06-20,2022-06-21,ELGIRUBCO,ELGIRUBCO
INE823A01017,BE,EQ,2022-06-20,2022-06-21,KOTHARIPRO,KOTHARIPRO
INE855C01015,BE,EQ,2022-06-20,2022-06-21,WEBELSOLAR,WEBELSOLAR
INE860T01019,EQ,BE,2022-06-20,2022-06-21,SABEVENTS,SABEVENTS
INE863B01011,BE,EQ,2022-06-20,2022-06-21,PREMEXPLN,PREMEXPLN
INE871H01011,BE,EQ,2022-06-20,2022-06-21,GSS,GSS
INE879E01037,BE,EQ,2022-06-20,2022-06-21,KANANIIND,KANANIIND
INE879I01012,EQ,BE,2022-06-20,2022-06-21,DBREALTY,DBREALTY
INE886A01014,BE,EQ,2022-06-20,2022-06-21,IITL,IITL
INE891B01012,BE,EQ,2022-06-20,2022-06-21,DCMFINSERV,DCMFINSERV
INE895W01019,BE,EQ,2022-06-20,2022-06-21,PANACHE,PANACHE
INE898S01029,BE,EQ,2022-06-20,2022-06-21,AURUM,AURUM
INE900C01027,BE,EQ,2022-06-20,2022-06-21,ASAL,ASAL
INE911B01018,BE,EQ,2022-06-20,2022-06-21,TCIFINANCE,TCIFINANCE
INE925Y01036,BE,EQ,2022-06-20,2022-06-21,GODHA,GODHA
INE933X01016,EQ,BE,2022-06-20,2022-06-21,SHANTI,SHANTI
INE935Q01015,EQ,BE,2022-06-20,2022-06-21,FSC,FSC
INE946H01037,BE,EQ,2022-06-20,2022-06-21,VIPULLTD,VIPULLTD
INE965H01011,BE,EQ,2022-06-20,2022-06-21,SITINET,SITINET
INE970N01027,BE,EQ,2022-06-20,2022-06-21,SPCENET,SPCENET
INE972X01014,BE,EQ,2022-06-20,2022-06-21,VAISHALI,VAISHALI
INE977Y01011,BE,EQ,2022-06-20,2022-06-21,BCONCEPTS,BCONCEPTS
INE022C01012,BE,EQ,2022-06-22,2022-07-13,EUROTEXIND,EUROTEXIND
INE287Z01012,EQ,BE,2022-06-22,2022-06-23,GAYAHWS,GAYAHWS
INE02OY01016,ST,SM,2022-06-23,2022-06-24,RILINFRA,RILINFRA
INE0LQQ01019,ST,SM,2022-06-23,2022-06-24,FIDEL,FIDEL
INE732F01019,BE,EQ,2022-06-24,2022-06-27,ISMTLTD,ISMTLTD
INE915K01010,BZ,BE,2022-06-27,2026-04-06,AHLWEST,AHLWEST
INE737B01033,EQ,BE,2022-06-29,2022-06-30,ADROITINFO,ADROITINFO
INE093B01015,BE,EQ,2022-07-08,2022-07-11,ALPSINDUS,ALPSINDUS
INE240C01028,BE,EQ,2022-07-08,2022-07-11,UMESLTD,UMESLTD
INE412G01016,BE,EQ,2022-07-08,2022-07-11,BCLIND,BCLIND
INE652Z01017,BE,EQ,2022-07-08,2022-07-11,AVROIND,AVROIND
INE669A01022,BE,EQ,2022-07-08,2022-07-12,INFOMEDIA,INFOMEDIA
INE874F01027,BE,EQ,2022-07-08,2022-07-11,RADAAN,RADAAN
INE911B01018,EQ,BE,2022-07-11,2022-07-18,TCIFINANCE,TCIFINANCE
INE006Z01016,EQ,BE,2022-07-13,2022-07-14,ARVEE,ARVEE
INE008Z01012,EQ,BE,2022-07-13,2022-07-14,SRPL,SRPL
INE418N01035,EQ,BE,2022-07-13,2022-07-14,ESSENTIA,ESSENTIA
INE449G01018,EQ,BE,2022-07-13,2022-07-14,AGRITECH,AGRITECH
INE635A01023,EQ,BE,2022-07-13,2022-07-14,SHYAMTEL,SHYAMTEL
INE875R01011,EQ,BE,2022-07-13,2022-07-14,BALKRISHNA,BALKRISHNA
INE912L01015,EQ,BE,2022-07-13,2022-07-14,ONELIFECAP,ONELIFECAP
INE937A01023,EQ,BE,2022-07-13,2022-07-14,SPMLINFRA,SPMLINFRA
INE970N01027,EQ,BE,2022-07-13,2022-07-14,SPCENET,SPCENET
INE0J1E01019,ST,SM,2022-07-21,2022-07-22,KCK,KCK
INE0JYY01011,ST,SM,2022-07-22,2022-07-25,MWL,MWL
INE247D01039,BE,EQ,2022-07-22,2022-07-25,JINDWORLD,JINDWORLD
INE669A01022,EQ,BE,2022-07-22,2022-07-25,INFOMEDIA,INFOMEDIA
INE752P01024,EQ,BE,2022-07-22,2022-07-25,FRETAIL,FRETAIL
INE013801019,SM,EQ,2022-07-26,2022-07-27,KSHITIJPOL,KSHITIJPOL
INE0KZA01016,ST,SM,2022-07-26,2022-07-27,SKP,SKP
INE093B01015,EQ,BE,2022-07-27,2022-07-28,ALPSINDUS,ALPSINDUS
INE187A01017,EQ,BE,2022-07-27,2022-07-28,JBFIND,JBFIND
INE240C01028,EQ,BE,2022-07-27,2022-07-28,UMESLTD,UMESLTD
INE491V01019,EQ,BE,2022-07-27,2022-07-28,CROWN,CROWN
INE550H01011,EQ,BE,2022-07-27,2022-07-28,SUPREMEINF,SUPREMEINF
INE586X01012,EQ,BE,2022-07-27,2022-07-28,KEERTI,KEERTI
INE670X01014,EQ,BE,2022-07-27,2022-07-28,LASA,LASA
INE737W01013,EQ,BE,2022-07-27,2022-07-28,AKASH,AKASH
INE828A01016,EQ,BE,2022-07-27,2022-07-28,BIL,BIL
INE874F01027,EQ,BE,2022-07-27,2022-07-28,RADAAN,RADAAN
INE888B01018,EQ,BE,2022-07-27,2022-07-28,PODDARHOUS,PODDARHOUS
INE933B01012,EQ,BE,2022-07-27,2022-07-28,MEGASOFT,MEGASOFT
INE952H01027,EQ,BE,2022-07-27,2022-07-28,RAJTV,RAJTV
INE412U01025,BE,EQ,2022-07-29,2022-08-01,BIGBLOC,BIGBLOC
INE03RS01027,BE,EQ,2022-08-05,2022-08-08,DRCSYSTEMS,DRCSYSTEMS
INE287Z01012,BE,EQ,2022-08-05,2022-08-08,GAYAHWS,GAYAHWS
INE871L01013,BE,EQ,2022-08-05,2022-08-08,TVVISION,TVVISION
INE022C01012,EQ,BE,2022-08-11,2022-08-12,EUROTEXIND,EUROTEXIND
INE126M01010,EQ,BE,2022-08-11,2022-08-12,YAARI,YAARI
INE224E01036,EQ,BE,2022-08-11,2022-08-12,SCAPDVR,SCAPDVR
INE289C01025,EQ,BE,2022-08-11,2022-08-12,TIMESGTY,TIMESGTY
INE558R01013,EQ,BE,2022-08-11,2022-08-12,HECPROJECT,HECPROJECT
INE747B01016,EQ,BE,2022-08-11,2022-08-12,NEXTMEDIA,NEXTMEDIA
INE817H01014,EQ,BE,2022-08-11,2022-08-12,BURNPUR,BURNPUR
INE974C01022,EQ,BE,2022-08-11,2022-08-12,WINPRO,WINPRO
INE699H01024,BE,EQ,2022-08-12,2022-08-16,AWL,AWL
INE0LF301013,ST,SM,2022-08-16,2022-08-17,AGNI,AGNI
INE247D01039,EQ,BE,2022-08-16,2022-08-17,JINDWORLD,JINDWORLD
INE670B01028,BE,BZ,2022-08-16,2022-08-22,GANGOTRI,GANGOTRI
INE251H01024,BE,EQ,2022-08-18,2022-08-19,GVKPIL,GVKPIL
INE210A01017,EQ,BE,2022-08-19,2022-08-22,WILLAMAGOR,WILLAMAGOR
IN9623B01058,EQ,BE,2022-08-22,2022-08-23,FELDVR,FELDVR
INE278R01034,EQ,BE,2022-08-22,2022-08-23,KBCGLOBAL,KBCGLOBAL
INE289S01013,ST,SM,2022-08-22,2022-08-23,CMMIPL,CMMIPL
INE293A01013,EQ,BE,2022-08-22,2022-08-23,ROLTA,ROLTA
INE297H01019,EQ,BE,2022-08-22,2022-08-23,GALLANTT,GALLANTT
INE414B01021,BE,EQ,2022-08-22,2022-08-23,ANTGRAPHIC,ANTGRAPHIC
INE501W01021,EQ,BE,2022-08-22,2022-08-23,SPTL,SPTL
INE550C01020,EQ,BE,2022-08-22,2022-08-23,URJA,URJA
INE623B01027,EQ,BE,2022-08-22,2022-08-23,FEL,FEL
INE767B01022,EQ,BE,2022-08-22,2022-08-23,VIKASPROP,VIKASPROP
INE362A01016,EQ,BE,2022-08-23,2022-08-24,PVP,PVP
INE013801019,EQ,BE,2022-08-24,2022-08-25,KSHITIJPOL,KSHITIJPOL
INE255Z01019,EQ,BE,2022-08-24,2022-08-25,E2E,E2E
INE287Z01012,EQ,BE,2022-08-24,2022-08-25,GAYAHWS,GAYAHWS
INE378D01032,EQ,BE,2022-08-24,2022-08-25,MADHUCON,MADHUCON
INE416L01017,EQ,BE,2022-08-24,2022-08-25,EROSMEDIA,EROSMEDIA
INE748Z01013,EQ,BE,2022-08-24,2022-08-25,SUMIT,SUMIT
INE814H01011,EQ,BE,2022-08-24,2022-08-25,ADANIPOWER,ADANIPOWER
INE871L01013,EQ,BE,2022-08-24,2022-08-25,TVVISION,TVVISION
INE0CBM01019,ST,SM,2022-08-25,2022-08-26,USASEEDS,USASEEDS
INE297H01019,BE,EQ,2022-09-02,2022-09-05,GALLANTT,GALLANTT
INE445C01015,BE,EQ,2022-09-02,2022-09-05,XPROINDIA,XPROINDIA
INE0KTW01013,ST,SM,2022-09-05,2022-09-06,VEEKAYEM,VEEKAYEM
INE390H01012,EQ,BE,2022-09-05,2022-09-06,KAMDHENU,KAMDHENU
INE258A01016,EQ,BE,2022-09-07,2022-09-08,BEML,BEML
INE247D01039,BE,EQ,2022-09-09,2022-09-12,JINDWORLD,JINDWORLD
INE005I01014,EQ,BE,2022-09-12,2022-09-13,AMDIND,AMDIND
INE006Z01016,BE,EQ,2022-09-12,2022-09-13,ARVEE,ARVEE
INE008Z01012,BE,EQ,2022-09-12,2022-09-13,SRPL,SRPL
INE00PV01013,EQ,BE,2022-09-12,2022-09-13,AHLADA,AHLADA
INE00S901012,EQ,BE,2022-09-12,2022-09-13,NILASPACES,NILASPACES
INE00Y801016,EQ,BE,2022-09-12,2022-09-13,AKG,AKG
INE016M01021,BE,EQ,2022-09-12,2022-09-13,DNAMEDIA,DNAMEDIA
INE01EG01016,EQ,BE,2022-09-12,2022-09-13,RITCO,RITCO
INE020G01017,BE,EQ,2022-09-12,2022-09-13,INSPIRISYS,INSPIRISYS
INE022C01012,BE,EQ,2022-09-12,2022-09-13,EUROTEXIND,EUROTEXIND
INE036A01016,EQ,BE,2022-09-12,2022-09-13,RELINFRA,RELINFRA
INE03RS01027,EQ,BE,2022-09-12,2022-09-13,DRCSYSTEMS,DRCSYSTEMS
INE040M01013,BE,EQ,2022-09-12,2022-09-13,TREEHOUSE,TREEHOUSE
INE060B01014,BE,EQ,2022-09-12,2022-09-13,KHANDSE,KHANDSE
INE074B01023,EQ,BE,2022-09-12,2022-09-13,PARACABLES,PARACABLES
INE080B01012,BE,EQ,2022-09-12,2022-09-13,KOHINOOR,KOHINOOR
INE082W01014,EQ,BE,2022-09-12,2022-09-13,WEWIN,WEWIN
INE093B01015,BE,EQ,2022-09-12,2022-09-13,ALPSINDUS,ALPSINDUS
INE106I01010,BE,EQ,2022-09-12,2022-09-13,ANKITMETAL,ANKITMETAL
INE116D01028,EQ,BE,2022-09-12,2022-09-13,BAGFILMS,BAGFILMS
INE138A01028,EQ,BE,2022-09-12,2022-09-13,PENINLAND,PENINLAND
INE142K01011,BE,EQ,2022-09-12,2022-09-13,LYPSAGEMS,LYPSAGEMS
INE155G01029,EQ,BE,2022-09-12,2022-09-13,NDTV,NDTV
INE161L01027,BE,EQ,2022-09-12,2022-09-13,VIKASLIFE,VIKASLIFE
INE172N01012,EQ,BE,2022-09-12,2022-09-13,IMAGICAA,IMAGICAA
INE187A01017,BE,EQ,2022-09-12,2022-09-13,JBFIND,JBFIND
INE209L01016,EQ,BE,2022-09-12,2022-09-13,JWL,JWL
INE217K01011,EQ,BE,2022-09-12,2022-09-13,RHFL,RHFL
INE224E01036,BE,EQ,2022-09-12,2022-09-13,SCAPDVR,SCAPDVR
INE240C01028,BE,EQ,2022-09-12,2022-09-13,UMESLTD,UMESLTD
INE251H01024,EQ,BE,2022-09-12,2022-09-13,GVKPIL,GVKPIL
INE253A01025,BE,EQ,2022-09-12,2022-09-13,HINDMOTORS,HINDMOTORS
INE281A01026,EQ,BE,2022-09-12,2022-09-13,CENTEXT,CENTEXT
INE289C01025,BE,EQ,2022-09-12,2022-09-13,TIMESGTY,TIMESGTY
INE291W01011,BE,EQ,2022-09-12,2022-09-13,GLOBAL,GLOBAL
INE318D01020,BE,EQ,2022-09-12,2022-09-13,ZENITHSTL,ZENITHSTL
INE323J01019,EQ,BE,2022-09-12,2022-09-13,SOMICONVEY,SOMICONVEY
INE362A01016,BE,EQ,2022-09-12,2022-09-13,PVP,PVP
INE391D01019,BE,EQ,2022-09-12,2022-09-13,TRF,TRF
INE397H01017,EQ,BE,2022-09-12,2022-09-13,LOKESHMACH,LOKESHMACH
INE411D01015,EQ,BE,2022-09-12,2022-09-13,SKMEGGPROD,SKMEGGPROD
INE417B01040,BE,EQ,2022-09-12,2022-09-13,DSSL,DSSL
INE418N01035,BE,EQ,2022-09-12,2022-09-13,ESSENTIA,ESSENTIA
INE449G01018,BE,EQ,2022-09-12,2022-09-13,AGRITECH,AGRITECH
INE457L01011,BE,EQ,2022-09-12,2022-09-13,PGEL,PGEL
INE473D01015,EQ,BE,2022-09-12,2022-09-13,KINGFA,KINGFA
INE491V01019,BE,EQ,2022-09-12,2022-09-13,CROWN,CROWN
INE517B01013,EQ,BE,2022-09-12,2022-09-13,TTML,TTML
INE520Y01019,EQ,BE,2022-09-12,2022-09-13,ICEMAKE,ICEMAKE
INE558R01013,BE,EQ,2022-09-12,2022-09-13,HECPROJECT,HECPROJECT
INE572J01011,EQ,BE,2022-09-12,2022-09-13,SPANDANA,SPANDANA
INE614G01033,EQ,BE,2022-09-12,2022-09-13,RPOWER,RPOWER
INE615H01020,EQ,BE,2022-09-12,2022-09-13,TWL,TWL
INE618N01014,EQ,BE,2022-09-12,2022-09-13,BALAXI,BALAXI
INE625X01018,EQ,BE,2022-09-12,2022-09-13,SILVERTUC,SILVERTUC
INE630Y01016,EQ,BE,2022-09-12,2022-09-13,MEDICO,MEDICO
INE645L01011,EQ,BE,2022-09-12,2022-09-13,JUBLINDS,JUBLINDS
INE650K01021,BE,EQ,2022-09-12,2022-09-13,SECURKLOUD,SECURKLOUD
INE652F01027,EQ,BE,2022-09-12,2022-09-13,CCHHL,CCHHL
INE670X01014,BE,EQ,2022-09-12,2022-09-13,LASA,LASA
INE691G01015,BE,EQ,2022-09-12,2022-09-13,IMPEXFERRO,IMPEXFERRO
INE703H01016,EQ,BE,2022-09-12,2022-09-13,HUBTOWN,HUBTOWN
INE711A01022,EQ,BE,2022-09-12,2022-09-13,WALCHANNAG,WALCHANNAG
INE721Z01010,EQ,BE,2022-09-12,2022-09-13,AARON,AARON
INE728Z01015,BE,EQ,2022-09-12,2022-09-13,SOFTTECH,SOFTTECH
INE732S01012,BE,EQ,2022-09-12,2022-09-13,SAKAR,SAKAR
INE737B01033,BE,EQ,2022-09-12,2022-09-13,ADROITINFO,ADROITINFO
INE737W01013,BE,EQ,2022-09-12,2022-09-13,AKASH,AKASH
INE747B01016,BE,EQ,2022-09-12,2022-09-13,NEXTMEDIA,NEXTMEDIA
INE761Y01019,BE,EQ,2022-09-12,2022-09-13,ZODIAC,ZODIAC
INE785M01013,EQ,BE,2022-09-12,2022-09-13,PCJEWELLER,PCJEWELLER
INE792B01012,EQ,BE,2022-09-12,2022-09-13,AMBICAAGAR,AMBICAAGAR
INE804H01012,EQ,BE,2022-09-12,2022-09-13,TFL,TFL
INE817H01014,BE,EQ,2022-09-12,2022-09-13,BURNPUR,BURNPUR
INE828A01016,BE,EQ,2022-09-12,2022-09-13,BIL,BIL
INE845C01016,BE,EQ,2022-09-12,2022-09-13,SUBCAPCITY,SUBCAPCITY
INE860T01019,BE,EQ,2022-09-12,2022-09-13,SABEVENTS,SABEVENTS
INE874F01027,BE,EQ,2022-09-12,2022-09-13,RADAAN,RADAAN
INE875R01011,BE,EQ,2022-09-12,2022-09-13,BALKRISHNA,BALKRISHNA
INE879A01019,EQ,BE,2022-09-12,2022-09-13,SHREERAMA,SHREERAMA
INE879I01012,BE,EQ,2022-09-12,2022-09-13,DBREALTY,DBREALTY
INE888B01018,BE,EQ,2022-09-12,2022-09-13,PODDARHOUS,PODDARHOUS
INE891B01012,EQ,BE,2022-09-12,2022-09-13,DCMFINSERV,DCMFINSERV
INE896L01010,EQ,BE,2022-09-12,2022-09-13,INDOSTAR,INDOSTAR
INE898S01029,EQ,BE,2022-09-12,2022-09-13,AURUM,AURUM
INE912L01015,BE,EQ,2022-09-12,2022-09-13,ONELIFECAP,ONELIFECAP
INE933B01012,BE,EQ,2022-09-12,2022-09-13,MEGASOFT,MEGASOFT
INE933X01016,BE,EQ,2022-09-12,2022-09-13,SHANTI,SHANTI
INE935Q01015,BE,EQ,2022-09-12,2022-09-13,FSC,FSC
INE937A01023,BE,EQ,2022-09-12,2022-09-13,SPMLINFRA,SPMLINFRA
INE952H01027,BE,EQ,2022-09-12,2022-09-13,RAJTV,RAJTV
INE966H01019,EQ,BE,2022-09-12,2022-09-13,ZEEMEDIA,ZEEMEDIA
INE967C01018,EQ,BE,2022-09-12,2022-09-13,KAMATHOTEL,KAMATHOTEL
INE970N01027,BE,EQ,2022-09-12,2022-09-13,SPCENET,SPCENET
INE974C01022,BE,EQ,2022-09-12,2022-09-13,WINPRO,WINPRO
INE999B01013,EQ,BE,2022-09-12,2022-09-13,SANGHIIND,SANGHIIND
INE534A01028,BE,EQ,2022-09-13,2022-09-14,GFSTEELS,GFSTEELS
INE669A01022,BE,EQ,2022-09-13,2022-09-14,INFOMEDIA,INFOMEDIA
INE902B01017,BE,EQ,2022-09-13,2022-09-14,S&SPOWER,S&SPOWER
INE126M01010,BE,EQ,2022-09-14,2022-09-15,YAARI,YAARI
INE445C01015,EQ,BE,2022-09-14,2022-09-15,XPROINDIA,XPROINDIA
INE534A01028,EQ,BE,2022-09-20,2022-09-21,GFSTEELS,GFSTEELS
INE540A01017,EQ,BE,2022-09-20,2022-09-21,GLFL,GLFL
INE668A01016,BE,EQ,2022-09-20,2022-09-21,TMB,TMB
INE00EM01016,EQ,BE,2022-09-21,2022-09-22,MEGASTAR,MEGASTAR
INE0I3401014,BE,EQ,2022-09-21,2022-09-22,DBOL,DBOL
INE0J6801010,ST,SM,2022-09-21,2022-09-22,KORE,KORE
INE0KT901015,ST,SM,2022-09-21,2022-09-22,AMEYA,AMEYA
INE0LA901015,ST,SM,2022-09-21,2022-09-22,JFLLIFE,JFLLIFE
INE201J01017,EQ,BE,2022-09-21,2022-09-22,LGBFORGE,LGBFORGE
INE220J01025,EQ,BE,2022-09-21,2022-09-22,FCONSUMER,FCONSUMER
INE250B01029,EQ,BE,2022-09-21,2022-09-22,VINYLINDIA,VINYLINDIA
INE258A01016,BE,EQ,2022-09-21,2022-09-22,BEML,BEML
INE382T01022,BE,EQ,2022-09-21,2022-09-22,4THDIM,4THDIM
INE436A01026,EQ,BE,2022-09-21,2022-09-22,ANSALAPI,ANSALAPI
INE486Y01013,EQ,BE,2022-09-21,2022-09-22,TOUCHWOOD,TOUCHWOOD
INE507Y01016,SM,ST,2022-09-21,2022-11-16,SKSTEXTILE,SKSTEXTILE
INE570D01018,EQ,BE,2022-09-21,2022-09-22,ARROWGREEN,ARROWGREEN
INE669A01022,EQ,BE,2022-09-21,2022-09-22,INFOMEDIA,INFOMEDIA
INE699B01027,EQ,BE,2022-09-21,2022-09-22,SAMBHAAV,SAMBHAAV
INE715Y01015,EQ,BE,2022-09-21,2022-09-22,SHRADHA,SHRADHA
INE725L01011,EQ,BE,2022-09-21,2022-09-22,KARMAENG,KARMAENG
INE782X01017,EQ,BE,2022-09-21,2022-09-22,SERVOTECH,SERVOTECH
INE828O01033,EQ,BE,2022-09-21,2022-09-22,MITCON,MITCON
INE843B01013,EQ,BE,2022-09-21,2022-09-22,MAHAPEXLTD,MAHAPEXLTD
INE926K01017,EQ,BE,2022-09-21,2022-09-22,AHLEAST,AHLEAST
INE977Y01011,EQ,BE,2022-09-21,2022-09-22,BCONCEPTS,BCONCEPTS
INE0D6I01015,SM,EQ,2022-09-22,2022-09-23,KSOLVES,KSOLVES
INE412U01025,EQ,BE,2022-09-23,2022-09-26,BIGBLOC,BIGBLOC
INE445C01015,BE,EQ,2022-09-23,2022-09-26,XPROINDIA,XPROINDIA
INE068Z01016,SZ,ST,2022-09-26,2022-12-05,VASA,VASA
INE224M01013,BE,BZ,2022-09-26,2022-10-03,BGLOBAL,BGLOBAL
INE970N01027,EQ,BE,2022-09-26,2022-09-27,SPCENET,SPCENET
INE591A01010,BE,EQ,2022-09-27,2022-09-28,OILCOUNTUB,OILCOUNTUB
INE749Y01014,SM,ST,2022-09-27,2022-09-28,AMJUMBO,AMJUMBO
INE0MEG01014,ST,SM,2022-09-29,2022-09-30,VIVIANA,VIVIANA
INE0G1D01014,ST,SM,2022-09-30,2022-10-03,MEGAFLEX,MEGAFLEX
INE412U01025,BE,EQ,2022-09-30,2022-10-03,BIGBLOC,BIGBLOC
INE727B01026,BE,EQ,2022-09-30,2022-10-03,GENESYS,GENESYS
INE032Z01020,EQ,BE,2022-10-04,2022-10-06,BSHSL,BSHSL
INE0DZ101013,ST,SM,2022-10-04,2022-10-06,SABAR,SABAR
INE782L01012,EQ,BE,2022-10-04,2022-10-06,SANCO,SANCO
INE01GN01017,EQ,BE,2022-10-06,2022-10-07,IRISDOREME,IRISDOREME
INE0LCW01017,ST,SM,2022-10-06,2022-10-07,ISHAN,ISHAN
INE0M7001010,ST,SM,2022-10-06,2022-10-07,TAPIFRUIT,TAPIFRUIT
INE591A01010,EQ,BE,2022-10-06,2022-10-07,OILCOUNTUB,OILCOUNTUB
INE902B01017,EQ,BE,2022-10-06,2022-10-07,S&SPOWER,S&SPOWER
INE0JOO01013,ST,SM,2022-10-11,2022-10-12,CLOUD,CLOUD
INE0MGM01017,ST,SM,2022-10-11,2022-10-12,ANNAPURNA,ANNAPURNA
INE0CDK01019,ST,SM,2022-10-12,2022-10-13,MAKS,MAKS
INE0MOT01016,ST,SM,2022-10-12,2022-10-13,KANDARP,KANDARP
INE195Y01010,SM,EQ,2022-10-14,2022-10-17,SECURCRED,SECURCRED
INE752P01024,BE,BZ,2022-10-17,2022-10-31,FRETAIL,FRETAIL
INE0A1101019,SM,EQ,2022-10-18,2022-10-19,DCI,DCI
INE01P501012,EQ,BE,2022-10-19,2022-10-20,XELPMOC,XELPMOC
INE040M01013,EQ,BE,2022-10-19,2022-10-20,TREEHOUSE,TREEHOUSE
INE058B01018,EQ,BE,2022-10-19,2022-10-20,ZENITHEXPO,ZENITHEXPO
INE09E501017,EQ,BE,2022-10-19,2022-10-20,RVHL,RVHL
INE0LQS01015,BE,EQ,2022-10-19,2022-10-20,TIPSFILMS,TIPSFILMS
INE285H01022,EQ,BE,2022-10-19,2022-10-20,ATLANTA,ATLANTA
INE336H01023,EQ,BE,2022-10-19,2022-10-20,GAYAPROJ,GAYAPROJ
INE363M01019,EQ,BE,2022-10-19,2022-10-20,SHEMAROO,SHEMAROO
INE392B01011,EQ,BE,2022-10-19,2022-10-20,PNC,PNC
INE642Y01011,EQ,BE,2022-10-19,2022-10-20,HINDCON,HINDCON
INE677H01012,EQ,BE,2022-10-19,2022-10-20,DEEPENR,DEEPENR
INE713T01010,EQ,BE,2022-10-19,2022-10-20,APOLLO,APOLLO
INE722J01012,EQ,BE,2022-10-19,2022-10-20,RKDL,RKDL
INE776I01010,EQ,BE,2022-10-19,2022-10-20,MEP,MEP
INE840Y01029,EQ,BE,2022-10-19,2022-10-20,ONEPOINT,ONEPOINT
INE845C01016,EQ,BE,2022-10-19,2022-10-20,SUBCAPCITY,SUBCAPCITY
INE980A01023,EQ,BE,2022-10-19,2022-10-20,PRESSMN,PRESSMN
INE065B01013,BE,BZ,2022-10-21,2022-10-25,INDLMETER,INDLMETER
INE075Z01011,ST,SM,2022-10-21,2022-10-25,CMRSL,CMRSL
INE293A01013,BE,BZ,2022-10-21,2022-10-25,ROLTA,ROLTA
INE560K01014,EQ,BZ,2022-10-21,2022-10-25,PFS,PFS
INE806C01018,EQ,BZ,2022-10-21,2022-10-25,TIL,TIL
INE877F01012,EQ,BZ,2022-10-21,2022-10-25,PTC,PTC
INE973A01010,BE,BZ,2022-10-21,2022-10-25,GOLDENTOBC,GOLDENTOBC
INE988C01014,BE,BZ,2022-10-21,2022-10-25,DHARSUGAR,DHARSUGAR
INE0DTQ01028,ST,SM,2022-10-25,2022-10-27,LLOYDS,LLOYDS
INE0FMW01018,ST,SM,2022-10-25,2022-10-27,QMSMEDI,QMSMEDI
INE117Z01011,SM,EQ,2022-10-25,2022-10-27,NARMADA,NARMADA
INE767B01022,BE,BZ,2022-10-25,2022-10-27,VIKASPROP,VIKASPROP
INE0DGC01025,ST,SM,2022-10-27,2022-10-28,SWASTIK,SWASTIK
INE385O01018,ST,SM,2022-10-28,2022-10-31,FROG,FROG
INE412U01025,EQ,BE,2022-10-28,2022-10-31,BIGBLOC,BIGBLOC
INE543V01017,SM,EQ,2022-10-28,2022-11-04,ACEINTEG,ACEINTEG
INE02WG01016,EQ,BE,2022-11-02,2022-11-03,WFL,WFL
INE0DK501011,BE,EQ,2022-11-02,2022-11-03,PPLPHARMA,PPLPHARMA
INE175Y01012,SM,ST,2022-11-02,2022-11-24,PENTAGOLD,PENTAGOLD
INE474L01016,EQ,BE,2022-11-02,2022-11-03,OMKARCHEM,OMKARCHEM
INE778A01021,EQ,BE,2022-11-02,2022-11-03,TECHIN,TECHIN
INE05X901010,SM,EQ,2022-11-04,2022-11-07,HPIL,HPIL
INE412U01025,BE,EQ,2022-11-04,2022-11-07,BIGBLOC,BIGBLOC
INE0MLZ01019,ST,SM,2022-11-07,2022-11-09,PHANTOMFX,PHANTOMFX
INE691G01015,EQ,BE,2022-11-09,2022-11-10,IMPEXFERRO,IMPEXFERRO
INE275F01019,BE,EQ,2022-11-10,2022-11-15,HOTELRUGBY,HOTELRUGBY
INE669A01022,BE,EQ,2022-11-10,2022-11-14,INFOMEDIA,INFOMEDIA
INE802W01023,BE,EQ,2022-11-10,2022-11-11,BOHRAIND,BOHRAIND
INE412U01025,EQ,BE,2022-11-11,2022-11-14,BIGBLOC,BIGBLOC
INE023M01027,EQ,BE,2022-11-16,2022-11-17,SETUINFRA,SETUINFRA
INE060J01017,EQ,BE,2022-11-16,2022-11-17,FLEXITUFF,FLEXITUFF
INE0A1101019,EQ,BE,2022-11-16,2022-11-17,DCI,DCI
INE112X01017,EQ,BE,2022-11-16,2022-11-17,SIKKO,SIKKO
INE203Y01012,EQ,BE,2022-11-16,2022-11-17,SILLYMONKS,SILLYMONKS
INE337M01013,EQ,BE,2022-11-16,2022-11-17,INDOTHAI,INDOTHAI
INE418N01035,EQ,BE,2022-11-16,2022-11-17,ESSENTIA,ESSENTIA
INE696V01013,EQ,BE,2022-11-16,2022-11-17,JAIPURKURT,JAIPURKURT
INE731C01018,EQ,BE,2022-11-16,2022-11-17,KHAITANLTD,KHAITANLTD
INE802W01023,EQ,BE,2022-11-16,2022-11-17,BOHRAIND,BOHRAIND
INE861A01058,EQ,BE,2022-11-16,2022-11-17,VISESHINFO,VISESHINFO
INE275F01019,EQ,BE,2022-11-18,2022-11-21,HOTELRUGBY,HOTELRUGBY
INE376Y01016,ST,SM,2022-11-18,2022-11-25,MILTON,MILTON
INE634W01012,SM,ST,2022-11-18,2022-12-07,SRIRAM,SRIRAM
IN9623B01058,BE,EQ,2022-11-21,2022-11-22,FELDVR,FELDVR
INE164B01022,EQ,BE,2022-11-21,2022-11-22,KELLTONTEC,KELLTONTEC
INE182Z01015,SM,ST,2022-11-21,2022-11-22,SSINFRA,SSINFRA
INE278R01034,BE,EQ,2022-11-21,2022-11-22,KBCGLOBAL,KBCGLOBAL
INE353A01023,EQ,BE,2022-11-21,2022-11-22,NXTDIGITAL,NXTDIGITAL
INE452O01016,BE,EQ,2022-11-21,2022-11-22,FLFL,FLFL
INE501W01021,BE,EQ,2022-11-21,2022-11-22,SPTL,SPTL
INE550C01020,BE,EQ,2022-11-21,2022-11-22,URJA,URJA
INE623B01027,BE,EQ,2022-11-21,2022-11-22,FEL,FEL
INE725E01024,BE,EQ,2022-11-21,2022-11-22,ORISSAMINE,ORISSAMINE
INE935Q01015,EQ,BE,2022-11-21,2022-11-22,FSC,FSC
INE01EE01011,SM,EQ,2022-11-22,2022-11-23,BBTCL,BBTCL
INE02EE01019,ST,SM,2022-11-24,2022-11-25,IPSL,IPSL
INE0MRA01019,ST,SM,2022-11-24,2022-11-25,RITEZONE,RITEZONE
INE01KI01019,SM,EQ,2022-11-25,2022-11-28,VINNY,VINNY
INE0D0U01013,SM,EQ,2022-11-25,2022-11-28,AAATECH,AAATECH
INE0L4K01016,ST,SM,2022-11-25,2022-11-28,VITAL,VITAL
INE814H01011,BE,EQ,2022-11-25,2022-11-28,ADANIPOWER,ADANIPOWER
INE0MTP01013,ST,SM,2022-11-29,2022-11-30,AMIABLE,AMIABLE
INE874F01027,EQ,BE,2022-11-29,2022-11-30,RADAAN,RADAAN
INE06IR01013,SM,EQ,2022-11-30,2022-12-01,OSIAHYPER,OSIAHYPER
INE526G01021,EQ,BZ,2022-12-01,2022-12-02,VIVIMEDLAB,VIVIMEDLAB
INE286H01012,EQ,BE,2022-12-02,2022-12-05,VISASTEEL,VISASTEEL
INE412U01025,BE,EQ,2022-12-02,2022-12-05,BIGBLOC,BIGBLOC
INE005I01014,BE,EQ,2022-12-05,2022-12-06,AMDIND,AMDIND
INE00EM01016,BE,EQ,2022-12-05,2022-12-06,MEGASTAR,MEGASTAR
INE00PV01013,BE,EQ,2022-12-05,2022-12-06,AHLADA,AHLADA
INE00S901012,BE,EQ,2022-12-05,2022-12-06,NILASPACES,NILASPACES
INE00Y801016,BE,EQ,2022-12-05,2022-12-06,AKG,AKG
INE013801027,BE,EQ,2022-12-05,2022-12-06,KSHITIJPOL,KSHITIJPOL
INE01EG01016,BE,EQ,2022-12-05,2022-12-06,RITCO,RITCO
INE01GN01017,BE,EQ,2022-12-05,2022-12-06,IRISDOREME,IRISDOREME
INE01P501012,BE,EQ,2022-12-05,2022-12-06,XELPMOC,XELPMOC
INE02WG01016,BE,EQ,2022-12-05,2022-12-06,WFL,WFL
INE036A01016,BE,EQ,2022-12-05,2022-12-06,RELINFRA,RELINFRA
INE03RS01027,BE,EQ,2022-12-05,2022-12-06,DRCSYSTEMS,DRCSYSTEMS
INE040M01013,BE,EQ,2022-12-05,2022-12-06,TREEHOUSE,TREEHOUSE
INE058B01018,BE,EQ,2022-12-05,2022-12-06,ZENITHEXPO,ZENITHEXPO
INE060B01014,EQ,BE,2022-12-05,2022-12-06,KHANDSE,KHANDSE
INE082W01014,BE,EQ,2022-12-05,2022-12-06,WEWIN,WEWIN
INE09E501017,BE,EQ,2022-12-05,2022-12-06,RVHL,RVHL
INE116D01028,BE,EQ,2022-12-05,2022-12-06,BAGFILMS,BAGFILMS
INE129Z01016,EQ,BE,2022-12-05,2022-12-06,SINTERCOM,SINTERCOM
INE138A01028,BE,EQ,2022-12-05,2022-12-06,PENINLAND,PENINLAND
INE139I01011,BE,EQ,2022-12-05,2022-12-06,BVCL,BVCL
INE155G01029,BE,EQ,2022-12-05,2022-12-06,NDTV,NDTV
INE172N01012,BE,EQ,2022-12-05,2022-12-06,IMAGICAA,IMAGICAA
INE188Y01015,EQ,BE,2022-12-05,2022-12-06,VERTOZ,VERTOZ
INE201J01017,BE,EQ,2022-12-05,2022-12-06,LGBFORGE,LGBFORGE
INE209L01016,BE,EQ,2022-12-05,2022-12-06,JWL,JWL
INE210A01017,BE,EQ,2022-12-05,2022-12-06,WILLAMAGOR,WILLAMAGOR
INE217K01011,BE,EQ,2022-12-05,2022-12-06,RHFL,RHFL
INE220J01025,BE,EQ,2022-12-05,2022-12-06,FCONSUMER,FCONSUMER
INE251H01024,BE,EQ,2022-12-05,2022-12-06,GVKPIL,GVKPIL
INE253A01025,EQ,BE,2022-12-05,2022-12-06,HINDMOTORS,HINDMOTORS
INE254N01026,EQ,BE,2022-12-05,2022-12-06,HNDFDS,HNDFDS
INE255Z01019,BE,EQ,2022-12-05,2022-12-06,E2E,E2E
INE256Z01017,EQ,BE,2022-12-05,2022-12-06,AKSHAR,AKSHAR
INE281A01026,BE,EQ,2022-12-05,2022-12-06,CENTEXT,CENTEXT
INE287Z01012,BE,EQ,2022-12-05,2022-12-06,GAYAHWS,GAYAHWS
INE323J01019,BE,EQ,2022-12-05,2022-12-06,SOMICONVEY,SOMICONVEY
INE353A01023,BE,EQ,2022-12-05,2022-12-06,NXTDIGITAL,NXTDIGITAL
INE363M01019,BE,EQ,2022-12-05,2022-12-06,SHEMAROO,SHEMAROO
INE378D01032,BE,EQ,2022-12-05,2022-12-06,MADHUCON,MADHUCON
INE382T01022,EQ,BE,2022-12-05,2022-12-06,4THDIM,4THDIM
INE390H01012,BE,EQ,2022-12-05,2022-12-06,KAMDHENU,KAMDHENU
INE392B01011,BE,EQ,2022-12-05,2022-12-06,PNC,PNC
INE397H01017,BE,EQ,2022-12-05,2022-12-06,LOKESHMACH,LOKESHMACH
INE411D01015,BE,EQ,2022-12-05,2022-12-06,SKMEGGPROD,SKMEGGPROD
INE416L01017,BE,EQ,2022-12-05,2022-12-06,EROSMEDIA,EROSMEDIA
INE473D01015,BE,EQ,2022-12-05,2022-12-06,KINGFA,KINGFA
INE486Y01013,BE,EQ,2022-12-05,2022-12-06,TOUCHWOOD,TOUCHWOOD
INE517B01013,BE,EQ,2022-12-05,2022-12-06,TTML,TTML
INE520Y01019,BE,EQ,2022-12-05,2022-12-06,ICEMAKE,ICEMAKE
INE540A01017,BE,EQ,2022-12-05,2022-12-06,GLFL,GLFL
INE542C01019,BE,EQ,2022-12-05,2022-12-06,NKIND,NKIND
INE550H01011,BE,EQ,2022-12-05,2022-12-06,SUPREMEINF,SUPREMEINF
INE570D01018,BE,EQ,2022-12-05,2022-12-06,ARROWGREEN,ARROWGREEN
INE572J01011,BE,EQ,2022-12-05,2022-12-06,SPANDANA,SPANDANA
INE591A01010,BE,EQ,2022-12-05,2022-12-06,OILCOUNTUB,OILCOUNTUB
INE594B01012,EQ,BE,2022-12-05,2022-12-06,BSL,BSL
INE614G01033,BE,EQ,2022-12-05,2022-12-06,RPOWER,RPOWER
INE615H01020,BE,EQ,2022-12-05,2022-12-06,TWL,TWL
INE618N01014,BE,EQ,2022-12-05,2022-12-06,BALAXI,BALAXI
INE625X01018,BE,EQ,2022-12-05,2022-12-06,SILVERTUC,SILVERTUC
INE635A01023,BE,EQ,2022-12-05,2022-12-06,SHYAMTEL,SHYAMTEL
INE642Y01011,BE,EQ,2022-12-05,2022-12-06,HINDCON,HINDCON
INE645L01011,BE,EQ,2022-12-05,2022-12-06,JUBLINDS,JUBLINDS
INE650L01011,BE,EQ,2022-12-05,2022-12-06,BROOKS,BROOKS
INE652F01027,BE,EQ,2022-12-05,2022-12-06,CCHHL,CCHHL
INE677H01012,BE,EQ,2022-12-05,2022-12-06,DEEPENR,DEEPENR
INE681B01017,EQ,BE,2022-12-05,2022-12-06,INDRAMEDCO,INDRAMEDCO
INE699B01027,BE,EQ,2022-12-05,2022-12-06,SAMBHAAV,SAMBHAAV
INE703H01016,BE,EQ,2022-12-05,2022-12-06,HUBTOWN,HUBTOWN
INE711A01022,BE,EQ,2022-12-05,2022-12-06,WALCHANNAG,WALCHANNAG
INE713T01010,BE,EQ,2022-12-05,2022-12-06,APOLLO,APOLLO
INE715Y01015,BE,EQ,2022-12-05,2022-12-06,SHRADHA,SHRADHA
INE721Z01010,BE,EQ,2022-12-05,2022-12-06,AARON,AARON
INE722J01012,BE,EQ,2022-12-05,2022-12-06,RKDL,RKDL
INE725L01011,BE,EQ,2022-12-05,2022-12-06,KARMAENG,KARMAENG
INE776I01010,BE,EQ,2022-12-05,2022-12-06,MEP,MEP
INE778A01021,BE,EQ,2022-12-05,2022-12-06,TECHIN,TECHIN
INE782X01017,BE,EQ,2022-12-05,2022-12-06,SERVOTECH,SERVOTECH
INE785M01013,BE,EQ,2022-12-05,2022-12-06,PCJEWELLER,PCJEWELLER
INE792B01012,BE,EQ,2022-12-05,2022-12-06,AMBICAAGAR,AMBICAAGAR
INE804H01012,BE,EQ,2022-12-05,2022-12-06,TFL,TFL
INE828O01033,BE,EQ,2022-12-05,2022-12-06,MITCON,MITCON
INE840Y01029,BE,EQ,2022-12-05,2022-12-06,ONEPOINT,ONEPOINT
INE843B01013,BE,EQ,2022-12-05,2022-12-06,MAHAPEXLTD,MAHAPEXLTD
INE845C01016,BE,EQ,2022-12-05,2022-12-06,SUBCAPCITY,SUBCAPCITY
INE879A01019,BE,EQ,2022-12-05,2022-12-06,SHREERAMA,SHREERAMA
INE891B01012,BE,EQ,2022-12-05,2022-12-06,DCMFINSERV,DCMFINSERV
INE898S01029,BE,EQ,2022-12-05,2022-12-06,AURUM,AURUM
INE902B01017,BE,EQ,2022-12-05,2022-12-06,S&SPOWER,S&SPOWER
INE904D01019,BE,BZ,2022-12-05,2022-12-26,PDPL,PDPL
INE926K01017,BE,EQ,2022-12-05,2022-12-06,AHLEAST,AHLEAST
INE947I01017,EQ,BE,2022-12-05,2022-12-06,LOTUSEYE,LOTUSEYE
INE966H01019,BE,EQ,2022-12-05,2022-12-06,ZEEMEDIA,ZEEMEDIA
INE967C01018,BE,EQ,2022-12-05,2022-12-06,KAMATHOTEL,KAMATHOTEL
INE976E01023,EQ,BE,2022-12-05,2022-12-06,FOODSIN,FOODSIN
INE980A01023,BE,EQ,2022-12-05,2022-12-06,PRESSMN,PRESSMN
INE999B01013,BE,EQ,2022-12-05,2022-12-06,SANGHIIND,SANGHIIND
INE324X01018,SM,EQ,2022-12-07,2022-12-08,SARVESHWAR,SARVESHWAR
INE03RS01027,EQ,BE,2022-12-08,2022-12-09,DRCSYSTEMS,DRCSYSTEMS
INE068Z01016,ST,SM,2022-12-09,2022-12-12,VASA,VASA
INE075B01012,BE,EQ,2022-12-12,2022-12-15,SICAL,SICAL
INE871L01013,BE,EQ,2022-12-12,2022-12-14,TVVISION,TVVISION
INE965B01022,BE,EQ,2022-12-12,2022-12-13,HYBRIDFIN,HYBRIDFIN
INE749Y01014,ST,SM,2022-12-13,2023-01-02,AMJUMBO,AMJUMBO
INE04AK01028,EQ,BE,2022-12-14,2022-12-15,SBC,SBC
INE095I01015,EQ,BE,2022-12-14,2022-12-15,PPAP,PPAP
INE226H01026,EQ,BE,2022-12-14,2022-12-15,SADBHAV,SADBHAV
INE353A01023,EQ,BE,2022-12-14,2022-12-15,NXTDIGITAL,NXTDIGITAL
INE368U01011,EQ,BE,2022-12-14,2022-12-15,UNITEDPOLY,UNITEDPOLY
INE440L01017,EQ,BE,2022-12-14,2022-12-15,TIJARIA,TIJARIA
INE491V01019,EQ,BE,2022-12-14,2022-12-15,CROWN,CROWN
INE688J01023,EQ,BE,2022-12-14,2022-12-15,EXCEL,EXCEL
INE695B01025,EQ,BE,2022-12-14,2022-12-15,COUNCODOS,COUNCODOS
INE747B01016,EQ,BE,2022-12-14,2022-12-15,NEXTMEDIA,NEXTMEDIA
INE946H01037,EQ,BE,2022-12-14,2022-12-15,VIPULLTD,VIPULLTD
INE974Z01015,EQ,BE,2022-12-14,2022-12-15,PRITI,PRITI
INE029Q01017,ST,SM,2022-12-21,2022-12-22,BAHETI,BAHETI
INE0MJQ01012,ST,SM,2022-12-21,2022-12-22,PRITIKA,PRITIKA
INE175Y01012,ST,SZ,2022-12-22,2023-02-07,PENTAGOLD,PENTAGOLD
INE250B01029,BE,EQ,2022-12-23,2022-12-26,VINYLINDIA,VINYLINDIA
INE472M01018,EQ,BE,2022-12-23,2022-12-26,MTEDUCARE,MTEDUCARE
INE560K01014,BZ,EQ,2022-12-23,2022-12-26,PFS,PFS
INE806C01018,BZ,BE,2022-12-23,2022-12-26,TIL,TIL
INE814H01011,EQ,BE,2022-12-23,2022-12-26,ADANIPOWER,ADANIPOWER
INE871L01013,EQ,BE,2022-12-23,2022-12-26,TVVISION,TVVISION
INE877F01012,BZ,EQ,2022-12-23,2022-12-26,PTC,PTC
INE235C01010,EQ,BE,2022-12-27,2022-12-28,SUMEETINDS,SUMEETINDS
INE006Z01016,EQ,BE,2022-12-28,2022-12-29,ARVEE,ARVEE
INE0L2Y01011,ST,SM,2022-12-28,2022-12-29,ARHAM,ARHAM
INE452O01016,EQ,BE,2022-12-28,2022-12-29,FLFL,FLFL
INE471W01019,EQ,BE,2022-12-28,2022-12-29,PALASHSECU,PALASHSECU
INE482J01021,EQ,BE,2022-12-28,2022-12-29,GAL,GAL
INE875R01011,EQ,BE,2022-12-28,2022-12-29,BALKRISHNA,BALKRISHNA
INE965B01022,EQ,BE,2022-12-28,2022-12-29,HYBRIDFIN,HYBRIDFIN
INE285H01022,BE,EQ,2022-12-30,2023-01-02,ATLANTA,ATLANTA
INE474L01016,BE,BZ,2022-12-30,2023-01-02,OMKARCHEM,OMKARCHEM
INE814H01011,BE,EQ,2022-12-30,2023-01-02,ADANIPOWER,ADANIPOWER
INE454M01024,BE,EQ,2023-01-02,2023-01-09,NAGAFERT,NAGAFERT
INE0M2X01012,ST,SM,2023-01-03,2023-01-04,ALLETEC,ALLETEC
INE227G01018,BE,EQ,2023-01-04,2023-01-09,INDOWIND,INDOWIND
INE289S01013,SM,ST,2023-01-05,2023-01-06,CMMIPL,CMMIPL
INE022C01012,EQ,BE,2023-01-06,2023-01-09,EUROTEXIND,EUROTEXIND
INE059901020,BE,EQ,2023-01-09,2023-01-10,IEL,IEL
INE0JHH01011,ST,SM,2023-01-10,2023-01-11,DOLLEX,DOLLEX
INE0L4K01016,SO,SM,2023-01-10,2023-01-11,VITAL,VITAL
INE01JE01028,EQ,BE,2023-01-11,2023-01-12,MARINE,MARINE
INE01KI01019,EQ,BE,2023-01-11,2023-01-12,VINNY,VINNY
INE060X01026,EQ,BE,2023-01-11,2023-01-12,DEVIT,DEVIT
INE067901012,ST,SM,2023-01-11,2023-01-12,UMA,UMA
INE090B01011,EQ,BE,2023-01-11,2023-01-12,OMAXAUTO,OMAXAUTO
INE0JM501013,SM,EQ,2023-01-11,2023-01-12,NRL,NRL
INE0NCC01015,ST,SM,2023-01-11,2023-01-12,ARIHANTACA,ARIHANTACA
INE123C01018,EQ,BE,2023-01-11,2023-01-12,TAINWALCHM,TAINWALCHM
INE159N01027,EQ,BE,2023-01-11,2023-01-12,VIJIFIN,VIJIFIN
INE227G01018,EQ,BE,2023-01-11,2023-01-12,INDOWIND,INDOWIND
INE452L01012,EQ,BE,2023-01-11,2023-01-12,INCREDIBLE,INCREDIBLE
INE542Z01010,EQ,BE,2023-01-11,2023-01-12,KAPSTON,KAPSTON
INE558R01013,EQ,BE,2023-01-11,2023-01-12,HECPROJECT,HECPROJECT
INE652Z01017,EQ,BE,2023-01-11,2023-01-12,AVROIND,AVROIND
INE741L01018,EQ,BE,2023-01-11,2023-01-12,DUCON,DUCON
INE773I01017,EQ,BE,2023-01-11,2023-01-12,ALKALI,ALKALI
INE819L01012,EQ,BE,2023-01-11,2023-01-12,ELGIRUBCO,ELGIRUBCO
INE844A01013,EQ,BE,2023-01-11,2023-01-12,PEARLPOLY,PEARLPOLY
INE912H01013,EQ,BE,2023-01-11,2023-01-12,MBLINFRA,MBLINFRA
INE952H01027,EQ,BE,2023-01-11,2023-01-12,RAJTV,RAJTV
INE981B01011,EQ,BE,2023-01-11,2023-01-12,CMICABLES,CMICABLES
INE0N6D01014,ST,SM,2023-01-12,2023-01-13,MOXSH,MOXSH
INE669A01022,EQ,BE,2023-01-12,2023-01-13,INFOMEDIA,INFOMEDIA
INE0N7F01017,ST,SM,2023-01-13,2023-01-16,HOMESFY,HOMESFY
INE022C01012,BE,EQ,2023-01-16,2023-04-20,EUROTEXIND,EUROTEXIND
INE0NA301016,ST,SM,2023-01-17,2023-01-18,RBMINFRA,RBMINFRA
INE008Z01012,EQ,BE,2023-01-18,2023-01-19,SRPL,SRPL
INE032Z01020,BE,EQ,2023-01-20,2023-01-23,BSHSL,BSHSL
INE181G01025,EQ,BZ,2023-01-20,2023-01-23,AJRINFRA,AJRINFRA
INE187A01017,EQ,BZ,2023-01-20,2023-01-23,JBFIND,JBFIND
INE285H01022,EQ,BE,2023-01-20,2023-01-23,ATLANTA,ATLANTA
INE623B01027,EQ,BZ,2023-01-20,2023-01-23,FEL,FEL
INE0LR101013,ST,SM,2023-01-23,2023-01-24,ANLON,ANLON
INE013801027,EQ,BE,2023-01-25,2023-01-27,KSHITIJPOL,KSHITIJPOL
INE020D01022,EQ,BE,2023-01-25,2023-01-27,BAIDFIN,BAIDFIN
INE035801013,BE,EQ,2023-01-25,2023-01-27,SAH,SAH
INE278R01034,EQ,BE,2023-01-25,2023-01-27,KBCGLOBAL,KBCGLOBAL
INE369C01017,EQ,BE,2023-01-25,2023-01-27,NORBTEAEXP,NORBTEAEXP
INE486Y01013,EQ,BE,2023-01-25,2023-01-27,TOUCHWOOD,TOUCHWOOD
INE738V01013,EQ,BE,2023-01-25,2023-01-27,ARTNIRMAN,ARTNIRMAN
INE902B01017,EQ,BE,2023-01-25,2023-01-27,S&SPOWER,S&SPOWER
INE008Z01012,BE,EQ,2023-01-27,2023-01-30,SRPL,SRPL
INE06PV01010,ST,SM,2023-01-30,2023-01-31,CMNL,CMNL
INE032Z01020,EQ,BE,2023-01-31,2023-02-01,BSHSL,BSHSL
INE0LZO01015,ST,SM,2023-02-02,2023-02-03,DUCOL,DUCOL
INE900L01010,BE,EQ,2023-02-03,2023-02-06,MBAPL,MBAPL
INE0BTI01029,BE,EQ,2023-02-07,2023-02-08,KAMOPAINTS,KAMOPAINTS
INE058B01018,EQ,BE,2023-02-08,2023-02-09,ZENITHEXPO,ZENITHEXPO
INE782X01025,EQ,BE,2023-02-08,2023-02-09,SERVOTECH,SERVOTECH
INE895W01019,EQ,BE,2023-02-08,2023-02-09,PANACHE,PANACHE
INE900L01010,EQ,BE,2023-02-08,2023-02-09,MBAPL,MBAPL
INE082101010,ST,SM,2023-02-10,2023-02-13,ARISTO,ARISTO
INE0LRU01027,BE,EQ,2023-02-10,2023-02-13,AARTIPHARM,AARTIPHARM
INE669A01022,BE,EQ,2023-02-10,2023-02-13,INFOMEDIA,INFOMEDIA
INE175Y01012,SZ,ST,2023-02-13,2023-06-27,PENTAGOLD,PENTAGOLD
INE0EEJ01015,SM,EQ,2023-02-14,2023-02-15,BTML,BTML
INE565L01011,EQ,BE,2023-02-14,2023-02-15,ZEELEARN,ZEELEARN
INE942G01012,EQ,BE,2023-02-14,2023-02-15,MCLEODRUSS,MCLEODRUSS
INE0LVM01018,ST,SM,2023-02-20,2023-02-21,GRCL,GRCL
INE565L01011,BE,EQ,2023-02-20,2023-02-21,ZEELEARN,ZEELEARN
IN9623B01058,EQ,BE,2023-02-21,2023-02-22,FELDVR,FELDVR
INE164B01022,BE,EQ,2023-02-21,2023-02-22,KELLTONTEC,KELLTONTEC
INE480M01011,BE,EQ,2023-02-21,2023-02-22,THOMASCOTT,THOMASCOTT
INE369C01017,BE,EQ,2023-02-24,2023-02-28,NORBTEAEXP,NORBTEAEXP
INE970N01027,BE,EQ,2023-02-24,2023-02-27,SPCENET,SPCENET
INE006Z01016,BE,EQ,2023-02-27,2023-02-28,ARVEE,ARVEE
INE00IK01011,SM,EQ,2023-02-27,2023-02-28,OSWALSEEDS,OSWALSEEDS
INE00SZ01018,EQ,BE,2023-02-27,2023-02-28,MARSHALL,MARSHALL
INE013801027,BE,EQ,2023-02-27,2023-02-28,KSHITIJPOL,KSHITIJPOL
INE01JE01028,BE,EQ,2023-02-27,2023-02-28,MARINE,MARINE
INE020D01022,BE,EQ,2023-02-27,2023-02-28,BAIDFIN,BAIDFIN
INE04AK01028,BE,EQ,2023-02-27,2023-02-28,SBC,SBC
INE05X901010,EQ,BE,2023-02-27,2023-03-01,HPIL,HPIL
INE060B01014,BE,EQ,2023-02-27,2023-02-28,KHANDSE,KHANDSE
INE060J01017,BE,EQ,2023-02-27,2023-02-28,FLEXITUFF,FLEXITUFF
INE060X01026,BE,EQ,2023-02-27,2023-02-28,DEVIT,DEVIT
INE074B01023,BE,EQ,2023-02-27,2023-02-28,PARACABLES,PARACABLES
INE090B01011,BE,EQ,2023-02-27,2023-02-28,OMAXAUTO,OMAXAUTO
INE095I01015,BE,EQ,2023-02-27,2023-02-28,PPAP,PPAP
INE0A1101019,BE,EQ,2023-02-27,2023-02-28,DCI,DCI
INE112X01017,BE,EQ,2023-02-27,2023-02-28,SIKKO,SIKKO
INE123C01018,BE,EQ,2023-02-27,2023-02-28,TAINWALCHM,TAINWALCHM
INE129Z01016,BE,EQ,2023-02-27,2023-02-28,SINTERCOM,SINTERCOM
INE137I01015,EQ,BE,2023-02-27,2023-02-28,GRPLTD,GRPLTD
INE159N01027,BE,EQ,2023-02-27,2023-02-28,VIJIFIN,VIJIFIN
INE188Y01015,BE,EQ,2023-02-27,2023-02-28,VERTOZ,VERTOZ
INE203Y01012,BE,EQ,2023-02-27,2023-02-28,SILLYMONKS,SILLYMONKS
INE226H01026,BE,EQ,2023-02-27,2023-02-28,SADBHAV,SADBHAV
INE227G01018,BE,EQ,2023-02-27,2023-02-28,INDOWIND,INDOWIND
INE253A01025,BE,EQ,2023-02-27,2023-02-28,HINDMOTORS,HINDMOTORS
INE254N01026,BE,EQ,2023-02-27,2023-02-28,HNDFDS,HNDFDS
INE294G01026,BE,EQ,2023-02-27,2023-03-01,ROML,ROML
INE314C01013,EQ,BE,2023-02-27,2023-02-28,SOMATEX,SOMATEX
INE353A01023,BE,EQ,2023-02-27,2023-02-28,NXTDIGITAL,NXTDIGITAL
INE368U01011,BE,EQ,2023-02-27,2023-02-28,UNITEDPOLY,UNITEDPOLY
INE418N01035,BE,EQ,2023-02-27,2023-02-28,ESSENTIA,ESSENTIA
INE440L01017,BE,EQ,2023-02-27,2023-02-28,TIJARIA,TIJARIA
INE452L01012,BE,EQ,2023-02-27,2023-02-28,INCREDIBLE,INCREDIBLE
INE452O01016,BE,EQ,2023-02-27,2023-02-28,FLFL,FLFL
INE471W01019,BE,EQ,2023-02-27,2023-02-28,PALASHSECU,PALASHSECU
INE482J01021,BE,EQ,2023-02-27,2023-02-28,GAL,GAL
INE486Y01013,BE,EQ,2023-02-27,2023-02-28,TOUCHWOOD,TOUCHWOOD
INE491V01019,BE,EQ,2023-02-27,2023-02-28,CROWN,CROWN
INE542Z01010,BE,EQ,2023-02-27,2023-02-28,KAPSTON,KAPSTON
INE543V01017,EQ,BE,2023-02-27,2023-02-28,ACEINTEG,ACEINTEG
INE558R01013,BE,EQ,2023-02-27,2023-02-28,HECPROJECT,HECPROJECT
INE594B01012,BE,EQ,2023-02-27,2023-02-28,BSL,BSL
INE630Y01016,BE,EQ,2023-02-27,2023-02-28,MEDICO,MEDICO
INE652Z01017,BE,EQ,2023-02-27,2023-02-28,AVROIND,AVROIND
INE666E01012,BE,EQ,2023-02-27,2023-02-28,ANDHRACEMT,ANDHRACEMT
INE688J01023,BE,EQ,2023-02-27,2023-02-28,EXCEL,EXCEL
INE695B01025,BE,EQ,2023-02-27,2023-02-28,COUNCODOS,COUNCODOS
INE696V01013,BE,EQ,2023-02-27,2023-02-28,JAIPURKURT,JAIPURKURT
INE731C01018,BE,EQ,2023-02-27,2023-02-28,KHAITANLTD,KHAITANLTD
INE738V01013,BE,EQ,2023-02-27,2023-02-28,ARTNIRMAN,ARTNIRMAN
INE741L01018,BE,EQ,2023-02-27,2023-02-28,DUCON,DUCON
INE747B01016,BE,EQ,2023-02-27,2023-02-28,NEXTMEDIA,NEXTMEDIA
INE773I01017,BE,EQ,2023-02-27,2023-02-28,ALKALI,ALKALI
INE788H01017,EQ,BE,2023-02-27,2023-02-28,HILTON,HILTON
INE802W01023,BE,EQ,2023-02-27,2023-02-28,BOHRAIND,BOHRAIND
INE806C01018,BE,EQ,2023-02-27,2023-02-28,TIL,TIL
INE819L01012,BE,EQ,2023-02-27,2023-02-28,ELGIRUBCO,ELGIRUBCO
INE844A01013,BE,EQ,2023-02-27,2023-02-28,PEARLPOLY,PEARLPOLY
INE861A01058,BE,EQ,2023-02-27,2023-02-28,VISESHINFO,VISESHINFO
INE861B01023,EQ,BE,2023-02-27,2023-02-28,MOTOGENFIN,MOTOGENFIN
INE871L01013,BE,EQ,2023-02-27,2023-02-28,TVVISION,TVVISION
INE875R01011,BE,EQ,2023-02-27,2023-02-28,BALKRISHNA,BALKRISHNA
INE912H01013,BE,EQ,2023-02-27,2023-02-28,MBLINFRA,MBLINFRA
INE946H01037,BE,EQ,2023-02-27,2023-02-28,VIPULLTD,VIPULLTD
INE947I01017,BE,EQ,2023-02-27,2023-02-28,LOTUSEYE,LOTUSEYE
INE952H01027,BE,EQ,2023-02-27,2023-02-28,RAJTV,RAJTV
INE965B01022,BE,EQ,2023-02-27,2023-02-28,HYBRIDFIN,HYBRIDFIN
INE965H01011,EQ,BE,2023-02-27,2023-02-28,SITINET,SITINET
INE974Z01015,BE,EQ,2023-02-27,2023-02-28,PRITI,PRITI
INE976E01023,BE,EQ,2023-02-27,2023-02-28,FOODSIN,FOODSIN
INE977Y01011,BE,EQ,2023-02-27,2023-02-28,BCONCEPTS,BCONCEPTS
INE981B01011,BE,EQ,2023-02-27,2023-02-28,CMICABLES,CMICABLES
INE251C01025,BE,EQ,2023-02-28,2023-03-01,ABMINTLLTD,ABMINTLLTD
INE270A01029,BE,EQ,2023-02-28,2023-03-01,ALOKINDS,ALOKINDS
INE287C01037,BE,EQ,2023-02-28,2023-03-01,MICEL,MICEL
INE855F01042,BE,EQ,2023-02-28,2023-03-01,ASMS,ASMS
INE071A01013,BE,EQ,2023-03-01,2023-03-02,BINANIIND,BINANIIND
INE970N01027,EQ,BE,2023-03-01,2023-03-02,SPCENET,SPCENET
INE0MM001019,ST,SM,2023-03-02,2023-03-03,SHERA,SHERA
INE501W01021,EQ,BE,2023-03-02,2023-03-03,SPTL,SPTL
INE0NNS01018,BE,EQ,2023-03-03,2023-03-06,NSLNISP,NSLNISP
INE0H4B01011,ST,SM,2023-03-06,2023-03-08,LRRPL,LRRPL
INE0MLA01012,ST,SM,2023-03-09,2023-03-10,AGARWALFT,AGARWALFT
INE705X01018,EQ,BE,2023-03-09,2023-03-10,GOYALALUM,GOYALALUM
INE725L01011,EQ,BE,2023-03-09,2023-03-10,KARMAENG,KARMAENG
INE500X01013,SM,EQ,2023-03-10,2023-03-13,LEXUS,LEXUS
INE965H01011,BE,EQ,2023-03-10,2023-03-13,SITINET,SITINET
INE03RS01027,BE,EQ,2023-03-13,2023-03-14,DRCSYSTEMS,DRCSYSTEMS
INE065J01016,BE,EQ,2023-03-13,2023-03-15,GISOLUTION,GISOLUTION
INE100D01014,BE,EQ,2023-03-13,2023-03-14,WSI,WSI
INE285H01022,BE,EQ,2023-03-14,2023-03-15,ATLANTA,ATLANTA
INE0MO401019,ST,SM,2023-03-15,2023-03-16,VIAZ,VIAZ
INE900L01010,BE,EQ,2023-03-17,2023-03-20,MBAPL,MBAPL
INE970N01027,BE,EQ,2023-03-17,2023-03-20,SPCENET,SPCENET
INE0NPI01014,ST,SM,2023-03-22,2023-03-23,SRIVASAVI,SRIVASAVI
INE251C01025,EQ,BE,2023-03-22,2023-03-23,ABMINTLLTD,ABMINTLLTD
INE691G01015,BE,EQ,2023-03-24,2023-03-27,IMPEXFERRO,IMPEXFERRO
INE749Y01014,SM,ST,2023-03-24,2024-08-13,AMJUMBO,AMJUMBO
INE782L01012,BE,BZ,2023-03-24,2023-03-27,SANCO,SANCO
INE935Q01015,BE,BZ,2023-03-24,2023-03-27,FSC,FSC
INE0NLB01018,ST,SM,2023-03-28,2023-03-29,VERTEXPLUS,VERTEXPLUS
INE0O7R01011,ST,SM,2023-03-28,2023-03-29,SYSTANGO,SYSTANGO
INE771A01026,EQ,BE,2023-03-28,2023-03-29,MIRZAINT,MIRZAINT
INE109A01011,EQ,BE,2023-03-29,2023-03-31,SCI,SCI
INE452O01016,EQ,BZ,2023-03-31,2023-04-03,FLFL,FLFL
INE806C01018,EQ,BZ,2023-03-31,2023-04-03,TIL,TIL
INE855F01042,EQ,BZ,2023-03-31,2023-04-03,ASMS,ASMS
INE0O4M01019,ST,SM,2023-04-03,2023-04-05,MCON,MCON
INE539A01019,EQ,BE,2023-04-05,2023-04-06,GHCL,GHCL
INE065J01016,EQ,BE,2023-04-06,2023-04-10,GISOLUTION,GISOLUTION
INE0I3H01019,ST,SM,2023-04-06,2023-04-10,VELS,VELS
INE276G01015,EQ,BE,2023-04-06,2023-04-10,ASIANENE,ASIANENE
INE363A01022,EQ,BE,2023-04-06,2023-04-10,ASIANHOTNR,ASIANHOTNR
INE0JSX01015,BE,EQ,2023-04-10,2023-04-11,GSLSU,GSLSU
INE0O1M01015,ST,SM,2023-04-11,2023-04-12,QFIL,QFIL
INE0OK701014,ST,SM,2023-04-13,2023-04-17,NIRMAN,NIRMAN
INE287Z01012,EQ,BE,2023-04-13,2023-04-17,GAYAHWS,GAYAHWS
INE480M01011,EQ,BE,2023-04-13,2023-04-17,THOMASCOTT,THOMASCOTT
INE418H01029,EQ,BE,2023-04-17,2023-04-18,ALLCARGO,ALLCARGO
INE771A01026,BE,EQ,2023-04-17,2023-04-18,MIRZAINT,MIRZAINT
INE109A01011,BE,EQ,2023-04-18,2023-04-19,SCI,SCI
INE018401013,EQ,BE,2023-04-19,2023-04-20,SUVIDHAA,SUVIDHAA
INE01P501012,EQ,BE,2023-04-19,2023-04-20,XELPMOC,XELPMOC
INE020G01017,EQ,BE,2023-04-19,2023-04-20,INSPIRISYS,INSPIRISYS
INE047O01014,EQ,BE,2023-04-19,2023-04-20,NIBL,NIBL
INE0N0Y01013,BE,EQ,2023-04-19,2023-04-20,USK,USK
INE217K01011,EQ,BE,2023-04-19,2023-04-20,RHFL,RHFL
INE220J01025,EQ,BE,2023-04-19,2023-04-20,FCONSUMER,FCONSUMER
INE230B01021,EQ,BE,2023-04-19,2023-04-20,CREATIVEYE,CREATIVEYE
INE236Y01012,EQ,BE,2023-04-19,2023-04-20,NGIL,NGIL
INE240C01028,EQ,BE,2023-04-19,2023-04-20,UMESLTD,UMESLTD
INE268B01013,EQ,BE,2023-04-19,2023-04-20,KREBSBIO,KREBSBIO
INE318D01020,EQ,BE,2023-04-19,2023-04-20,ZENITHSTL,ZENITHSTL
INE319Z01021,EQ,BE,2023-04-19,2023-04-20,SUPREMEENG,SUPREMEENG
INE360L01017,EQ,BE,2023-04-19,2023-04-20,FMNL,FMNL
INE368U01011,EQ,BE,2023-04-19,2023-04-20,UNITEDPOLY,UNITEDPOLY
INE370D01013,EQ,BE,2023-04-19,2023-04-20,MANORG,MANORG
INE370E01029,EQ,BE,2023-04-19,2023-04-20,VIVIDHA,VIVIDHA
INE378D01032,EQ,BE,2023-04-19,2023-04-20,MADHUCON,MADHUCON
INE395U01014,EQ,BE,2023-04-19,2023-04-20,NINSYS,NINSYS
INE414B01021,EQ,BE,2023-04-19,2023-04-20,ANTGRAPHIC,ANTGRAPHIC
INE424C01010,EQ,BE,2023-04-19,2023-04-20,GINNIFILA,GINNIFILA
INE486Y01013,EQ,BE,2023-04-19,2023-04-20,TOUCHWOOD,TOUCHWOOD
INE524L01026,EQ,BE,2023-04-19,2023-04-20,KRIDHANINF,KRIDHANINF
INE652F01027,EQ,BE,2023-04-19,2023-04-20,CCHHL,CCHHL
INE691G01015,EQ,BE,2023-04-19,2023-04-20,IMPEXFERRO,IMPEXFERRO
INE722J01012,EQ,BE,2023-04-19,2023-04-20,RKDL,RKDL
INE741L01018,EQ,BE,2023-04-19,2023-04-20,DUCON,DUCON
INE761Y01019,EQ,BE,2023-04-19,2023-04-20,ZODIAC,ZODIAC
INE778A01021,EQ,BE,2023-04-19,2023-04-20,TECHIN,TECHIN
INE805A01014,EQ,BE,2023-04-19,2023-04-20,GOLDTECH,GOLDTECH
INE813V01022,EQ,BE,2023-04-19,2023-04-20,MCL,MCL
INE835A01011,EQ,BE,2023-04-19,2023-04-20,VARDMNPOLY,VARDMNPOLY
INE878E01021,EQ,BE,2023-04-19,2023-04-20,SETCO,SETCO
INE888B01018,EQ,BE,2023-04-19,2023-04-20,PODDARHOUS,PODDARHOUS
INE891B01012,EQ,BE,2023-04-19,2023-04-20,DCMFINSERV,DCMFINSERV
INE937A01023,EQ,BE,2023-04-19,2023-04-20,SPMLINFRA,SPMLINFRA
INE981B01011,EQ,BE,2023-04-19,2023-04-20,CMICABLES,CMICABLES
INE997Y01019,EQ,BE,2023-04-19,2023-04-20,MITTAL,MITTAL
INE00CE01017,SM,EQ,2023-04-20,2023-04-21,SVLL,SVLL
INE539A01019,BE,EQ,2023-04-21,2023-04-24,GHCL,GHCL
INE573R01012,BE,EQ,2023-04-24,2023-04-25,SEYAIND,SEYAIND
INE0O2D01012,ST,SM,2023-04-27,2023-04-28,SOTAC,SOTAC
INE0MRE01011,ST,SM,2023-04-28,2023-05-02,INFINIUM,INFINIUM
INE0N7S01010,ST,SM,2023-05-02,2023-05-03,MOS,MOS
INE418H01029,BE,EQ,2023-05-02,2023-05-03,ALLCARGO,ALLCARGO
INE0N7W01012,BE,EQ,2023-05-03,2023-05-04,BLAL,BLAL
INE860T01019,EQ,BE,2023-05-03,2023-05-05,SABEVENTS,SABEVENTS
INE080B01012,EQ,BE,2023-05-04,2023-05-05,KOHINOOR,KOHINOOR
INE0APB01024,EQ,BE,2023-05-04,2023-05-05,MGEL,MGEL
INE165B01029,EQ,BE,2023-05-04,2023-05-05,RSSOFTWARE,RSSOFTWARE
INE308E01029,EQ,BE,2023-05-04,2023-05-05,SVPGLOB,SVPGLOB
INE526B01014,EQ,BE,2023-05-04,2023-05-05,CALSOFT,CALSOFT
INE644Y01017,EQ,BE,2023-05-04,2023-05-05,SHIVAMILLS,SHIVAMILLS
INE965B01022,EQ,BE,2023-05-04,2023-05-05,HYBRIDFIN,HYBRIDFIN
INE0NZW01014,ST,SM,2023-05-05,2023-05-08,PATTECH,PATTECH
INE100D01014,EQ,BE,2023-05-05,2023-05-08,WSI,WSI
INE0O6N01012,ST,SM,2023-05-08,2023-05-09,AGUL,AGUL
INE669A01022,EQ,BE,2023-05-08,2023-05-09,INFOMEDIA,INFOMEDIA
INE508K01013,BE,EQ,2023-05-09,2023-05-10,RHL,RHL
INE0ALR01011,SM,EQ,2023-05-11,2023-05-12,ATALREAL,ATALREAL
INE680Z01018,SM,EQ,2023-05-11,2023-05-12,AVG,AVG
INE0K4D01020,ST,SM,2023-05-15,2023-05-16,QUICKTOUCH,QUICKTOUCH
INE106I01010,EQ,BE,2023-05-16,2023-05-22,ANKITMETAL,ANKITMETAL
INE557Z01018,SM,EQ,2023-05-16,2023-05-17,PIGL,PIGL
INE641C01019,EQ,BE,2023-05-16,2023-05-22,KAVVERITEL,KAVVERITEL
INE02CV01017,SM,ST,2023-05-17,2024-04-04,DRSDILIP,DRSDILIP
INE942G01012,BE,EQ,2023-05-17,2023-05-18,MCLEODRUSS,MCLEODRUSS
INE197A01024,BZ,BE,2023-05-19,2023-05-22,JYOTISTRUC,JYOTISTRUC
INE251C01025,BE,EQ,2023-05-19,2023-05-23,ABMINTLLTD,ABMINTLLTD
INE278R01034,BE,EQ,2023-05-19,2023-05-22,KBCGLOBAL,KBCGLOBAL
INE526E01018,BE,EQ,2023-05-19,2023-05-22,SHRIPISTON,SHRIPISTON
INE00SZ01018,BE,EQ,2023-05-22,2023-05-23,MARSHALL,MARSHALL
INE00VM01010,EQ,BE,2023-05-22,2023-05-23,MANORAMA,MANORAMA
INE018401013,BE,EQ,2023-05-22,2023-05-23,SUVIDHAA,SUVIDHAA
INE01KI01027,BE,EQ,2023-05-22,2023-05-23,VINNY,VINNY
INE01P501012,BE,EQ,2023-05-22,2023-05-23,XELPMOC,XELPMOC
INE020G01017,BE,EQ,2023-05-22,2023-05-23,INSPIRISYS,INSPIRISYS
INE043C01018,EQ,BE,2023-05-22,2023-05-23,IVP,IVP
INE047O01014,BE,EQ,2023-05-22,2023-05-23,NIBL,NIBL
INE058B01018,BE,EQ,2023-05-22,2023-05-23,ZENITHEXPO,ZENITHEXPO
INE05X901010,BE,EQ,2023-05-22,2023-05-23,HPIL,HPIL
INE060B01014,EQ,BE,2023-05-22,2023-05-23,KHANDSE,KHANDSE
INE090B01011,EQ,BE,2023-05-22,2023-05-23,OMAXAUTO,OMAXAUTO
INE091G01018,EQ,BE,2023-05-22,2023-05-23,JAIBALAJI,JAIBALAJI
INE093B01015,EQ,BE,2023-05-22,2023-05-23,ALPSINDUS,ALPSINDUS
INE09KD01013,EQ,BE,2023-05-22,2023-05-23,ATAM,ATAM
INE132H01018,EQ,BE,2023-05-22,2023-05-23,AURIONPRO,AURIONPRO
INE134B01017,EQ,BE,2023-05-22,2023-05-23,KECL,KECL
INE137I01015,BE,EQ,2023-05-22,2023-05-23,GRPLTD,GRPLTD
INE144D01012,EQ,BE,2023-05-22,2023-05-23,CUBEXTUB,CUBEXTUB
INE158B01016,EQ,BE,2023-05-22,2023-05-23,EIMCOELECO,EIMCOELECO
INE200A01026,EQ,BE,2023-05-22,2023-05-23,GET&D,GET&D
INE217K01011,BE,EQ,2023-05-22,2023-05-23,RHFL,RHFL
INE222J01013,EQ,BE,2023-05-22,2023-05-23,RANEENGINE,RANEENGINE
INE230B01021,BE,EQ,2023-05-22,2023-05-23,CREATIVEYE,CREATIVEYE
INE236Y01012,BE,EQ,2023-05-22,2023-05-23,NGIL,NGIL
INE240C01028,BE,EQ,2023-05-22,2023-05-23,UMESLTD,UMESLTD
INE244B01030,EQ,BE,2023-05-22,2023-05-23,PATELENG,PATELENG
INE256Z01017,BE,EQ,2023-05-22,2023-05-23,AKSHAR,AKSHAR
INE262Z01023,SM,EQ,2023-05-22,2023-05-23,LATTEYS,LATTEYS
INE268B01013,BE,EQ,2023-05-22,2023-05-23,KREBSBIO,KREBSBIO
INE276G01015,BE,EQ,2023-05-22,2023-05-23,ASIANENE,ASIANENE
INE287C01037,EQ,BE,2023-05-22,2023-05-23,MICEL,MICEL
INE314C01013,BE,EQ,2023-05-22,2023-05-23,SOMATEX,SOMATEX
INE318D01020,BE,EQ,2023-05-22,2023-05-23,ZENITHSTL,ZENITHSTL
INE337M01013,BE,EQ,2023-05-22,2023-05-23,INDOTHAI,INDOTHAI
INE360L01017,BE,EQ,2023-05-22,2023-05-23,FMNL,FMNL
INE363A01022,BE,EQ,2023-05-22,2023-05-23,ASIANHOTNR,ASIANHOTNR
INE368U01011,BE,EQ,2023-05-22,2023-05-23,UNITEDPOLY,UNITEDPOLY
INE370D01013,BE,EQ,2023-05-22,2023-05-23,MANORG,MANORG
INE370E01029,BE,EQ,2023-05-22,2023-05-23,VIVIDHA,VIVIDHA
INE378D01032,BE,EQ,2023-05-22,2023-05-23,MADHUCON,MADHUCON
INE395U01014,BE,EQ,2023-05-22,2023-05-23,NINSYS,NINSYS
INE414B01021,BE,EQ,2023-05-22,2023-05-23,ANTGRAPHIC,ANTGRAPHIC
INE424C01010,BE,EQ,2023-05-22,2023-05-23,GINNIFILA,GINNIFILA
INE429I01024,BE,EQ,2023-05-22,2023-05-23,CCCL,CCCL
INE486Y01013,BE,EQ,2023-05-22,2023-05-23,TOUCHWOOD,TOUCHWOOD
INE524L01026,BE,EQ,2023-05-22,2023-05-23,KRIDHANINF,KRIDHANINF
INE573R01012,EQ,BE,2023-05-22,2023-05-23,SEYAIND,SEYAIND
INE642Z01018,EQ,BE,2023-05-22,2023-05-23,AKI,AKI
INE652F01027,BE,EQ,2023-05-22,2023-05-23,CCHHL,CCHHL
INE691G01015,BE,EQ,2023-05-22,2023-05-23,IMPEXFERRO,IMPEXFERRO
INE705X01026,BE,EQ,2023-05-22,2023-05-23,GOYALALUM,GOYALALUM
INE725L01011,BE,EQ,2023-05-22,2023-05-23,KARMAENG,KARMAENG
INE729D01010,EQ,BE,2023-05-22,2023-05-23,KILITCH,KILITCH
INE740X01015,EQ,BE,2023-05-22,2023-05-23,LAL,LAL
INE741L01018,BE,EQ,2023-05-22,2023-05-23,DUCON,DUCON
INE747K01017,EQ,BE,2023-05-22,2023-05-23,TARAPUR,TARAPUR
INE748Z01013,BE,EQ,2023-05-22,2023-05-23,SUMIT,SUMIT
INE756C01015,EQ,BE,2023-05-22,2023-05-23,NDGL,NDGL
INE761Y01019,BE,EQ,2023-05-22,2023-05-23,ZODIAC,ZODIAC
INE771A01026,EQ,BE,2023-05-22,2023-05-23,MIRZAINT,MIRZAINT
INE778A01021,BE,EQ,2023-05-22,2023-05-23,TECHIN,TECHIN
INE782X01025,BE,EQ,2023-05-22,2023-05-23,SERVOTECH,SERVOTECH
INE784W01015,EQ,BE,2023-05-22,2023-05-23,MANOMAY,MANOMAY
INE788H01017,BE,EQ,2023-05-22,2023-05-23,HILTON,HILTON
INE797H01018,EQ,BE,2023-05-22,2023-05-23,TGBHOTELS,TGBHOTELS
INE805A01014,BE,EQ,2023-05-22,2023-05-23,GOLDTECH,GOLDTECH
INE813V01022,BE,EQ,2023-05-22,2023-05-23,MCL,MCL
INE835A01011,BE,EQ,2023-05-22,2023-05-23,VARDMNPOLY,VARDMNPOLY
INE861B01023,BE,EQ,2023-05-22,2023-05-23,MOTOGENFIN,MOTOGENFIN
INE878E01021,BE,EQ,2023-05-22,2023-05-23,SETCO,SETCO
INE888B01018,BE,EQ,2023-05-22,2023-05-23,PODDARHOUS,PODDARHOUS
INE891B01012,BE,EQ,2023-05-22,2023-05-23,DCMFINSERV,DCMFINSERV
INE895W01019,BE,EQ,2023-05-22,2023-05-23,PANACHE,PANACHE
INE924D01017,EQ,BE,2023-05-22,2023-05-23,THEINVEST,THEINVEST
INE967C01018,EQ,BE,2023-05-22,2023-05-23,KAMATHOTEL,KAMATHOTEL
INE997Y01019,BE,EQ,2023-05-22,2023-05-23,MITTAL,MITTAL
INE666E01020,BE,EQ,2023-05-23,2023-05-24,ACL,ACL
INE0JWV01011,ST,SM,2023-05-24,2023-05-25,DENEERS,DENEERS
INE429I01024,EQ,BE,2023-05-24,2024-09-03,CCCL,CCCL
INE641C01019,BE,EQ,2023-05-29,2023-06-01,KAVVERITEL,KAVVERITEL
INE07S101020,SM,EQ,2023-05-31,2023-06-01,PAVNAIND,PAVNAIND
INE912H01013,EQ,BE,2023-05-31,2023-06-01,MBLINFRA,MBLINFRA
INE925Y01036,EQ,BE,2023-05-31,2023-06-01,GODHA,GODHA
INE532F01054,EQ,BE,2023-06-01,2023-06-02,EDELWEISS,EDELWEISS
INE022C01012,EQ,BE,2023-06-05,2023-06-06,EUROTEXIND,EUROTEXIND
INE0NUL01018,ST,SM,2023-06-05,2023-06-06,AUROIMPEX,AUROIMPEX
INE00CA01015,EQ,BE,2023-06-06,2023-06-07,TREJHARA,TREJHARA
INE00KV01022,EQ,BE,2023-06-06,2023-06-07,RAJMET,RAJMET
INE00SZ01018,EQ,BE,2023-06-06,2023-06-07,MARSHALL,MARSHALL
INE00Y801016,EQ,BE,2023-06-06,2023-06-07,AKG,AKG
INE00Z501029,EQ,BE,2023-06-06,2023-06-07,KRITIKA,KRITIKA
INE013801027,EQ,BE,2023-06-06,2023-06-07,KSHITIJPOL,KSHITIJPOL
INE01IU01018,EQ,BE,2023-06-06,2023-06-07,SKYGOLD,SKYGOLD
INE01KI01027,EQ,BE,2023-06-06,2023-06-07,VINNY,VINNY
INE020G01017,EQ,BE,2023-06-06,2023-06-07,INSPIRISYS,INSPIRISYS
INE04AK01028,EQ,BE,2023-06-06,2023-06-07,SBC,SBC
INE059901020,EQ,BE,2023-06-06,2023-06-07,IEL,IEL
INE06IR01021,EQ,BE,2023-06-06,2023-06-07,OSIAHYPER,OSIAHYPER
INE071A01013,EQ,BE,2023-06-06,2023-06-07,BINANIIND,BINANIIND
INE098201036,EQ,BE,2023-06-06,2023-06-07,VCL,VCL
INE0A1101019,EQ,BE,2023-06-06,2023-06-07,DCI,DCI
INE0EEJ01015,EQ,BE,2023-06-06,2023-06-07,BTML,BTML
INE105C01023,EQ,BE,2023-06-06,2023-06-07,3PLAND,3PLAND
INE112F01022,EQ,BE,2023-06-06,2023-06-07,LAMBODHARA,LAMBODHARA
INE112X01017,EQ,BE,2023-06-06,2023-06-07,SIKKO,SIKKO
INE126M01010,EQ,BE,2023-06-06,2023-06-07,YAARI,YAARI
INE137I01015,EQ,BE,2023-06-06,2023-06-07,GRPLTD,GRPLTD
INE139I01011,EQ,BE,2023-06-06,2023-06-07,BVCL,BVCL
INE224E01036,EQ,BE,2023-06-06,2023-06-07,SCAPDVR,SCAPDVR
INE226H01026,EQ,BE,2023-06-06,2023-06-07,SADBHAV,SADBHAV
INE234I01010,EQ,BE,2023-06-06,2023-06-07,KAUSHALYA,KAUSHALYA
INE236Y01012,EQ,BE,2023-06-06,2023-06-07,NGIL,NGIL
INE251C01025,EQ,BE,2023-06-06,2023-06-07,ABMINTLLTD,ABMINTLLTD
INE262Z01023,EQ,BE,2023-06-06,2023-06-07,LATTEYS,LATTEYS
INE276G01015,EQ,BE,2023-06-06,2023-06-07,ASIANENE,ASIANENE
INE291W01029,EQ,BE,2023-06-06,2023-06-07,GLOBAL,GLOBAL
INE314C01013,EQ,BE,2023-06-06,2023-06-07,SOMATEX,SOMATEX
INE319Y01024,EQ,BE,2023-06-06,2023-06-07,TIRUPATIFL,TIRUPATIFL
INE332H01014,EQ,BE,2023-06-06,2023-06-07,INDOTECH,INDOTECH
INE345B01019,EQ,BE,2023-06-06,2023-06-07,CEREBRAINT,CEREBRAINT
INE353A01023,EQ,BE,2023-06-06,2023-06-07,NDLVENTURE,NDLVENTURE
INE362A01016,EQ,BE,2023-06-06,2023-06-07,PVP,PVP
INE363A01022,EQ,BE,2023-06-06,2023-06-07,ASIANHOTNR,ASIANHOTNR
INE368U01011,EQ,BE,2023-06-06,2023-06-07,UNITEDPOLY,UNITEDPOLY
INE387I01016,EQ,BE,2023-06-06,2023-06-07,MAGNUM,MAGNUM
INE418N01035,EQ,BE,2023-06-06,2023-06-07,ESSENTIA,ESSENTIA
INE511Y01018,EQ,BE,2023-06-06,2023-06-07,MMP,MMP
INE520H01022,EQ,BE,2023-06-06,2023-06-07,BEARDSELL,BEARDSELL
INE524L01026,EQ,BE,2023-06-06,2023-06-07,KRIDHANINF,KRIDHANINF
INE546Y01022,EQ,BE,2023-06-06,2023-06-07,PRAXIS,PRAXIS
INE565L01011,EQ,BE,2023-06-06,2023-06-07,ZEELEARN,ZEELEARN
INE581X01021,EQ,BE,2023-06-06,2023-06-07,GLOBE,GLOBE
INE591Q01016,EQ,BE,2023-06-06,2023-06-07,SUULD,SUULD
INE669X01016,EQ,BE,2023-06-06,2023-06-07,GEEKAYWIRE,GEEKAYWIRE
INE691G01015,EQ,BE,2023-06-06,2023-06-07,IMPEXFERRO,IMPEXFERRO
INE705X01026,EQ,BE,2023-06-06,2023-06-07,GOYALALUM,GOYALALUM
INE741L01018,EQ,BE,2023-06-06,2023-06-07,DUCON,DUCON
INE748Z01013,EQ,BE,2023-06-06,2023-06-07,SUMIT,SUMIT
INE764L01010,EQ,BE,2023-06-06,2023-06-07,SADBHIN,SADBHIN
INE788H01017,EQ,BE,2023-06-06,2023-06-07,HILTON,HILTON
INE820Y01021,EQ,BE,2023-06-06,2023-06-07,AJOONI,AJOONI
INE822G01016,EQ,BE,2023-06-06,2023-06-07,ELECTHERM,ELECTHERM
INE835A01011,EQ,BE,2023-06-06,2023-06-07,VARDMNPOLY,VARDMNPOLY
INE848A01014,EQ,BE,2023-06-06,2023-06-07,IZMO,IZMO
INE869Y01010,EQ,BE,2023-06-06,2023-06-07,TEMBO,TEMBO
INE878E01021,EQ,BE,2023-06-06,2023-06-07,SETCO,SETCO
INE879E01037,EQ,BE,2023-06-06,2023-06-07,KANANIIND,KANANIIND
INE885E01034,EQ,BE,2023-06-06,2023-06-07,MAZDA,MAZDA
INE888B01018,EQ,BE,2023-06-06,2023-06-07,PODDARHOUS,PODDARHOUS
INE891B01012,EQ,BE,2023-06-06,2023-06-07,DCMFINSERV,DCMFINSERV
INE919I01024,EQ,BE,2023-06-06,2023-06-07,RADIOCITY,RADIOCITY
INE965H01011,EQ,BE,2023-06-06,2023-06-07,SITINET,SITINET
INE968D01022,EQ,BE,2023-06-06,2023-06-07,ARSHIYA,ARSHIYA
INE977Y01011,EQ,BE,2023-06-06,2023-06-07,BCONCEPTS,BCONCEPTS
INE980A01023,EQ,BE,2023-06-06,2023-06-07,PRESSMN,PRESSMN
INE997Y01019,EQ,BE,2023-06-06,2023-06-07,MITTAL,MITTAL
INE087Z01024,EQ,BE,2023-06-07,2023-06-08,AAKASH,AAKASH
INE0DSF01015,EQ,BE,2023-06-07,2023-06-08,NURECA,NURECA
INE161A01038,EQ,BE,2023-06-07,2023-06-08,NIITLTD,NIITLTD
INE188Y01015,EQ,BE,2023-06-07,2023-06-08,VERTOZ,VERTOZ
INE256Z01017,EQ,BE,2023-06-07,2023-06-08,AKSHAR,AKSHAR
INE318D01020,EQ,BE,2023-06-07,2023-06-08,ZENITHSTL,ZENITHSTL
INE323J01019,EQ,BE,2023-06-07,2023-06-08,SOMICONVEY,SOMICONVEY
INE369C01017,EQ,BE,2023-06-07,2023-06-08,NORBTEAEXP,NORBTEAEXP
INE395U01014,EQ,BE,2023-06-07,2023-06-08,NINSYS,NINSYS
INE472B01011,BE,EQ,2023-06-07,2023-06-13,BLUECOAST,BLUECOAST
INE550H01011,EQ,BE,2023-06-07,2023-06-08,SUPREMEINF,SUPREMEINF
INE703H01016,EQ,BE,2023-06-07,2023-06-08,HUBTOWN,HUBTOWN
INE711A01022,EQ,BE,2023-06-07,2023-06-08,WALCHANNAG,WALCHANNAG
INE737B01033,EQ,BE,2023-06-07,2023-06-08,ADROITINFO,ADROITINFO
INE0A0S01010,SM,EQ,2023-06-08,2023-06-09,SIGMA,SIGMA
INE0NR701018,ST,SM,2023-06-08,2023-06-09,KRISHCA,KRISHCA
INE215I01019,EQ,BE,2023-06-08,2023-06-09,MAANALU,MAANALU
INE691Z01023,EQ,BE,2023-06-08,2023-06-09,GANGAFORGE,GANGAFORGE
INE835D01023,EQ,BE,2023-06-08,2023-06-09,HIRECT,HIRECT
INE0O5T01011,ST,SM,2023-06-09,2023-06-12,REMUS,REMUS
INE287Z01012,BE,EQ,2023-06-09,2023-06-12,GAYAHWS,GAYAHWS
INE389K01018,EQ,BE,2023-06-09,2023-06-12,WELINV,WELINV
INE669A01022,BE,EQ,2023-06-09,2023-06-12,INFOMEDIA,INFOMEDIA
INE874F01027,BE,EQ,2023-06-09,2023-06-12,RADAAN,RADAAN
INE902B01017,BE,EQ,2023-06-09,2023-06-12,S&SPOWER,S&SPOWER
INE610C01014,EQ,BE,2023-06-12,2023-06-13,ARENTERP,ARENTERP
INE634W01012,ST,SZ,2023-06-12,2023-09-11,SRIRAM,SRIRAM
INE782X01025,EQ,BE,2023-06-12,2023-06-13,SERVOTECH,SERVOTECH
INE902B01017,EQ,BE,2023-06-12,2023-06-13,S&SPOWER,S&SPOWER
INE964W01013,SM,EQ,2023-06-12,2023-06-13,MKPL,MKPL
INE138A01028,EQ,BE,2023-06-13,2023-06-14,PENINLAND,PENINLAND
INE287Z01012,EQ,BE,2023-06-13,2023-06-14,GAYAHWS,GAYAHWS
INE051B01021,EQ,BE,2023-06-14,2023-06-15,VAKRANGEE,VAKRANGEE
INE058B01018,EQ,BE,2023-06-14,2023-06-15,ZENITHEXPO,ZENITHEXPO
INE123B01028,EQ,BE,2023-06-14,2023-06-15,NAGREEKEXP,NAGREEKEXP
INE336X01012,EQ,BE,2023-06-14,2023-06-15,TOTAL,TOTAL
INE619I01012,EQ,BE,2023-06-14,2023-06-15,A2ZINFRA,A2ZINFRA
INE731A01020,EQ,BE,2023-06-14,2023-06-15,ARCHIES,ARCHIES
INE735M01018,EQ,BE,2023-06-14,2023-06-15,SEPOWER,SEPOWER
INE737W01013,EQ,BE,2023-06-14,2023-06-15,AKASH,AKASH
INE749B01020,EQ,BE,2023-06-14,2023-06-15,ORTINLAB,ORTINLAB
INE773I01017,EQ,BE,2023-06-14,2023-06-15,ALKALI,ALKALI
INE938A01021,EQ,BE,2023-06-14,2023-06-15,LCCINFOTEC,LCCINFOTEC
INE945H01013,EQ,BE,2023-06-14,2023-06-15,V2RETAIL,V2RETAIL
INE952H01027,EQ,BE,2023-06-14,2023-06-15,RAJTV,RAJTV
INE005I01014,EQ,BE,2023-06-15,2023-06-16,AMDIND,AMDIND
INE0N5801013,ST,SM,2023-06-15,2023-06-16,DENTALKART,DENTALKART
INE0OFK01019,ST,SM,2023-06-15,2023-06-16,CRAYONS,CRAYONS
INE231C01019,EQ,BE,2023-06-15,2023-06-16,SHREYANIND,SHREYANIND
INE425B01027,EQ,BE,2023-06-15,2023-06-16,BCG,BCG
INE532F01054,BE,EQ,2023-06-15,2023-06-16,EDELWEISS,EDELWEISS
INE692B01014,EQ,BE,2023-06-15,2023-06-16,MURUDCERA,MURUDCERA
INE0GIU01018,EQ,BE,2023-06-16,2023-06-19,UMAEXPORTS,UMAEXPORTS
INE0ONE01016,ST,SM,2023-06-16,2023-06-19,PROV,PROV
INE378D01032,EQ,BE,2023-06-16,2023-06-19,MADHUCON,MADHUCON
INE528A01020,EQ,BE,2023-06-16,2023-06-19,GKWLIMITED,GKWLIMITED
INE529F01035,EQ,BE,2023-06-16,2023-06-19,SIGIND,SIGIND
INE122M01019,EQ,BE,2023-06-19,2023-06-20,ESSARSHPNG,ESSARSHPNG
INE138A01028,BE,EQ,2023-06-19,2023-06-20,PENINLAND,PENINLAND
INE263W01010,EQ,BE,2023-06-19,2023-06-20,MAHESHWARI,MAHESHWARI
INE397H01017,EQ,BE,2023-06-19,2023-06-20,LOKESHMACH,LOKESHMACH
INE411B01019,EQ,BE,2023-06-19,2023-06-20,VENUSREM,VENUSREM
INE482B01010,EQ,BE,2023-06-19,2023-06-20,TERASOFT,TERASOFT
INE491V01019,EQ,BE,2023-06-19,2023-06-20,CROWN,CROWN
INE586X01012,BE,EQ,2023-06-19,2023-06-20,KEERTI,KEERTI
INE657B01025,BE,EQ,2023-06-19,2023-06-20,BLUECHIP,BLUECHIP
INE792B01012,EQ,BE,2023-06-19,2023-06-20,AMBICAAGAR,AMBICAAGAR
INE792I01017,EQ,BE,2023-06-19,2023-06-20,CORDSCABLE,CORDSCABLE
INE902B01017,BE,EQ,2023-06-19,2023-06-20,S&SPOWER,S&SPOWER
INE980Y01015,EQ,BE,2023-06-19,2023-06-20,SOUTHWEST,SOUTHWEST
INE451L01014,EQ,BE,2023-06-20,2023-06-21,MAHASTEEL,MAHASTEEL
INE471W01019,EQ,BE,2023-06-20,2023-06-21,PALASHSECU,PALASHSECU
INE641C01019,EQ,BE,2023-06-20,2023-06-21,KAVVERITEL,KAVVERITEL
INE017W01010,EQ,BE,2023-06-21,2023-06-22,SMLT,SMLT
INE03JI01017,EQ,BE,2023-06-21,2023-06-22,DGCONTENT,DGCONTENT
INE047O01014,EQ,BE,2023-06-21,2023-06-22,NIBL,NIBL
INE060X01026,EQ,BE,2023-06-21,2023-06-22,DEVIT,DEVIT
INE07OG01012,EQ,BE,2023-06-21,2023-06-22,NDRAUTO,NDRAUTO
INE0NNZ01013,ST,SM,2023-06-21,2023-06-22,INFOLLION,INFOLLION
INE161A01038,BE,EQ,2023-06-21,2023-06-22,NIITLTD,NIITLTD
INE210A01017,EQ,BE,2023-06-21,2023-06-22,WILLAMAGOR,WILLAMAGOR
INE424C01010,EQ,BE,2023-06-21,2023-06-22,GINNIFILA,GINNIFILA
INE450G01024,EQ,BE,2023-06-21,2023-06-22,VIPCLOTHNG,VIPCLOTHNG
INE486Y01013,EQ,BE,2023-06-21,2023-06-22,TOUCHWOOD,TOUCHWOOD
INE586X01012,EQ,BE,2023-06-21,2023-06-22,KEERTI,KEERTI
INE591A01010,EQ,BE,2023-06-21,2023-06-22,OILCOUNTUB,OILCOUNTUB
INE688J01023,EQ,BE,2023-06-21,2023-06-22,EXCEL,EXCEL
INE715Y01023,EQ,BE,2023-06-21,2023-06-22,SHRADHA,SHRADHA
INE788B01028,EQ,BE,2023-06-21,2023-06-22,INDSWFTLTD,INDSWFTLTD
INE927A01040,EQ,BE,2023-06-21,2023-06-22,ROLLT,ROLLT
INE00EM01016,EQ,BE,2023-06-22,2023-06-23,MEGASTAR,MEGASTAR
INE04LG01015,EQ,BE,2023-06-22,2023-06-23,PAR,PAR
INE080A01014,EQ,BE,2023-06-22,2023-06-23,WEIZMANIND,WEIZMANIND
INE110B01017,EQ,BE,2023-06-22,2023-06-23,MINDTECK,MINDTECK
INE144J01027,EQ,BE,2023-06-22,2023-06-23,20MICRONS,20MICRONS
INE214A01019,EQ,BE,2023-06-22,2023-06-23,CYBERTECH,CYBERTECH
INE363M01019,EQ,BE,2023-06-22,2023-06-23,SHEMAROO,SHEMAROO
INE390G01014,EQ,BE,2023-06-22,2023-06-23,GPTINFRA,GPTINFRA
INE657B01025,EQ,BE,2023-06-22,2023-06-23,BLUECHIP,BLUECHIP
INE843B01013,EQ,BE,2023-06-22,2023-06-23,MAHAPEXLTD,MAHAPEXLTD
INE874F01027,EQ,BE,2023-06-22,2023-06-23,RADAAN,RADAAN
INE006Z01016,EQ,BE,2023-06-23,2023-06-26,ARVEE,ARVEE
INE0LEX01011,ST,SM,2023-06-23,2023-06-26,SAHANA,SAHANA
INE0PA801013,BE,EQ,2023-06-23,2023-06-26,GHCLTEXTIL,GHCLTEXTIL
INE112D01035,EQ,BE,2023-06-23,2023-06-26,MHLXMIRU,MHLXMIRU
INE413G01022,EQ,BE,2023-06-23,2023-06-26,TPLPLASTEH,TPLPLASTEH
INE425B01027,BE,EQ,2023-06-23,2023-06-26,BCG,BCG
INE440L01017,EQ,BE,2023-06-23,2023-06-26,TIJARIA,TIJARIA
INE451F01024,EQ,BE,2023-06-23,2023-06-26,APOLSINHOT,APOLSINHOT
INE854S01022,EQ,BE,2023-06-23,2023-06-26,GENCON,GENCON
INE902B01017,EQ,BE,2023-06-23,2023-06-26,S&SPOWER,S&SPOWER
INE472B01011,EQ,BE,2023-06-26,2023-06-27,BLUECOAST,BLUECOAST
INE594B01012,EQ,BE,2023-06-26,2023-06-27,BSL,BSL
INE596H01014,EQ,BE,2023-06-26,2023-06-27,HOVS,HOVS
INE00QT01015,EQ,BE,2023-06-27,2023-06-28,SGIL,SGIL
INE0O4R01018,ST,SM,2023-06-27,2023-06-28,KDL,KDL
INE840Y01029,EQ,BE,2023-06-27,2023-06-28,ONEPOINT,ONEPOINT
INE051B01021,BE,EQ,2023-06-28,2023-06-30,VAKRANGEE,VAKRANGEE
INE539B01017,EQ,BE,2023-06-28,2023-06-30,VIRINCHI,VIRINCHI
INE544H01014,EQ,BE,2023-06-28,2023-06-30,JHS,JHS
INE570D01018,EQ,BE,2023-06-28,2023-06-30,ARROWGREEN,ARROWGREEN
INE008Z01020,EQ,BE,2023-06-30,2023-07-03,SRPL,SRPL
INE052A01021,EQ,BE,2023-06-30,2023-07-03,WINDMACHIN,WINDMACHIN
INE105I01020,BE,EQ,2023-06-30,2023-07-03,SELMC,SELMC
INE231G01010,EQ,BE,2023-06-30,2023-07-03,ORBTEXP,ORBTEXP
INE239D01028,EQ,BE,2023-06-30,2023-07-03,OMINFRAL,OMINFRAL
INE268B01013,EQ,BE,2023-06-30,2023-07-03,KREBSBIO,KREBSBIO
INE337M01013,EQ,BE,2023-06-30,2023-07-03,INDOTHAI,INDOTHAI
INE557Z01018,EQ,BE,2023-06-30,2023-07-03,PIGL,PIGL
INE600A01035,EQ,BE,2023-06-30,2023-07-03,PILITA,PILITA
INE627H01017,EQ,BE,2023-06-30,2023-07-03,CTE,CTE
INE677H01012,EQ,BE,2023-06-30,2023-07-03,DEEPENR,DEEPENR
INE730A01022,EQ,BE,2023-06-30,2023-07-03,ORICONENT,ORICONENT
INE761Y01019,EQ,BE,2023-06-30,2023-07-03,ZODIAC,ZODIAC
INE879A01019,EQ,BE,2023-06-30,2023-07-03,SHREERAMA,SHREERAMA
INE025A01027,EQ,BE,2023-07-03,2023-07-04,CONSOFINVT,CONSOFINVT
INE120D01012,EQ,BE,2023-07-03,2023-07-04,HITECHCORP,HITECHCORP
INE309M01012,EQ,BE,2023-07-03,2023-07-04,PREMIERPOL,PREMIERPOL
INE501Y01019,EQ,BE,2023-07-03,2023-07-04,SCPL,SCPL
INE555B01013,EQ,BE,2023-07-03,2023-07-04,AXISCADES,AXISCADES
INE828A01016,EQ,BE,2023-07-03,2023-07-04,BIL,BIL
INE871K01015,EQ,BE,2023-07-03,2023-07-04,HMVL,HMVL
INE877I01016,EQ,BE,2023-07-03,2023-07-04,ARCHIDPLY,ARCHIDPLY
INE105I01020,EQ,BE,2023-07-04,2023-07-05,SELMC,SELMC
INE568Z01015,SM,EQ,2023-07-04,2023-07-05,URAVI,URAVI
INE617A01013,EQ,BE,2023-07-04,2023-07-05,REVATHI,REVATHI
INE648Z01023,EQ,BE,2023-07-04,2023-07-05,ACCURACY,ACCURACY
INE0O0201019,ST,SM,2023-07-06,2023-07-07,URBAN,URBAN
INE0OL001018,ST,SM,2023-07-06,2023-07-07,SPECTSTM,SPECTSTM
INE245I01016,EQ,BE,2023-07-06,2023-07-07,NAGREEKCAP,NAGREEKCAP
INE278R01034,EQ,BE,2023-07-06,2023-07-07,KBCGLOBAL,KBCGLOBAL
INE022C01012,BE,EQ,2023-07-07,2023-07-10,EUROTEXIND,EUROTEXIND
INE805A01014,EQ,BE,2023-07-07,2023-07-10,GOLDTECH,GOLDTECH
INE886A01014,EQ,BE,2023-07-07,2023-07-10,IITL,IITL
INE00S901012,EQ,BE,2023-07-10,2023-07-11,NILASPACES,NILASPACES
INE721Z01010,EQ,BE,2023-07-10,2023-07-11,AARON,AARON
INE022C01012,EQ,BE,2023-07-11,2023-07-12,EUROTEXIND,EUROTEXIND
INE0O0001013,ST,SM,2023-07-12,2023-07-13,CELLPOINT,CELLPOINT
INE569C01020,EQ,BE,2023-07-12,2023-07-13,ORIENTABRA,ORIENTABRA
INE738V01013,EQ,BE,2023-07-12,2023-07-13,ARTNIRMAN,ARTNIRMAN
INE802W01023,EQ,BE,2023-07-12,2023-07-13,BOHRAIND,BOHRAIND
INE914E01040,EQ,BE,2023-07-12,2023-07-13,ALANKIT,ALANKIT
INE974Z01015,EQ,BE,2023-07-12,2023-07-13,PRITI,PRITI
INE0L4V01013,ST,SM,2023-07-13,2023-07-14,VILINBIO,VILINBIO
INE0OB201016,ST,SM,2023-07-13,2023-07-14,AATMAJ,AATMAJ
INE500X01013,EQ,BE,2023-07-17,2023-07-18,LEXUS,LEXUS
INE0ITO01014,ST,SM,2023-07-19,2023-07-20,ESFL,ESFL
INE0O1S01012,ST,SM,2023-07-19,2023-07-20,MAGSON,MAGSON
INE0O7P01015,ST,SM,2023-07-19,2023-07-20,GREENCHEF,GREENCHEF
INE760Y01011,EQ,BE,2023-07-19,2023-07-20,ASHOKAMET,ASHOKAMET
INE792H01019,EQ,BE,2023-07-19,2023-07-20,GLOBALVECT,GLOBALVECT
INE02AR01019,EQ,BE,2023-07-20,2023-07-21,ANMOL,ANMOL
INE082W01014,EQ,BE,2023-07-20,2023-07-21,WEWIN,WEWIN
INE0ORS01017,ST,SM,2023-07-20,2023-07-21,PENTAGON,PENTAGON
INE831A01028,EQ,BE,2023-07-20,2023-07-21,MIRCELECTR,MIRCELECTR
INE01II01013,EQ,BE,2023-07-21,2023-07-24,SILGO,SILGO
INE0PS501019,ST,SM,2023-07-21,2023-07-24,GLOBALPET,GLOBALPET
INE285H01022,EQ,BE,2023-07-21,2023-07-24,ATLANTA,ATLANTA
INE521J01018,EQ,BE,2023-07-21,2023-07-24,CAREERP,CAREERP
INE982V01025,EQ,BE,2023-07-21,2023-07-24,JETFREIGHT,JETFREIGHT
INE324L01013,EQ,BE,2023-07-24,2023-07-25,RPPINFRA,RPPINFRA
INE548Z01017,EQ,BE,2023-07-24,2023-07-25,LAGNAM,LAGNAM
INE567A01028,EQ,BE,2023-07-24,2023-07-25,NIPPOBATRY,NIPPOBATRY
INE255Z01019,EQ,BE,2023-07-25,2023-07-26,E2E,E2E
INE947I01017,EQ,BE,2023-07-25,2023-07-26,LOTUSEYE,LOTUSEYE
INE992I01013,EQ,BE,2023-07-25,2023-07-26,STARTECK,STARTECK
INE02EZ01022,EQ,BE,2023-07-26,2023-07-27,AXITA,AXITA
INE050B01023,EQ,BE,2023-07-26,2023-07-27,IVC,IVC
INE0BTR01012,ST,SM,2023-07-26,2023-07-27,SYNOPTICS,SYNOPTICS
INE0LWY01029,ST,SM,2023-07-26,2023-07-27,TRIDHYA,TRIDHYA
INE139B01016,EQ,BE,2023-07-26,2023-07-27,UCAL,UCAL
INE227G01018,EQ,BE,2023-07-26,2023-07-27,INDOWIND,INDOWIND
INE272L01022,EQ,BE,2023-07-26,2023-07-27,SURANASOL,SURANASOL
INE798K01010,EQ,BE,2023-07-26,2023-07-27,KRITINUT,KRITINUT
INE979A01025,EQ,BE,2023-07-26,2023-07-27,SAREGAMA,SAREGAMA
INE526G01021,BZ,BE,2023-07-31,2025-12-18,VIVIMEDLAB,VIVIMEDLAB
INE0LQS01015,EQ,BE,2023-08-01,2023-08-02,TIPSFILMS,TIPSFILMS
INE752G01015,EQ,BE,2023-08-01,2023-08-02,MSPL,MSPL
INE0A0S01010,EQ,BE,2023-08-02,2023-08-03,SIGMA,SIGMA
INE136T01014,SM,ST,2023-08-02,2024-03-27,AHIMSA,AHIMSA
INE474C01015,EQ,BE,2023-08-02,2023-08-03,REMSONSIND,REMSONSIND
INE658G01014,EQ,BE,2023-08-02,2023-08-03,SALSTEEL,SALSTEEL
INE666E01020,EQ,BE,2023-08-02,2023-08-03,ACL,ACL
INE725L01011,EQ,BE,2023-08-02,2023-08-03,KARMAENG,KARMAENG
INE731C01018,EQ,BE,2023-08-02,2023-08-03,KHAITANLTD,KHAITANLTD
INE737D01021,EQ,BE,2023-08-02,2023-08-03,MODISONLTD,MODISONLTD
INE0P7201019,ST,SM,2023-08-03,2023-08-04,DRONE,DRONE
INE323B01016,EQ,BE,2023-08-03,2023-08-04,AVONMORE,AVONMORE
INE439T01012,EQ,BE,2023-08-03,2023-08-04,NITIRAJ,NITIRAJ
INE577L01016,EQ,BE,2023-08-03,2023-08-04,STEL,STEL
INE650L01011,EQ,BE,2023-08-03,2023-08-04,BROOKS,BROOKS
INE526E01018,EQ,BE,2023-08-04,2023-08-07,SHRIPISTON,SHRIPISTON
INE801L01010,EQ,BE,2023-08-04,2023-08-07,AIROLAM,AIROLAM
INE324X01018,EQ,BE,2023-08-07,2023-08-08,SARVESHWAR,SARVESHWAR
INE722J01012,BE,EQ,2023-08-07,2023-08-09,RKDL,RKDL
INE023M01027,BE,BZ,2023-08-08,2023-08-21,SETUINFRA,SETUINFRA
INE0P1Q01015,ST,SM,2023-08-08,2023-08-09,SERVICE,SERVICE
INE093R01011,EQ,BE,2023-08-09,2023-08-10,LSIL,LSIL
INE600Y01019,EQ,BE,2023-08-09,2023-08-10,DYCL,DYCL
INE861B01023,EQ,BE,2023-08-09,2023-08-10,MOTOGENFIN,MOTOGENFIN
INE979A01025,BE,EQ,2023-08-09,2023-08-10,SAREGAMA,SAREGAMA
INE182Z01015,ST,SZ,2023-08-10,2023-08-14,SSINFRA,SSINFRA
INE598C01011,EQ,BE,2023-08-10,2023-08-11,HISARMETAL,HISARMETAL
INE778A01021,EQ,BE,2023-08-10,2023-08-11,TECHIN,TECHIN
INE895W01019,EQ,BE,2023-08-10,2023-08-11,PANACHE,PANACHE
IN9175A01010,EQ,BE,2023-08-11,2023-08-14,JISLDVREQS,JISLDVREQS
INE198H01019,EQ,BE,2023-08-11,2023-08-14,AAREYDRUGS,AAREYDRUGS
INE642Y01011,EQ,BE,2023-08-11,2023-08-14,HINDCON,HINDCON
INE699B01027,EQ,BE,2023-08-11,2023-08-14,SAMBHAAV,SAMBHAAV
INE874F01027,BE,EQ,2023-08-11,2023-08-14,RADAAN,RADAAN
INE00CE01017,EQ,BE,2023-08-14,2023-08-16,SVLL,SVLL
INE00M201021,EQ,BE,2023-08-14,2023-08-16,SWSOLAR,SWSOLAR
INE00VM01010,BE,EQ,2023-08-14,2023-08-16,MANORAMA,MANORAMA
INE01EG01016,EQ,BE,2023-08-14,2023-08-16,RITCO,RITCO
INE01JE01028,EQ,BE,2023-08-14,2023-08-16,MARINE,MARINE
INE036A01016,EQ,BE,2023-08-14,2023-08-16,RELINFRA,RELINFRA
INE03JI01017,BE,EQ,2023-08-14,2023-08-16,DGCONTENT,DGCONTENT
INE043C01018,BE,EQ,2023-08-14,2023-08-16,IVP,IVP
INE070Y01015,ST,SM,2023-08-14,2023-08-16,INNOVATIVE,INNOVATIVE
INE073D01013,EQ,BE,2023-08-14,2023-08-16,SUNDRMBRAK,SUNDRMBRAK
INE087A01019,EQ,BE,2023-08-14,2023-08-16,KESORAMIND,KESORAMIND
INE087B01017,EQ,BE,2023-08-14,2023-08-16,ANIKINDS,ANIKINDS
INE090B01011,BE,EQ,2023-08-14,2023-08-16,OMAXAUTO,OMAXAUTO
INE09KD01013,BE,EQ,2023-08-14,2023-08-16,ATAM,ATAM
INE0BTI01029,EQ,BE,2023-08-14,2023-08-16,KAMOPAINTS,KAMOPAINTS
INE132H01018,BE,EQ,2023-08-14,2023-08-16,AURIONPRO,AURIONPRO
INE134B01017,BE,EQ,2023-08-14,2023-08-16,KECL,KECL
INE200A01026,BE,EQ,2023-08-14,2023-08-16,GET&D,GET&D
INE217K01011,EQ,BE,2023-08-14,2023-08-16,RHFL,RHFL
INE236A01020,EQ,BE,2023-08-14,2023-08-16,HCL-INSYS,HCL-INSYS
INE244B01030,BE,EQ,2023-08-14,2023-08-16,PATELENG,PATELENG
INE274G01010,EQ,BE,2023-08-14,2023-08-16,DHANI,DHANI
INE325D01025,EQ,BE,2023-08-14,2023-08-16,SINDHUTRAD,SINDHUTRAD
INE332A01027,EQ,BE,2023-08-14,2023-08-16,THOMASCOOK,THOMASCOOK
INE368I01016,EQ,BE,2023-08-14,2023-08-16,NIRAJ,NIRAJ
INE414B01021,EQ,BE,2023-08-14,2023-08-16,ANTGRAPHIC,ANTGRAPHIC
INE449G01018,EQ,BE,2023-08-14,2023-08-16,AGRITECH,AGRITECH
INE526B01014,BE,EQ,2023-08-14,2023-08-16,CALSOFT,CALSOFT
INE529D01014,EQ,BE,2023-08-14,2023-08-16,PATINTLOG,PATINTLOG
INE583R01029,EQ,BE,2023-08-14,2023-08-16,PRITIKAUTO,PRITIKAUTO
INE619I01012,BE,EQ,2023-08-14,2023-08-16,A2ZINFRA,A2ZINFRA
INE644Y01017,BE,EQ,2023-08-14,2023-08-16,SHIVAMILLS,SHIVAMILLS
INE737W01013,BE,EQ,2023-08-14,2023-08-16,AKASH,AKASH
INE756C01015,BE,EQ,2023-08-14,2023-08-16,NDGL,NDGL
INE760A01029,EQ,BE,2023-08-14,2023-08-16,KOKUYOCMLN,KOKUYOCMLN
INE771A01026,BE,EQ,2023-08-14,2023-08-16,MIRZAINT,MIRZAINT
INE773I01017,BE,EQ,2023-08-14,2023-08-16,ALKALI,ALKALI
INE784W01015,BE,EQ,2023-08-14,2023-08-16,MANOMAY,MANOMAY
INE797H01018,BE,EQ,2023-08-14,2023-08-16,TGBHOTELS,TGBHOTELS
INE803D01021,EQ,BE,2023-08-14,2023-08-16,INDOBORAX,INDOBORAX
INE813V01022,EQ,BE,2023-08-14,2023-08-16,MCL,MCL
INE826C01016,EQ,BE,2023-08-14,2023-08-16,GUJAPOLLO,GUJAPOLLO
INE863B01011,EQ,BE,2023-08-14,2023-08-16,PREMEXPLN,PREMEXPLN
INE914E01040,BE,EQ,2023-08-14,2023-08-16,ALANKIT,ALANKIT
INE924D01017,BE,EQ,2023-08-14,2023-08-16,THEINVEST,THEINVEST
INE927C01020,EQ,BE,2023-08-14,2023-08-16,DIGISPICE,DIGISPICE
INE952H01027,BE,EQ,2023-08-14,2023-08-16,RAJTV,RAJTV
INE974Z01015,BE,EQ,2023-08-14,2023-08-16,PRITI,PRITI
INE999B01013,EQ,BE,2023-08-14,2023-08-16,SANGHIIND,SANGHIIND
INE999K01014,EQ,BE,2023-08-14,2023-08-16,GREENPOWER,GREENPOWER
INE059B01024,EQ,BE,2023-08-17,2023-08-18,SIMPLEXINF,SIMPLEXINF
INE08S201019,ST,SM,2023-08-17,2023-08-18,YCCL,YCCL
INE251B01027,EQ,BE,2023-08-17,2023-08-18,ZENTEC,ZENTEC
INE032Z01020,BE,EQ,2023-08-18,2023-08-21,BSHSL,BSHSL
INE0OMF01015,ST,SM,2023-08-18,2023-08-21,SHRITECH,SHRITECH
INE116D01028,EQ,BE,2023-08-18,2023-08-21,BAGFILMS,BAGFILMS
INE696K01024,EQ,BE,2023-08-18,2023-08-21,PRAKASHSTL,PRAKASHSTL
INE074B01023,EQ,BE,2023-08-21,2023-08-22,PARACABLES,PARACABLES
INE419A01022,EQ,BE,2023-08-21,2023-08-22,KOTARISUG,KOTARISUG
INE527H01019,EQ,BE,2023-08-21,2023-08-22,UFO,UFO
INE933B01012,EQ,BE,2023-08-21,2023-08-22,MEGASOFT,MEGASOFT
INE342G01023,BE,EQ,2023-08-22,2023-08-23,NIITMTS,NIITMTS
INE697V01011,EQ,BE,2023-08-22,2023-08-23,PANSARI,PANSARI
INE018401013,EQ,BE,2023-08-23,2023-08-24,SUVIDHAA,SUVIDHAA
INE01C001018,EQ,BE,2023-08-23,2023-08-24,AARTECH,AARTECH
INE032Z01020,EQ,BE,2023-08-23,2023-08-24,BSHSL,BSHSL
INE060J01017,EQ,BE,2023-08-23,2023-08-24,FLEXITUFF,FLEXITUFF
INE0PPS01018,ST,SM,2023-08-23,2023-08-24,ZEAL,ZEAL
INE105A01035,EQ,BE,2023-08-23,2023-08-24,TVSHLTD,TVSHLTD
INE141K01013,EQ,BE,2023-08-23,2023-08-24,TEXMOPIPES,TEXMOPIPES
INE142K01011,EQ,BE,2023-08-23,2023-08-24,LYPSAGEMS,LYPSAGEMS
INE159N01027,EQ,BE,2023-08-23,2023-08-24,VIJIFIN,VIJIFIN
INE722J01012,EQ,BE,2023-08-23,2023-08-24,RKDL,RKDL
INE864K01010,EQ,BE,2023-08-23,2023-08-24,IRIS,IRIS
INE0NN701020,BE,EQ,2023-08-24,2023-08-25,ATL,ATL
INE0O3901029,BE,EQ,2023-08-24,2023-08-25,TREL,TREL
INE704H01022,EQ,BE,2023-08-24,2023-08-25,CINELINE,CINELINE
INE0LXT01019,BE,EQ,2023-08-25,2023-08-28,REDTAPE,REDTAPE
INE0OSJ01014,ST,SM,2023-08-25,2023-08-28,VINSYS,VINSYS
INE0OUT01019,ST,SM,2023-08-25,2023-08-28,ORIANA,ORIANA
INE03HW01020,BE,EQ,2023-08-28,2023-08-29,VLEGOV,VLEGOV
INE0D6I01015,EQ,BE,2023-08-28,2023-08-29,KSOLVES,KSOLVES
INE106I01010,BE,EQ,2023-08-28,2023-08-29,ANKITMETAL,ANKITMETAL
INE652F01027,EQ,BE,2023-08-28,2023-08-29,CCHHL,CCHHL
INE718H01014,EQ,BE,2023-08-29,2023-08-30,AUTOIND,AUTOIND
INE02YR01019,EQ,BE,2023-08-30,2023-08-31,EMIL,EMIL
INE09E501017,EQ,BE,2023-08-30,2023-08-31,RVHL,RVHL
INE09FA01019,ST,SM,2023-08-30,2023-08-31,YUDIZ,YUDIZ
INE0OVI01010,ST,SM,2023-08-30,2023-08-31,SANGANI,SANGANI
INE320B01020,EQ,BE,2023-08-30,2023-08-31,CENTUM,CENTUM
INE474E01029,EQ,BE,2023-08-30,2023-08-31,BHANDARI,BHANDARI
INE481Z01011,EQ,BE,2023-08-30,2023-08-31,UNIINFO,UNIINFO
INE619I01012,EQ,BE,2023-08-30,2023-08-31,A2ZINFRA,A2ZINFRA
INE927D01044,EQ,BE,2023-08-30,2023-08-31,JBMA,JBMA
INE02WG01016,EQ,BE,2023-08-31,2023-09-01,WEL,WEL
INE0ON201012,ST,SM,2023-08-31,2023-09-01,SSFL,SSFL
INE411Y01011,EQ,BE,2023-09-01,2023-09-04,DIL,DIL
INE758E01017,BE,EQ,2023-09-01,2023-09-04,JIOFIN,JIOFIN
INE920A01029,BE,EQ,2023-09-01,2023-09-04,DOLPHIN,DOLPHIN
INE867A01022,EQ,BE,2023-09-05,2023-09-06,MANUGRAPH,MANUGRAPH
INE05X901010,EQ,BE,2023-09-06,2023-09-07,HPIL,HPIL
INE105A01035,BE,EQ,2023-09-06,2023-09-07,TVSHLTD,TVSHLTD
INE106I01010,EQ,BE,2023-09-06,2023-09-07,ANKITMETAL,ANKITMETAL
INE142I01023,EQ,BE,2023-09-06,2023-09-07,TAKE,TAKE
INE360L01017,EQ,BE,2023-09-06,2023-09-07,FMNL,FMNL
INE562B01019,EQ,BE,2023-09-06,2023-09-07,RAJSREESUG,RAJSREESUG
INE609C01024,EQ,BE,2023-09-06,2023-09-07,ORIENTLTD,ORIENTLTD
INE670X01014,EQ,BE,2023-09-06,2023-09-07,LASA,LASA
INE920A01029,EQ,BE,2023-09-06,2023-09-07,DOLPHIN,DOLPHIN
INE942G01012,EQ,BE,2023-09-06,2023-09-07,MCLEODRUSS,MCLEODRUSS
INE203Y01012,EQ,BE,2023-09-07,2023-09-08,SILLYMONKS,SILLYMONKS
INE278G01037,EQ,BE,2023-09-07,2023-09-08,CYBERMEDIA,CYBERMEDIA
INE281A01026,EQ,BE,2023-09-07,2023-09-08,CENTEXT,CENTEXT
INE393A01011,EQ,BE,2023-09-07,2023-09-08,DELTAMAGNT,DELTAMAGNT
INE00SZ01018,BE,EQ,2023-09-08,2023-09-11,MARSHALL,MARSHALL
INE00Y801016,BE,EQ,2023-09-08,2023-09-11,AKG,AKG
INE080B01012,BE,EQ,2023-09-08,2023-09-11,KOHINOOR,KOHINOOR
INE093B01015,BE,EQ,2023-09-08,2023-09-11,ALPSINDUS,ALPSINDUS
INE098201036,BE,EQ,2023-09-08,2023-09-11,VCL,VCL
INE0DSF01015,BE,EQ,2023-09-08,2023-09-11,NURECA,NURECA
INE0EEJ01015,BE,EQ,2023-09-08,2023-09-11,BTML,BTML
INE105C01023,BE,EQ,2023-09-08,2023-09-11,3PLAND,3PLAND
INE112F01022,BE,EQ,2023-09-08,2023-09-11,LAMBODHARA,LAMBODHARA
INE112X01017,BE,EQ,2023-09-08,2023-09-11,SIKKO,SIKKO
INE144D01012,BE,EQ,2023-09-08,2023-09-11,CUBEXTUB,CUBEXTUB
INE158B01016,BE,EQ,2023-09-08,2023-09-11,EIMCOELECO,EIMCOELECO
INE234I01010,BE,EQ,2023-09-08,2023-09-11,KAUSHALYA,KAUSHALYA
INE240C01028,EQ,BE,2023-09-08,2023-09-11,UMESLTD,UMESLTD
INE276G01015,BE,EQ,2023-09-08,2023-09-11,ASIANENE,ASIANENE
INE291W01029,BE,EQ,2023-09-08,2023-09-11,GLOBAL,GLOBAL
INE318D01020,BE,EQ,2023-09-08,2023-09-11,ZENITHSTL,ZENITHSTL
INE369C01017,BE,EQ,2023-09-08,2023-09-11,NORBTEAEXP,NORBTEAEXP
INE458B01036,EQ,BE,2023-09-08,2023-09-11,BHAGYANGR,BHAGYANGR
INE581X01021,BE,EQ,2023-09-08,2023-09-11,GLOBE,GLOBE
INE719F01016,SM,ST,2023-09-08,2023-11-07,SHIVAUM,SHIVAUM
INE737B01033,BE,EQ,2023-09-08,2023-09-11,ADROITINFO,ADROITINFO
INE788H01017,BE,EQ,2023-09-08,2023-09-11,HILTON,HILTON
INE820Y01021,BE,EQ,2023-09-08,2023-09-11,AJOONI,AJOONI
INE869Y01010,BE,EQ,2023-09-08,2023-09-11,TEMBO,TEMBO
INE879E01037,BE,EQ,2023-09-08,2023-09-11,KANANIIND,KANANIIND
INE885E01034,BE,EQ,2023-09-08,2023-09-11,MAZDA,MAZDA
INE888B01018,BE,EQ,2023-09-08,2023-09-11,PODDARHOUS,PODDARHOUS
INE891B01012,BE,EQ,2023-09-08,2023-09-11,DCMFINSERV,DCMFINSERV
INE919I01024,BE,EQ,2023-09-08,2023-09-11,RADIOCITY,RADIOCITY
INE967C01018,BE,EQ,2023-09-08,2023-09-11,KAMATHOTEL,KAMATHOTEL
INE043A01012,EQ,BE,2023-09-11,2023-09-12,GTL,GTL
INE0A0S01010,BE,EQ,2023-09-11,2023-09-12,SIGMA,SIGMA
INE0MIS01010,BE,EQ,2023-09-11,2023-09-12,PYRAMID,PYRAMID
INE481Z01011,BE,EQ,2023-09-11,2023-09-12,UNIINFO,UNIINFO
INE00NH01017,ST,SM,2023-09-12,2023-09-13,CLSL,CLSL
INE132H01018,EQ,BE,2023-09-12,2023-09-13,AURIONPRO,AURIONPRO
INE637H01024,EQ,BE,2023-09-12,2023-09-13,SHIVAMAUTO,SHIVAMAUTO
INE830Q01018,EQ,BE,2023-09-12,2023-09-13,MANAKCOAT,MANAKCOAT
INE0O3O01017,ST,SM,2023-09-13,2023-09-14,SEL,SEL
INE193E01025,EQ,BE,2023-09-13,2023-09-14,BAJAJELEC,BAJAJELEC
INE937C01029,EQ,BE,2023-09-13,2023-09-14,NILAINFRA,NILAINFRA
INE0ALR01011,EQ,BE,2023-09-14,2023-09-15,ATALREAL,ATALREAL
INE806A01020,EQ,BE,2023-09-14,2023-09-15,VIKASECO,VIKASECO
INE861A01058,EQ,BE,2023-09-14,2023-09-15,VISESHINFO,VISESHINFO
INE005I01014,BE,EQ,2023-09-15,2023-09-18,AMDIND,AMDIND
INE123B01028,BE,EQ,2023-09-15,2023-09-18,NAGREEKEXP,NAGREEKEXP
INE275F01019,BE,EQ,2023-09-15,2023-09-18,UNIVAFOODS,UNIVAFOODS
INE336X01012,BE,EQ,2023-09-15,2023-09-18,TOTAL,TOTAL
INE610C01014,BE,EQ,2023-09-15,2023-09-18,ARENTERP,ARENTERP
INE692B01014,BE,EQ,2023-09-15,2023-09-18,MURUDCERA,MURUDCERA
INE703H01016,BE,EQ,2023-09-15,2023-09-18,HUBTOWN,HUBTOWN
INE819L01012,EQ,BE,2023-09-18,2023-09-20,ELGIRUBCO,ELGIRUBCO
INE013901017,ST,SM,2023-09-20,2023-09-21,SAHAJ,SAHAJ
INE348A01023,EQ,BE,2023-09-20,2023-09-21,ASHAPURMIN,ASHAPURMIN
INE841B01017,EQ,BE,2023-09-20,2023-09-21,INDBANK,INDBANK
INE093B01015,EQ,BE,2023-09-21,2023-09-22,ALPSINDUS,ALPSINDUS
INE0OIP01012,ST,SM,2023-09-21,2023-09-22,MONOPHARMA,MONOPHARMA
INE0QBU01012,ST,SM,2023-09-21,2023-09-22,CPS,CPS
INE369C01017,EQ,BE,2023-09-21,2023-09-22,NORBTEAEXP,NORBTEAEXP
INE874F01027,EQ,BE,2023-09-21,2023-09-22,RADAAN,RADAAN
INE00EM01016,BE,EQ,2023-09-22,2023-09-25,MEGASTAR,MEGASTAR
INE017W01010,BE,EQ,2023-09-22,2023-09-25,SMLT,SMLT
INE032Z01020,BE,EQ,2023-09-22,2023-09-25,BSHSL,BSHSL
INE04AK01028,BE,EQ,2023-09-22,2023-09-25,SBC,SBC
INE04LG01015,BE,EQ,2023-09-22,2023-09-25,PAR,PAR
INE060X01026,BE,EQ,2023-09-22,2023-09-25,DEVIT,DEVIT
INE080A01014,BE,EQ,2023-09-22,2023-09-25,WEIZMANIND,WEIZMANIND
INE0GIU01018,BE,EQ,2023-09-22,2023-09-25,UMAEXPORTS,UMAEXPORTS
INE108E01023,EQ,BE,2023-09-22,2023-09-25,SUNDARAM,SUNDARAM
INE110B01017,BE,EQ,2023-09-22,2023-09-25,MINDTECK,MINDTECK
INE188Y01015,BE,EQ,2023-09-22,2023-09-25,VERTOZ,VERTOZ
INE210A01017,BE,EQ,2023-09-22,2023-09-25,WILLAMAGOR,WILLAMAGOR
INE214A01019,BE,EQ,2023-09-22,2023-09-25,CYBERTECH,CYBERTECH
INE263W01010,BE,EQ,2023-09-22,2023-09-25,MAHESHWARI,MAHESHWARI
INE363M01019,BE,EQ,2023-09-22,2023-09-25,SHEMAROO,SHEMAROO
INE395U01014,BE,EQ,2023-09-22,2023-09-25,NINSYS,NINSYS
INE397H01017,BE,EQ,2023-09-22,2023-09-25,LOKESHMACH,LOKESHMACH
INE411B01019,BE,EQ,2023-09-22,2023-09-25,VENUSREM,VENUSREM
INE450G01024,BE,EQ,2023-09-22,2023-09-25,VIPCLOTHNG,VIPCLOTHNG
INE451L01014,BE,EQ,2023-09-22,2023-09-25,MAHASTEEL,MAHASTEEL
INE471W01019,BE,EQ,2023-09-22,2023-09-25,PALASHSECU,PALASHSECU
INE482B01010,BE,EQ,2023-09-22,2023-09-25,TERASOFT,TERASOFT
INE491V01019,BE,EQ,2023-09-22,2023-09-25,CROWN,CROWN
INE514Y01020,EQ,BE,2023-09-22,2023-09-25,MOKSH,MOKSH
INE529F01035,BE,EQ,2023-09-22,2023-09-25,SIGIND,SIGIND
INE640C01011,EQ,BE,2023-09-22,2023-09-25,SHAHALLOYS,SHAHALLOYS
INE715Y01023,BE,EQ,2023-09-22,2023-09-25,SHRADHA,SHRADHA
INE782X01033,BE,EQ,2023-09-22,2023-09-25,SERVOTECH,SERVOTECH
INE792I01017,BE,EQ,2023-09-22,2023-09-25,CORDSCABLE,CORDSCABLE
INE843B01013,BE,EQ,2023-09-22,2023-09-25,MAHAPEXLTD,MAHAPEXLTD
INE871L01013,EQ,BE,2023-09-22,2023-09-25,TVVISION,TVVISION
INE980Y01015,BE,EQ,2023-09-22,2023-09-25,SOUTHWEST,SOUTHWEST
INE05CZ01011,BE,EQ,2023-09-25,2023-09-26,RATNAVEER,RATNAVEER
INE0OCC01013,ST,SM,2023-09-25,2023-09-26,BASILIC,BASILIC
INE610C01014,EQ,BE,2023-09-25,2023-09-26,ARENTERP,ARENTERP
INE275F01019,EQ,BE,2023-09-26,2023-09-27,UNIVAFOODS,UNIVAFOODS
INE353H01010,EQ,BE,2023-09-26,2023-09-27,SGL,SGL
INE0O7A01017,ST,SM,2023-09-27,2023-09-28,PRAMARA,PRAMARA
INE0PCL01011,ST,SM,2023-09-27,2023-09-28,SAROJA,SAROJA
INE190H01024,EQ,BE,2023-09-27,2023-09-28,SAKUMA,SAKUMA
INE523B01011,EQ,BE,2023-09-27,2023-09-28,AKSHOPTFBR,AKSHOPTFBR
INE590L01019,EQ,BE,2023-09-27,2023-09-28,VASWANI,VASWANI
INE175Y01012,ST,SZ,2023-09-28,2023-10-16,PENTAGOLD,PENTAGOLD
INE193E01025,BE,EQ,2023-09-28,2023-09-29,BAJAJELEC,BAJAJELEC
INE645W01026,EQ,BE,2023-09-28,2023-09-29,AIRAN,AIRAN
INE006Z01016,BE,EQ,2023-09-29,2023-10-03,ARVEE,ARVEE
INE020G01017,BE,EQ,2023-09-29,2023-10-03,INSPIRISYS,INSPIRISYS
INE02YR01019,BE,EQ,2023-09-29,2023-10-03,EMIL,EMIL
INE112D01035,BE,EQ,2023-09-29,2023-10-03,MHLXMIRU,MHLXMIRU
INE191A01027,BE,EQ,2023-09-29,2023-10-03,ORCHPHARMA,ORCHPHARMA
INE200A01026,EQ,BE,2023-09-29,2023-10-03,GET&D,GET&D
INE236Y01012,BE,EQ,2023-09-29,2023-10-03,NGIL,NGIL
INE287C01037,BE,EQ,2023-09-29,2023-10-03,MICEL,MICEL
INE362A01016,BE,EQ,2023-09-29,2023-10-03,PVP,PVP
INE363A01022,BE,EQ,2023-09-29,2023-10-03,ASIANHOTNR,ASIANHOTNR
INE413G01022,BE,EQ,2023-09-29,2023-10-03,TPLPLASTEH,TPLPLASTEH
INE440L01017,BE,EQ,2023-09-29,2023-10-03,TIJARIA,TIJARIA
INE543V01017,BE,EQ,2023-09-29,2023-10-03,ACEINTEG,ACEINTEG
INE570D01018,BE,EQ,2023-09-29,2023-10-03,ARROWGREEN,ARROWGREEN
INE581X01021,EQ,BE,2023-09-29,2023-10-03,GLOBE,GLOBE
INE594B01012,BE,EQ,2023-09-29,2023-10-03,BSL,BSL
INE596H01014,BE,EQ,2023-09-29,2023-10-03,HOVS,HOVS
INE646X01014,EQ,BE,2023-09-29,2023-10-03,ASTRON,ASTRON
INE666E01020,BE,EQ,2023-09-29,2023-10-03,ACL,ACL
INE784B01035,BE,EQ,2023-09-29,2023-10-03,WINSOME,WINSOME
INE844K01012,EQ,BE,2023-09-29,2023-10-03,BEDMUTHA,BEDMUTHA
INE00N401018,SM,ST,2023-10-03,2023-11-16,JAKHARIA,JAKHARIA
INE0N5H01017,ST,SM,2023-10-03,2023-10-04,JIWANRAM,JIWANRAM
INE251H01024,EQ,BE,2023-10-03,2023-10-04,GVKPIL,GVKPIL
INE561H01026,EQ,BE,2023-10-03,2023-10-04,PARSVNATH,PARSVNATH
INE989C01020,BE,EQ,2023-10-03,2023-10-04,DIACABS,DIACABS
INE669A01022,EQ,BE,2023-10-04,2023-10-05,INFOMEDIA,INFOMEDIA
INE047B01011,EQ,BE,2023-10-05,2023-10-06,GILLANDERS,GILLANDERS
INE06MH01016,SM,ST,2023-10-05,2023-11-20,SONAHISONA,SONAHISONA
INE0IGO01011,SM,ST,2023-10-05,2023-10-06,DESTINY,DESTINY
INE0LVM01018,SM,ST,2023-10-05,2023-10-06,GRCL,GRCL
INE0PRF01011,ST,SM,2023-10-05,2023-10-06,UNIHEALTH,UNIHEALTH
INE472B01011,BE,EQ,2023-10-05,2023-10-09,BLUECOAST,BLUECOAST
INE498A01018,EQ,BE,2023-10-05,2023-10-06,DCM,DCM
INE954E01012,EQ,BE,2023-10-05,2023-10-06,MOHITIND,MOHITIND
INE989C01020,EQ,BE,2023-10-05,2023-10-06,DIACABS,DIACABS
INE01IU01018,BE,EQ,2023-10-06,2023-10-09,SKYGOLD,SKYGOLD
INE025A01027,BE,EQ,2023-10-06,2023-10-09,CONSOFINVT,CONSOFINVT
INE058B01018,BE,EQ,2023-10-06,2023-10-09,ZENITHEXPO,ZENITHEXPO
INE060B01014,BE,EQ,2023-10-06,2023-10-09,KHANDSE,KHANDSE
INE120D01012,BE,EQ,2023-10-06,2023-10-09,HITECHCORP,HITECHCORP
INE203Y01012,BE,EQ,2023-10-06,2023-10-09,SILLYMONKS,SILLYMONKS
INE231G01010,BE,EQ,2023-10-06,2023-10-09,ORBTEXP,ORBTEXP
INE234I01010,EQ,BE,2023-10-06,2023-10-09,KAUSHALYA,KAUSHALYA
INE256Z01025,BE,EQ,2023-10-06,2023-10-09,AKSHAR,AKSHAR
INE309M01012,BE,EQ,2023-10-06,2023-10-09,PREMIERPOL,PREMIERPOL
INE337M01013,BE,EQ,2023-10-06,2023-10-09,INDOTHAI,INDOTHAI
INE389K01018,BE,EQ,2023-10-06,2023-10-09,WELINV,WELINV
INE501Y01019,BE,EQ,2023-10-06,2023-10-09,SCPL,SCPL
INE528A01020,BE,EQ,2023-10-06,2023-10-09,GKWLIMITED,GKWLIMITED
INE555B01013,BE,EQ,2023-10-06,2023-10-09,AXISCADES,AXISCADES
INE627H01017,BE,EQ,2023-10-06,2023-10-09,CTE,CTE
INE730A01022,BE,EQ,2023-10-06,2023-10-09,ORICONENT,ORICONENT
INE731A01020,BE,EQ,2023-10-06,2023-10-09,ARCHIES,ARCHIES
INE749B01020,BE,EQ,2023-10-06,2023-10-09,ORTINLAB,ORTINLAB
INE761Y01019,BE,EQ,2023-10-06,2023-10-09,ZODIAC,ZODIAC
INE871K01015,BE,EQ,2023-10-06,2023-10-09,HMVL,HMVL
INE877I01016,BE,EQ,2023-10-06,2023-10-09,ARCHIDPLY,ARCHIDPLY
INE997Y01019,BE,EQ,2023-10-06,2023-10-09,MITTAL,MITTAL
INE040H01021,EQ,BE,2023-10-09,2023-10-10,SUZLON,SUZLON
INE0LXA01019,ST,SM,2023-10-09,2023-10-10,HOLMARC,HOLMARC
INE0PT101017,ST,SM,2023-10-09,2023-10-10,CHAVDA,CHAVDA
INE121N01019,SM,EQ,2023-10-09,2023-10-10,THEJO,THEJO
INE728Z01015,EQ,BE,2023-10-09,2023-10-10,SOFTTECH,SOFTTECH
INE020D01022,EQ,BE,2023-10-10,2023-10-11,BAIDFIN,BAIDFIN
INE0OWX01025,ST,SM,2023-10-10,2023-10-11,KEL,KEL
INE0P6701019,ST,SM,2023-10-10,2023-10-11,MADHUSUDAN,MADHUSUDAN
INE531F01015,BE,EQ,2023-10-10,2023-10-11,NUVAMA,NUVAMA
INE782X01033,EQ,BE,2023-10-10,2023-10-11,SERVOTECH,SERVOTECH
INE0Q7P01013,ST,SM,2023-10-11,2023-10-12,KODYTECH,KODYTECH
INE0OMO01017,ST,SM,2023-10-12,2023-10-13,CELLECOR,CELLECOR
INE0PIC01017,ST,SM,2023-10-12,2023-10-13,HIGREEN,HIGREEN
INE0QP001012,ST,SM,2023-10-12,2023-10-13,MARCO,MARCO
INE210C01013,EQ,BE,2023-10-12,2023-10-13,AROGRANITE,AROGRANITE
INE790B01024,EQ,BE,2023-10-12,2023-10-13,KCPSUGIND,KCPSUGIND
INE016M01021,EQ,BE,2023-10-13,2023-10-16,DNAMEDIA,DNAMEDIA
INE06IR01021,BE,EQ,2023-10-13,2023-10-16,OSIAHYPER,OSIAHYPER
INE0OJM01017,ST,SM,2023-10-13,2023-10-16,MASTER,MASTER
INE262Z01023,BE,EQ,2023-10-13,2023-10-16,LATTEYS,LATTEYS
INE268B01013,BE,EQ,2023-10-13,2023-10-16,KREBSBIO,KREBSBIO
INE362A01016,EQ,BE,2023-10-13,2023-10-16,PVP,PVP
INE368U01011,BE,EQ,2023-10-13,2023-10-16,UNITEDPOLY,UNITEDPOLY
INE374B01019,EQ,BE,2023-10-13,2023-10-16,MUKTAARTS,MUKTAARTS
INE452L01012,EQ,BE,2023-10-13,2023-10-16,INCREDIBLE,INCREDIBLE
INE481Z01011,EQ,BE,2023-10-13,2023-10-16,UNIINFO,UNIINFO
INE486Y01013,BE,EQ,2023-10-13,2023-10-16,TOUCHWOOD,TOUCHWOOD
INE542C01019,EQ,BE,2023-10-13,2023-10-16,NKIND,NKIND
INE544H01014,BE,EQ,2023-10-13,2023-10-16,JHS,JHS
INE569C01020,BE,EQ,2023-10-13,2023-10-16,ORIENTCER,ORIENTCER
INE600A01035,BE,EQ,2023-10-13,2023-10-16,PILITA,PILITA
INE721Z01010,BE,EQ,2023-10-13,2023-10-16,AARON,AARON
INE854S01022,BE,EQ,2023-10-13,2023-10-16,GENCON,GENCON
INE855F01042,BZ,BE,2023-10-13,2023-10-16,ASMS,ASMS
INE886A01014,BE,EQ,2023-10-13,2023-10-16,IITL,IITL
INE891B01012,EQ,BE,2023-10-13,2023-10-16,DCMFINSERV,DCMFINSERV
INE0PSK01027,ST,SM,2023-10-16,2023-10-17,SAAKSHI,SAAKSHI
INE156C01018,EQ,BE,2023-10-16,2023-10-17,PIONEEREMB,PIONEEREMB
INE218C01016,EQ,BE,2023-10-16,2023-10-17,AUSOMENT,AUSOMENT
INE899L01022,BE,EQ,2023-10-16,2023-10-17,UJAAS,UJAAS
INE00C401011,ST,SM,2023-10-17,2023-10-18,MAL,MAL
INE0QJ901011,ST,SM,2023-10-17,2023-10-18,DIGIKORE,DIGIKORE
INE985P01012,SM,ST,2023-10-17,2023-11-29,GRETEX,GRETEX
INE020G01017,EQ,BE,2023-10-18,2023-10-19,INSPIRISYS,INSPIRISYS
INE0NDX01019,ST,SM,2023-10-18,2023-10-19,INSPIRE,INSPIRE
INE0PW501021,ST,SM,2023-10-18,2023-10-19,NEWJAISA,NEWJAISA
INE197J01017,EQ,BE,2023-10-18,2023-10-19,LPDC,LPDC
INE318D01020,EQ,BE,2023-10-18,2023-10-19,ZENITHSTL,ZENITHSTL
INE319B01014,EQ,BE,2023-10-18,2023-10-19,BYKE,BYKE
INE522V01011,SM,ST,2023-10-18,2023-10-27,AVSL,AVSL
INE662A01027,EQ,BE,2023-10-18,2023-10-19,SUPERSPIN,SUPERSPIN
INE688Y01022,EQ,BE,2023-10-18,2023-10-19,DANGEE,DANGEE
INE737B01033,EQ,BE,2023-10-18,2023-10-19,ADROITINFO,ADROITINFO
INE0JWS01017,BE,EQ,2023-10-19,2023-10-20,VALIANTLAB,VALIANTLAB
INE0OLS01010,ST,SM,2023-10-19,2023-10-20,VINYAS,VINYAS
INE472B01011,EQ,BE,2023-10-19,2023-11-06,BLUECOAST,BLUECOAST
INE603A01013,EQ,BE,2023-10-19,2023-10-20,PRAKASH,PRAKASH
INE681C01015,EQ,BE,2023-10-19,2023-10-20,KEYFINSERV,KEYFINSERV
INE02AR01019,BE,EQ,2023-10-20,2023-10-23,ANMOL,ANMOL
INE039B01026,EQ,BE,2023-10-20,2023-10-23,CINEVISTA,CINEVISTA
INE087Z01024,BE,EQ,2023-10-20,2023-10-23,AAKASH,AAKASH
INE08NJ01024,ST,SM,2023-10-20,2023-10-23,ARABIAN,ARABIAN
INE0APB01024,BE,EQ,2023-10-20,2023-10-23,MGEL,MGEL
INE0KFF01017,ST,SM,2023-10-20,2023-10-23,EFACTOR,EFACTOR
INE137I01015,BE,EQ,2023-10-20,2023-10-23,GRPLTD,GRPLTD
INE251C01025,BE,EQ,2023-10-20,2023-10-23,ABMINTLLTD,ABMINTLLTD
INE278R01034,BE,EQ,2023-10-20,2023-10-23,KBCGLOBAL,KBCGLOBAL
INE323J01019,BE,EQ,2023-10-20,2023-10-23,SOMICONVEY,SOMICONVEY
INE378D01032,BE,EQ,2023-10-20,2023-10-23,MADHUCON,MADHUCON
INE451F01024,BE,EQ,2023-10-20,2023-10-23,APOLSINHOT,APOLSINHOT
INE505C01016,EQ,BE,2023-10-20,2023-10-23,PRAENG,PRAENG
INE529F01035,EQ,BE,2023-10-20,2023-10-23,SIGIND,SIGIND
INE586G01017,EQ,BE,2023-10-20,2023-10-23,GULFPETRO,GULFPETRO
INE738V01013,BE,EQ,2023-10-20,2023-10-23,ARTNIRMAN,ARTNIRMAN
INE748Z01013,BE,EQ,2023-10-20,2023-10-23,SUMIT,SUMIT
INE760Y01011,BE,EQ,2023-10-20,2023-10-23,ASHOKAMET,ASHOKAMET
INE792H01019,BE,EQ,2023-10-20,2023-10-23,GLOBALVECT,GLOBALVECT
INE828A01016,BE,EQ,2023-10-20,2023-10-23,BIL,BIL
INE835D01023,BE,EQ,2023-10-20,2023-10-23,HIRECT,HIRECT
INE912H01013,BE,EQ,2023-10-20,2023-10-23,MBLINFRA,MBLINFRA
INE940H01014,EQ,BE,2023-10-20,2023-10-23,PGIL,PGIL
INE0KZ301010,ST,SM,2023-10-23,2023-10-25,KONTOR,KONTOR
INE0PQ001012,ST,SM,2023-10-23,2023-10-25,VISHNUINFR,VISHNUINFR
INE110A01019,EQ,BE,2023-10-23,2023-10-25,BPL,BPL
INE421A01028,EQ,BE,2023-10-23,2023-10-25,ABAN,ABAN
INE436A01026,BE,BZ,2023-10-23,2023-10-30,ANSALAPI,ANSALAPI
INE921B01025,EQ,BE,2023-10-23,2023-10-25,DBSTOCKBRO,DBSTOCKBRO
INE981B01011,BE,BZ,2023-10-23,2023-10-30,CMICABLES,CMICABLES
INE00LM01011,EQ,BE,2023-10-25,2023-10-26,SONAMCLOCK,SONAMCLOCK
INE08KD01015,SM,ST,2023-10-25,2023-11-08,ASCOM,ASCOM
INE0OPS01011,ST,SM,2023-10-25,2023-10-26,OLIL,OLIL
INE0QFE01017,ST,SM,2023-10-25,2023-10-26,GOYALSALT,GOYALSALT
INE0QG301017,ST,SM,2023-10-25,2023-10-26,CANARYS,CANARYS
INE747B01016,EQ,BE,2023-10-25,2023-10-26,NEXTMEDIA,NEXTMEDIA
INE075B01020,BE,EQ,2023-10-26,2023-10-27,SICALLOG,SICALLOG
INE096B01018,EQ,BE,2023-10-26,2023-10-27,NUCLEUS,NUCLEUS
INE0INJ01017,BE,EQ,2023-10-26,2023-10-27,PLAZACABLE,PLAZACABLE
INE0MGA01012,ST,SM,2023-10-26,2023-10-27,KARNIKA,KARNIKA
INE155Z01011,EQ,BE,2023-10-26,2023-10-27,MACPOWER,MACPOWER
INE460Q01014,ST,SM,2023-10-26,2023-10-27,SCML,SCML
INE00S901012,BE,EQ,2023-10-27,2023-10-30,NILASPACES,NILASPACES
INE01II01013,BE,EQ,2023-10-27,2023-10-30,SILGO,SILGO
INE02EZ01022,BE,EQ,2023-10-27,2023-10-30,AXITA,AXITA
INE047O01014,BE,EQ,2023-10-27,2023-10-30,NIBL,NIBL
INE050B01023,BE,EQ,2023-10-27,2023-10-30,IVC,IVC
INE070C01037,EQ,BZ,2023-10-27,2023-10-30,COMPINFO,COMPINFO
INE0PXD01014,ST,SM,2023-10-27,2023-10-30,PLADAINFO,PLADAINFO
INE215I01027,BE,EQ,2023-10-27,2023-10-30,MAANALU,MAANALU
INE222J01013,BE,EQ,2023-10-27,2023-10-30,RANEENGINE,RANEENGINE
INE245I01016,BE,EQ,2023-10-27,2023-10-30,NAGREEKCAP,NAGREEKCAP
INE272L01022,BE,EQ,2023-10-27,2023-10-30,SURANASOL,SURANASOL
INE285H01022,BE,EQ,2023-10-27,2023-10-30,ATLANTA,ATLANTA
INE336H01023,BE,BZ,2023-10-27,2023-10-30,GAYAPROJ,GAYAPROJ
INE424C01010,BE,EQ,2023-10-27,2023-10-30,GINNIFILA,GINNIFILA
INE511Y01018,BE,EQ,2023-10-27,2023-10-30,MMP,MMP
INE521J01018,BE,EQ,2023-10-27,2023-10-30,CAREERP,CAREERP
INE548Z01017,BE,EQ,2023-10-27,2023-10-30,LAGNAM,LAGNAM
INE550H01011,BE,BZ,2023-10-27,2023-10-31,SUPREMEINF,SUPREMEINF
INE641C01019,BE,EQ,2023-10-27,2023-10-30,KAVVERITEL,KAVVERITEL
INE735M01018,BE,EQ,2023-10-27,2023-10-30,SAMPANN,SAMPANN
INE741L01018,BE,EQ,2023-10-27,2023-10-30,DUCON,DUCON
INE888B01018,EQ,BZ,2023-10-27,2023-10-30,PODDARHOUS,PODDARHOUS
INE947I01017,BE,EQ,2023-10-27,2023-10-30,LOTUSEYE,LOTUSEYE
INE982V01025,BE,EQ,2023-10-27,2023-10-30,JETFREIGHT,JETFREIGHT
INE992I01013,BE,EQ,2023-10-27,2023-10-30,STARTECK,STARTECK
INE075B01020,EQ,BE,2023-10-30,2023-10-31,SICALLOG,SICALLOG
INE309M01012,EQ,BE,2023-10-30,2023-10-31,PREMIERPOL,PREMIERPOL
INE388G01026,BE,EQ,2023-10-30,2023-10-31,TCLCONS,TCLCONS
INE185H01016,EQ,BE,2023-10-31,2023-11-01,CELEBRITY,CELEBRITY
INE619A01035,BE,EQ,2023-10-31,2023-11-01,PATANJALI,PATANJALI
INE692B01014,EQ,BE,2023-10-31,2023-11-01,MURUDCERA,MURUDCERA
INE323J01019,EQ,BE,2023-11-01,2023-11-02,SOMICONVEY,SOMICONVEY
INE597Z01014,ST,SM,2023-11-01,2023-11-02,COMMITTED,COMMITTED
INE619B01017,EQ,BE,2023-11-01,2023-11-02,NEWGEN,NEWGEN
INE00RQ01019,SM,ST,2023-11-03,2023-11-07,MINDPOOL,MINDPOOL
INE0LQS01015,BE,EQ,2023-11-03,2023-11-06,TIPSFILMS,TIPSFILMS
INE287Z01012,BE,EQ,2023-11-03,2023-11-06,GAYAHWS,GAYAHWS
INE323B01016,BE,EQ,2023-11-03,2023-11-06,AVONMORE,AVONMORE
INE388G01026,EQ,BE,2023-11-03,2023-11-06,TCLCONS,TCLCONS
INE526E01018,BE,EQ,2023-11-03,2023-11-06,SHRIPISTON,SHRIPISTON
INE648Z01023,BE,EQ,2023-11-03,2023-11-06,ACCURACY,ACCURACY
INE658G01014,BE,EQ,2023-11-03,2023-11-06,SALSTEEL,SALSTEEL
INE725L01011,BE,EQ,2023-11-03,2023-11-06,KARMAENG,KARMAENG
INE731C01018,BE,EQ,2023-11-03,2023-11-06,KHAITANLTD,KHAITANLTD
INE737D01021,BE,EQ,2023-11-03,2023-11-06,MODISONLTD,MODISONLTD
INE938A01021,BE,EQ,2023-11-03,2023-11-06,LCCINFOTEC,LCCINFOTEC
INE00M201021,BE,EQ,2023-11-06,2023-11-07,SWSOLAR,SWSOLAR
INE018401013,BE,EQ,2023-11-06,2023-11-07,SUVIDHAA,SUVIDHAA
INE01EG01016,BE,EQ,2023-11-06,2023-11-07,RITCO,RITCO
INE020G01017,BE,EQ,2023-11-06,2023-11-07,INSPIRISYS,INSPIRISYS
INE036A01016,BE,EQ,2023-11-06,2023-11-07,RELINFRA,RELINFRA
INE047B01011,BE,EQ,2023-11-06,2023-11-07,GILLANDERS,GILLANDERS
INE06H201014,EQ,BE,2023-11-06,2023-11-07,GENSOL,GENSOL
INE087A01019,BE,EQ,2023-11-06,2023-11-07,KESORAMIND,KESORAMIND
INE087B01017,BE,EQ,2023-11-06,2023-11-07,ANIKINDS,ANIKINDS
INE08KJ01020,BE,EQ,2023-11-06,2023-11-07,MUFIN,MUFIN
INE091G01018,BE,EQ,2023-11-06,2023-11-07,JAIBALAJI,JAIBALAJI
INE093B01015,BE,EQ,2023-11-06,2023-11-07,ALPSINDUS,ALPSINDUS
INE0BTI01029,BE,EQ,2023-11-06,2023-11-07,KAMOPAINTS,KAMOPAINTS
INE0CDK01019,SM,ST,2023-11-06,2023-11-07,MAKS,MAKS
INE0FFK01017,SM,ST,2023-11-06,2023-11-07,NPST,NPST
INE0IGO01011,ST,SM,2023-11-06,2023-11-07,DESTINY,DESTINY
INE0J5801011,SM,ST,2023-11-06,2023-11-07,JSLL,JSLL
INE0JW501011,SM,ST,2023-11-06,2023-11-15,SPRL,SPRL
INE0LCW01017,SM,ST,2023-11-06,2023-11-07,ISHAN,ISHAN
INE0LVM01018,ST,SM,2023-11-06,2023-11-07,GRCL,GRCL
INE113X01015,SM,ST,2023-11-06,2023-11-08,ACCORD,ACCORD
INE139B01016,BE,EQ,2023-11-06,2023-11-07,UCAL,UCAL
INE141K01013,BE,EQ,2023-11-06,2023-11-07,TEXMOPIPES,TEXMOPIPES
INE142I01023,BE,EQ,2023-11-06,2023-11-07,TAKE,TAKE
INE142K01011,BE,EQ,2023-11-06,2023-11-07,LYPSAGEMS,LYPSAGEMS
INE236A01020,BE,EQ,2023-11-06,2023-11-07,HCL-INSYS,HCL-INSYS
INE251C01025,EQ,BE,2023-11-06,2023-11-07,ABMINTLLTD,ABMINTLLTD
INE258Y01016,SM,ST,2023-11-06,2023-11-07,LGHL,LGHL
INE274G01010,BE,EQ,2023-11-06,2023-11-07,DHANI,DHANI
INE287C01037,EQ,BE,2023-11-06,2023-11-07,MICEL,MICEL
INE319B01014,BE,EQ,2023-11-06,2023-11-07,BYKE,BYKE
INE325D01025,BE,EQ,2023-11-06,2023-11-07,SINDHUTRAD,SINDHUTRAD
INE332A01027,BE,EQ,2023-11-06,2023-11-07,THOMASCOOK,THOMASCOOK
INE389K01018,EQ,BE,2023-11-06,2023-11-07,WELINV,WELINV
INE405Y01021,SM,ST,2023-11-06,2023-11-08,GOLDSTAR,GOLDSTAR
INE486Y01013,EQ,BE,2023-11-06,2023-11-07,TOUCHWOOD,TOUCHWOOD
INE498A01018,BE,EQ,2023-11-06,2023-11-07,DCM,DCM
INE528A01020,EQ,BE,2023-11-06,2023-11-07,GKWLIMITED,GKWLIMITED
INE562X01013,EQ,BE,2023-11-06,2023-11-07,UNIVASTU,UNIVASTU
INE564T01017,SM,ST,2023-11-06,2024-01-16,JETKNIT,JETKNIT
INE577L01016,BE,EQ,2023-11-06,2023-11-07,STEL,STEL
INE609C01024,BE,EQ,2023-11-06,2023-11-07,ORIENTLTD,ORIENTLTD
INE614Z01017,SM,ST,2023-11-06,2023-11-07,GIRIRAJ,GIRIRAJ
INE617I01024,SM,ST,2023-11-06,2023-11-08,ASLIND,ASLIND
INE658T01017,EQ,BE,2023-11-06,2023-11-07,WEALTH,WEALTH
INE670X01014,BE,EQ,2023-11-06,2023-11-07,LASA,LASA
INE676A01027,EQ,BE,2023-11-06,2023-11-07,BBOX,BBOX
INE677H01012,BE,EQ,2023-11-06,2023-11-07,DEEPENR,DEEPENR
INE760A01029,BE,EQ,2023-11-06,2023-11-07,KOKUYOCMLN,KOKUYOCMLN
INE761Y01019,EQ,BE,2023-11-06,2023-11-07,ZODIAC,ZODIAC
INE781B01015,EQ,BE,2023-11-06,2023-11-07,NOIDATOLL,NOIDATOLL
INE803D01021,BE,EQ,2023-11-06,2023-11-07,INDOBORAX,INDOBORAX
INE813V01022,BE,EQ,2023-11-06,2023-11-07,MCL,MCL
INE826C01016,BE,EQ,2023-11-06,2023-11-07,GUJAPOLLO,GUJAPOLLO
INE834I01025,EQ,BE,2023-11-06,2023-11-07,KHADIM,KHADIM
INE854S01022,EQ,BE,2023-11-06,2023-11-07,GENCON,GENCON
INE863B01011,BE,EQ,2023-11-06,2023-11-07,PREMEXPLN,PREMEXPLN
INE864K01010,BE,EQ,2023-11-06,2023-11-07,IRIS,IRIS
INE877I01016,EQ,BE,2023-11-06,2023-11-07,ARCHIDPLY,ARCHIDPLY
INE886A01014,EQ,BE,2023-11-06,2023-11-07,IITL,IITL
INE927C01020,BE,EQ,2023-11-06,2023-11-07,DIGISPICE,DIGISPICE
INE942G01012,BE,EQ,2023-11-06,2023-11-07,MCLEODRUSS,MCLEODRUSS
INE954E01012,BE,EQ,2023-11-06,2023-11-07,MOHITIND,MOHITIND
INE968D01022,BE,EQ,2023-11-06,2023-11-07,ARSHIYA,ARSHIYA
INE980Y01015,EQ,BE,2023-11-06,2023-11-07,SOUTHWEST,SOUTHWEST
INE999B01013,BE,EQ,2023-11-06,2023-11-07,SANGHIIND,SANGHIIND
INE999K01014,BE,EQ,2023-11-06,2023-11-07,GREENPOWER,GREENPOWER
INE0P4T01013,ST,SM,2023-11-07,2023-11-08,ACSAL,ACSAL
INE258Y01016,ST,BE,2023-11-08,2023-11-10,LGHL,LGHL
INE542Z01010,EQ,BE,2023-11-08,2023-11-09,KAPSTON,KAPSTON
INE667G01023,EQ,BE,2023-11-08,2023-11-09,SAKSOFT,SAKSOFT
INE091G01018,EQ,BE,2023-11-09,2023-11-10,JAIBALAJI,JAIBALAJI
INE0Q9601016,ST,SM,2023-11-09,2023-11-10,WOMANCART,WOMANCART
INE245I01016,EQ,BE,2023-11-09,2023-11-10,NAGREEKCAP,NAGREEKCAP
INE858F01012,EQ,BE,2023-11-09,2023-11-10,NITCO,NITCO
INE03EI01018,BE,EQ,2023-11-10,2023-11-13,MAXESTATES,MAXESTATES
INE052A01021,BE,EQ,2023-11-10,2023-11-13,WINDMACHIN,WINDMACHIN
INE093R01011,BE,EQ,2023-11-10,2023-11-13,LLOYDSENGG,LLOYDSENGG
INE268L01020,BE,EQ,2023-11-10,2023-11-13,SPYL,SPYL
INE418N01035,BE,EQ,2023-11-10,2023-11-13,ESSENTIA,ESSENTIA
INE598C01011,BE,EQ,2023-11-10,2023-11-13,HISARMETAL,HISARMETAL
INE600Y01019,BE,EQ,2023-11-10,2023-11-13,DYCL,DYCL
INE669A01022,BE,EQ,2023-11-10,2023-11-13,INFOMEDIA,INFOMEDIA
INE784B01035,EQ,BE,2023-11-10,2023-11-13,WINSOME,WINSOME
INE0BZQ01011,ST,SM,2023-11-13,2023-11-15,RCDL,RCDL
INE00ER01015,ST,SM,2023-11-15,2023-11-16,ONDOOR,ONDOOR
INE080A01014,EQ,BE,2023-11-16,2023-11-17,WEIZMANIND,WEIZMANIND
INE0LQS01015,EQ,BE,2023-11-16,2023-11-17,TIPSFILMS,TIPSFILMS
INE0O6N01012,SM,ST,2023-11-16,2023-11-17,AGUL,AGUL
INE144D01012,EQ,BE,2023-11-16,2023-11-17,CUBEXTUB,CUBEXTUB
INE363A01022,EQ,BE,2023-11-16,2023-11-17,ASIANHOTNR,ASIANHOTNR
INE471W01019,EQ,BE,2023-11-16,2023-11-17,PALASHSECU,PALASHSECU
INE648Z01023,EQ,BE,2023-11-16,2023-11-17,ACCURACY,ACCURACY
INE741L01018,EQ,BE,2023-11-16,2023-11-17,DUCON,DUCON
INE817H01014,EQ,BE,2023-11-16,2023-11-17,BURNPUR,BURNPUR
IN9175A01010,BE,EQ,2023-11-17,2023-11-20,JISLDVREQS,JISLDVREQS
INE020G01017,EQ,BE,2023-11-17,2023-11-20,INSPIRISYS,INSPIRISYS
INE0N4G01012,ST,SM,2023-11-17,2023-11-20,PARAGON,PARAGON
INE0Q9Q01017,ST,SM,2023-11-17,2023-11-20,SHANTHALA,SHANTHALA
INE251B01027,BE,EQ,2023-11-17,2023-11-20,ZENTEC,ZENTEC
INE319Z01021,BE,EQ,2023-11-17,2023-11-20,SUPREMEENG,SUPREMEENG
INE368I01016,BE,EQ,2023-11-17,2023-11-20,NIRAJ,NIRAJ
INE414B01021,BE,EQ,2023-11-17,2023-11-20,ANTGRAPHIC,ANTGRAPHIC
INE449G01018,BE,EQ,2023-11-17,2023-11-20,AGRITECH,AGRITECH
INE500X01013,BE,EQ,2023-11-17,2023-11-20,LEXUS,LEXUS
INE529D01014,BE,EQ,2023-11-17,2023-11-20,PATINTLOG,PATINTLOG
INE583R01029,BE,EQ,2023-11-17,2023-11-20,PRITIKAUTO,PRITIKAUTO
INE642Y01029,BE,EQ,2023-11-17,2023-11-20,HINDCON,HINDCON
INE699B01027,BE,EQ,2023-11-17,2023-11-20,SAMBHAAV,SAMBHAAV
INE801L01010,BE,EQ,2023-11-17,2023-11-20,AIROLAM,AIROLAM
INE840Y01029,BE,EQ,2023-11-17,2023-11-20,ONEPOINT,ONEPOINT
INE0INJ01017,EQ,BE,2023-11-20,2023-11-21,PLAZACABLE,PLAZACABLE
INE0NVI01020,ST,SM,2023-11-20,2023-11-21,TRANSTEEL,TRANSTEEL
INE268L01020,EQ,BE,2023-11-20,2023-11-21,SPYL,SPYL
INE319B01014,EQ,BE,2023-11-20,2023-11-21,BYKE,BYKE
INE912H01013,EQ,BE,2023-11-20,2023-11-21,MBLINFRA,MBLINFRA
INE0PLQ01011,ST,SM,2023-11-21,2023-11-22,MAITREYA,MAITREYA
INE141D01018,BE,EQ,2023-11-21,2023-11-22,TNTELE,TNTELE
INE387I01016,BE,EQ,2023-11-21,2023-11-22,MAGNUM,MAGNUM
INE539B01017,BE,EQ,2023-11-21,2023-11-22,VIRINCHI,VIRINCHI
INE713T01028,EQ,BE,2023-11-21,2023-11-22,APOLLO,APOLLO
INE863I01016,EQ,BE,2023-11-21,2023-11-22,BANG,BANG
INE863T01013,BE,EQ,2023-11-21,2023-11-22,JITFINFRA,JITFINFRA
INE0PUC01020,ST,SM,2023-11-22,2023-11-23,SARTELE,SARTELE
INE287Z01012,EQ,BE,2023-11-22,2023-11-23,GAYAHWS,GAYAHWS
INE550B01022,EQ,BE,2023-11-22,2023-11-23,HBSL,HBSL
INE756C01015,EQ,BE,2023-11-22,2023-11-23,NDGL,NDGL
INE491V01019,EQ,BE,2023-11-23,2023-11-24,CROWN,CROWN
INE074B01023,BE,EQ,2023-11-24,2023-11-28,PARACABLES,PARACABLES
INE0PZK01014,ST,SM,2023-11-24,2023-11-28,MICROPRO,MICROPRO
INE144J01027,BE,EQ,2023-11-24,2023-11-28,20MICRONS,20MICRONS
INE353A01023,BE,EQ,2023-11-24,2023-11-28,NDLVENTURE,NDLVENTURE
INE419A01022,BE,EQ,2023-11-24,2023-11-28,KOTARISUG,KOTARISUG
INE527H01019,BE,EQ,2023-11-24,2023-11-28,UFO,UFO
INE553C01016,EQ,BE,2023-11-24,2023-11-28,NECCLTD,NECCLTD
INE863T01013,EQ,BE,2023-11-24,2023-11-28,JITFINFRA,JITFINFRA
INE187D01029,EQ,BE,2023-11-28,2023-11-29,TALBROAUTO,TALBROAUTO
INE378D01032,EQ,BE,2023-11-28,2023-11-29,MADHUCON,MADHUCON
INE087B01017,EQ,BE,2023-11-29,2023-11-30,ANIKINDS,ANIKINDS
INE0QW501012,ST,SM,2023-11-29,2023-11-30,BABAFP,BABAFP
INE319Z01021,EQ,BE,2023-11-29,2023-11-30,SUPREMEENG,SUPREMEENG
INE453B01029,EQ,BE,2023-11-29,2023-11-30,COMPUSOFT,COMPUSOFT
INE669A01022,EQ,BE,2023-11-29,2023-11-30,INFOMEDIA,INFOMEDIA
INE797H01018,EQ,BE,2023-11-29,2023-11-30,TGBHOTELS,TGBHOTELS
INE912L01015,EQ,BE,2023-11-29,2023-11-30,ONELIFECAP,ONELIFECAP
INE03RS01027,EQ,BE,2023-11-30,2023-12-01,DRCSYSTEMS,DRCSYSTEMS
INE093R01011,EQ,BE,2023-11-30,2023-12-01,LLOYDSENGG,LLOYDSENGG
INE0PDJ01013,ST,SM,2023-11-30,2023-12-01,ROXHITECH,ROXHITECH
INE0Q9601016,SM,ST,2023-11-30,2023-12-01,WOMANCART,WOMANCART
INE414B01021,EQ,BE,2023-11-30,2023-12-01,ANTGRAPHIC,ANTGRAPHIC
INE641C01019,EQ,BE,2023-11-30,2023-12-01,KAVVERITEL,KAVVERITEL
INE699B01027,EQ,BE,2023-11-30,2023-12-01,SAMBHAAV,SAMBHAAV
INE725L01011,EQ,BE,2023-11-30,2023-12-01,KARMAENG,KARMAENG
INE875G01030,EQ,BE,2023-11-30,2023-12-01,NDL,NDL
INE933A01014,EQ,BE,2023-11-30,2023-12-01,LYKALABS,LYKALABS
INE00QT01015,BE,EQ,2023-12-01,2023-12-04,SGIL,SGIL
INE060J01017,BE,EQ,2023-12-01,2023-12-04,FLEXITUFF,FLEXITUFF
INE073D01013,BE,EQ,2023-12-01,2023-12-04,SUNDRMBRAK,SUNDRMBRAK
INE09E501017,BE,EQ,2023-12-01,2023-12-04,RVHL,RVHL
INE0D6I01015,BE,EQ,2023-12-01,2023-12-04,KSOLVES,KSOLVES
INE122M01019,BE,EQ,2023-12-01,2023-12-04,ESSARSHPNG,ESSARSHPNG
INE126M01010,BE,EQ,2023-12-01,2023-12-04,YAARI,YAARI
INE158B01016,EQ,BE,2023-12-01,2023-12-04,EIMCOELECO,EIMCOELECO
INE159N01027,BE,EQ,2023-12-01,2023-12-04,VIJIFIN,VIJIFIN
INE285H01022,EQ,BE,2023-12-01,2023-12-04,ATLANTA,ATLANTA
INE320B01020,BE,EQ,2023-12-01,2023-12-04,CENTUM,CENTUM
INE411Y01011,BE,EQ,2023-12-01,2023-12-04,DIL,DIL
INE591A01010,BE,EQ,2023-12-01,2023-12-04,OILCOUNTUB,OILCOUNTUB
INE652F01027,BE,EQ,2023-12-01,2023-12-04,CCHHL,CCHHL
INE697V01011,BE,EQ,2023-12-01,2023-12-04,PANSARI,PANSARI
INE718H01014,BE,EQ,2023-12-01,2023-12-04,AUTOIND,AUTOIND
INE740X01015,BE,EQ,2023-12-01,2023-12-04,LAL,LAL
INE927D01044,BE,EQ,2023-12-01,2023-12-04,JBMA,JBMA
INE02PY01013,EQ,BE,2023-12-04,2023-12-05,BOROLTD,BOROLTD
INE0FLR01028,EQ,BE,2023-12-04,2023-12-05,IWEL,IWEL
INE0PLZ01012,ST,SM,2023-12-04,2023-12-05,SUNREST,SUNREST
INE748Z01013,EQ,BE,2023-12-06,2023-12-07,SUMIT,SUMIT
INE715Y01023,EQ,BE,2023-12-07,2023-12-08,SHRADHA,SHRADHA
INE116D01028,BE,EQ,2023-12-08,2023-12-11,BAGFILMS,BAGFILMS
INE165B01029,BE,EQ,2023-12-08,2023-12-11,RSSOFTWARE,RSSOFTWARE
INE217K01011,BE,EQ,2023-12-08,2023-12-11,RHFL,RHFL
INE224E01036,BE,EQ,2023-12-08,2023-12-11,GATECHDVR,GATECHDVR
INE278G01037,BE,EQ,2023-12-08,2023-12-11,CYBERMEDIA,CYBERMEDIA
INE281A01026,BE,EQ,2023-12-08,2023-12-11,CENTEXT,CENTEXT
INE360L01017,BE,EQ,2023-12-08,2023-12-11,FMNL,FMNL
INE393A01011,BE,EQ,2023-12-08,2023-12-11,DELTAMAGNT,DELTAMAGNT
INE458B01036,BE,EQ,2023-12-08,2023-12-11,BHAGYANGR,BHAGYANGR
INE557Z01018,BE,EQ,2023-12-08,2023-12-11,PIGL,PIGL
INE792B01012,BE,EQ,2023-12-08,2023-12-11,AMBICAAGAR,AMBICAAGAR
INE798K01010,BE,EQ,2023-12-08,2023-12-11,KRITINUT,KRITINUT
INE224E01028,BE,EQ,2023-12-11,2023-12-12,GATECH,GATECH
INE285H01022,BE,EQ,2023-12-11,2023-12-12,ATLANTA,ATLANTA
INE414B01021,BE,EQ,2023-12-11,2023-12-12,ANTGRAPHIC,ANTGRAPHIC
INE695B01025,EQ,BE,2023-12-11,2023-12-12,COUNCODOS,COUNCODOS
INE804H01012,EQ,BE,2023-12-11,2023-12-12,TFL,TFL
INE080B01012,EQ,BE,2023-12-12,2023-12-13,KOHINOOR,KOHINOOR
INE087Z01024,EQ,BE,2023-12-12,2023-12-13,AAKASH,AAKASH
INE111B01023,EQ,BE,2023-12-12,2023-12-13,63MOONS,63MOONS
INE123B01028,EQ,BE,2023-12-12,2023-12-13,NAGREEKEXP,NAGREEKEXP
INE509F01011,EQ,BE,2023-12-12,2023-12-13,CUPID,CUPID
INE828A01016,EQ,BE,2023-12-12,2023-12-13,BIL,BIL
INE006Z01016,EQ,BE,2023-12-13,2023-12-14,ARVEE,ARVEE
INE00WS01056,SM,ST,2023-12-13,2023-12-14,GSTL,GSTL
INE0PTR01012,ST,SM,2023-12-13,2023-12-14,ROCKINGDCE,ROCKINGDCE
INE203Y01012,EQ,BE,2023-12-13,2023-12-14,SILLYMONKS,SILLYMONKS
INE285H01022,EQ,BE,2023-12-13,2023-12-14,ATLANTA,ATLANTA
INE684Z01010,SM,ST,2023-12-13,2023-12-14,BRIGHT,BRIGHT
INE814H01011,EQ,BE,2023-12-13,2023-12-14,ADANIPOWER,ADANIPOWER
INE968D01022,EQ,BE,2023-12-13,2023-12-14,ARSHIYA,ARSHIYA
INE00S901012,EQ,BE,2023-12-14,2023-12-15,NILASPACES,NILASPACES
INE210A01017,EQ,BE,2023-12-14,2023-12-15,WILLAMAGOR,WILLAMAGOR
INE251B01027,EQ,BE,2023-12-14,2023-12-15,ZENTEC,ZENTEC
INE306C01019,EQ,BE,2023-12-14,2023-12-15,ENERGYDEV,ENERGYDEV
INE974Z01015,EQ,BE,2023-12-14,2023-12-15,PRITI,PRITI
INE01C001018,BE,EQ,2023-12-15,2023-12-18,AARTECH,AARTECH
INE022C01012,BE,EQ,2023-12-15,2023-12-18,EUROTEXIND,EUROTEXIND
INE272L01022,EQ,BE,2023-12-15,2023-12-18,SURANASOL,SURANASOL
INE275F01019,BE,EQ,2023-12-15,2023-12-18,UNIVAFOODS,UNIVAFOODS
INE632X01030,EQ,BE,2023-12-15,2023-12-18,SHRENIK,SHRENIK
INE637H01024,BE,EQ,2023-12-15,2023-12-18,SHIVAMAUTO,SHIVAMAUTO
INE696K01024,BE,EQ,2023-12-15,2023-12-18,PRAKASHSTL,PRAKASHSTL
INE806A01020,BE,EQ,2023-12-15,2023-12-18,VIKASECO,VIKASECO
INE874F01027,BE,EQ,2023-12-15,2023-12-18,RADAAN,RADAAN
INE937C01029,BE,EQ,2023-12-15,2023-12-18,NILAINFRA,NILAINFRA
INE005I01014,EQ,BE,2023-12-18,2023-12-19,AMDIND,AMDIND
INE02PY01013,BE,EQ,2023-12-18,2023-12-19,BOROLTD,BOROLTD
INE275F01019,EQ,BE,2023-12-18,2023-12-20,UNIVAFOODS,UNIVAFOODS
INE750D01016,EQ,BE,2023-12-18,2023-12-19,RELCHEMQ,RELCHEMQ
INE820Y01021,EQ,BE,2023-12-18,2023-12-19,AJOONI,AJOONI
INE526B01014,EQ,BE,2023-12-19,2023-12-20,CALSOFT,CALSOFT
INE018401013,EQ,BE,2023-12-20,2023-12-21,SUVIDHAA,SUVIDHAA
INE050B01023,EQ,BE,2023-12-20,2023-12-21,IVC,IVC
INE596H01014,EQ,BE,2023-12-20,2023-12-21,HOVS,HOVS
INE0P1P01017,ST,SM,2023-12-21,2023-12-22,MARINETRAN,MARINETRAN
INE112D01035,EQ,BE,2023-12-21,2023-12-22,MHLXMIRU,MHLXMIRU
INE289C01025,EQ,BE,2023-12-21,2023-12-22,TIMESGTY,TIMESGTY
INE518X01015,ST,SM,2023-12-21,2023-12-22,CBAZAAR,CBAZAAR
INE558R01013,EQ,BE,2023-12-21,2023-12-22,HECPROJECT,HECPROJECT
INE00KV01022,BE,EQ,2023-12-22,2023-12-26,RAJMET,RAJMET
INE02WG01016,BE,EQ,2023-12-22,2023-12-26,WEL,WEL
INE047O01014,EQ,BE,2023-12-22,2023-12-26,NIBL,NIBL
INE04VX01019,ST,SM,2023-12-22,2023-12-26,SHEETAL,SHEETAL
INE093R01011,BE,EQ,2023-12-22,2023-12-26,LLOYDSENGG,LLOYDSENGG
INE251B01027,BE,EQ,2023-12-22,2023-12-26,ZENTEC,ZENTEC
INE348A01023,BE,EQ,2023-12-22,2023-12-26,ASHAPURMIN,ASHAPURMIN
INE567A01028,BE,EQ,2023-12-22,2023-12-26,NIPPOBATRY,NIPPOBATRY
INE586X01012,BE,EQ,2023-12-22,2023-12-26,GTECJAINX,GTECJAINX
INE640C01011,BE,EQ,2023-12-22,2023-12-26,SHAHALLOYS,SHAHALLOYS
INE650L01011,BE,EQ,2023-12-22,2023-12-26,BROOKS,BROOKS
INE658G01014,EQ,BE,2023-12-22,2023-12-26,SALSTEEL,SALSTEEL
INE711A01022,BE,EQ,2023-12-22,2023-12-26,WALCHANNAG,WALCHANNAG
INE778K01012,EQ,BE,2023-12-22,2023-12-26,EMAMIREAL,EMAMIREAL
INE841B01017,BE,EQ,2023-12-22,2023-12-26,INDBANK,INDBANK
INE945H01013,BE,EQ,2023-12-22,2023-12-26,V2RETAIL,V2RETAIL
INE253B01015,EQ,BE,2023-12-26,2023-12-27,21STCENMGM,21STCENMGM
INE296H01011,EQ,BE,2023-12-26,2023-12-27,EMKAY,EMKAY
INE507Y01016,ST,SZ,2023-12-26,2024-01-08,SKSTEXTILE,SKSTEXTILE
INE642Y01029,EQ,BE,2023-12-26,2023-12-27,HINDCON,HINDCON
INE992I01013,EQ,BE,2023-12-26,2023-12-27,STARTECK,STARTECK
INE0POU01017,ST,SM,2023-12-27,2023-12-28,GRAPHISAD,GRAPHISAD
INE112X01017,EQ,BE,2023-12-27,2023-12-28,SIKKO,SIKKO
INE482J01021,EQ,BE,2023-12-27,2023-12-28,SHAH,SHAH
INE060X01026,EQ,BE,2023-12-28,2023-12-29,DEVIT,DEVIT
INE093R01011,EQ,BE,2023-12-28,2023-12-29,LLOYDSENGG,LLOYDSENGG
INE0MO401019,SM,ST,2023-12-28,2023-12-29,VIAZ,VIAZ
INE130B01031,EQ,BE,2023-12-28,2023-12-29,SURANAT&P,SURANAT&P
INE142K01011,EQ,BE,2023-12-28,2023-12-29,LYPSAGEMS,LYPSAGEMS
INE224E01028,EQ,BE,2023-12-28,2023-12-29,GATECH,GATECH
INE251B01027,EQ,BE,2023-12-28,2023-12-29,ZENTEC,ZENTEC
INE349X01015,SM,ST,2023-12-28,2023-12-29,JALAN,JALAN
INE414B01021,EQ,BE,2023-12-28,2023-12-29,ANTGRAPHIC,ANTGRAPHIC
INE500X01013,EQ,BE,2023-12-28,2023-12-29,LEXUS,LEXUS
INE544A01019,EQ,BE,2023-12-28,2023-12-29,HARRMALAYA,HARRMALAYA
INE586X01012,EQ,BE,2023-12-28,2023-12-29,GTECJAINX,GTECJAINX
INE637H01024,EQ,BE,2023-12-28,2023-12-29,SHIVAMAUTO,SHIVAMAUTO
INE704V01015,SM,ST,2023-12-28,2023-12-29,DRL,DRL
INE776I01010,EQ,BE,2023-12-28,2023-12-29,MEP,MEP
INE942G01012,EQ,BE,2023-12-28,2023-12-29,MCLEODRUSS,MCLEODRUSS
INE043A01012,BE,EQ,2023-12-29,2024-01-01,GTL,GTL
INE0Q5D01013,ST,SM,2023-12-29,2024-01-01,ACCENTMIC,ACCENTMIC
INE190H01024,BE,EQ,2023-12-29,2024-01-01,SAKUMA,SAKUMA
INE198H01019,BE,EQ,2023-12-29,2024-01-01,AAREYDRUGS,AAREYDRUGS
INE251H01024,BE,EQ,2023-12-29,2024-01-01,GVKPIL,GVKPIL
INE324X01026,BE,EQ,2023-12-29,2024-01-01,SARVESHWAR,SARVESHWAR
INE332H01014,BE,EQ,2023-12-29,2024-01-01,INDOTECH,INDOTECH
INE348A01023,EQ,BE,2023-12-29,2024-01-01,ASHAPURMIN,ASHAPURMIN
INE353H01010,BE,EQ,2023-12-29,2024-01-01,SGL,SGL
INE523B01011,BE,EQ,2023-12-29,2024-01-01,AKSHOPTFBR,AKSHOPTFBR
INE524L01026,BE,EQ,2023-12-29,2024-01-01,KRIDHANINF,KRIDHANINF
INE562B01019,BE,EQ,2023-12-29,2024-01-01,RAJSREESUG,RAJSREESUG
INE590L01019,BE,EQ,2023-12-29,2024-01-01,VASWANI,VASWANI
INE610C01014,BE,EQ,2023-12-29,2024-01-01,ARENTERP,ARENTERP
INE645W01026,BE,EQ,2023-12-29,2024-01-01,AIRAN,AIRAN
INE646X01014,BE,EQ,2023-12-29,2024-01-01,ASTRON,ASTRON
INE691G01015,BE,EQ,2023-12-29,2024-01-01,IMPEXFERRO,IMPEXFERRO
INE729D01010,BE,EQ,2023-12-29,2024-01-01,KILITCH,KILITCH
INE844K01012,BE,EQ,2023-12-29,2024-01-01,BEDMUTHA,BEDMUTHA
INE861B01023,BE,EQ,2023-12-29,2024-01-01,MOTOGENFIN,MOTOGENFIN
INE895W01019,BE,EQ,2023-12-29,2024-01-01,PANACHE,PANACHE
INE0R1601012,ST,SM,2024-01-01,2024-01-02,PRESSTONIC,PRESSTONIC
INE217K01011,EQ,BE,2024-01-01,2024-01-02,RHFL,RHFL
INE914E01040,EQ,BE,2024-01-01,2024-01-02,ALANKIT,ALANKIT
INE0BTM01013,EQ,BE,2024-01-02,2024-01-03,SECMARK,SECMARK
INE0F3301020,ST,SM,2024-01-02,2024-01-03,SJLOGISTIC,SJLOGISTIC
INE0KQN01018,BE,EQ,2024-01-02,2024-01-03,BAJEL,BAJEL
INE505Y01010,EQ,BE,2024-01-02,2024-01-03,VINEETLAB,VINEETLAB
INE760Y01011,EQ,BE,2024-01-02,2024-01-03,ASHOKAMET,ASHOKAMET
INE02S501018,ST,SM,2024-01-04,2024-01-05,SHREEOSFM,SHREEOSFM
INE256Z01025,EQ,BE,2024-01-04,2024-01-05,AKSHAR,AKSHAR
INE735M01018,EQ,BE,2024-01-04,2024-01-05,SAMPANN,SAMPANN
INE737W01013,EQ,BE,2024-01-04,2024-01-05,AKASH,AKASH
INE753W01010,EQ,BE,2024-01-04,2024-01-05,SANGINITA,SANGINITA
INE862Y01015,EQ,BE,2024-01-04,2024-01-05,BANKA,BANKA
INE020G01017,BE,EQ,2024-01-05,2024-01-08,INSPIRISYS,INSPIRISYS
INE093R01011,BE,EQ,2024-01-05,2024-01-08,LLOYDSENGG,LLOYDSENGG
INE100D01014,BE,EQ,2024-01-05,2024-01-08,WSI,WSI
INE116D01028,EQ,BE,2024-01-05,2024-01-08,BAGFILMS,BAGFILMS
INE251B01027,BE,EQ,2024-01-05,2024-01-08,ZENTEC,ZENTEC
INE319Z01021,BE,EQ,2024-01-05,2024-01-08,SUPREMEENG,SUPREMEENG
INE348A01023,BE,EQ,2024-01-05,2024-01-08,ASHAPURMIN,ASHAPURMIN
INE669A01022,BE,EQ,2024-01-05,2024-01-08,INFOMEDIA,INFOMEDIA
INE00KV01022,EQ,BE,2024-01-08,2024-01-09,RAJMET,RAJMET
INE043A01012,EQ,BE,2024-01-08,2024-01-09,GTL,GTL
INE0FRK01012,BE,EQ,2024-01-08,2024-01-09,MOTISONS,MOTISONS
INE696K01024,EQ,BE,2024-01-08,2024-01-09,PRAKASHSTL,PRAKASHSTL
INE019C01026,EQ,BE,2024-01-09,2024-01-10,HSCL,HSCL
INE043C01018,EQ,BE,2024-01-09,2024-01-10,IVP,IVP
INE098201036,EQ,BE,2024-01-09,2024-01-10,VCL,VCL
INE0PEQ01016,BE,EQ,2024-01-09,2024-01-10,RBZJEWEL,RBZJEWEL
INE0Q1W01012,ST,SM,2024-01-09,2024-01-10,EFORCE,EFORCE
INE319Z01021,EQ,BE,2024-01-09,2024-01-10,SUPREMEENG,SUPREMEENG
INE418N01035,EQ,BE,2024-01-09,2024-01-10,ESSENTIA,ESSENTIA
INE874F01027,EQ,BE,2024-01-09,2024-01-10,RADAAN,RADAAN
INE020G01017,EQ,BE,2024-01-10,2024-01-11,INSPIRISYS,INSPIRISYS
INE070Y01015,SM,ST,2024-01-10,2024-01-11,INNOVATIVE,INNOVATIVE
INE0D0U01013,EQ,BE,2024-01-10,2024-01-11,AAATECH,AAATECH
INE0O3O01017,SM,ST,2024-01-10,2024-01-11,SEL,SEL
INE198H01019,EQ,BE,2024-01-10,2024-01-11,AAREYDRUGS,AAREYDRUGS
INE326B01027,EQ,BE,2024-01-10,2024-01-11,ALMONDZ,ALMONDZ
INE523B01011,EQ,BE,2024-01-10,2024-01-11,AKSHOPTFBR,AKSHOPTFBR
INE524L01026,EQ,BE,2024-01-10,2024-01-11,KRIDHANINF,KRIDHANINF
INE591A01010,EQ,BE,2024-01-10,2024-01-11,OILCOUNTUB,OILCOUNTUB
INE645W01026,EQ,BE,2024-01-10,2024-01-11,AIRAN,AIRAN
INE792H01019,EQ,BE,2024-01-10,2024-01-11,GLOBALVECT,GLOBALVECT
INE813V01022,EQ,BE,2024-01-10,2024-01-11,MCL,MCL
INE861B01023,EQ,BE,2024-01-10,2024-01-11,MOTOGENFIN,MOTOGENFIN
INE878H01024,EQ,BE,2024-01-10,2024-01-11,INVENTURE,INVENTURE
INE925C01016,EQ,BE,2024-01-10,2024-01-11,MADHAV,MADHAV
INE976T01013,EQ,BE,2024-01-10,2024-01-11,SAGARDEEP,SAGARDEEP
INE01IU01018,EQ,BE,2024-01-11,2024-01-12,SKYGOLD,SKYGOLD
INE0PS301014,ST,SM,2024-01-11,2024-01-12,INDIFRA,INDIFRA
INE0Q3R01026,BE,EQ,2024-01-11,2024-01-12,SUNCLAY,SUNCLAY
INE0QD201012,ST,SM,2024-01-11,2024-01-12,TECHLABS,TECHLABS
INE0QHG01026,ST,SM,2024-01-11,2024-01-12,SUPREMEPWR,SUPREMEPWR
INE020D01022,BE,EQ,2024-01-12,2024-01-15,BAIDFIN,BAIDFIN
INE040H01021,BE,EQ,2024-01-12,2024-01-15,SUZLON,SUZLON
INE0A1101019,BE,EQ,2024-01-12,2024-01-15,DCI,DCI
INE0PZA01015,ST,SM,2024-01-12,2024-01-15,SAIFL,SAIFL
INE210C01013,BE,EQ,2024-01-12,2024-01-15,AROGRANITE,AROGRANITE
INE370E01029,EQ,BE,2024-01-12,2024-01-15,VIVIDHA,VIVIDHA
INE474E01029,BE,EQ,2024-01-12,2024-01-15,BHANDARI,BHANDARI
INE540A01017,EQ,BE,2024-01-12,2024-01-15,GLFL,GLFL
INE617A01013,BE,EQ,2024-01-12,2024-01-15,SEMAC,SEMAC
INE669A01022,EQ,BE,2024-01-12,2024-01-15,INFOMEDIA,INFOMEDIA
INE938A01021,EQ,BE,2024-01-12,2024-01-15,LCCINFOTEC,LCCINFOTEC
INE01II01013,EQ,BE,2024-01-15,2024-01-16,SILGO,SILGO
INE126M01010,EQ,BE,2024-01-15,2024-01-16,YAARI,YAARI
INE0EK901012,EQ,BE,2024-01-16,2024-01-17,TARC,TARC
INE0PCY01014,ST,SM,2024-01-16,2024-01-17,AKANKSHA,AKANKSHA
INE0R3501012,ST,SM,2024-01-16,2024-01-17,HRHNEXT,HRHNEXT
INE564T01017,ST,SM,2024-01-16,2024-02-28,JETKNIT,JETKNIT
INE01P501012,EQ,BE,2024-01-17,2024-01-18,XELPMOC,XELPMOC
INE251H01024,EQ,BE,2024-01-17,2024-01-18,GVKPIL,GVKPIL
INE558D01021,EQ,BE,2024-01-17,2024-01-18,CORALFINAC,CORALFINAC
INE738V01013,EQ,BE,2024-01-17,2024-01-18,ARTNIRMAN,ARTNIRMAN
INE0RCG01017,ST,SM,2024-01-18,2024-01-19,KCEIL,KCEIL
INE316L01019,EQ,BE,2024-01-18,2024-01-19,BHARATWIRE,BHARATWIRE
INE482B01010,EQ,BE,2024-01-18,2024-01-19,TERASOFT,TERASOFT
INE691G01015,EQ,BE,2024-01-18,2024-01-19,IMPEXFERRO,IMPEXFERRO
INE964W01021,EQ,BE,2024-01-18,2024-01-19,MKPL,MKPL
INE068Z01016,SM,ST,2024-01-19,2024-01-23,VASA,VASA
INE09E501017,EQ,BE,2024-01-19,2024-01-23,RVHL,RVHL
INE0Q2V01012,ST,SM,2024-01-19,2024-01-23,KLL,KLL
INE156C01018,BE,EQ,2024-01-19,2024-01-23,PIONEEREMB,PIONEEREMB
INE197A01024,BE,EQ,2024-01-19,2024-01-23,JYOTISTRUC,JYOTISTRUC
INE197J01017,BE,EQ,2024-01-19,2024-01-23,LPDC,LPDC
INE218C01016,BE,EQ,2024-01-19,2024-01-23,AUSOMENT,AUSOMENT
INE360L01017,EQ,BE,2024-01-19,2024-01-23,FMNL,FMNL
INE481Z01011,BE,EQ,2024-01-19,2024-01-23,UNIINFO,UNIINFO
INE546Y01022,BE,EQ,2024-01-19,2024-01-23,PRAXIS,PRAXIS
INE603A01013,BE,EQ,2024-01-19,2024-01-23,PRAKASH,PRAKASH
INE681C01015,BE,EQ,2024-01-19,2024-01-23,KEYFINSERV,KEYFINSERV
INE784W01015,EQ,BE,2024-01-19,2024-01-23,MANOMAY,MANOMAY
INE788B01028,BE,EQ,2024-01-19,2024-01-23,INDSWFTLTD,INDSWFTLTD
INE940H01022,BE,EQ,2024-01-19,2024-01-23,PGIL,PGIL
INE0PSC01024,BE,EQ,2024-01-23,2024-01-24,DIGIDRIVE,DIGIDRIVE
INE546Y01022,EQ,BE,2024-01-23,2024-01-24,PRAXIS,PRAXIS
INE047B01011,EQ,BE,2024-01-24,2024-01-25,GILLANDERS,GILLANDERS
INE281A01026,EQ,BE,2024-01-24,2024-01-25,CENTEXT,CENTEXT
INE583R01029,EQ,BE,2024-01-24,2024-01-25,PRITIKAUTO,PRITIKAUTO
INE652F01027,EQ,BE,2024-01-24,2024-01-25,CCHHL,CCHHL
INE828O01033,EQ,BE,2024-01-24,2024-01-25,MITCON,MITCON
INE00LM01011,BE,EQ,2024-01-25,2024-01-29,SONAMLTD,SONAMLTD
INE05X901010,BE,EQ,2024-01-25,2024-01-29,HPIL,HPIL
INE0ALR01029,BE,EQ,2024-01-25,2024-01-29,ATALREAL,ATALREAL
INE110A01019,BE,EQ,2024-01-25,2024-01-29,BPL,BPL
INE188Y01015,EQ,BE,2024-01-25,2024-01-29,VERTOZ,VERTOZ
INE231C01019,BE,EQ,2024-01-25,2024-01-29,SHREYANIND,SHREYANIND
INE421A01028,BE,EQ,2024-01-25,2024-01-29,ABAN,ABAN
INE514Y01020,BE,EQ,2024-01-25,2024-01-29,MOKSH,MOKSH
INE529F01035,BE,EQ,2024-01-25,2024-01-29,SIGIND,SIGIND
INE586G01017,BE,EQ,2024-01-25,2024-01-29,GULFPETRO,GULFPETRO
INE819L01012,BE,EQ,2024-01-25,2024-01-29,ELGIRUBCO,ELGIRUBCO
INE831A01028,BE,EQ,2024-01-25,2024-01-29,MIRCELECTR,MIRCELECTR
INE867A01022,BE,EQ,2024-01-25,2024-01-29,MANUGRAPH,MANUGRAPH
INE977Y01011,BE,EQ,2024-01-25,2024-01-29,BCONCEPTS,BCONCEPTS
INE0G2G01015,SM,ST,2024-01-29,2024-01-31,WALPAR,WALPAR
INE0PSC01024,EQ,BE,2024-01-29,2024-01-30,DIGIDRIVE,DIGIDRIVE
INE113X01015,ST,SM,2024-01-29,2024-02-02,ACCORD,ACCORD
INE348A01023,EQ,BE,2024-01-29,2024-01-30,ASHAPURMIN,ASHAPURMIN
INE00WS01056,ST,SM,2024-01-30,2024-01-31,GSTL,GSTL
INE01JE01028,BE,EQ,2024-01-30,2024-01-31,MARINE,MARINE
INE020J01029,EQ,BE,2024-01-30,2024-01-31,GOKUL,GOKUL
INE039B01026,BE,EQ,2024-01-30,2024-01-31,CINEVISTA,CINEVISTA
INE03HW01020,EQ,BE,2024-01-30,2024-01-31,VLEGOV,VLEGOV
INE060X01026,BE,EQ,2024-01-30,2024-01-31,DEVIT,DEVIT
INE06H201014,BE,EQ,2024-01-30,2024-01-31,GENSOL,GENSOL
INE06IR01021,EQ,BE,2024-01-30,2024-01-31,OSIAHYPER,OSIAHYPER
INE07S101020,EQ,BE,2024-01-30,2024-01-31,PAVNAIND,PAVNAIND
INE080A01014,BE,EQ,2024-01-30,2024-01-31,WEIZMANIND,WEIZMANIND
INE0CG601016,EQ,BE,2024-01-30,2024-01-31,MAXIND,MAXIND
INE0FFK01017,ST,SM,2024-01-30,2024-01-31,NPST,NPST
INE0G1D01014,SM,ST,2024-01-30,2024-01-31,MEGAFLEX,MEGAFLEX
INE0GOJ01027,SM,ST,2024-01-30,2024-01-31,QUADPRO,QUADPRO
INE0J1E01019,SM,ST,2024-01-30,2024-01-31,KCK,KCK
INE0J5801011,ST,SM,2024-01-30,2024-01-31,JSLL,JSLL
INE0KTW01013,SM,ST,2024-01-30,2024-01-31,VEEKAYEM,VEEKAYEM
INE0LF301013,SM,ST,2024-01-30,2024-01-31,AGNI,AGNI
INE0MEG01014,SM,ST,2024-01-30,2024-01-31,VIVIANA,VIVIANA
INE0MO401019,ST,SM,2024-01-30,2024-01-31,VIAZ,VIAZ
INE0NA301016,SM,ST,2024-01-30,2024-01-31,RBMINFRA,RBMINFRA
INE0O6N01012,ST,SM,2024-01-30,2024-01-31,AGUL,AGUL
INE0O7401018,ST,SM,2024-01-30,2024-01-31,IBLFL,IBLFL
INE0Q9601016,ST,SM,2024-01-30,2024-01-31,WOMANCART,WOMANCART
INE105C01023,EQ,BE,2024-01-30,2024-01-31,3PLAND,3PLAND
INE130B01031,BE,EQ,2024-01-30,2024-01-31,SURANAT&P,SURANAT&P
INE142K01011,BE,EQ,2024-01-30,2024-01-31,LYPSAGEMS,LYPSAGEMS
INE156C01018,EQ,BE,2024-01-30,2024-01-31,PIONEEREMB,PIONEEREMB
INE159N01027,EQ,BE,2024-01-30,2024-01-31,VIJIFIN,VIJIFIN
INE161G01027,EQ,BE,2024-01-30,2024-01-31,MORARJEE,MORARJEE
INE161L01027,EQ,BE,2024-01-30,2024-01-31,VIKASLIFE,VIKASLIFE
INE203Y01012,BE,EQ,2024-01-30,2024-01-31,SILLYMONKS,SILLYMONKS
INE226H01026,BE,EQ,2024-01-30,2024-01-31,SADBHAV,SADBHAV
INE230B01021,EQ,BE,2024-01-30,2024-01-31,CREATIVEYE,CREATIVEYE
INE232I01014,EQ,BE,2024-01-30,2024-01-31,SPARC,SPARC
INE251C01025,BE,EQ,2024-01-30,2024-01-31,ABMINTLLTD,ABMINTLLTD
INE258Y01016,BE,EQ,2024-01-30,2024-01-31,LGHL,LGHL
INE270A01029,EQ,BE,2024-01-30,2024-01-31,ALOKINDS,ALOKINDS
INE287C01037,BE,EQ,2024-01-30,2024-01-31,MICEL,MICEL
INE312C01025,EQ,BE,2024-01-30,2024-01-31,SYNCOMF,SYNCOMF
INE337M01013,EQ,BE,2024-01-30,2024-01-31,INDOTHAI,INDOTHAI
INE349X01015,ST,SM,2024-01-30,2024-01-31,JALAN,JALAN
INE362A01016,BE,EQ,2024-01-30,2024-01-31,PVP,PVP
INE389K01018,BE,EQ,2024-01-30,2024-01-31,WELINV,WELINV
INE405Y01021,ST,SM,2024-01-30,2024-01-31,GOLDSTAR,GOLDSTAR
INE439T01012,BE,EQ,2024-01-30,2024-01-31,NITIRAJ,NITIRAJ
INE471W01019,BE,EQ,2024-01-30,2024-01-31,PALASHSECU,PALASHSECU
INE486Y01013,BE,EQ,2024-01-30,2024-01-31,TOUCHWOOD,TOUCHWOOD
INE495B01038,EQ,BE,2024-01-30,2024-01-31,SUVEN,SUVEN
INE497B01018,EQ,BE,2024-01-30,2024-01-31,SEAMECLTD,SEAMECLTD
INE500X01013,BE,EQ,2024-01-30,2024-01-31,LEXUS,LEXUS
INE506A01018,EQ,BE,2024-01-30,2024-01-31,DREDGECORP,DREDGECORP
INE510W01014,EQ,BE,2024-01-30,2024-01-31,INOXGREEN,INOXGREEN
INE521J01018,EQ,BE,2024-01-30,2024-01-31,CAREERP,CAREERP
INE528A01020,BE,EQ,2024-01-30,2024-01-31,GKWLIMITED,GKWLIMITED
INE544A01019,BE,EQ,2024-01-30,2024-01-31,HARRMALAYA,HARRMALAYA
INE557B01019,EQ,BE,2024-01-30,2024-01-31,LIBERTSHOE,LIBERTSHOE
INE562X01013,BE,EQ,2024-01-30,2024-01-31,UNIVASTU,UNIVASTU
INE575Z01010,SM,ST,2024-01-30,2024-01-31,MDL,MDL
INE583L01014,EQ,BE,2024-01-30,2024-01-31,AGSTRA,AGSTRA
INE614G01033,EQ,BE,2024-01-30,2024-01-31,RPOWER,RPOWER
INE637H01024,BE,EQ,2024-01-30,2024-01-31,SHIVAMAUTO,SHIVAMAUTO
INE640C01011,EQ,BE,2024-01-30,2024-01-31,SHAHALLOYS,SHAHALLOYS
INE646X01014,EQ,BE,2024-01-30,2024-01-31,ASTRON,ASTRON
INE650K01021,EQ,BE,2024-01-30,2024-01-31,SECURKLOUD,SECURKLOUD
INE658T01017,BE,EQ,2024-01-30,2024-01-31,WEALTH,WEALTH
INE676A01027,BE,EQ,2024-01-30,2024-01-31,BBOX,BBOX
INE684Z01010,ST,SM,2024-01-30,2024-01-31,BRIGHT,BRIGHT
INE688Y01022,BE,EQ,2024-01-30,2024-01-31,DANGEE,DANGEE
INE699B01027,BE,EQ,2024-01-30,2024-01-31,SAMBHAAV,SAMBHAAV
INE704V01015,ST,SM,2024-01-30,2024-01-31,DRL,DRL
INE728Z01015,BE,EQ,2024-01-30,2024-01-31,SOFTTECH,SOFTTECH
INE771A01026,EQ,BE,2024-01-30,2024-01-31,MIRZAINT,MIRZAINT
INE776I01010,BE,EQ,2024-01-30,2024-01-31,MEP,MEP
INE792X01016,SM,ST,2024-01-30,2024-01-31,TRANSWIND,TRANSWIND
INE824Q01011,EQ,BE,2024-01-30,2024-01-31,MANAKSTEEL,MANAKSTEEL
INE826C01016,EQ,BE,2024-01-30,2024-01-31,GUJAPOLLO,GUJAPOLLO
INE834I01025,BE,EQ,2024-01-30,2024-01-31,KHADIM,KHADIM
INE840Y01029,EQ,BE,2024-01-30,2024-01-31,ONEPOINT,ONEPOINT
INE844K01012,EQ,BE,2024-01-30,2024-01-31,BEDMUTHA,BEDMUTHA
INE854S01022,BE,EQ,2024-01-30,2024-01-31,GENCON,GENCON
INE855F01042,BE,EQ,2024-01-30,2024-01-31,ASMS,ASMS
INE859Q01017,EQ,BE,2024-01-30,2024-01-31,MANAKALUCO,MANAKALUCO
INE865C01022,EQ,BE,2024-01-30,2024-01-31,BIRLAMONEY,BIRLAMONEY
INE870H01013,EQ,BE,2024-01-30,2024-01-31,NETWORK18,NETWORK18
INE871L01013,BE,EQ,2024-01-30,2024-01-31,TVVISION,TVVISION
INE875G01030,BE,EQ,2024-01-30,2024-01-31,NDL,NDL
INE875R01011,EQ,BE,2024-01-30,2024-01-31,BALKRISHNA,BALKRISHNA
INE877I01016,BE,EQ,2024-01-30,2024-01-31,ARCHIDPLY,ARCHIDPLY
INE886H01027,EQ,BE,2024-01-30,2024-01-31,TV18BRDCST,TV18BRDCST
INE898S01029,EQ,BE,2024-01-30,2024-01-31,AURUM,AURUM
INE901X01013,SM,ST,2024-01-30,2024-01-31,FELIX,FELIX
INE921B01025,BE,EQ,2024-01-30,2024-01-31,DBSTOCKBRO,DBSTOCKBRO
INE924D01017,EQ,BE,2024-01-30,2024-01-31,THEINVEST,THEINVEST
INE925S01012,SM,ST,2024-01-30,2024-01-31,PERFECT,PERFECT
INE933A01014,BE,EQ,2024-01-30,2024-01-31,LYKALABS,LYKALABS
INE942G01012,BE,EQ,2024-01-30,2024-01-31,MCLEODRUSS,MCLEODRUSS
INE952H01027,EQ,BE,2024-01-30,2024-01-31,RAJTV,RAJTV
INE979R01011,EQ,BE,2024-01-30,2024-01-31,SHYAMCENT,SHYAMCENT
INE980Y01015,BE,EQ,2024-01-30,2024-01-31,SOUTHWEST,SOUTHWEST
INE141D01018,EQ,BE,2024-01-31,2024-02-01,TNTELE,TNTELE
INE236A01020,EQ,BE,2024-01-31,2024-02-01,HCL-INSYS,HCL-INSYS
INE278G01037,EQ,BE,2024-01-31,2024-02-01,CYBERMEDIA,CYBERMEDIA
INE763I01026,EQ,BE,2024-01-31,2024-02-01,TRIL,TRIL
INE0NT901020,EQ,BE,2024-02-01,2024-02-02,NETWEB,NETWEB
INE0P0001010,ST,SM,2024-02-01,2024-02-02,APS,APS
INE197A01024,EQ,BE,2024-02-01,2024-02-02,JYOTISTRUC,JYOTISTRUC
INE251B01027,EQ,BE,2024-02-01,2024-02-02,ZENTEC,ZENTEC
INE977Y01011,EQ,BE,2024-02-01,2024-02-02,BCONCEPTS,BCONCEPTS
INE130B01031,EQ,BE,2024-02-02,2024-02-05,SURANAT&P,SURANAT&P
INE383H01017,EQ,BE,2024-02-02,2024-02-05,MALUPAPER,MALUPAPER
INE550C01020,EQ,BE,2024-02-02,2024-02-05,URJA,URJA
INE560K01014,EQ,BE,2024-02-02,2024-02-05,PFS,PFS
INE704H01022,BE,EQ,2024-02-02,2024-02-05,CINELINE,CINELINE
INE790B01024,BE,EQ,2024-02-02,2024-02-05,KCPSUGIND,KCPSUGIND
INE830Q01018,BE,EQ,2024-02-02,2024-02-05,MANAKCOAT,MANAKCOAT
INE0GIU01018,EQ,BE,2024-02-05,2024-02-06,UMAEXPORTS,UMAEXPORTS
INE117Z01011,EQ,BE,2024-02-05,2024-02-06,NARMADA,NARMADA
INE781A01025,EQ,BE,2024-02-05,2024-02-06,INTENTECH,INTENTECH
INE0ECC01022,ST,SM,2024-02-06,2024-02-07,MAXPOSURE,MAXPOSURE
INE297H01019,EQ,BE,2024-02-06,2024-02-07,GALLANTT,GALLANTT
INE940H01022,EQ,BE,2024-02-06,2024-02-07,PGIL,PGIL
INE05X901010,EQ,BE,2024-02-07,2024-02-08,HPIL,HPIL
INE090B01011,EQ,BE,2024-02-07,2024-02-08,OMAXAUTO,OMAXAUTO
INE368I01016,EQ,BE,2024-02-07,2024-02-08,NIRAJ,NIRAJ
INE421A01028,EQ,BE,2024-02-07,2024-02-08,ABAN,ABAN
INE705C01020,EQ,BE,2024-02-07,2024-02-08,SHIVATEX,SHIVATEX
INE740X01015,EQ,BE,2024-02-07,2024-02-08,LAL,LAL
INE791A01024,EQ,BE,2024-02-07,2024-02-08,BLBLIMITED,BLBLIMITED
INE867A01022,EQ,BE,2024-02-07,2024-02-08,MANUGRAPH,MANUGRAPH
INE879E01037,EQ,BE,2024-02-07,2024-02-08,KANANIIND,KANANIIND
INE908D01010,EQ,BE,2024-02-07,2024-02-08,SHAKTIPUMP,SHAKTIPUMP
INE993A01026,EQ,BE,2024-02-07,2024-02-08,MANINDS,MANINDS
INE059901020,BE,EQ,2024-02-09,2024-02-12,IEL,IEL
INE0NT901020,BE,EQ,2024-02-09,2024-02-12,NETWEB,NETWEB
INE108E01023,BE,EQ,2024-02-09,2024-02-12,SUNDARAM,SUNDARAM
INE251B01027,BE,EQ,2024-02-09,2024-02-12,ZENTEC,ZENTEC
INE251H01024,BE,EQ,2024-02-09,2024-02-12,GVKPIL,GVKPIL
INE319Z01021,BE,EQ,2024-02-09,2024-02-12,SUPREMEENG,SUPREMEENG
INE451L01014,EQ,BE,2024-02-09,2024-02-12,MAHASTEEL,MAHASTEEL
INE472B01011,BE,EQ,2024-02-09,2024-02-12,BLUECOAST,BLUECOAST
INE542Z01010,BE,EQ,2024-02-09,2024-02-12,KAPSTON,KAPSTON
INE586X01012,BE,EQ,2024-02-09,2024-02-12,GTECJAINX,GTECJAINX
INE619B01017,BE,EQ,2024-02-09,2024-02-12,NEWGEN,NEWGEN
INE667G01023,BE,EQ,2024-02-09,2024-02-12,SAKSOFT,SAKSOFT
INE669X01024,BE,EQ,2024-02-09,2024-02-12,GEEKAYWIRE,GEEKAYWIRE
INE776I01010,EQ,BE,2024-02-09,2024-02-12,MEP,MEP
INE792I01017,EQ,BE,2024-02-09,2024-02-12,CORDSCABLE,CORDSCABLE
INE0QEI01011,ST,SM,2024-02-12,2024-02-13,KONSTELEC,KONSTELEC
INE0RDH01021,ST,SM,2024-02-12,2024-02-13,LAWSIKHO,LAWSIKHO
INE224E01036,EQ,BE,2024-02-12,2024-02-13,GATECHDVR,GATECHDVR
INE262Z01023,EQ,BE,2024-02-12,2024-02-13,LATTEYS,LATTEYS
INE399K01017,EQ,BE,2024-02-12,2024-02-13,RTNPOWER,RTNPOWER
INE711A01022,EQ,BE,2024-02-12,2024-02-13,WALCHANNAG,WALCHANNAG
INE950I01011,EQ,BE,2024-02-12,2024-02-13,DBCORP,DBCORP
INE017W01010,EQ,BE,2024-02-13,2024-02-14,SMLT,SMLT
INE02H701025,BE,EQ,2024-02-13,2024-02-14,NOVAAGRI,NOVAAGRI
INE391D01019,EQ,BE,2024-02-13,2024-02-14,TRF,TRF
INE508K01013,EQ,BE,2024-02-13,2024-02-14,RHL,RHL
INE165B01029,EQ,BE,2024-02-14,2024-02-15,RSSOFTWARE,RSSOFTWARE
INE319Z01021,EQ,BE,2024-02-14,2024-02-15,SUPREMEENG,SUPREMEENG
INE351F01018,EQ,BE,2024-02-14,2024-02-15,JPPOWER,JPPOWER
INE472B01011,EQ,BE,2024-02-14,2024-02-15,BLUECOAST,BLUECOAST
INE997Y01027,EQ,BE,2024-02-14,2024-02-15,MITTAL,MITTAL
INE040H01021,EQ,BE,2024-02-15,2024-02-16,SUZLON,SUZLON
INE0OGG01015,ST,SM,2024-02-15,2024-02-16,DHTL,DHTL
INE0Q4701019,ST,SM,2024-02-15,2024-02-16,FONEBOX,FONEBOX
INE0SK801018,ST,SM,2024-02-15,2024-02-16,DELAPLEX,DELAPLEX
INE548Z01017,EQ,BE,2024-02-15,2024-02-16,LAGNAM,LAGNAM
INE839M01018,EQ,BE,2024-02-15,2024-02-16,SCHNEIDER,SCHNEIDER
INE07OG01012,BE,EQ,2024-02-16,2024-02-19,NDRAUTO,NDRAUTO
INE082W01014,BE,EQ,2024-02-16,2024-02-19,WEWIN,WEWIN
INE096B01018,BE,EQ,2024-02-16,2024-02-19,NUCLEUS,NUCLEUS
INE239D01028,BE,EQ,2024-02-16,2024-02-19,OMINFRAL,OMINFRAL
INE309M01012,BE,EQ,2024-02-16,2024-02-19,PREMIERPOL,PREMIERPOL
INE314C01013,BE,EQ,2024-02-16,2024-02-19,SOMATEX,SOMATEX
INE318D01020,BE,EQ,2024-02-16,2024-02-19,ZENITHSTL,ZENITHSTL
INE348A01023,BE,EQ,2024-02-16,2024-02-19,ASHAPURMIN,ASHAPURMIN
INE531R01010,ST,SM,2024-02-16,2024-02-19,MEGATHERM,MEGATHERM
INE782X01033,BE,EQ,2024-02-16,2024-02-19,SERVOTECH,SERVOTECH
INE933B01012,BE,EQ,2024-02-16,2024-02-19,MEGASOFT,MEGASOFT
INE933X01016,EQ,BE,2024-02-16,2024-02-19,SHANTI,SHANTI
INE940H01022,BE,EQ,2024-02-16,2024-02-19,PGIL,PGIL
INE0JFJ01011,ST,SM,2024-02-19,2024-02-20,BAWEJA,BAWEJA
INE0N0Y01013,EQ,BE,2024-02-19,2024-02-20,USK,USK
INE937C01029,EQ,BE,2024-02-19,2024-02-20,NILAINFRA,NILAINFRA
INE999K01014,EQ,BE,2024-02-19,2024-02-20,GREENPOWER,GREENPOWER
INE251H01024,EQ,BE,2024-02-20,2024-02-21,GVKPIL,GVKPIL
INE040M01013,EQ,BE,2024-02-21,2024-02-22,TREEHOUSE,TREEHOUSE
INE093B01015,EQ,BE,2024-02-21,2024-02-22,ALPSINDUS,ALPSINDUS
INE0O6N01012,SM,ST,2024-02-21,2024-02-22,AGUL,AGUL
INE283A01014,EQ,BE,2024-02-21,2024-02-22,PRECOT,PRECOT
INE314G01014,BE,EQ,2024-02-21,2024-02-22,KALYANIFRG,KALYANIFRG
INE324X01026,EQ,BE,2024-02-21,2024-02-22,SARVESHWAR,SARVESHWAR
INE586X01012,EQ,BE,2024-02-21,2024-02-22,GTECJAINX,GTECJAINX
INE600A01035,EQ,BE,2024-02-21,2024-02-22,PILITA,PILITA
INE850E01012,EQ,BE,2024-02-21,2024-02-22,LFIC,LFIC
INE871L01013,EQ,BE,2024-02-21,2024-02-22,TVVISION,TVVISION
INE998H01012,EQ,BE,2024-02-21,2024-02-22,ORIENTALTL,ORIENTALTL
INE557Z01018,EQ,BE,2024-02-22,2024-02-23,PIGL,PIGL
INE942G01012,EQ,BE,2024-02-22,2024-02-23,MCLEODRUSS,MCLEODRUSS
INE0INJ01017,BE,EQ,2024-02-23,2024-02-26,PLAZACABLE,PLAZACABLE
INE0R7R01018,ST,SM,2024-02-23,2024-02-26,ITALIANE,ITALIANE
INE105I01020,BE,EQ,2024-02-23,2024-02-26,SELMC,SELMC
INE308E01029,BE,EQ,2024-02-23,2024-02-26,SVPGLOB,SVPGLOB
INE680A01011,EQ,BE,2024-02-23,2024-02-26,DHANBANK,DHANBANK
INE817H01014,BE,EQ,2024-02-23,2024-02-26,BURNPUR,BURNPUR
INE0KGZ01021,BE,EQ,2024-02-27,2024-02-28,SIGNPOST,SIGNPOST
INE412C01023,EQ,BE,2024-02-27,2024-02-28,JMA,JMA
INE0R4701017,ST,SM,2024-02-28,2024-02-29,ALPEXSOLAR,ALPEXSOLAR
INE672A01018,EQ,BE,2024-02-28,2024-02-29,TATAINVEST,TATAINVEST
INE924H01018,EQ,BE,2024-02-28,2024-02-29,TARMAT,TARMAT
INE506Z01015,EQ,BE,2024-02-29,2024-03-01,DHRUV,DHRUV
INE514Y01020,EQ,BE,2024-02-29,2024-03-01,MOKSH,MOKSH
INE517M01028,ST,SM,2024-02-29,2024-03-01,POLYSIL,POLYSIL
INE703H01016,EQ,BE,2024-02-29,2024-03-01,HUBTOWN,HUBTOWN
INE782X01033,EQ,BE,2024-02-29,2024-03-01,SERVOTECH,SERVOTECH
INE158B01016,BE,EQ,2024-03-01,2024-03-04,EIMCOELECO,EIMCOELECO
INE187D01029,BE,EQ,2024-03-01,2024-03-04,TALBROAUTO,TALBROAUTO
INE234I01028,BE,EQ,2024-03-01,2024-03-04,KAUSHALYA,KAUSHALYA
INE319B01014,BE,EQ,2024-03-01,2024-03-04,BYKE,BYKE
INE390G01014,BE,EQ,2024-03-01,2024-03-04,GPTINFRA,GPTINFRA
INE440L01017,EQ,BE,2024-03-01,2024-03-04,TIJARIA,TIJARIA
INE453B01029,BE,EQ,2024-03-01,2024-03-04,COMPUSOFT,COMPUSOFT
INE553C01016,BE,EQ,2024-03-01,2024-03-04,NECCLTD,NECCLTD
INE590L01019,EQ,BE,2024-03-01,2024-03-04,VASWANI,VASWANI
INE623Y01011,ST,SM,2024-03-01,2024-03-04,WTICAB,WTICAB
INE661I01014,EQ,BE,2024-03-01,2024-03-04,BGRENERGY,BGRENERGY
INE692B01014,BE,EQ,2024-03-01,2024-03-04,MURUDCERA,MURUDCERA
INE747B01016,BE,EQ,2024-03-01,2024-03-04,NEXTMEDIA,NEXTMEDIA
INE797H01018,BE,EQ,2024-03-01,2024-03-04,TGBHOTELS,TGBHOTELS
INE805A01014,BE,EQ,2024-03-01,2024-03-04,GOLDTECH,GOLDTECH
INE912L01015,BE,EQ,2024-03-01,2024-03-04,ONELIFECAP,ONELIFECAP
INE049B01025,EQ,BE,2024-03-04,2024-03-05,WOCKPHARMA,WOCKPHARMA
INE0QTF01015,BE,EQ,2024-03-04,2024-03-05,VSTL,VSTL
INE699B01027,EQ,BE,2024-03-04,2024-03-05,SAMBHAAV,SAMBHAAV
INE946H01037,EQ,BE,2024-03-04,2024-03-05,VIPULLTD,VIPULLTD
INE731A01020,EQ,BE,2024-03-05,2024-03-06,ARCHIES,ARCHIES
INE348A01023,EQ,BE,2024-03-06,2024-03-07,ASHAPURMIN,ASHAPURMIN
INE481Z01011,EQ,BE,2024-03-06,2024-03-07,UNIINFO,UNIINFO
INE542B01011,EQ,BE,2024-03-06,2024-03-07,AKSHARCHEM,AKSHARCHEM
INE728Z01015,EQ,BE,2024-03-06,2024-03-07,SOFTTECH,SOFTTECH
INE871H01011,EQ,BE,2024-03-06,2024-03-07,GSS,GSS
INE022C01012,EQ,BE,2024-03-07,2024-03-11,EUROTEXIND,EUROTEXIND
INE024D01016,BE,EQ,2024-03-07,2024-03-11,PRUDMOULI,PRUDMOULI
INE02M801018,ST,SM,2024-03-07,2024-03-11,KTL,KTL
INE05DH01017,ST,SM,2024-03-07,2024-03-11,ATMASTCO,ATMASTCO
INE0CHO01012,BE,EQ,2024-03-07,2024-03-11,ADL,ADL
INE0OPC01015,ST,SM,2024-03-07,2024-03-11,INM,INM
INE0QJL01014,ST,SM,2024-03-07,2024-03-11,TCL,TCL
INE0RQZ01017,ST,SM,2024-03-07,2024-03-11,ESCONET,ESCONET
INE173A01025,BE,EQ,2024-03-07,2024-03-11,SIL,SIL
INE202H01019,BE,EQ,2024-03-07,2024-03-11,KERNEX,KERNEX
INE251H01024,BE,EQ,2024-03-07,2024-03-11,GVKPIL,GVKPIL
INE369C01017,BE,EQ,2024-03-07,2024-03-11,NORBTEAEXP,NORBTEAEXP
INE431F01018,BE,EQ,2024-03-07,2024-03-11,PKTEA,PKTEA
INE520H01022,BE,EQ,2024-03-07,2024-03-11,BEARDSELL,BEARDSELL
INE627H01017,EQ,BE,2024-03-07,2024-03-11,CTE,CTE
INE681B01017,BE,EQ,2024-03-07,2024-03-11,INDRAMEDCO,INDRAMEDCO
INE715Y01023,BE,EQ,2024-03-07,2024-03-11,SHRADHA,SHRADHA
INE748Z01013,BE,EQ,2024-03-07,2024-03-11,SUMIT,SUMIT
INE760W01015,EQ,BE,2024-03-07,2024-03-11,RPPL,RPPL
INE832A01018,BE,EQ,2024-03-07,2024-03-11,MODIRUBBER,MODIRUBBER
INE886A01014,BE,EQ,2024-03-07,2024-03-11,IITL,IITL
INE896L01010,BE,EQ,2024-03-07,2024-03-11,INDOSTAR,INDOSTAR
INE947I01017,EQ,BE,2024-03-07,2024-03-11,LOTUSEYE,LOTUSEYE
INE0QWN01013,ST,SM,2024-03-12,2024-03-13,ZENITHDRUG,ZENITHDRUG
INE126M01010,BE,EQ,2024-03-12,2024-03-13,YAARI,YAARI
INE236A01020,BE,EQ,2024-03-12,2024-03-13,HCL-INSYS,HCL-INSYS
INE277C01012,BE,EQ,2024-03-12,2024-03-13,REGENCERAM,REGENCERAM
INE546Y01022,BE,EQ,2024-03-12,2024-03-13,PRAXIS,PRAXIS
INE586O01011,ST,SM,2024-03-12,2024-03-13,DEEM,DEEM
INE669A01022,BE,EQ,2024-03-12,2024-03-13,INFOMEDIA,INFOMEDIA
INE776I01010,BE,EQ,2024-03-12,2024-03-13,MEP,MEP
INE544H01014,EQ,BE,2024-03-13,2024-03-14,JHS,JHS
INE106I01010,BE,EQ,2024-03-14,2024-03-15,ANKITMETAL,ANKITMETAL
INE126M01010,EQ,BE,2024-03-14,2024-03-15,YAARI,YAARI
INE251H01024,EQ,BE,2024-03-14,2024-03-15,GVKPIL,GVKPIL
INE277C01012,EQ,BE,2024-03-14,2024-03-15,REGENCERAM,REGENCERAM
INE326T01011,BE,EQ,2024-03-14,2024-09-04,NIRAJISPAT,NIRAJISPAT
INE546Y01022,EQ,BE,2024-03-14,2024-03-15,PRAXIS,PRAXIS
INE727S01012,EQ,BE,2024-03-14,2024-03-15,BRNL,BRNL
INE006Z01016,BE,EQ,2024-03-15,2024-03-18,ARVEE,ARVEE
INE00SZ01018,EQ,BE,2024-03-15,2024-03-18,MARSHALL,MARSHALL
INE055C01020,BE,EQ,2024-03-15,2024-03-18,KEEPLEARN,KEEPLEARN
INE080B01012,BE,EQ,2024-03-15,2024-03-18,KOHINOOR,KOHINOOR
INE0K5H01010,ST,SM,2024-03-15,2024-03-18,SADHAV,SADHAV
INE111B01023,BE,EQ,2024-03-15,2024-03-18,63MOONS,63MOONS
INE123B01028,BE,EQ,2024-03-15,2024-03-18,NAGREEKEXP,NAGREEKEXP
INE210A01017,BE,EQ,2024-03-15,2024-03-18,WILLAMAGOR,WILLAMAGOR
INE272L01022,BE,EQ,2024-03-15,2024-03-18,SURANASOL,SURANASOL
INE285H01022,BE,EQ,2024-03-15,2024-03-18,ATLANTAA,ATLANTAA
INE348A01023,BE,EQ,2024-03-15,2024-03-18,ASHAPURMIN,ASHAPURMIN
INE632X01030,BE,EQ,2024-03-15,2024-03-18,SHRENIK,SHRENIK
INE650L01011,EQ,BE,2024-03-15,2024-03-18,BROOKS,BROOKS
INE695B01025,BE,EQ,2024-03-15,2024-03-18,COUNCODOS,COUNCODOS
INE804H01012,BE,EQ,2024-03-15,2024-03-18,TFL,TFL
INE814H01011,BE,EQ,2024-03-15,2024-03-18,ADANIPOWER,ADANIPOWER
INE828A01016,BE,EQ,2024-03-15,2024-03-18,BIL,BIL
INE878E01021,BE,EQ,2024-03-15,2024-03-18,SETCO,SETCO
INE927A01040,BE,EQ,2024-03-15,2024-03-18,ROLLT,ROLLT
INE937A01023,BE,EQ,2024-03-15,2024-03-18,SPMLINFRA,SPMLINFRA
INE974Z01015,BE,EQ,2024-03-15,2024-03-18,PRITI,PRITI
INE0R8M01017,ST,SM,2024-03-18,2024-03-19,OWAIS,OWAIS
INE0PT501018,BE,EQ,2024-03-19,2024-03-20,PLATIND,PLATIND
INE0R6C01012,ST,SM,2024-03-19,2024-03-20,PURVFLEXI,PURVFLEXI
INE776I01010,EQ,BE,2024-03-19,2024-03-20,MEP,MEP
INE669A01022,EQ,BE,2024-03-20,2024-03-21,INFOMEDIA,INFOMEDIA
INE846D01012,EQ,BE,2024-03-20,2024-03-21,LORDSCHLO,LORDSCHLO
INE024D01016,EQ,BE,2024-03-21,2024-03-22,PRUDMOULI,PRUDMOULI
INE0CG401037,BE,EQ,2024-03-21,2024-03-22,MUKKA,MUKKA
INE0SGC01015,ST,SM,2024-03-21,2024-03-22,MVKAGRO,MVKAGRO
INE855F01042,EQ,BE,2024-03-21,2024-03-22,ASMS,ASMS
INE005I01014,BE,EQ,2024-03-22,2024-03-26,AMDIND,AMDIND
INE03RS01027,BE,EQ,2024-03-22,2024-03-26,DRCSYSTEMS,DRCSYSTEMS
INE047O01014,BE,EQ,2024-03-22,2024-03-26,NIBL,NIBL
INE050B01023,BE,EQ,2024-03-22,2024-03-26,IVC,IVC
INE112D01035,BE,EQ,2024-03-22,2024-03-26,MHLXMIRU,MHLXMIRU
INE185H01016,BE,EQ,2024-03-22,2024-03-26,CELEBRITY,CELEBRITY
INE187D01029,EQ,BE,2024-03-22,2024-03-26,TALBROAUTO,TALBROAUTO
INE251H01024,BE,EQ,2024-03-22,2024-03-26,GVKPIL,GVKPIL
INE306C01019,BE,EQ,2024-03-22,2024-03-26,ENERGYDEV,ENERGYDEV
INE382T01030,BE,EQ,2024-03-22,2024-03-26,GVPTECH,GVPTECH
INE413B01023,BE,EQ,2024-03-22,2024-03-26,RUCHINFRA,RUCHINFRA
INE526B01014,BE,EQ,2024-03-22,2024-03-26,CALSOFT,CALSOFT
INE558R01013,BE,EQ,2024-03-22,2024-03-26,HECPROJECT,HECPROJECT
INE561H01026,BE,EQ,2024-03-22,2024-03-26,PARSVNATH,PARSVNATH
INE591Q01016,BE,EQ,2024-03-22,2024-03-26,SUULD,SUULD
INE596H01014,BE,EQ,2024-03-22,2024-03-26,HOVS,HOVS
INE641C01019,BE,EQ,2024-03-22,2024-03-26,KAVVERITEL,KAVVERITEL
INE713T01028,BE,EQ,2024-03-22,2024-03-26,APOLLO,APOLLO
INE750D01016,BE,EQ,2024-03-22,2024-03-26,RELCHEMQ,RELCHEMQ
INE752G01015,BE,EQ,2024-03-22,2024-03-26,MSPL,MSPL
INE756C01015,BE,EQ,2024-03-22,2024-03-26,NDGL,NDGL
INE778K01012,BE,EQ,2024-03-22,2024-03-26,EMAMIREAL,EMAMIREAL
INE820Y01021,BE,EQ,2024-03-22,2024-03-26,AJOONI,AJOONI
INE861A01058,BE,BZ,2024-03-22,2024-03-26,VISESHINFO,VISESHINFO
INE912H01013,BE,EQ,2024-03-22,2024-03-26,MBLINFRA,MBLINFRA
INE0QQM01017,ST,SM,2024-03-26,2024-03-27,VR,VR
INE945H01013,EQ,BE,2024-03-26,2024-03-27,V2RETAIL,V2RETAIL
INE0Q6H01012,ST,SM,2024-03-27,2024-03-28,SONAMAC,SONAMAC
INE630Y01024,EQ,BE,2024-03-27,2024-03-28,MEDICO,MEDICO
INE00S901012,BE,EQ,2024-03-28,2024-04-01,NILASPACES,NILASPACES
INE087B01017,BE,EQ,2024-03-28,2024-04-01,ANIKINDS,ANIKINDS
INE087Z01024,BE,EQ,2024-03-28,2024-04-01,AAKASH,AAKASH
INE0S4Y01010,ST,SM,2024-03-28,2024-04-01,SHREEKARNI,SHREEKARNI
INE112X01017,BE,EQ,2024-03-28,2024-04-01,SIKKO,SIKKO
INE296H01011,BE,EQ,2024-03-28,2024-04-01,EMKAY,EMKAY
INE482J01021,BE,EQ,2024-03-28,2024-04-01,SHAH,SHAH
INE848A01014,BE,EQ,2024-03-28,2024-04-01,IZMO,IZMO
INE855F01042,BE,EQ,2024-03-28,2024-04-01,ASMS,ASMS
INE218G01033,EQ,BE,2024-04-01,2024-04-02,PALREDTEC,PALREDTEC
INE912L01015,EQ,BE,2024-04-01,2024-04-02,ONELIFECAP,ONELIFECAP
INE0QA601016,ST,SM,2024-04-02,2024-04-03,PRATHAM,PRATHAM
INE348A01023,EQ,BE,2024-04-02,2024-04-03,ASHAPURMIN,ASHAPURMIN
INE060J01017,EQ,BE,2024-04-03,2024-04-04,FLEXITUFF,FLEXITUFF
INE0PB301013,BE,EQ,2024-04-03,2024-04-04,SCILAL,SCILAL
INE0RDE01010,ST,SM,2024-04-03,2024-04-04,SIGNORIA,SIGNORIA
INE927A01040,EQ,BE,2024-04-03,2024-04-04,ROLLT,ROLLT
INE0R9401019,ST,SM,2024-04-04,2024-04-05,AVPINFRA,AVPINFRA
INE0BTM01013,BE,EQ,2024-04-05,2024-04-08,SECMARK,SECMARK
INE107F01022,BE,EQ,2024-04-05,2024-04-08,WANBURY,WANBURY
INE501W01021,BE,BZ,2024-04-05,2024-04-08,SPTL,SPTL
INE550B01022,BE,EQ,2024-04-05,2024-04-08,HBSL,HBSL
INE737W01013,BE,EQ,2024-04-05,2024-04-08,AKASH,AKASH
INE885F01015,BE,EQ,2024-04-05,2024-04-08,MASKINVEST,MASKINVEST
INE0R9I01013,ST,SM,2024-04-08,2024-04-09,ENSER,ENSER
INE0S3X01014,ST,SM,2024-04-08,2024-04-09,ENFUSE,ENFUSE
INE158B01016,EQ,BE,2024-04-08,2024-04-09,EIMCOELECO,EIMCOELECO
INE696V01013,EQ,BE,2024-04-08,2024-04-09,JAIPURKURT,JAIPURKURT
INE748Z01013,EQ,BE,2024-04-09,2024-04-10,SUMIT,SUMIT
INE855C01015,EQ,BE,2024-04-09,2024-04-10,WEBELSOLAR,WEBELSOLAR
INE006Z01016,EQ,BE,2024-04-10,2024-04-12,ARVEE,ARVEE
INE00IK01029,EQ,BE,2024-04-10,2024-04-12,OSWALSEEDS,OSWALSEEDS
INE788B01028,EQ,BE,2024-04-10,2024-04-12,INDSWFTLTD,INDSWFTLTD
INE019C01026,BE,EQ,2024-04-12,2024-04-15,HSCL,HSCL
INE02CV01017,ST,SM,2024-04-12,2024-06-18,DRSDILIP,DRSDILIP
INE0D0U01013,BE,EQ,2024-04-12,2024-04-15,AAATECH,AAATECH
INE319Y01024,BE,EQ,2024-04-12,2024-04-15,TIRUPATIFL,TIRUPATIFL
INE348A01023,BE,EQ,2024-04-12,2024-04-15,ASHAPURMIN,ASHAPURMIN
INE681C01015,EQ,BE,2024-04-12,2024-04-15,KEYFINSERV,KEYFINSERV
INE722J01012,BE,EQ,2024-04-12,2024-04-15,RKDL,RKDL
INE782X01033,BE,EQ,2024-04-12,2024-04-15,SERVOTECH,SERVOTECH
INE920A01037,BE,EQ,2024-04-12,2024-04-15,DOLPHIN,DOLPHIN
INE0S2E01016,ST,SM,2024-04-15,2024-04-16,VISHWAS,VISHWAS
INE555Z01012,SM,EQ,2024-04-15,2024-04-16,TARACHAND,TARACHAND
INE0RJM01010,ST,SM,2024-04-16,2024-04-18,NAMAN,NAMAN
INE416A01044,BE,EQ,2024-04-16,2024-04-18,SABTNL,SABTNL
INE0GOJ01027,ST,SM,2024-04-18,2024-04-23,QUADPRO,QUADPRO
INE0R6Z01013,BE,EQ,2024-04-18,2024-04-19,SRM,SRM
INE0S7801010,ST,SM,2024-04-18,2024-04-19,ASPIRE,ASPIRE
INE0SAK01011,ST,SM,2024-04-18,2024-04-19,BLUEPEBBLE,BLUEPEBBLE
INE112D01035,EQ,BE,2024-04-18,2024-04-19,MHLXMIRU,MHLXMIRU
INE291W01029,EQ,BE,2024-04-18,2024-04-19,GLOBAL,GLOBAL
INE323I01011,EQ,BE,2024-04-18,2024-04-19,PURVA,PURVA
INE920A01037,EQ,BE,2024-04-18,2024-04-19,DOLPHIN,DOLPHIN
INE019C01026,EQ,BE,2024-04-19,2024-04-22,HSCL,HSCL
INE01II01013,BE,EQ,2024-04-19,2024-04-22,SILGO,SILGO
INE01KI01027,BE,EQ,2024-04-19,2024-04-22,VINNY,VINNY
INE040H01021,BE,EQ,2024-04-19,2024-04-22,SUZLON,SUZLON
INE068Z01016,ST,SM,2024-04-19,2024-04-24,VASA,VASA
INE0EK901012,BE,EQ,2024-04-19,2024-04-22,TARC,TARC
INE0SWN01019,ST,SM,2024-04-19,2024-04-22,TRUST,TRUST
INE187D01029,BE,EQ,2024-04-19,2024-04-22,TALBROAUTO,TALBROAUTO
INE215F01023,BE,EQ,2024-04-19,2024-04-22,WIPL,WIPL
INE285H01022,EQ,BE,2024-04-19,2024-04-22,ATLANTAA,ATLANTAA
INE316L01019,BE,EQ,2024-04-19,2024-04-22,BHARATWIRE,BHARATWIRE
INE388G01026,BE,EQ,2024-04-19,2024-04-22,TCLCONS,TCLCONS
INE416A01044,EQ,BE,2024-04-19,2024-04-22,SABTNL,SABTNL
INE551Q01028,SM,ST,2024-04-19,2024-04-29,VSCL,VSCL
INE581X01021,BE,EQ,2024-04-19,2024-04-22,GLOBE,GLOBE
INE748A01016,BE,EQ,2024-04-19,2024-04-22,MBECL,MBECL
INE784W01015,BE,EQ,2024-04-19,2024-04-22,MANOMAY,MANOMAY
INE792X01016,ST,SM,2024-04-19,2024-04-24,TRANSWIND,TRANSWIND
INE00CE01017,BE,EQ,2024-04-22,2024-04-23,SVLL,SVLL
INE00VM01036,EQ,BE,2024-04-22,2024-04-23,MANORAMA,MANORAMA
INE02WG01016,EQ,BE,2024-04-22,2024-04-23,WEL,WEL
INE039B01026,EQ,BE,2024-04-22,2024-04-23,CINEVISTA,CINEVISTA
INE04VX01019,SM,ST,2024-04-22,2024-04-23,SHEETAL,SHEETAL
INE05X901010,BE,EQ,2024-04-22,2024-04-23,HPIL,HPIL
INE070Y01015,ST,SM,2024-04-22,2024-04-23,INNOVATIVE,INNOVATIVE
INE071A01013,BE,EQ,2024-04-22,2024-04-23,BINANIIND,BINANIIND
INE074B01023,EQ,BE,2024-04-22,2024-04-23,PARACABLES,PARACABLES
INE07S101020,BE,EQ,2024-04-22,2024-04-23,PAVNAIND,PAVNAIND
INE082W01014,EQ,BE,2024-04-22,2024-04-23,WEWIN,WEWIN
INE090Y01013,SM,ST,2024-04-22,2024-04-23,CADSYS,CADSYS
INE093B01015,BE,EQ,2024-04-22,2024-04-23,ALPSINDUS,ALPSINDUS
INE09KD01013,EQ,BE,2024-04-22,2024-04-23,ATAM,ATAM
INE0A1101019,EQ,BE,2024-04-22,2024-04-23,DCI,DCI
INE0B1K01014,EQ,BE,2024-04-22,2024-04-23,DJML,DJML
INE0BTM01013,EQ,BE,2024-04-22,2024-04-23,SECMARK,SECMARK
INE0CDK01019,ST,SM,2024-04-22,2024-04-23,MAKS,MAKS
INE0CG601016,BE,EQ,2024-04-22,2024-04-23,MAXIND,MAXIND
INE0G1D01014,ST,SM,2024-04-22,2024-04-23,MEGAFLEX,MEGAFLEX
INE0G2G01015,ST,SM,2024-04-22,2024-04-25,WALPAR,WALPAR
INE0I7C01011,EQ,BE,2024-04-22,2024-04-23,LATENTVIEW,LATENTVIEW
INE0J1E01019,ST,SM,2024-04-22,2024-04-23,KCK,KCK
INE0J5801011,SM,ST,2024-04-22,2024-04-23,JSLL,JSLL
INE0KTW01013,ST,SM,2024-04-22,2024-04-23,VEEKAYEM,VEEKAYEM
INE0L2Y01011,SM,ST,2024-04-22,2024-04-23,ARHAM,ARHAM
INE0LCW01025,ST,SM,2024-04-22,2024-04-23,ISHAN,ISHAN
INE0LF301013,ST,SM,2024-04-22,2024-04-23,AGNI,AGNI
INE0LQS01015,BE,EQ,2024-04-22,2024-04-23,TIPSFILMS,TIPSFILMS
INE0MEG01014,ST,SM,2024-04-22,2024-04-23,VIVIANA,VIVIANA
INE0MLA01012,SM,ST,2024-04-22,2024-04-23,AGARWALFT,AGARWALFT
INE0N7F01017,SM,ST,2024-04-22,2024-04-23,HOMESFY,HOMESFY
INE0NA301016,ST,SM,2024-04-22,2024-04-23,RBMINFRA,RBMINFRA
INE0O3O01017,ST,SM,2024-04-22,2024-04-23,SEL,SEL
INE0O6N01012,ST,SM,2024-04-22,2024-04-23,AGUL,AGUL
INE0QBU01012,SM,ST,2024-04-22,2024-04-23,CPS,CPS
INE0SOY01013,ST,SM,2024-04-22,2024-04-23,TAC,TAC
INE102A01024,EQ,BE,2024-04-22,2024-04-23,HLVLTD,HLVLTD
INE105C01023,BE,EQ,2024-04-22,2024-04-23,3PLAND,3PLAND
INE156C01018,BE,EQ,2024-04-22,2024-04-23,PIONEEREMB,PIONEEREMB
INE161L01027,BE,EQ,2024-04-22,2024-04-23,VIKASLIFE,VIKASLIFE
INE220J01025,BE,EQ,2024-04-22,2024-04-23,FCONSUMER,FCONSUMER
INE226H01026,EQ,BE,2024-04-22,2024-04-23,SADBHAV,SADBHAV
INE227G01018,BE,EQ,2024-04-22,2024-04-23,INDOWIND,INDOWIND
INE230B01021,BE,EQ,2024-04-22,2024-04-23,CREATIVEYE,CREATIVEYE
INE232I01014,BE,EQ,2024-04-22,2024-04-23,SPARC,SPARC
INE236A01020,EQ,BE,2024-04-22,2024-04-23,HCL-INSYS,HCL-INSYS
INE240C01028,BE,EQ,2024-04-22,2024-04-23,UMESLTD,UMESLTD
INE245I01016,BE,EQ,2024-04-22,2024-04-23,NAGREEKCAP,NAGREEKCAP
INE246B01019,EQ,BE,2024-04-22,2024-04-23,RAMCOSYS,RAMCOSYS
INE251H01024,EQ,BE,2024-04-22,2024-04-23,GVKPIL,GVKPIL
INE258Y01016,EQ,BE,2024-04-22,2024-04-23,LGHL,LGHL
INE270A01029,BE,EQ,2024-04-22,2024-04-23,ALOKINDS,ALOKINDS
INE272L01022,EQ,BE,2024-04-22,2024-04-23,SURANASOL,SURANASOL
INE293B01029,BE,EQ,2024-04-22,2024-04-23,HAVISHA,HAVISHA
INE312C01025,BE,EQ,2024-04-22,2024-04-23,SYNCOMF,SYNCOMF
INE332H01014,EQ,BE,2024-04-22,2024-04-23,INDOTECH,INDOTECH
INE337M01013,BE,EQ,2024-04-22,2024-04-23,INDOTHAI,INDOTHAI
INE368I01016,BE,EQ,2024-04-22,2024-04-23,NIRAJ,NIRAJ
INE374B01019,BE,EQ,2024-04-22,2024-04-23,MUKTAARTS,MUKTAARTS
INE397H01017,EQ,BE,2024-04-22,2024-04-23,LOKESHMACH,LOKESHMACH
INE430U01019,ST,SM,2024-04-22,2024-04-23,RADIOWALLA,RADIOWALLA
INE452L01012,BE,EQ,2024-04-22,2024-04-23,INCREDIBLE,INCREDIBLE
INE474C01015,BE,EQ,2024-04-22,2024-04-23,REMSONSIND,REMSONSIND
INE495B01038,BE,EQ,2024-04-22,2024-04-23,SUVEN,SUVEN
INE497B01018,BE,EQ,2024-04-22,2024-04-23,SEAMECLTD,SEAMECLTD
INE506A01018,BE,EQ,2024-04-22,2024-04-23,DREDGECORP,DREDGECORP
INE510W01014,BE,EQ,2024-04-22,2024-04-23,INOXGREEN,INOXGREEN
INE521J01018,BE,EQ,2024-04-22,2024-04-23,CAREERP,CAREERP
INE526B01014,EQ,BE,2024-04-22,2024-04-23,CALSOFT,CALSOFT
INE528A01020,EQ,BE,2024-04-22,2024-04-23,GKWLIMITED,GKWLIMITED
INE542B01011,BE,EQ,2024-04-22,2024-04-23,AKSHARCHEM,AKSHARCHEM
INE542C01019,BE,EQ,2024-04-22,2024-04-23,NKIND,NKIND
INE555Z01012,EQ,BE,2024-04-22,2024-04-23,TARACHAND,TARACHAND
INE557B01019,BE,EQ,2024-04-22,2024-04-23,LIBERTSHOE,LIBERTSHOE
INE572G01025,BE,EQ,2024-04-22,2024-04-23,LANCORHOL,LANCORHOL
INE575Z01010,ST,SM,2024-04-22,2024-04-23,MDL,MDL
INE583L01014,BE,EQ,2024-04-22,2024-04-23,AGSTRA,AGSTRA
INE596H01014,EQ,BE,2024-04-22,2024-04-23,HOVS,HOVS
INE614G01033,BE,EQ,2024-04-22,2024-04-23,RPOWER,RPOWER
INE635Y01015,SM,ST,2024-04-22,2024-04-23,AISL,AISL
INE640C01011,BE,EQ,2024-04-22,2024-04-23,SHAHALLOYS,SHAHALLOYS
INE642Z01026,BE,EQ,2024-04-22,2024-04-23,AKI,AKI
INE645W01026,BE,EQ,2024-04-22,2024-04-23,AIRAN,AIRAN
INE688J01023,BE,EQ,2024-04-22,2024-04-23,EXCEL,EXCEL
INE705C01020,BE,EQ,2024-04-22,2024-04-23,SHIVATEX,SHIVATEX
INE728Z01015,BE,EQ,2024-04-22,2024-04-23,SOFTTECH,SOFTTECH
INE737B01033,BE,EQ,2024-04-22,2024-04-23,ADROITINFO,ADROITINFO
INE737D01021,EQ,BE,2024-04-22,2024-04-23,MODISONLTD,MODISONLTD
INE759V01019,EQ,BE,2024-04-22,2024-04-23,HEADSUP,HEADSUP
INE771A01026,BE,EQ,2024-04-22,2024-04-23,MIRZAINT,MIRZAINT
INE813V01022,BE,EQ,2024-04-22,2024-04-23,MCL,MCL
INE826C01016,BE,EQ,2024-04-22,2024-04-23,GUJAPOLLO,GUJAPOLLO
INE828A01016,EQ,BE,2024-04-22,2024-04-23,BIL,BIL
INE832A01018,EQ,BE,2024-04-22,2024-04-23,MODIRUBBER,MODIRUBBER
INE840Y01029,BE,EQ,2024-04-22,2024-04-23,ONEPOINT,ONEPOINT
INE844K01012,BE,EQ,2024-04-22,2024-04-23,BEDMUTHA,BEDMUTHA
INE861B01023,BE,EQ,2024-04-22,2024-04-23,MOTOGENFIN,MOTOGENFIN
INE863I01016,BE,EQ,2024-04-22,2024-04-23,BANG,BANG
INE865C01022,BE,EQ,2024-04-22,2024-04-23,BIRLAMONEY,BIRLAMONEY
INE867A01022,BE,EQ,2024-04-22,2024-04-23,MANUGRAPH,MANUGRAPH
INE870H01013,BE,EQ,2024-04-22,2024-04-23,NETWORK18,NETWORK18
INE871H01011,BE,EQ,2024-04-22,2024-04-23,GSS,GSS
INE886H01027,BE,EQ,2024-04-22,2024-04-23,TV18BRDCST,TV18BRDCST
INE898S01029,BE,EQ,2024-04-22,2024-04-23,AURUM,AURUM
INE901X01013,ST,SM,2024-04-22,2024-04-23,FELIX,FELIX
INE924D01017,BE,EQ,2024-04-22,2024-04-23,THEINVEST,THEINVEST
INE925S01012,ST,SM,2024-04-22,2024-04-23,PERFECT,PERFECT
INE965B01022,BE,EQ,2024-04-22,2024-04-23,HYBRIDFIN,HYBRIDFIN
INE976T01013,BE,EQ,2024-04-22,2024-04-23,SAGARDEEP,SAGARDEEP
INE01C001018,EQ,BE,2024-04-23,2024-04-24,AARTECH,AARTECH
INE0DEZ01013,ST,SM,2024-04-23,2024-04-24,K2INFRA,K2INFRA
INE0TO601017,ST,SM,2024-04-23,2024-04-24,YASHOPTICS,YASHOPTICS
INE127B01011,EQ,BE,2024-04-23,2024-04-24,HITECHGEAR,HITECHGEAR
INE635A01023,EQ,BE,2024-04-23,2024-04-24,SHYAMTEL,SHYAMTEL
INE040H01021,EQ,BE,2024-04-24,2024-04-25,SUZLON,SUZLON
INE0R7401011,ST,SM,2024-04-24,2024-04-25,CGRAPHICS,CGRAPHICS
INE0STM01017,ST,SM,2024-04-24,2024-04-25,ALUWIND,ALUWIND
INE00S901012,EQ,BE,2024-04-25,2024-04-26,NILASPACES,NILASPACES
INE425B01027,EQ,BZ,2024-04-25,2024-04-26,BCG,BCG
INE019C01026,BE,EQ,2024-04-26,2024-04-29,HSCL,HSCL
INE158B01016,BE,EQ,2024-04-26,2024-04-29,EIMCOELECO,EIMCOELECO
INE314C01013,EQ,BE,2024-04-26,2024-04-29,SOMATEX,SOMATEX
INE610B01024,BE,EQ,2024-04-26,2024-04-29,GUJRAFFIA,GUJRAFFIA
INE652F01027,BE,EQ,2024-04-26,2024-04-29,CCHHL,CCHHL
INE764L01010,BE,EQ,2024-04-26,2024-04-29,SADBHIN,SADBHIN
INE828O01033,BE,EQ,2024-04-26,2024-04-29,MITCON,MITCON
INE294G01026,EQ,BE,2024-04-29,2024-04-30,ROML,ROML
INE878E01021,EQ,BE,2024-04-29,2024-04-30,SETCO,SETCO
INE0K6601012,ST,SM,2024-04-30,2024-05-02,TGL,TGL
INE0S8401018,ST,SM,2024-04-30,2024-05-02,DCG,DCG
INE855F01042,EQ,BE,2024-04-30,2024-05-02,ASMS,ASMS
INE0ALR01029,EQ,BE,2024-05-02,2024-05-03,ATALREAL,ATALREAL
INE0D0U01013,EQ,BE,2024-05-02,2024-05-03,AAATECH,AAATECH
INE0IGO01011,SM,ST,2024-05-02,2024-05-03,DESTINY,DESTINY
INE0NLB01018,SM,ST,2024-05-02,2024-05-03,VERTEXPLUS,VERTEXPLUS
INE0NZW01014,SM,ST,2024-05-02,2024-05-03,PATTECH,PATTECH
INE158B01016,EQ,BE,2024-05-02,2024-05-03,EIMCOELECO,EIMCOELECO
INE370D01013,EQ,BE,2024-05-02,2024-05-03,MANORG,MANORG
INE568Z01015,EQ,BE,2024-05-02,2024-05-03,URAVI,URAVI
INE617A01013,EQ,BE,2024-05-02,2024-05-03,SEMAC,SEMAC
INE702Y01013,SM,ST,2024-05-02,2024-05-03,SMVD,SMVD
INE877I01016,EQ,BE,2024-05-02,2024-05-03,ARCHIDPLY,ARCHIDPLY
INE112D01035,BE,EQ,2024-05-03,2024-05-06,MHLXMIRU,MHLXMIRU
INE550C01020,BE,EQ,2024-05-03,2024-05-06,URJA,URJA
INE560K01014,BE,EQ,2024-05-03,2024-05-06,PFS,PFS
INE562X01013,EQ,BE,2024-05-03,2024-05-06,UNIVASTU,UNIVASTU
INE713T01028,EQ,BE,2024-05-03,2024-05-06,APOLLO,APOLLO
INE763I01026,BE,EQ,2024-05-03,2024-05-06,TRIL,TRIL
INE835A01011,BE,EQ,2024-05-03,2024-05-06,VARDMNPOLY,VARDMNPOLY
INE885F01015,EQ,BE,2024-05-03,2024-05-06,MASKINVEST,MASKINVEST
INE925Y01036,BE,EQ,2024-05-03,2024-05-06,GODHA,GODHA
INE977Y01011,BE,EQ,2024-05-03,2024-05-06,BCONCEPTS,BCONCEPTS
INE093B01015,EQ,BE,2024-05-06,2024-05-07,ALPSINDUS,ALPSINDUS
INE390G01014,EQ,BE,2024-05-06,2024-05-07,GPTINFRA,GPTINFRA
INE03JI01017,EQ,BE,2024-05-07,2024-05-08,DGCONTENT,DGCONTENT
INE0PC901019,ST,SM,2024-05-07,2024-05-08,BIRDYS,BIRDYS
INE0RJH01010,ST,SM,2024-05-07,2024-05-08,RBS,RBS
INE106I01010,EQ,BE,2024-05-07,2024-05-08,ANKITMETAL,ANKITMETAL
INE439T01012,EQ,BE,2024-05-09,2024-05-10,NITIRAJ,NITIRAJ
INE830Q01018,EQ,BE,2024-05-09,2024-05-10,MANAKCOAT,MANAKCOAT
INE018401013,BE,EQ,2024-05-10,2024-05-13,SUVIDHAA,SUVIDHAA
INE155Z01011,BE,EQ,2024-05-10,2024-05-13,MACPOWER,MACPOWER
INE251H01024,BE,EQ,2024-05-10,2024-05-13,GVKPIL,GVKPIL
INE287Z01012,BE,EQ,2024-05-10,2024-05-13,GAYAHWS,GAYAHWS
INE319Z01021,BE,EQ,2024-05-10,2024-05-13,SUPREMEENG,SUPREMEENG
INE399K01017,BE,EQ,2024-05-10,2024-05-13,RTNPOWER,RTNPOWER
INE451L01014,BE,EQ,2024-05-10,2024-05-13,MAHASTEEL,MAHASTEEL
INE711A01022,BE,EQ,2024-05-10,2024-05-13,WALCHANNAG,WALCHANNAG
INE713T01028,BE,EQ,2024-05-10,2024-05-13,APOLLO,APOLLO
INE740X01023,BE,EQ,2024-05-10,2024-05-13,LAL,LAL
INE781A01025,BE,EQ,2024-05-10,2024-05-13,INTENTECH,INTENTECH
INE792I01017,BE,EQ,2024-05-10,2024-05-13,CORDSCABLE,CORDSCABLE
INE804H01012,EQ,BE,2024-05-10,2024-05-13,TFL,TFL
INE855F01042,BE,EQ,2024-05-10,2024-05-13,ASMS,ASMS
INE874F01027,BE,EQ,2024-05-10,2024-05-13,RADAAN,RADAAN
INE875R01011,BE,EQ,2024-05-10,2024-05-13,BALKRISHNA,BALKRISHNA
INE908D01010,BE,EQ,2024-05-10,2024-05-13,SHAKTIPUMP,SHAKTIPUMP
INE950I01011,BE,EQ,2024-05-10,2024-05-13,DBCORP,DBCORP
INE993A01026,BE,EQ,2024-05-10,2024-05-13,MANINDS,MANINDS
INE763I01026,EQ,BE,2024-05-13,2024-05-14,TRIL,TRIL
INE319Z01021,EQ,BE,2024-05-14,2024-05-15,SUPREMEENG,SUPREMEENG
INE055C01020,EQ,BE,2024-05-15,2024-05-16,KEEPLEARN,KEEPLEARN
INE0CAJ01017,SM,ST,2024-05-15,2024-05-16,AILIMITED,AILIMITED
INE0QTF01015,EQ,BE,2024-05-15,2024-05-16,VSTL,VSTL
INE155Z01011,EQ,BE,2024-05-15,2024-05-16,MACPOWER,MACPOWER
INE178C01020,EQ,BE,2024-05-15,2024-05-16,SMARTLINK,SMARTLINK
INE220J01025,EQ,BE,2024-05-15,2024-05-16,FCONSUMER,FCONSUMER
INE230B01021,EQ,BE,2024-05-15,2024-05-16,CREATIVEYE,CREATIVEYE
INE287Z01012,EQ,BE,2024-05-15,2024-05-16,GAYAHWS,GAYAHWS
INE844A01013,EQ,BE,2024-05-15,2024-05-16,PEARLPOLY,PEARLPOLY
INE864K01010,EQ,BE,2024-05-15,2024-05-16,IRIS,IRIS
INE617A01013,BE,EQ,2024-05-16,2024-05-17,SEMAC,SEMAC
INE016M01021,BE,EQ,2024-05-17,2024-05-21,DNAMEDIA,DNAMEDIA
INE017W01010,BE,EQ,2024-05-17,2024-05-21,SMLT,SMLT
INE0PEQ01016,EQ,BE,2024-05-17,2024-05-21,RBZJEWEL,RBZJEWEL
INE139I01011,BE,EQ,2024-05-17,2024-05-21,BVCL,BVCL
INE158B01016,BE,EQ,2024-05-17,2024-05-21,EIMCOELECO,EIMCOELECO
INE188Y01015,BE,EQ,2024-05-17,2024-05-21,VERTOZ,VERTOZ
INE323J01019,BE,EQ,2024-05-17,2024-05-21,SOMICONVEY,SOMICONVEY
INE351F01018,BE,EQ,2024-05-17,2024-05-21,JPPOWER,JPPOWER
INE398B01018,EQ,BE,2024-05-17,2024-05-21,MRO-TEK,MRO-TEK
INE648Z01023,BE,EQ,2024-05-17,2024-05-21,ACCURACY,ACCURACY
INE735M01018,BE,EQ,2024-05-17,2024-05-21,SAMPANN,SAMPANN
INE839M01018,BE,EQ,2024-05-17,2024-05-21,SCHNEIDER,SCHNEIDER
INE914E01040,BE,EQ,2024-05-17,2024-05-21,ALANKIT,ALANKIT
INE999K01014,BE,EQ,2024-05-17,2024-05-21,GREENPOWER,GREENPOWER
INE399K01017,EQ,BE,2024-05-22,2024-05-23,RTNPOWER,RTNPOWER
INE617A01013,EQ,BE,2024-05-22,2024-05-23,SEMAC,SEMAC
INE188Y01015,EQ,BE,2024-05-23,2024-05-24,VERTOZ,VERTOZ
INE871H01011,EQ,BE,2024-05-23,2024-05-24,GSS,GSS
INE013801027,BE,EQ,2024-05-24,2024-05-27,KSHITIJPOL,KSHITIJPOL
INE040M01013,BE,EQ,2024-05-24,2024-05-27,TREEHOUSE,TREEHOUSE
INE043C01018,BE,EQ,2024-05-24,2024-05-27,IVP,IVP
INE047B01011,BE,EQ,2024-05-24,2024-05-27,GILLANDERS,GILLANDERS
INE09E501017,BE,EQ,2024-05-24,2024-05-27,RVHL,RVHL
INE0N0Y01013,BE,EQ,2024-05-24,2024-05-27,USK,USK
INE0SMA01017,ST,SM,2024-05-24,2024-05-27,SLONE,SLONE
INE130B01031,BE,EQ,2024-05-24,2024-05-27,SURANAT&P,SURANAT&P
INE132H01018,BE,EQ,2024-05-24,2024-05-27,AURIONPRO,AURIONPRO
INE195Y01010,EQ,BE,2024-05-24,2024-05-27,SECURCRED,SECURCRED
INE281A01026,BE,EQ,2024-05-24,2024-05-27,CENTEXT,CENTEXT
INE324X01026,BE,EQ,2024-05-24,2024-05-27,SARVESHWAR,SARVESHWAR
INE326B01027,BE,EQ,2024-05-24,2024-05-27,ALMONDZ,ALMONDZ
INE360L01017,BE,EQ,2024-05-24,2024-05-27,FMNL,FMNL
INE414B01021,BE,EQ,2024-05-24,2024-05-27,ANTGRAPHIC,ANTGRAPHIC
INE482B01010,BE,EQ,2024-05-24,2024-05-27,TERASOFT,TERASOFT
INE505Y01010,BE,EQ,2024-05-24,2024-05-27,VINEETLAB,VINEETLAB
INE558D01021,BE,EQ,2024-05-24,2024-05-27,CORALFINAC,CORALFINAC
INE583R01029,BE,EQ,2024-05-24,2024-05-27,PRITIKAUTO,PRITIKAUTO
INE600A01035,BE,EQ,2024-05-24,2024-05-27,PILITA,PILITA
INE680A01011,BE,EQ,2024-05-24,2024-05-27,DHANBANK,DHANBANK
INE738V01013,BE,EQ,2024-05-24,2024-05-27,ARTNIRMAN,ARTNIRMAN
INE760Y01011,BE,EQ,2024-05-24,2024-05-27,ASHOKAMET,ASHOKAMET
INE781B01015,BE,EQ,2024-05-24,2024-05-27,NOIDATOLL,NOIDATOLL
INE792B01012,EQ,BE,2024-05-24,2024-05-27,AMBICAAGAR,AMBICAAGAR
INE850E01012,BE,EQ,2024-05-24,2024-05-27,LFIC,LFIC
INE859Q01017,BE,EQ,2024-05-24,2024-05-27,MANAKALUCO,MANAKALUCO
INE874F01027,EQ,BE,2024-05-24,2024-05-27,RADAAN,RADAAN
INE878H01024,BE,EQ,2024-05-24,2024-05-27,INVENTURE,INVENTURE
INE879E01037,BE,EQ,2024-05-24,2024-05-27,KANANIIND,KANANIIND
INE937C01029,BE,EQ,2024-05-24,2024-05-27,NILAINFRA,NILAINFRA
INE942G01012,BE,EQ,2024-05-24,2024-05-27,MCLEODRUSS,MCLEODRUSS
INE998H01012,BE,EQ,2024-05-24,2024-05-27,ORIENTALTL,ORIENTALTL
INE158B01016,EQ,BE,2024-05-27,2024-05-28,EIMCOELECO,EIMCOELECO
INE218C01016,EQ,BE,2024-05-27,2024-05-28,AUSOMENT,AUSOMENT
INE819L01012,EQ,BE,2024-05-27,2024-05-28,ELGIRUBCO,ELGIRUBCO
INE911B01018,BE,EQ,2024-05-27,2024-06-03,TCIFINANCE,TCIFINANCE
INE0S3D01016,ST,SM,2024-05-28,2024-05-29,WINSOL,WINSOL
INE0TNX01015,ST,SM,2024-05-28,2024-05-29,REFRACTORY,REFRACTORY
INE071A01013,EQ,BE,2024-05-29,2024-05-30,BINANIIND,BINANIIND
INE0J1E01019,SM,ST,2024-05-29,2024-05-30,KCK,KCK
INE0STN01015,ST,SM,2024-05-29,2024-05-30,SILKFLEX,SILKFLEX
INE123C01018,EQ,BE,2024-05-29,2024-05-30,TAINWALCHM,TAINWALCHM
INE641C01019,EQ,BE,2024-05-29,2024-05-30,KAVVERITEL,KAVVERITEL
INE748A01016,EQ,BE,2024-05-29,2024-05-30,MBECL,MBECL
INE00PV01013,EQ,BE,2024-05-30,2024-05-31,AHLADA,AHLADA
INE0S1L01013,ST,SM,2024-05-30,2024-05-31,EMMIL,EMMIL
INE014B01011,BE,EQ,2024-05-31,2024-06-03,TECILCHEM,TECILCHEM
INE049B01025,BE,EQ,2024-05-31,2024-06-03,WOCKPHARMA,WOCKPHARMA
INE0CFG01012,ST,SM,2024-05-31,2024-06-03,PRLIND,PRLIND
INE283A01014,BE,EQ,2024-05-31,2024-06-03,PRECOT,PRECOT
INE412C01023,BE,EQ,2024-05-31,2024-06-03,JMA,JMA
INE662A01027,BE,EQ,2024-05-31,2024-06-03,SUPERSPIN,SUPERSPIN
INE672A01018,BE,EQ,2024-05-31,2024-06-03,TATAINVEST,TATAINVEST
INE703H01016,BE,EQ,2024-05-31,2024-06-03,HUBTOWN,HUBTOWN
INE753W01010,BE,EQ,2024-05-31,2024-06-03,SANGINITA,SANGINITA
INE997Y01027,BE,EQ,2024-05-31,2024-06-03,MITTAL,MITTAL
INE0QRV01016,ST,SM,2024-06-03,2024-06-04,ABSMARINE,ABSMARINE
INE0R3T01013,ST,SM,2024-06-03,2024-06-04,MANDEEP,MANDEEP
INE0SRI01019,ST,SM,2024-06-03,2024-06-04,VERITAAS,VERITAAS
INE195Y01010,BE,EQ,2024-06-03,2024-06-05,SECURCRED,SECURCRED
INE688J01023,EQ,BE,2024-06-03,2024-06-04,EXCEL,EXCEL
INE792B01012,BE,EQ,2024-06-03,2024-06-05,AMBICAAGAR,AMBICAAGAR
INE0RRU01016,ST,SM,2024-06-04,2024-06-05,IEML,IEML
INE251H01024,EQ,BE,2024-06-04,2024-06-05,GVKPIL,GVKPIL
INE0TNW01017,ST,SM,2024-06-05,2024-06-06,QUESTLAB,QUESTLAB
INE455F01025,EQ,BE,2024-06-05,2024-06-06,JPASSOCIAT,JPASSOCIAT
INE02AR01019,EQ,BE,2024-06-06,2024-06-07,ANMOL,ANMOL
INE0R7301013,ST,SM,2024-06-06,2024-06-07,RULKA,RULKA
INE0S6S01017,ST,SM,2024-06-06,2024-06-07,HOACFOODS,HOACFOODS
INE285K01026,EQ,BE,2024-06-06,2024-06-07,TECHNOE,TECHNOE
INE726L01019,EQ,BE,2024-06-06,2024-06-07,DELPHIFX,DELPHIFX
INE885F01015,BE,EQ,2024-06-06,2024-06-10,MASKINVEST,MASKINVEST
INE908D01010,EQ,BE,2024-06-06,2024-06-07,SHAKTIPUMP,SHAKTIPUMP
INE00Z501029,BE,EQ,2024-06-07,2024-06-10,KRITIKA,KRITIKA
INE040H01021,BE,EQ,2024-06-07,2024-06-10,SUZLON,SUZLON
INE065J01024,BE,EQ,2024-06-07,2024-06-10,TPHQ,TPHQ
INE0EEJ01023,EQ,BE,2024-06-07,2024-06-10,BTML,BTML
INE188Y01015,BE,EQ,2024-06-07,2024-06-10,VERTOZ,VERTOZ
INE197A01024,BE,EQ,2024-06-07,2024-06-10,JYOTISTRUC,JYOTISTRUC
INE382T01030,EQ,BE,2024-06-07,2024-06-10,GVPTECH,GVPTECH
INE481Z01011,BE,EQ,2024-06-07,2024-06-10,UNIINFO,UNIINFO
INE508K01013,BE,EQ,2024-06-07,2024-06-10,RHL,RHL
INE669A01022,BE,EQ,2024-06-07,2024-06-10,INFOMEDIA,INFOMEDIA
INE699B01027,BE,EQ,2024-06-07,2024-06-10,SAMBHAAV,SAMBHAAV
INE725L01011,BE,EQ,2024-06-07,2024-06-10,KARMAENG,KARMAENG
INE731A01020,BE,EQ,2024-06-07,2024-06-10,ARCHIES,ARCHIES
INE760W01015,BE,EQ,2024-06-07,2024-06-10,RPPL,RPPL
INE863T01013,BE,EQ,2024-06-07,2024-06-10,JITFINFRA,JITFINFRA
INE947I01017,BE,EQ,2024-06-07,2024-06-10,LOTUSEYE,LOTUSEYE
INE058A01010,EQ,BE,2024-06-12,2024-06-13,SANOFI,SANOFI
INE781B01015,EQ,BE,2024-06-12,2024-06-13,NOIDATOLL,NOIDATOLL
INE911B01018,EQ,BE,2024-06-12,2024-06-13,TCIFINANCE,TCIFINANCE
INE058B01018,EQ,BE,2024-06-13,2024-06-14,ZENITHEXPO,ZENITHEXPO
INE0SQY01018,ST,SM,2024-06-13,2024-06-14,GSMFOILS,GSMFOILS
INE296H01011,EQ,BE,2024-06-13,2024-06-14,EMKAY,EMKAY
INE703H01016,EQ,BE,2024-06-13,2024-06-14,HUBTOWN,HUBTOWN
INE022C01012,BE,EQ,2024-06-14,2024-06-18,EUROTEXIND,EUROTEXIND
INE0AZY01017,ST,SM,2024-06-14,2024-06-18,VILAS,VILAS
INE0FLR01028,BE,EQ,2024-06-14,2024-06-18,IWEL,IWEL
INE158B01016,BE,EQ,2024-06-14,2024-06-18,EIMCOELECO,EIMCOELECO
INE188Y01015,EQ,BE,2024-06-14,2024-06-18,VERTOZ,VERTOZ
INE505C01016,BE,EQ,2024-06-14,2024-06-18,PRAENG,PRAENG
INE858F01012,BE,EQ,2024-06-14,2024-06-18,NITCO,NITCO
INE895W01019,EQ,BE,2024-06-14,2024-06-18,PANACHE,PANACHE
INE992I01013,BE,EQ,2024-06-14,2024-06-18,STARTECK,STARTECK
INE112X01017,EQ,BE,2024-06-18,2024-06-19,SIKKO,SIKKO
INE157H01023,EQ,BE,2024-06-18,2024-06-19,KMSUGAR,KMSUGAR
INE215D01010,EQ,BE,2024-06-18,2024-06-19,MAHEPC,MAHEPC
INE251C01025,EQ,BE,2024-06-18,2024-06-19,ABMINTLLTD,ABMINTLLTD
INE323B01016,EQ,BE,2024-06-18,2024-06-19,AVONMORE,AVONMORE
INE429F01012,BE,BZ,2024-06-18,2024-06-24,SKIL,SKIL
INE558R01013,EQ,BE,2024-06-18,2024-06-19,HECPROJECT,HECPROJECT
INE639X01027,ST,SM,2024-06-18,2024-06-19,BEACON,BEACON
INE03RS01027,EQ,BE,2024-06-19,2024-06-20,DRCSYSTEMS,DRCSYSTEMS
INE0ISZ01012,ST,SM,2024-06-19,2024-06-20,ZTECH,ZTECH
INE617I01024,ST,SM,2024-06-19,2024-09-23,ASLIND,ASLIND
INE013801027,EQ,BE,2024-06-20,2024-06-21,KSHITIJPOL,KSHITIJPOL
INE014B01011,EQ,BE,2024-06-20,2024-06-21,TECILCHEM,TECILCHEM
INE0RUV01018,ST,SM,2024-06-20,2024-06-21,AIMTRON,AIMTRON
INE482B01010,EQ,BE,2024-06-20,2024-06-21,TERASOFT,TERASOFT
INE542Z01010,EQ,BE,2024-06-20,2024-06-21,KAPSTON,KAPSTON
INE024D01016,BE,EQ,2024-06-21,2024-06-24,PRUDMOULI,PRUDMOULI
INE02L001032,BE,EQ,2024-06-21,2024-06-24,BOROSCI,BOROSCI
INE0N2D01013,ST,SM,2024-06-21,2024-06-24,TBI,TBI
INE188Y01015,BE,EQ,2024-06-21,2024-06-24,VERTOZ,VERTOZ
INE195Y01010,EQ,BE,2024-06-21,2024-06-24,SECURCRED,SECURCRED
INE251H01024,BE,EQ,2024-06-21,2024-06-24,GVKPIL,GVKPIL
INE289C01025,BE,EQ,2024-06-21,2024-06-24,TIMESGTY,TIMESGTY
INE319Y01024,EQ,BE,2024-06-21,2024-06-24,TIRUPATIFL,TIRUPATIFL
INE324L01013,BE,EQ,2024-06-21,2024-06-24,RPPINFRA,RPPINFRA
INE399K01017,BE,EQ,2024-06-21,2024-06-24,RTNPOWER,RTNPOWER
INE564T01017,SM,ST,2024-06-21,2024-07-29,JETKNIT,JETKNIT
INE627H01017,BE,EQ,2024-06-21,2024-06-24,CTE,CTE
INE03JI01017,BE,EQ,2024-06-24,2024-06-25,DGCONTENT,DGCONTENT
INE0ATZ01017,BE,EQ,2024-06-24,2024-06-25,KRONOX,KRONOX
INE314G01014,EQ,BE,2024-06-24,2024-06-25,KALYANIFRG,KALYANIFRG
INE715Y01023,EQ,BE,2024-06-24,2024-06-25,SHRADHA,SHRADHA
INE802W01023,BE,BZ,2024-06-24,2024-07-01,BOHRAIND,BOHRAIND
INE863B01029,EQ,BE,2024-06-24,2024-06-25,PREMEXPLN,PREMEXPLN
INE201J01017,EQ,BE,2024-06-25,2024-06-26,LGBFORGE,LGBFORGE
INE239D01028,EQ,BE,2024-06-25,2024-06-26,OMINFRAL,OMINFRAL
INE319B01014,EQ,BE,2024-06-25,2024-06-26,BYKE,BYKE
INE03JI01017,EQ,BE,2024-06-26,2024-06-27,DGCONTENT,DGCONTENT
INE09FA01019,SM,ST,2024-06-26,2024-06-27,YUDIZ,YUDIZ
INE0N0Y01013,EQ,BE,2024-06-26,2024-06-27,USK,USK
INE0SQY01018,SM,ST,2024-06-26,2024-06-27,GSMFOILS,GSMFOILS
INE336X01012,EQ,BE,2024-06-26,2024-06-27,TOTAL,TOTAL
INE648Z01023,EQ,BE,2024-06-26,2024-06-27,ACCURACY,ACCURACY
INE669A01022,EQ,BE,2024-06-26,2024-06-27,INFOMEDIA,INFOMEDIA
INE722J01012,EQ,BE,2024-06-26,2024-06-27,RKDL,RKDL
INE735M01018,EQ,BE,2024-06-26,2024-06-27,SAMPANN,SAMPANN
INE748T01016,EQ,BE,2024-06-26,2024-06-27,SIMBHALS,SIMBHALS
INE792I01017,EQ,BE,2024-06-26,2024-06-27,CORDSCABLE,CORDSCABLE
INE954E01012,EQ,BE,2024-06-26,2024-06-27,MOHITIND,MOHITIND
INE058A01010,BE,EQ,2024-06-27,2024-06-28,SANOFI,SANOFI
INE188Y01015,EQ,BE,2024-06-27,2024-06-28,VERTOZ,VERTOZ
INE197A01024,EQ,BE,2024-06-27,2024-06-28,JYOTISTRUC,JYOTISTRUC
INE206B01013,EQ,BE,2024-06-27,2024-06-28,ZODIACLOTH,ZODIACLOTH
INE323J01019,EQ,BE,2024-06-27,2024-06-28,SOMICONVEY,SOMICONVEY
INE431F01018,EQ,BE,2024-06-27,2024-06-28,PKTEA,PKTEA
INE00KV01022,BE,EQ,2024-06-28,2024-07-01,RAJMET,RAJMET
INE080A01014,EQ,BE,2024-06-28,2024-07-01,WEIZMANIND,WEIZMANIND
INE158B01016,EQ,BE,2024-06-28,2024-07-01,EIMCOELECO,EIMCOELECO
INE321D01016,EQ,BE,2024-06-28,2024-07-01,OCCL,OCCL
INE382T01030,BE,EQ,2024-06-28,2024-07-01,GVPTECH,GVPTECH
INE684Z01010,SM,SZ,2024-06-28,2024-07-01,BRIGHT,BRIGHT
INE946H01037,BE,EQ,2024-06-28,2024-07-01,VIPULLTD,VIPULLTD
INE948A01012,EQ,BE,2024-06-28,2024-07-01,TRIGYN,TRIGYN
INE245I01016,EQ,BE,2024-07-01,2024-07-02,NAGREEKCAP,NAGREEKCAP
INE591Q01016,EQ,BE,2024-07-02,2024-07-03,SUULD,SUULD
INE756C01015,EQ,BE,2024-07-02,2024-07-03,NDGL,NDGL
INE817H01014,EQ,BE,2024-07-02,2024-07-03,BURNPUR,BURNPUR
INE318D01020,EQ,BE,2024-07-03,2024-07-04,ZENITHSTL,ZENITHSTL
INE087Z01024,EQ,BE,2024-07-04,2024-07-05,AAKASH,AAKASH
INE130B01031,EQ,BE,2024-07-04,2024-07-05,SURANAT&P,SURANAT&P
INE137I01015,EQ,BE,2024-07-04,2024-07-05,GRPLTD,GRPLTD
INE885F01015,EQ,BE,2024-07-04,2024-07-05,MASKINVEST,MASKINVEST
INE0GIU01018,BE,EQ,2024-07-05,2024-07-08,UMAEXPORTS,UMAEXPORTS
INE0S7E01015,ST,SM,2024-07-05,2024-07-08,GPECO,GPECO
INE188Y01023,BE,EQ,2024-07-05,2024-07-08,VERTOZ,VERTOZ
INE256Z01025,BE,EQ,2024-07-05,2024-07-08,AKSHAR,AKSHAR
INE523B01011,BE,EQ,2024-07-05,2024-07-08,AKSHOPTFBR,AKSHOPTFBR
INE632X01030,EQ,BE,2024-07-05,2024-07-08,SHRENIK,SHRENIK
INE652F01027,EQ,BE,2024-07-05,2024-07-08,CCHHL,CCHHL
INE03DD01011,BE,EQ,2024-07-09,2024-07-10,RETAIL,RETAIL
INE0OUW01013,ST,SM,2024-07-09,2024-07-10,DURLAX,DURLAX
INE0PQK01013,ST,SM,2024-07-09,2024-07-10,FALCONTECH,FALCONTECH
INE197J01017,EQ,BE,2024-07-09,2024-07-10,LPDC,LPDC
INE287C01037,EQ,BE,2024-07-09,2024-07-10,MICEL,MICEL
INE375Y01018,SM,EQ,2024-07-09,2024-07-10,RELIABLE,RELIABLE
INE786W01010,EQ,BE,2024-07-09,2024-07-10,RKEC,RKEC
INE916Y01019,BE,EQ,2024-07-09,2024-07-10,AFIL,AFIL
INE0S9101013,ST,SM,2024-07-10,2024-07-11,WINNY,WINNY
INE188Y01023,EQ,BE,2024-07-10,2024-07-11,VERTOZ,VERTOZ
INE301A01014,EQ,BE,2024-07-10,2024-07-11,RAYMOND,RAYMOND
INE043C01018,EQ,BE,2024-07-11,2024-07-12,IVP,IVP
INE0PE401018,ST,SM,2024-07-11,2024-07-12,MEDIORG,MEDIORG
INE240C01028,EQ,BE,2024-07-11,2024-07-12,UMESLTD,UMESLTD
INE551Q01028,ST,SM,2024-07-11,2024-07-16,VSCL,VSCL
INE702Y01013,ST,SM,2024-07-11,2024-07-19,SMVD,SMVD
INE854S01022,EQ,BE,2024-07-11,2024-07-12,GENCON,GENCON
INE925Y01036,EQ,BE,2024-07-11,2024-07-12,GODHA,GODHA
INE00IK01029,BE,EQ,2024-07-12,2024-07-15,OSWALSEEDS,OSWALSEEDS
INE01IH01015,ST,SM,2024-07-12,2024-07-15,SYLVANPLY,SYLVANPLY
INE0BHK01012,ST,SM,2024-07-12,2024-07-15,VISAMAN,VISAMAN
INE0J1E01019,ST,SM,2024-07-12,2024-07-16,KCK,KCK
INE0OJM01017,SM,ST,2024-07-12,2024-07-16,MASTER,MASTER
INE0SH001010,ST,SM,2024-07-12,2024-07-15,MASON,MASON
INE0T7B01010,ST,SM,2024-07-12,2024-07-15,SPCL,SPCL
INE224E01028,BE,EQ,2024-07-12,2024-07-15,GATECH,GATECH
INE278G01037,BE,EQ,2024-07-12,2024-07-15,CYBERMEDIA,CYBERMEDIA
INE321D01016,BE,EQ,2024-07-12,2024-07-15,OCCL,OCCL
INE383H01017,BE,EQ,2024-07-12,2024-07-15,MALUPAPER,MALUPAPER
INE514Y01020,BE,EQ,2024-07-12,2024-07-15,MOKSH,MOKSH
INE590L01019,BE,EQ,2024-07-12,2024-07-15,VASWANI,VASWANI
INE614Z01017,ST,SM,2024-07-12,2024-07-16,GIRIRAJ,GIRIRAJ
INE635Y01015,ST,SM,2024-07-12,2024-07-16,AISL,AISL
INE650K01021,BE,EQ,2024-07-12,2024-07-15,SECURKLOUD,SECURKLOUD
INE681C01015,BE,EQ,2024-07-12,2024-07-15,KEYFINSERV,KEYFINSERV
INE705X01026,BE,EQ,2024-07-12,2024-07-15,GOYALALUM,GOYALALUM
INE788B01028,BE,EQ,2024-07-12,2024-07-15,INDSWFTLTD,INDSWFTLTD
INE824Q01011,BE,EQ,2024-07-12,2024-07-15,MANAKSTEEL,MANAKSTEEL
INE925C01016,BE,EQ,2024-07-12,2024-07-15,MADHAV,MADHAV
INE979R01011,BE,EQ,2024-07-12,2024-07-15,SHYAMCENT,SHYAMCENT
INE00VM01036,BE,EQ,2024-07-15,2024-07-16,MANORAMA,MANORAMA
INE01JE01028,EQ,BE,2024-07-15,2024-07-16,MARINE,MARINE
INE01P501012,BE,EQ,2024-07-15,2024-07-16,XELPMOC,XELPMOC
INE020G01017,BE,EQ,2024-07-15,2024-07-16,INSPIRISYS,INSPIRISYS
INE029L01018,EQ,BE,2024-07-15,2024-07-16,KICL,KICL
INE02OY01016,SM,ST,2024-07-15,2024-07-16,RILINFRA,RILINFRA
INE02WG01016,BE,EQ,2024-07-15,2024-07-16,WEL,WEL
INE039B01026,BE,EQ,2024-07-15,2024-07-16,CINEVISTA,CINEVISTA
INE03HW01020,BE,EQ,2024-07-15,2024-07-16,VLEGOV,VLEGOV
INE045601015,EQ,BE,2024-07-15,2024-07-16,PARAS,PARAS
INE049B01025,EQ,BE,2024-07-15,2024-07-16,WOCKPHARMA,WOCKPHARMA
INE04VX01019,ST,SM,2024-07-15,2024-07-16,SHEETAL,SHEETAL
INE059B01024,BE,EQ,2024-07-15,2024-07-16,SIMPLEXINF,SIMPLEXINF
INE05DH01017,SM,ST,2024-07-15,2024-07-16,ATMASTCO,ATMASTCO
INE060J01017,BE,EQ,2024-07-15,2024-07-16,FLEXITUFF,FLEXITUFF
INE065J01024,EQ,BE,2024-07-15,2024-07-16,TPHQ,TPHQ
INE068Z01016,SM,ST,2024-07-15,2024-07-19,VASA,VASA
INE071A01013,BE,EQ,2024-07-15,2024-07-16,BINANIIND,BINANIIND
INE074B01023,BE,EQ,2024-07-15,2024-07-16,PARACABLES,PARACABLES
INE076C01018,EQ,BE,2024-07-15,2024-07-16,IFBAGRO,IFBAGRO
INE08KP01019,EQ,BE,2024-07-15,2024-07-16,DCMNVL,DCMNVL
INE090Y01013,ST,SM,2024-07-15,2024-07-16,CADSYS,CADSYS
INE09KD01013,BE,EQ,2024-07-15,2024-07-16,ATAM,ATAM
INE0A1101019,BE,EQ,2024-07-15,2024-07-16,DCI,DCI
INE0AZY01017,SM,ST,2024-07-15,2024-07-16,VILAS,VILAS
INE0BTM01013,BE,EQ,2024-07-15,2024-07-16,SECMARK,SECMARK
INE0CDK01019,SM,ST,2024-07-15,2024-07-16,MAKS,MAKS
INE0D0U01013,BE,EQ,2024-07-15,2024-07-16,AAATECH,AAATECH
INE0DEZ01013,SM,ST,2024-07-15,2024-07-16,K2INFRA,K2INFRA
INE0EK901012,EQ,BE,2024-07-15,2024-07-16,TARC,TARC
INE0I7C01011,BE,EQ,2024-07-15,2024-07-16,LATENTVIEW,LATENTVIEW
INE0IGO01011,ST,SM,2024-07-15,2024-07-16,DESTINY,DESTINY
INE0IQ001011,EQ,BE,2024-07-15,2024-07-16,VERANDA,VERANDA
INE0J5601015,SM,ST,2024-07-15,2024-07-16,KRISHNADEF,KRISHNADEF
INE0J5801011,ST,SM,2024-07-15,2024-07-16,JSLL,JSLL
INE0J6801010,SM,ST,2024-07-15,2024-07-16,KORE,KORE
INE0JOO01021,SM,ST,2024-07-15,2024-07-16,CLOUD,CLOUD
INE0JZA01018,SM,ST,2024-07-15,2024-07-16,SONUINFRA,SONUINFRA
INE0K6601012,SM,ST,2024-07-15,2024-07-16,TGL,TGL
INE0KL801015,EQ,BE,2024-07-15,2024-07-16,DCXINDIA,DCXINDIA
INE0KNW01016,SM,ST,2024-07-15,2024-07-16,KNAGRI,KNAGRI
INE0L2Y01011,ST,SM,2024-07-15,2024-07-16,ARHAM,ARHAM
INE0L4K01016,SM,ST,2024-07-15,2024-07-16,VITAL,VITAL
INE0LA901015,SM,ST,2024-07-15,2024-07-16,JFLLIFE,JFLLIFE
INE0LR101013,SM,ST,2024-07-15,2024-07-16,ANLON,ANLON
INE0LZO01015,SM,ST,2024-07-15,2024-07-16,DUCOL,DUCOL
INE0MEG01014,SM,ST,2024-07-15,2024-07-16,VIVIANA,VIVIANA
INE0N2D01013,SM,ST,2024-07-15,2024-07-16,TBI,TBI
INE0N6D01014,SM,ST,2024-07-15,2024-07-16,MOXSH,MOXSH
INE0N7F01017,ST,SM,2024-07-15,2024-07-16,HOMESFY,HOMESFY
INE0NNZ01013,SM,ST,2024-07-15,2024-07-16,INFOLLION,INFOLLION
INE0NR701018,SM,ST,2024-07-15,2024-07-16,KRISHCA,KRISHCA
INE0NZW01014,ST,SM,2024-07-15,2024-07-16,PATTECH,PATTECH
INE0O2D01012,SM,ST,2024-07-15,2024-07-16,SOTAC,SOTAC
INE0O4M01019,SM,ST,2024-07-15,2024-07-16,MCON,MCON
INE0O4R01018,SM,ST,2024-07-15,2024-07-16,KDL,KDL
INE0OAF01028,EQ,BE,2024-07-15,2024-07-16,JNKINDIA,JNKINDIA
INE0OCC01013,SM,ST,2024-07-15,2024-07-16,BASILIC,BASILIC
INE0OK701014,SM,ST,2024-07-15,2024-07-16,NIRMAN,NIRMAN
INE0OLS01010,SM,ST,2024-07-15,2024-07-16,VINYAS,VINYAS
INE0OPS01011,SM,ST,2024-07-15,2024-07-16,OLIL,OLIL
INE0P0001010,SM,ST,2024-07-15,2024-07-16,APS,APS
INE0P7201019,SM,ST,2024-07-15,2024-07-16,DRONE,DRONE
INE0PC901019,SM,ST,2024-07-15,2024-07-16,BIRDYS,BIRDYS
INE0PCY01014,SM,ST,2024-07-15,2024-07-16,AKANKSHA,AKANKSHA
INE0PMR01017,ST,SM,2024-07-15,2024-07-16,AKIKO,AKIKO
INE0PSK01027,SM,ST,2024-07-15,2024-07-16,SAAKSHI,SAAKSHI
INE0Q9601016,SM,ST,2024-07-15,2024-07-16,WOMANCART,WOMANCART
INE0QBU01012,ST,SM,2024-07-15,2024-07-16,CPS,CPS
INE0QD201012,SM,ST,2024-07-15,2024-07-16,TECHLABS,TECHLABS
INE0QG301017,SM,ST,2024-07-15,2024-07-16,CANARYS,CANARYS
INE0QHG01026,SM,ST,2024-07-15,2024-07-16,SUPREMEPWR,SUPREMEPWR
INE0QJ901011,SM,ST,2024-07-15,2024-07-16,DIGIKORE,DIGIKORE
INE0R3T01013,SM,ST,2024-07-15,2024-07-16,MANDEEP,MANDEEP
INE0R4701017,SM,ST,2024-07-15,2024-07-16,ALPEXSOLAR,ALPEXSOLAR
INE0R7301013,SM,ST,2024-07-15,2024-07-16,RULKA,RULKA
INE0RCG01017,SM,ST,2024-07-15,2024-07-16,KCEIL,KCEIL
INE0RQZ01017,SM,ST,2024-07-15,2024-07-16,ESCONET,ESCONET
INE0RUV01018,SM,ST,2024-07-15,2024-07-16,AIMTRON,AIMTRON
INE0S3X01014,SM,ST,2024-07-15,2024-07-16,ENFUSE,ENFUSE
INE0S4Y01010,SM,ST,2024-07-15,2024-07-16,SHREEKARNI,SHREEKARNI
INE0S8401018,SM,ST,2024-07-15,2024-07-16,DCG,DCG
INE0SCO01019,ST,SM,2024-07-15,2024-07-16,DPEL,DPEL
INE0SMA01017,SM,ST,2024-07-15,2024-07-16,SLONE,SLONE
INE0STM01017,SM,ST,2024-07-15,2024-07-16,ALUWIND,ALUWIND
INE0SWN01019,SM,ST,2024-07-15,2024-07-16,TRUST,TRUST
INE0TNX01015,SM,ST,2024-07-15,2024-07-16,REFRACTORY,REFRACTORY
INE102A01024,BE,EQ,2024-07-15,2024-07-16,HLVLTD,HLVLTD
INE108E01023,EQ,BE,2024-07-15,2024-07-16,SUNDARAM,SUNDARAM
INE110A01019,EQ,BE,2024-07-15,2024-07-16,BPL,BPL
INE122M01019,EQ,BE,2024-07-15,2024-07-16,ESSARSHPNG,ESSARSHPNG
INE126M01010,BE,EQ,2024-07-15,2024-07-16,YAARI,YAARI
INE198H01019,BE,EQ,2024-07-15,2024-07-16,AAREYDRUGS,AAREYDRUGS
INE226H01026,BE,EQ,2024-07-15,2024-07-16,SADBHAV,SADBHAV
INE227G01018,EQ,BE,2024-07-15,2024-07-16,INDOWIND,INDOWIND
INE235C01010,BE,EQ,2024-07-15,2024-07-19,SUMEETINDS,SUMEETINDS
INE236A01020,BE,EQ,2024-07-15,2024-07-16,HCL-INSYS,HCL-INSYS
INE246B01019,BE,EQ,2024-07-15,2024-07-16,RAMCOSYS,RAMCOSYS
INE255Z01019,BE,EQ,2024-07-15,2024-07-16,E2E,E2E
INE256H01015,EQ,BE,2024-07-15,2024-07-16,DYNPRO,DYNPRO
INE258Y01016,BE,EQ,2024-07-15,2024-07-16,LGHL,LGHL
INE272L01022,BE,EQ,2024-07-15,2024-07-16,SURANASOL,SURANASOL
INE278R01034,EQ,BE,2024-07-15,2024-07-16,KBCGLOBAL,KBCGLOBAL
INE283A01014,EQ,BE,2024-07-15,2024-07-16,PRECOT,PRECOT
INE345B01019,BE,EQ,2024-07-15,2024-07-16,CEREBRAINT,CEREBRAINT
INE363A01022,BE,EQ,2024-07-15,2024-07-16,ASIANHOTNR,ASIANHOTNR
INE365I01020,EQ,BE,2024-07-15,2024-07-16,NBIFIN,NBIFIN
INE367G01038,EQ,BE,2024-07-15,2024-07-16,PFOCUS,PFOCUS
INE370D01013,BE,EQ,2024-07-15,2024-07-16,MANORG,MANORG
INE388G01026,EQ,BE,2024-07-15,2024-07-16,TCLCONS,TCLCONS
INE397H01017,BE,EQ,2024-07-15,2024-07-16,LOKESHMACH,LOKESHMACH
INE448G01010,EQ,BE,2024-07-15,2024-07-16,NATHBIOGEN,NATHBIOGEN
INE506A01018,EQ,BE,2024-07-15,2024-07-16,DREDGECORP,DREDGECORP
INE526B01014,BE,EQ,2024-07-15,2024-07-16,CALSOFT,CALSOFT
INE528A01020,BE,EQ,2024-07-15,2024-07-16,GKWLIMITED,GKWLIMITED
INE531R01010,SM,ST,2024-07-15,2024-07-16,MEGATHERM,MEGATHERM
INE555Z01012,BE,EQ,2024-07-15,2024-07-16,TARACHAND,TARACHAND
INE568Z01015,BE,EQ,2024-07-15,2024-07-16,URAVI,URAVI
INE587G01015,EQ,BE,2024-07-15,2024-07-16,KAYA,KAYA
INE596F01018,EQ,BE,2024-07-15,2024-07-16,PTCIL,PTCIL
INE596H01014,BE,EQ,2024-07-15,2024-07-16,HOVS,HOVS
INE624Z01016,EQ,BE,2024-07-15,2024-07-16,SOLARA,SOLARA
INE627H01017,EQ,BE,2024-07-15,2024-07-16,CTE,CTE
INE676A01027,EQ,BE,2024-07-15,2024-07-16,BBOX,BBOX
INE737D01021,BE,EQ,2024-07-15,2024-07-16,MODISONLTD,MODISONLTD
INE748A01016,BE,EQ,2024-07-15,2024-07-16,MBECL,MBECL
INE777F01014,EQ,BE,2024-07-15,2024-07-16,EXICOM,EXICOM
INE800H01010,EQ,BE,2024-07-15,2024-07-16,OMAXE,OMAXE
INE832A01018,BE,EQ,2024-07-15,2024-07-16,MODIRUBBER,MODIRUBBER
INE843S01025,EQ,BE,2024-07-15,2024-07-16,SURAJEST,SURAJEST
INE878A01011,EQ,BE,2024-07-15,2024-07-16,GEPIL,GEPIL
INE891B01012,BE,EQ,2024-07-15,2024-07-16,DCMFINSERV,DCMFINSERV
INE912H01013,EQ,BE,2024-07-15,2024-07-16,MBLINFRA,MBLINFRA
INE924D01017,EQ,BE,2024-07-15,2024-07-16,THEINVEST,THEINVEST
INE927C01020,EQ,BE,2024-07-15,2024-07-16,DIGISPICE,DIGISPICE
INE951D01028,EQ,BE,2024-07-15,2024-07-16,ATULAUTO,ATULAUTO
INE992I01013,EQ,BE,2024-07-15,2024-07-16,STARTECK,STARTECK
INE998U01015,ST,SM,2024-07-15,2024-07-16,PCCL,PCCL
INE0APB01024,EQ,BE,2024-07-16,2024-07-18,MGEL,MGEL
INE0JRD01019,ST,SM,2024-07-16,2024-07-18,DTL,DTL
INE0S2V01010,BE,EQ,2024-07-16,2024-07-18,VRAJ,VRAJ
INE234I01028,EQ,BE,2024-07-16,2024-07-18,KAUSHALYA,KAUSHALYA
INE606A01024,EQ,BE,2024-07-16,2024-07-18,AMJLAND,AMJLAND
INE0A1101019,EQ,BE,2024-07-18,2024-07-19,DCI,DCI
INE226H01026,EQ,BE,2024-07-18,2024-07-19,SADBHAV,SADBHAV
INE321D01016,EQ,BE,2024-07-18,2024-07-19,OCCL,OCCL
INE450G01024,EQ,BE,2024-07-18,2024-07-19,VIPCLOTHNG,VIPCLOTHNG
INE020J01029,BE,EQ,2024-07-19,2024-07-22,GOKUL,GOKUL
INE0SUN01013,ST,SM,2024-07-19,2024-07-22,NEPHROCARE,NEPHROCARE
INE197A01024,BE,EQ,2024-07-19,2024-07-22,JYOTISTRUC,JYOTISTRUC
INE226H01026,BE,EQ,2024-07-19,2024-07-22,SADBHAV,SADBHAV
INE251H01024,EQ,BE,2024-07-19,2024-07-22,GVKPIL,GVKPIL
INE255Z01019,EQ,BE,2024-07-19,2024-07-22,E2E,E2E
INE332H01014,BE,EQ,2024-07-19,2024-07-22,INDOTECH,INDOTECH
INE548Z01017,BE,EQ,2024-07-19,2024-07-22,LAGNAM,LAGNAM
INE581X01021,EQ,BE,2024-07-19,2024-07-22,GLOBE,GLOBE
INE650L01011,BE,EQ,2024-07-19,2024-07-22,BROOKS,BROOKS
INE781A01025,EQ,BE,2024-07-19,2024-07-22,INTENTECH,INTENTECH
INE864B01027,EQ,BE,2024-07-19,2024-07-22,UMANGDAIRY,UMANGDAIRY
INE924H01018,BE,EQ,2024-07-19,2024-07-22,TARMAT,TARMAT
INE137C01018,EQ,BE,2024-07-22,2024-07-23,ALPHAGEO,ALPHAGEO
INE235C01010,EQ,BE,2024-07-23,2024-07-24,SUMEETINDS,SUMEETINDS
INE268B01013,EQ,BE,2024-07-23,2024-07-24,KREBSBIO,KREBSBIO
INE725L01011,EQ,BE,2024-07-23,2024-07-24,KARMAENG,KARMAENG
INE03DD01011,EQ,BE,2024-07-24,2024-07-25,RETAIL,RETAIL
INE060J01017,EQ,BE,2024-07-24,2024-07-25,FLEXITUFF,FLEXITUFF
INE087B01017,EQ,BE,2024-07-24,2024-07-25,ANIKINDS,ANIKINDS
INE340Z01019,SM,ST,2024-07-24,2024-07-25,CONTI,CONTI
INE542W01025,EQ,BE,2024-07-24,2024-07-25,KPIGREEN,KPIGREEN
INE553C01016,EQ,BE,2024-07-24,2024-07-25,NECCLTD,NECCLTD
INE859Q01017,EQ,BE,2024-07-24,2024-07-25,MANAKALUCO,MANAKALUCO
INE976T01013,EQ,BE,2024-07-24,2024-07-25,SAGARDEEP,SAGARDEEP
INE0M3I01029,ST,SM,2024-07-25,2024-07-26,AMBEY,AMBEY
INE301A01014,BE,EQ,2024-07-25,2024-07-26,RAYMOND,RAYMOND
INE375Y01018,EQ,BE,2024-07-25,2024-07-26,RELIABLE,RELIABLE
INE0R8C01018,ST,SM,2024-07-26,2024-07-29,GGBL,GGBL
INE0U9101019,ST,SM,2024-07-26,2024-07-29,EFFWA,EFFWA
INE127B01011,BE,EQ,2024-07-26,2024-07-29,HITECHGEAR,HITECHGEAR
INE188Y01023,BE,EQ,2024-07-26,2024-07-29,VERTOZ,VERTOZ
INE703H01016,BE,EQ,2024-07-26,2024-07-29,HUBTOWN,HUBTOWN
INE741L01018,BE,EQ,2024-07-26,2024-07-29,DUCON,DUCON
INE759V01019,BE,EQ,2024-07-26,2024-07-29,HEADSUP,HEADSUP
INE908D01010,BE,EQ,2024-07-26,2024-07-29,SHAKTIPUMP,SHAKTIPUMP
INE550B01022,EQ,BE,2024-07-29,2024-07-30,HBSL,HBSL
INE050B01023,EQ,BE,2024-07-30,2024-07-31,IVC,IVC
INE173A01025,EQ,BE,2024-07-30,2024-07-31,SIL,SIL
INE399K01017,EQ,BE,2024-07-30,2024-07-31,RTNPOWER,RTNPOWER
INE332H01014,EQ,BE,2024-07-31,2024-08-01,INDOTECH,INDOTECH
INE697V01011,EQ,BE,2024-07-31,2024-08-01,PANSARI,PANSARI
INE925S01012,SM,ST,2024-07-31,2024-08-01,PERFECT,PERFECT
INE0P4701011,ST,SM,2024-08-01,2024-08-02,SAHAJSOLAR,SAHAJSOLAR
INE298G01027,EQ,BE,2024-08-01,2024-08-02,AJMERA,AJMERA
INE043A01012,BE,EQ,2024-08-02,2024-08-05,GTL,GTL
INE0RPM01017,ST,SM,2024-08-02,2024-08-05,SATIPOLY,SATIPOLY
INE0V9N01017,ST,SM,2024-08-02,2024-08-05,PRIZOR,PRIZOR
INE116D01028,BE,EQ,2024-08-02,2024-08-05,BAGFILMS,BAGFILMS
INE273D01019,EQ,BE,2024-08-02,2024-08-05,AARVEEDEN,AARVEEDEN
INE291W01029,BE,EQ,2024-08-02,2024-08-05,GLOBAL,GLOBAL
INE294G01026,BE,EQ,2024-08-02,2024-08-05,ROML,ROML
INE296C01020,EQ,BE,2024-08-02,2024-08-05,FIBERWEB,FIBERWEB
INE314C01013,BE,EQ,2024-08-02,2024-08-05,SOMATEX,SOMATEX
INE390G01014,BE,EQ,2024-08-02,2024-08-05,GPTINFRA,GPTINFRA
INE391D01019,BE,EQ,2024-08-02,2024-08-05,TRF,TRF
INE421A01028,BE,EQ,2024-08-02,2024-08-05,ABAN,ABAN
INE544H01014,BE,EQ,2024-08-02,2024-08-05,JHS,JHS
INE562X01013,BE,EQ,2024-08-02,2024-08-05,UNIVASTU,UNIVASTU
INE642Y01029,BE,EQ,2024-08-02,2024-08-05,HINDCON,HINDCON
INE703H01016,EQ,BE,2024-08-02,2024-08-05,HUBTOWN,HUBTOWN
INE846D01012,BE,EQ,2024-08-02,2024-08-05,LORDSCHLO,LORDSCHLO
INE877I01016,BE,EQ,2024-08-02,2024-08-05,ARCHIDPLY,ARCHIDPLY
INE937A01023,EQ,BE,2024-08-02,2024-08-05,SPMLINFRA,SPMLINFRA
INE0OXV01027,ST,SM,2024-08-05,2024-08-06,TUNWAL,TUNWAL
INE016M01021,EQ,BE,2024-08-06,2024-08-07,DNAMEDIA,DNAMEDIA
INE0R0J01010,ST,SM,2024-08-06,2024-08-07,MACOBSTECH,MACOBSTECH
INE0SVY01018,ST,SM,2024-08-06,2024-08-07,KATARIA,KATARIA
INE00WS01056,SM,ST,2024-08-07,2024-08-08,GSTL,GSTL
INE0PLQ01011,SM,ST,2024-08-07,2024-08-08,MAITREYA,MAITREYA
INE203Y01012,EQ,BE,2024-08-07,2024-08-08,SILLYMONKS,SILLYMONKS
INE306C01019,EQ,BE,2024-08-07,2024-08-08,ENERGYDEV,ENERGYDEV
INE345B01019,EQ,BE,2024-08-07,2024-08-08,CEREBRAINT,CEREBRAINT
INE482J01021,EQ,BE,2024-08-07,2024-08-08,SHAH,SHAH
INE508K01013,EQ,BE,2024-08-07,2024-08-08,RHL,RHL
INE658T01017,EQ,BE,2024-08-07,2024-08-08,WEALTH,WEALTH
INE695B01025,EQ,BE,2024-08-07,2024-08-08,COUNCODOS,COUNCODOS
INE908D01010,EQ,BE,2024-08-07,2024-08-08,SHAKTIPUMP,SHAKTIPUMP
INE924H01018,EQ,BE,2024-08-07,2024-08-08,TARMAT,TARMAT
INE748A01016,EQ,BE,2024-08-08,2024-08-09,MBECL,MBECL
INE965B01022,EQ,BE,2024-08-08,2024-08-09,HYBRIDFIN,HYBRIDFIN
INE00CA01015,BE,EQ,2024-08-09,2024-08-12,TREJHARA,TREJHARA
INE01C001026,BE,EQ,2024-08-09,2024-08-12,AARTECH,AARTECH
INE0PSC01024,BE,EQ,2024-08-09,2024-08-12,DIGIDRIVE,DIGIDRIVE
INE0SA001017,ST,SM,2024-08-09,2024-08-12,RNFI,RNFI
INE217K01011,BE,EQ,2024-08-09,2024-08-12,RHFL,RHFL
INE332H01014,BE,EQ,2024-08-09,2024-08-12,INDOTECH,INDOTECH
INE399K01017,BE,EQ,2024-08-09,2024-08-12,RTNPOWER,RTNPOWER
INE418N01035,BE,EQ,2024-08-09,2024-08-12,ESSENTIA,ESSENTIA
INE828A01016,BE,EQ,2024-08-09,2024-08-12,BIL,BIL
INE0QXL01015,ST,SM,2024-08-12,2024-08-13,VLINFRA,VLINFRA
INE105C01023,EQ,BE,2024-08-12,2024-08-13,3PLAND,3PLAND
INE452L01012,EQ,BE,2024-08-12,2024-08-13,INCREDIBLE,INCREDIBLE
INE610C01014,EQ,BE,2024-08-12,2024-08-13,ARENTERP,ARENTERP
INE020D01022,EQ,BE,2024-08-13,2024-08-14,BAIDFIN,BAIDFIN
INE020G01017,EQ,BE,2024-08-13,2024-08-14,INSPIRISYS,INSPIRISYS
INE02H701025,EQ,BE,2024-08-13,2024-08-14,NOVAAGRI,NOVAAGRI
INE05CZ01011,EQ,BE,2024-08-13,2024-08-14,RATNAVEER,RATNAVEER
INE0R3101011,ST,SM,2024-08-13,2024-08-14,MIEL,MIEL
INE0R6Z01013,EQ,BE,2024-08-13,2024-08-14,SRM,SRM
INE0U1T01012,ST,SM,2024-08-13,2024-08-14,CHETANA,CHETANA
INE105I01020,EQ,BE,2024-08-13,2024-08-14,SELMC,SELMC
INE110B01017,EQ,BE,2024-08-13,2024-08-14,MINDTECK,MINDTECK
INE193B01039,EQ,BE,2024-08-13,2024-08-14,AYMSYNTEX,AYMSYNTEX
INE253A01025,EQ,BE,2024-08-13,2024-08-14,HINDMOTORS,HINDMOTORS
INE258Y01016,EQ,BE,2024-08-13,2024-08-14,LGHL,LGHL
INE303A01010,EQ,BE,2024-08-13,2024-08-14,DICIND,DICIND
INE308A01027,EQ,BE,2024-08-13,2024-08-14,NAHARPOLY,NAHARPOLY
INE320X01016,EQ,BE,2024-08-13,2024-08-14,SMSLIFE,SMSLIFE
INE324L01013,EQ,BE,2024-08-13,2024-08-14,RPPINFRA,RPPINFRA
INE326B01035,EQ,BE,2024-08-13,2024-08-14,ALMONDZ,ALMONDZ
INE335K01011,EQ,BE,2024-08-13,2024-08-14,COFFEEDAY,COFFEEDAY
INE362A01016,EQ,BE,2024-08-13,2024-08-14,PVP,PVP
INE413G01022,EQ,BE,2024-08-13,2024-08-14,TPLPLASTEH,TPLPLASTEH
INE440A01010,EQ,BE,2024-08-13,2024-08-14,ASHIMASYN,ASHIMASYN
INE453D01025,EQ,BE,2024-08-13,2024-08-14,SARLAPOLY,SARLAPOLY
INE498A01018,EQ,BE,2024-08-13,2024-08-14,DCM,DCM
INE521J01018,EQ,BE,2024-08-13,2024-08-14,CAREERP,CAREERP
INE557B01019,EQ,BE,2024-08-13,2024-08-14,LIBERTSHOE,LIBERTSHOE
INE568Z01015,EQ,BE,2024-08-13,2024-08-14,URAVI,URAVI
INE577L01016,EQ,BE,2024-08-13,2024-08-14,STEL,STEL
INE637H01024,EQ,BE,2024-08-13,2024-08-14,SHIVAMAUTO,SHIVAMAUTO
INE645W01026,EQ,BE,2024-08-13,2024-08-14,AIRAN,AIRAN
INE668D01028,EQ,BE,2024-08-13,2024-08-14,DONEAR,DONEAR
INE738V01013,EQ,BE,2024-08-13,2024-08-14,ARTNIRMAN,ARTNIRMAN
INE747B01016,EQ,BE,2024-08-13,2024-08-14,NEXTMEDIA,NEXTMEDIA
INE784W01015,EQ,BE,2024-08-13,2024-08-14,MANOMAY,MANOMAY
INE794B01026,EQ,BE,2024-08-13,2024-08-14,BALAJITELE,BALAJITELE
INE823A01017,EQ,BE,2024-08-13,2024-08-14,KOTHARIPRO,KOTHARIPRO
INE848A01014,EQ,BE,2024-08-13,2024-08-14,IZMO,IZMO
INE886A01014,EQ,BE,2024-08-13,2024-08-14,IITL,IITL
INE0LQG01010,ST,SM,2024-08-14,2024-08-16,APRAMEYA,APRAMEYA
INE0SYV01018,ST,SM,2024-08-14,2024-08-16,TROM,TROM
INE561H01026,EQ,BE,2024-08-14,2024-08-16,PARSVNATH,PARSVNATH
INE865C01022,EQ,BE,2024-08-14,2024-08-16,BIRLAMONEY,BIRLAMONEY
INE0BSN01013,ST,SM,2024-08-16,2024-08-19,SATECH,SATECH
INE0SBP01018,ST,SM,2024-08-16,2024-08-19,ESPRIT,ESPRIT
INE298G01027,BE,EQ,2024-08-16,2024-08-19,AJMERA,AJMERA
INE332H01014,EQ,BE,2024-08-16,2024-08-19,INDOTECH,INDOTECH
INE398B01018,BE,EQ,2024-08-16,2024-08-19,MRO-TEK,MRO-TEK
INE593W01028,EQ,BE,2024-08-16,2024-08-19,FOCUS,FOCUS
INE691Z01023,BE,EQ,2024-08-16,2024-08-19,GANGAFORGE,GANGAFORGE
INE844A01013,BE,EQ,2024-08-16,2024-08-19,PEARLPOLY,PEARLPOLY
INE915B01019,EQ,BE,2024-08-16,2024-08-19,INDSWFTLAB,INDSWFTLAB
INE731C01018,EQ,BE,2024-08-19,2024-08-20,KHAITANLTD,KHAITANLTD
INE749Y01014,ST,SM,2024-08-19,2024-08-20,AMJUMBO,AMJUMBO
INE01KI01027,EQ,BE,2024-08-20,2024-08-21,VINNY,VINNY
INE0FLR01028,EQ,BE,2024-08-20,2024-08-21,IWEL,IWEL
INE0LAA01017,ST,SM,2024-08-20,2024-08-21,ASHALOG,ASHALOG
INE0PCU01012,ST,SM,2024-08-20,2024-08-21,RAJINDLTD,RAJINDLTD
INE0RFP01011,ST,SM,2024-08-20,2024-08-21,SSEGL,SSEGL
INE0SZ301012,ST,SM,2024-08-20,2024-08-21,BULKCORP,BULKCORP
INE390G01014,EQ,BE,2024-08-20,2024-08-21,GPTINFRA,GPTINFRA
INE798K01010,EQ,BE,2024-08-20,2024-08-21,KRITINUT,KRITINUT
INE06IJ01010,ST,SM,2024-08-21,2024-08-22,UTSSAV,UTSSAV
INE0H4B01011,SM,ST,2024-08-21,2024-08-22,LRRPL,LRRPL
INE0LCW01025,SM,ST,2024-08-21,2024-08-22,ISHAN,ISHAN
INE0OGG01015,SM,ST,2024-08-21,2024-08-22,DHTL,DHTL
INE0PSC01024,EQ,BE,2024-08-21,2024-08-22,DIGIDRIVE,DIGIDRIVE
INE215F01023,EQ,BE,2024-08-21,2024-08-22,WIPL,WIPL
INE486Y01013,EQ,BE,2024-08-21,2024-08-22,TOUCHWOOD,TOUCHWOOD
INE764L01010,EQ,BE,2024-08-21,2024-08-22,SADBHIN,SADBHIN
INE843B01013,EQ,BE,2024-08-21,2024-08-22,MAHAPEXLTD,MAHAPEXLTD
INE877I01016,EQ,BE,2024-08-21,2024-08-22,ARCHIDPLY,ARCHIDPLY
INE898S01029,EQ,BE,2024-08-21,2024-08-22,AURUM,AURUM
INE0YRN01017,ST,SM,2024-08-22,2024-08-23,DHARIWAL,DHARIWAL
INE891B01012,EQ,BE,2024-08-22,2024-08-23,DCMFINSERV,DCMFINSERV
INE008Z01020,BE,EQ,2024-08-23,2024-08-26,SRPL,SRPL
INE00SZ01018,BE,EQ,2024-08-23,2024-08-26,MARSHALL,MARSHALL
INE090B01011,BE,EQ,2024-08-23,2024-08-26,OMAXAUTO,OMAXAUTO
INE0YAL01017,ST,SM,2024-08-23,2024-08-26,PPSL,PPSL
INE158B01016,BE,EQ,2024-08-23,2024-08-26,EIMCOELECO,EIMCOELECO
INE439T01012,BE,EQ,2024-08-23,2024-08-26,NITIRAJ,NITIRAJ
INE658G01014,BE,EQ,2024-08-23,2024-08-26,SALSTEEL,SALSTEEL
INE696V01013,BE,EQ,2024-08-23,2024-08-26,JAIPURKURT,JAIPURKURT
INE761Y01019,BE,EQ,2024-08-23,2024-08-26,ZODIAC,ZODIAC
INE933X01016,BE,EQ,2024-08-23,2024-08-26,SHANTI,SHANTI
INE222J01013,EQ,BE,2024-08-26,2024-08-27,RANEENGINE,RANEENGINE
INE228I01012,EQ,BE,2024-08-26,2024-08-27,ASAHISONG,ASAHISONG
INE281A01026,EQ,BE,2024-08-26,2024-08-27,CENTEXT,CENTEXT
INE353H01010,EQ,BE,2024-08-26,2024-08-27,SGL,SGL
INE123B01028,EQ,BE,2024-08-27,2024-08-28,NAGREEKEXP,NAGREEKEXP
INE142K01011,EQ,BE,2024-08-27,2024-08-28,LYPSAGEMS,LYPSAGEMS
INE399K01017,EQ,BE,2024-08-27,2024-08-28,RTNPOWER,RTNPOWER
INE650L01011,EQ,BE,2024-08-27,2024-08-28,BROOKS,BROOKS
INE831A01028,EQ,BE,2024-08-27,2024-08-28,MIRCELECTR,MIRCELECTR
INE998H01012,EQ,BE,2024-08-27,2024-08-28,ORIENTALTL,ORIENTALTL
INE451L01014,EQ,BE,2024-08-28,2024-08-29,MAHASTEEL,MAHASTEEL
INE761Y01019,EQ,BE,2024-08-28,2024-08-29,ZODIAC,ZODIAC
INE826C01016,EQ,BE,2024-08-28,2024-08-29,GUJAPOLLO,GUJAPOLLO
INE982V01025,EQ,BE,2024-08-28,2024-08-29,JETFREIGHT,JETFREIGHT
INE0TSF01011,ST,SM,2024-08-29,2024-08-30,AESTHETIK,AESTHETIK
INE185E01021,EQ,BE,2024-08-29,2024-08-30,FILATFASH,FILATFASH
INE413B01023,EQ,BE,2024-08-29,2024-08-30,RUCHINFRA,RUCHINFRA
INE505C01016,EQ,BE,2024-08-29,2024-08-30,PRAENG,PRAENG
INE597L01014,EQ,BE,2024-08-29,2024-08-30,LOVABLE,LOVABLE
INE712K01011,EQ,BE,2024-08-29,2024-08-30,SHREEPUSHK,SHREEPUSHK
INE918N01018,EQ,BE,2024-08-29,2024-08-30,VETO,VETO
INE00PV01013,BE,EQ,2024-08-30,2024-09-02,AHLADA,AHLADA
INE073D01013,EQ,BE,2024-08-30,2024-09-02,SUNDRMBRAK,SUNDRMBRAK
INE083D01012,EQ,BE,2024-08-30,2024-09-02,BALPHARMA,BALPHARMA
INE0GIU01018,EQ,BE,2024-08-30,2024-09-02,UMAEXPORTS,UMAEXPORTS
INE107F01022,EQ,BE,2024-08-30,2024-09-02,WANBURY,WANBURY
INE158B01016,EQ,BE,2024-08-30,2024-09-02,EIMCOELECO,EIMCOELECO
INE178C01020,BE,EQ,2024-08-30,2024-09-02,SMARTLINK,SMARTLINK
INE190H01024,EQ,BE,2024-08-30,2024-09-02,SAKUMA,SAKUMA
INE236G01019,EQ,BE,2024-08-30,2024-09-02,TVSELECT,TVSELECT
INE360L01017,EQ,BE,2024-08-30,2024-09-02,FMNL,FMNL
INE370E01029,BE,EQ,2024-08-30,2024-09-02,VIVIDHA,VIVIDHA
INE646X01014,BE,EQ,2024-08-30,2024-09-02,ASTRON,ASTRON
INE727S01012,BE,EQ,2024-08-30,2024-09-02,BRNL,BRNL
INE790B01024,EQ,BE,2024-08-30,2024-09-02,KCPSUGIND,KCPSUGIND
INE862Y01015,BE,EQ,2024-08-30,2024-09-02,BANKA,BANKA
INE0PQ101010,BE,EQ,2024-09-02,2024-09-03,SSDL,SSDL
INE0S3H01017,ST,SM,2024-09-02,2024-09-03,POSITRON,POSITRON
INE0U2N01013,ST,SM,2024-09-02,2024-09-03,SUNLITE,SUNLITE
INE214A01019,EQ,BE,2024-09-02,2024-09-03,CYBERTECH,CYBERTECH
INE511Y01018,EQ,BE,2024-09-02,2024-09-03,MMP,MMP
INE0U0201016,ST,SM,2024-09-03,2024-09-04,BALCO,BALCO
INE127B01011,EQ,BE,2024-09-03,2024-09-04,HITECHGEAR,HITECHGEAR
INE142A01012,EQ,BE,2024-09-03,2024-09-04,OSWALAGRO,OSWALAGRO
INE370D01013,EQ,BE,2024-09-03,2024-09-04,MANORG,MANORG
INE414B01021,EQ,BE,2024-09-03,2024-09-04,ANTGRAPHIC,ANTGRAPHIC
INE596H01014,EQ,BE,2024-09-03,2024-09-04,HOVS,HOVS
INE750M01017,EQ,BE,2024-09-03,2024-09-04,HEXATRADEX,HEXATRADEX
INE835A01029,EQ,BE,2024-09-03,2024-09-04,VARDMNPOLY,VARDMNPOLY
INE00CE01017,EQ,BE,2024-09-04,2024-09-05,SVLL,SVLL
INE00IK01029,EQ,BE,2024-09-04,2024-09-05,OSWALSEEDS,OSWALSEEDS
INE039B01026,EQ,BE,2024-09-04,2024-09-05,CINEVISTA,CINEVISTA
INE059901020,EQ,BE,2024-09-04,2024-09-05,IEL,IEL
INE083C01022,EQ,BE,2024-09-04,2024-09-05,PLASTIBLEN,PLASTIBLEN
INE09E501017,EQ,BE,2024-09-04,2024-09-05,RVHL,RVHL
INE0IGO01011,SM,ST,2024-09-04,2024-09-05,DESTINY,DESTINY
INE126M01010,EQ,BE,2024-09-04,2024-09-05,YAARI,YAARI
INE155C01010,EQ,BE,2024-09-04,2024-09-05,ALBERTDAVD,ALBERTDAVD
INE198H01019,EQ,BE,2024-09-04,2024-09-05,AAREYDRUGS,AAREYDRUGS
INE256Z01025,EQ,BE,2024-09-04,2024-09-05,AKSHAR,AKSHAR
INE349X01015,SM,ST,2024-09-04,2024-09-05,JALAN,JALAN
INE398B01018,EQ,BE,2024-09-04,2024-09-05,MRO-TEK,MRO-TEK
INE544H01014,EQ,BE,2024-09-04,2024-09-05,JHS,JHS
INE652Z01017,EQ,BE,2024-09-04,2024-09-05,AVROIND,AVROIND
INE669X01024,EQ,BE,2024-09-04,2024-09-05,GEEKAYWIRE,GEEKAYWIRE
INE677H01012,EQ,BE,2024-09-04,2024-09-05,DEEPENR,DEEPENR
INE741L01018,EQ,BE,2024-09-04,2024-09-05,DUCON,DUCON
INE778K01012,EQ,BE,2024-09-04,2024-09-05,EMAMIREAL,EMAMIREAL
INE792X01016,SM,ST,2024-09-04,2024-09-05,TRANSWIND,TRANSWIND
INE820Y01021,EQ,BE,2024-09-04,2024-09-05,AJOONI,AJOONI
INE932C01012,EQ,BE,2024-09-04,2024-09-05,TOKYOPLAST,TOKYOPLAST
INE980Y01015,EQ,BE,2024-09-04,2024-09-05,SOUTHWEST,SOUTHWEST
INE337M01013,EQ,BE,2024-09-05,2024-09-06,INDOTHAI,INDOTHAI
INE558D01021,EQ,BE,2024-09-05,2024-09-06,CORALFINAC,CORALFINAC
INE869Y01010,EQ,BE,2024-09-05,2024-09-06,TEMBO,TEMBO
INE0R4Z01018,ST,SM,2024-09-06,2024-09-09,BRACEPORT,BRACEPORT
INE0U2501017,ST,SM,2024-09-06,2024-09-09,FORCAS,FORCAS
INE244J01017,EQ,BE,2024-09-06,2024-09-09,RBL,RBL
INE285K01026,BE,EQ,2024-09-06,2024-09-09,TECHNOE,TECHNOE
INE399K01017,BE,EQ,2024-09-06,2024-09-09,RTNPOWER,RTNPOWER
INE514Y01020,EQ,BE,2024-09-06,2024-09-09,MOKSH,MOKSH
INE688J01023,BE,EQ,2024-09-06,2024-09-09,EXCEL,EXCEL
INE871H01011,BE,EQ,2024-09-06,2024-09-09,GSS,GSS
INE908D01010,BE,EQ,2024-09-06,2024-09-09,SHAKTIPUMP,SHAKTIPUMP
INE0URU01010,BE,EQ,2024-09-09,2024-09-10,GLOBALE,GLOBALE
INE0US801024,BE,EQ,2024-09-09,2024-09-10,MFML,MFML
INE429I01024,BE,EQ,2024-09-09,2024-09-10,CCCL,CCCL
INE544A01019,EQ,BE,2024-09-09,2024-09-10,HARRMALAYA,HARRMALAYA
INE566K01011,EQ,BE,2024-09-09,2024-09-10,ISFT,ISFT
INE670X01014,EQ,BE,2024-09-09,2024-09-10,LASA,LASA
INE874F01027,BE,EQ,2024-09-09,2024-09-10,RADAAN,RADAAN
INE0KZF01015,ST,SM,2024-09-10,2024-09-11,QVCEL,QVCEL
INE0PPK01015,BE,EQ,2024-09-10,2024-09-11,ORIENTTECH,ORIENTTECH
INE0T9I01011,ST,SM,2024-09-10,2024-09-11,IDEALTECHO,IDEALTECHO
INE483S01020,EQ,BE,2024-09-10,2024-09-11,INFIBEAM,INFIBEAM
INE707C01018,EQ,BE,2024-09-10,2024-09-11,CAPTRUST,CAPTRUST
INE832A01018,EQ,BE,2024-09-10,2024-09-11,MODIRUBBER,MODIRUBBER
INE875G01030,EQ,BE,2024-09-10,2024-09-11,NDL,NDL
INE0URU01010,EQ,BE,2024-09-11,2024-09-12,GLOBALE,GLOBALE
INE201M01029,EQ,BE,2024-09-11,2024-09-12,CLEDUCATE,CLEDUCATE
INE369C01017,EQ,BE,2024-09-11,2024-09-12,NORBTEAEXP,NORBTEAEXP
INE908D01010,EQ,BE,2024-09-12,2024-09-13,SHAKTIPUMP,SHAKTIPUMP
INE091G01018,BE,EQ,2024-09-13,2024-09-16,JAIBALAJI,JAIBALAJI
INE144D01012,BE,EQ,2024-09-13,2024-09-16,CUBEXTUB,CUBEXTUB
INE262Z01023,BE,EQ,2024-09-13,2024-09-16,LATTEYS,LATTEYS
INE332H01014,BE,EQ,2024-09-13,2024-09-16,INDOTECH,INDOTECH
INE524L01026,BE,EQ,2024-09-13,2024-09-16,KRIDHANINF,KRIDHANINF
INE024D01016,EQ,BE,2024-09-16,2024-09-17,PRUDMOULI,PRUDMOULI
INE0CHO01012,EQ,BE,2024-09-16,2024-09-17,ADL,ADL
INE0DHF01018,ST,SM,2024-09-16,2024-09-17,IPHL,IPHL
INE0SMY01017,ST,SM,2024-09-16,2024-09-17,JAYBEE,JAYBEE
INE0U2M01015,ST,SM,2024-09-16,2024-09-17,VDEAL,VDEAL
INE0US801024,EQ,BE,2024-09-16,2024-09-17,MFML,MFML
INE333I01036,BE,BZ,2024-09-16,2024-09-23,NTL,NTL
INE368I01016,EQ,BE,2024-09-16,2024-09-17,NIRAJ,NIRAJ
INE526B01014,EQ,BE,2024-09-16,2024-09-17,CALSOFT,CALSOFT
INE713C01016,EQ,BE,2024-09-16,2024-09-17,SURAJLTD,SURAJLTD
INE818B01023,EQ,BE,2024-09-16,2024-09-17,PASUPTAC,PASUPTAC
INE0S2W01018,ST,SM,2024-09-17,2024-09-18,PARAMATRIX,PARAMATRIX
INE0WL801011,ST,SM,2024-09-17,2024-09-18,AERON,AERON
INE02ID01020,BE,EQ,2024-09-18,2024-09-19,RAYMONDLSL,RAYMONDLSL
INE059B01024,EQ,BE,2024-09-18,2024-09-19,SIMPLEXINF,SIMPLEXINF
INE071A01013,EQ,BE,2024-09-18,2024-09-19,BINANIIND,BINANIIND
INE0R3501012,SM,ST,2024-09-18,2024-09-19,HRHNEXT,HRHNEXT
INE186H01022,EQ,BE,2024-09-18,2024-09-19,BASML,BASML
INE429I01024,EQ,BE,2024-09-18,2024-09-19,CCCL,CCCL
INE740X01023,EQ,BE,2024-09-18,2024-09-19,LAL,LAL
INE946H01037,EQ,BE,2024-09-18,2024-09-19,VIPULLTD,VIPULLTD
INE00CA01015,EQ,BE,2024-09-19,2024-09-20,TREJHARA,TREJHARA
INE0QNI01012,ST,SM,2024-09-19,2024-09-20,BOSS,BOSS
INE737D01021,EQ,BE,2024-09-19,2024-09-20,MODISONLTD,MODISONLTD
INE847C01020,EQ,BE,2024-09-19,2024-09-20,ROSSELLIND,ROSSELLIND
INE0QTF01015,BE,EQ,2024-09-20,2024-09-23,VSTL,VSTL
INE0RE001014,BE,EQ,2024-09-20,2024-09-23,GALAPREC,GALAPREC
INE0RXB01022,ST,SM,2024-09-20,2024-09-23,JEYYAM,JEYYAM
INE112X01017,BE,EQ,2024-09-20,2024-09-23,SIKKO,SIKKO
INE157H01023,BE,EQ,2024-09-20,2024-09-23,KMSUGAR,KMSUGAR
INE215D01010,BE,EQ,2024-09-20,2024-09-23,MAHEPC,MAHEPC
INE218G01033,BE,EQ,2024-09-20,2024-09-23,PALREDTEC,PALREDTEC
INE230B01021,BE,EQ,2024-09-20,2024-09-23,CREATIVEYE,CREATIVEYE
INE546V01010,EQ,BE,2024-09-20,2024-09-23,EIFFL,EIFFL
INE558R01013,BE,EQ,2024-09-20,2024-09-23,HECPROJECT,HECPROJECT
INE696K01024,BE,EQ,2024-09-20,2024-09-23,PRAKASHSTL,PRAKASHSTL
INE863B01029,BE,EQ,2024-09-20,2024-09-23,PREMEXPLN,PREMEXPLN
INE908D01010,BE,EQ,2024-09-20,2024-09-23,SHAKTIPUMP,SHAKTIPUMP
INE023H01027,EQ,BE,2024-09-23,2024-09-24,NECLIFE,NECLIFE
INE389C01015,EQ,BE,2024-09-23,2024-09-24,MALLCOM,MALLCOM
INE08NZ01012,ST,SM,2024-09-24,2024-09-25,NAMOEWASTE,NAMOEWASTE
INE0DAB01012,BE,EQ,2024-09-24,2024-09-25,REVATHIEQU,REVATHIEQU
INE483S01020,BE,EQ,2024-09-24,2024-09-25,INFIBEAM,INFIBEAM
INE704P01025,EQ,BE,2024-09-24,2024-09-25,COCHINSHIP,COCHINSHIP
INE752G01015,EQ,BE,2024-09-24,2024-09-25,MSPL,MSPL
INE874F01027,EQ,BE,2024-09-24,2024-09-25,RADAAN,RADAAN
INE0RVQ01016,ST,SM,2024-09-25,2024-09-26,MYMUDRA,MYMUDRA
INE0S2G01011,BE,EQ,2024-09-25,2024-09-26,BALAJEE,BALAJEE
INE805A01014,EQ,BE,2024-09-25,2024-09-26,GOLDTECH,GOLDTECH
INE908D01010,EQ,BE,2024-09-25,2024-09-26,SHAKTIPUMP,SHAKTIPUMP
INE00LM01029,EQ,BE,2024-09-26,2024-09-27,SONAMLTD,SONAMLTD
INE0TR001017,ST,SM,2024-09-26,2024-09-27,VIESL,VIESL
INE0UOS01011,BE,EQ,2024-09-26,2024-09-27,SANOFICONR,SANOFICONR
INE217K01011,EQ,BE,2024-09-26,2024-09-27,RHFL,RHFL
INE615R01029,EQ,BE,2024-09-26,2024-09-27,TRU,TRU
INE640C01011,EQ,BE,2024-09-26,2024-09-27,SHAHALLOYS,SHAHALLOYS
INE662A01027,EQ,BE,2024-09-26,2024-09-27,SUPERSPIN,SUPERSPIN
INE006Z01016,BE,EQ,2024-09-27,2024-09-30,ARVEE,ARVEE
INE01YQ01013,ST,SM,2024-09-27,2024-09-30,AUSL,AUSL
INE080A01014,BE,EQ,2024-09-27,2024-09-30,WEIZMANIND,WEIZMANIND
INE0QTE01018,ST,SM,2024-09-27,2024-09-30,GAJANAND,GAJANAND
INE0RWQ01014,BE,EQ,2024-09-27,2024-09-30,TOLINS,TOLINS
INE0UL701015,ST,SM,2024-09-27,2024-09-30,SHUBHSHREE,SHUBHSHREE
INE239D01028,BE,EQ,2024-09-27,2024-09-30,OMINFRAL,OMINFRAL
INE319B01014,BE,EQ,2024-09-27,2024-09-30,BYKE,BYKE
INE368U01011,EQ,BE,2024-09-27,2024-09-30,UNITEDPOLY,UNITEDPOLY
INE431F01018,BE,EQ,2024-09-27,2024-09-30,PKTEA,PKTEA
INE482B01010,BE,EQ,2024-09-27,2024-09-30,TERASOFT,TERASOFT
INE542Z01028,BE,EQ,2024-09-27,2024-09-30,KAPSTON,KAPSTON
INE565L01011,BE,EQ,2024-09-27,2024-09-30,ZEELEARN,ZEELEARN
INE748A01016,BE,BZ,2024-09-27,2024-09-30,MBECL,MBECL
INE778A01021,BE,BZ,2024-09-27,2024-09-30,TECHIN,TECHIN
INE792I01017,BE,EQ,2024-09-27,2024-09-30,CORDSCABLE,CORDSCABLE
INE948A01012,BE,EQ,2024-09-27,2024-09-30,TRIGYN,TRIGYN
INE989C01020,BE,EQ,2024-09-27,2024-09-30,DIACABS,DIACABS
INE0QR801013,ST,SM,2024-09-30,2024-10-01,SPPPOLY,SPPPOLY
INE224E01028,EQ,BE,2024-09-30,2024-10-01,GATECH,GATECH
INE374B01019,EQ,BE,2024-09-30,2024-10-01,MUKTAARTS,MUKTAARTS
INE955I01044,BE,EQ,2024-09-30,2024-10-01,SEJALLTD,SEJALLTD
INE0S1D01010,ST,SM,2024-10-01,2024-10-03,INNOMET,INNOMET
INE262Z01023,EQ,BE,2024-10-01,2024-10-03,LATTEYS,LATTEYS
INE385I01010,EQ,BE,2024-10-01,2024-10-03,ALPA,ALPA
INE0NLB01018,ST,SM,2024-10-03,2024-10-08,VERTEXPLUS,VERTEXPLUS
INE0Y4801011,ST,SM,2024-10-03,2024-10-04,EXCELLENT,EXCELLENT
INE272L01022,EQ,BE,2024-10-03,2024-10-04,SURANASOL,SURANASOL
INE590L01019,EQ,BE,2024-10-03,2024-10-04,VASWANI,VASWANI
INE947I01017,EQ,BE,2024-10-03,2024-10-04,LOTUSEYE,LOTUSEYE
INE989C01020,EQ,BE,2024-10-03,2024-10-04,DIACABS,DIACABS
INE056I01025,EQ,BE,2024-10-04,2024-10-07,REFEX,REFEX
INE087Z01024,BE,EQ,2024-10-04,2024-10-07,AAKASH,AAKASH
INE0ALR01029,BE,EQ,2024-10-04,2024-10-07,ATALREAL,ATALREAL
INE123C01018,BE,EQ,2024-10-04,2024-10-07,TAINWALCHM,TAINWALCHM
INE137I01015,BE,EQ,2024-10-04,2024-10-07,GRPLTD,GRPLTD
INE158B01016,BE,EQ,2024-10-04,2024-10-07,EIMCOELECO,EIMCOELECO
INE218C01016,BE,EQ,2024-10-04,2024-10-07,AUSOMENT,AUSOMENT
INE323I01011,BE,EQ,2024-10-04,2024-10-07,PURVA,PURVA
INE390G01014,BE,EQ,2024-10-04,2024-10-07,GPTINFRA,GPTINFRA
INE480M01011,BE,EQ,2024-10-04,2024-10-07,THOMASCOTT,THOMASCOTT
INE756C01015,BE,EQ,2024-10-04,2024-10-07,NDGL,NDGL
INE806C01018,BZ,EQ,2024-10-04,2024-10-07,TIL,TIL
INE847C01020,BE,EQ,2024-10-04,2024-10-07,ROSSELLIND,ROSSELLIND
INE850E01012,EQ,BE,2024-10-04,2024-10-07,LFIC,LFIC
INE908D01010,BE,EQ,2024-10-04,2024-10-07,SHAKTIPUMP,SHAKTIPUMP
INE00CE01017,BE,EQ,2024-10-07,2024-10-08,SVLL,SVLL
INE00IK01029,BE,EQ,2024-10-07,2024-10-08,OSWALSEEDS,OSWALSEEDS
INE00WS01056,ST,SM,2024-10-07,2024-10-08,GSTL,GSTL
INE013801027,BE,EQ,2024-10-07,2024-10-08,KSHITIJPOL,KSHITIJPOL
INE01JE01028,BE,EQ,2024-10-07,2024-10-08,MARINE,MARINE
INE029L01018,BE,EQ,2024-10-07,2024-10-08,KICL,KICL
INE02OY01016,ST,SM,2024-10-07,2024-10-08,RILINFRA,RILINFRA
INE036A01016,EQ,BE,2024-10-07,2024-10-08,RELINFRA,RELINFRA
INE039B01026,BE,EQ,2024-10-07,2024-10-08,CINEVISTA,CINEVISTA
INE03DD01011,BE,EQ,2024-10-07,2024-10-08,RETAIL,RETAIL
INE03HW01020,EQ,BE,2024-10-07,2024-10-08,VLEGOV,VLEGOV
INE03RS01027,BE,EQ,2024-10-07,2024-10-08,DRCSYSTEMS,DRCSYSTEMS
INE040M01013,EQ,BE,2024-10-07,2024-10-08,TREEHOUSE,TREEHOUSE
INE045601015,BE,EQ,2024-10-07,2024-10-08,PARAS,PARAS
INE049B01025,BE,EQ,2024-10-07,2024-10-08,WOCKPHARMA,WOCKPHARMA
INE059901020,BE,EQ,2024-10-07,2024-10-08,IEL,IEL
INE05DH01017,ST,SM,2024-10-07,2024-10-08,ATMASTCO,ATMASTCO
INE068Z01016,ST,SM,2024-10-07,2024-10-14,VASA,VASA
INE076C01018,BE,EQ,2024-10-07,2024-10-08,IFBAGRO,IFBAGRO
INE07K301024,EQ,BE,2024-10-07,2024-10-08,ZAGGLE,ZAGGLE
INE08KP01019,BE,EQ,2024-10-07,2024-10-08,DCMNVL,DCMNVL
INE08PH01015,SM,ST,2024-10-07,2024-10-08,ABCOTS,ABCOTS
INE09E501017,BE,EQ,2024-10-07,2024-10-08,RVHL,RVHL
INE09EO01013,EQ,BE,2024-10-07,2024-10-08,AARTISURF,AARTISURF
INE09FA01019,ST,SM,2024-10-07,2024-10-08,YUDIZ,YUDIZ
INE0AZY01017,ST,SM,2024-10-07,2024-10-08,VILAS,VILAS
INE0BTI01037,EQ,BE,2024-10-07,2024-10-08,KAMOPAINTS,KAMOPAINTS
INE0CAJ01017,ST,SM,2024-10-07,2024-10-08,AILIMITED,AILIMITED
INE0CDK01019,ST,SM,2024-10-07,2024-10-08,MAKS,MAKS
INE0DEZ01013,ST,SM,2024-10-07,2024-10-08,K2INFRA,K2INFRA
INE0EK901012,BE,EQ,2024-10-07,2024-10-08,TARC,TARC
INE0FRK01012,EQ,BE,2024-10-07,2024-10-08,MOTISONS,MOTISONS
INE0G1D01014,SM,ST,2024-10-07,2024-10-08,MEGAFLEX,MEGAFLEX
INE0G5901015,EQ,BE,2024-10-07,2024-10-08,EPACK,EPACK
INE0HS001010,SM,ST,2024-10-07,2024-10-08,COOLCAPS,COOLCAPS
INE0I7D01019,SM,ST,2024-10-07,2024-10-08,FOCE,FOCE
INE0IQ001011,BE,EQ,2024-10-07,2024-10-08,VERANDA,VERANDA
INE0ITO01014,SM,ST,2024-10-07,2024-10-08,ESFL,ESFL
INE0J1E01019,SM,ST,2024-10-07,2024-10-08,KCK,KCK
INE0J5601015,ST,SM,2024-10-07,2024-10-08,KRISHNADEF,KRISHNADEF
INE0J6801010,ST,SM,2024-10-07,2024-10-08,KORE,KORE
INE0JOO01021,ST,SM,2024-10-07,2024-10-08,CLOUD,CLOUD
INE0JZA01018,ST,SM,2024-10-07,2024-10-08,SONUINFRA,SONUINFRA
INE0K6601012,ST,SM,2024-10-07,2024-10-08,TGL,TGL
INE0KL801015,BE,EQ,2024-10-07,2024-10-08,DCXINDIA,DCXINDIA
INE0KNW01016,ST,SM,2024-10-07,2024-10-08,KNAGRI,KNAGRI
INE0KTW01013,SM,ST,2024-10-07,2024-10-08,VEEKAYEM,VEEKAYEM
INE0L4K01016,ST,SM,2024-10-07,2024-10-08,VITAL,VITAL
INE0LA901015,ST,SM,2024-10-07,2024-10-08,JFLLIFE,JFLLIFE
INE0LCW01025,ST,SM,2024-10-07,2024-10-08,ISHAN,ISHAN
INE0LR101013,ST,SM,2024-10-07,2024-10-08,ANLON,ANLON
INE0LZO01015,ST,SM,2024-10-07,2024-10-08,DUCOL,DUCOL
INE0MEG01014,ST,SM,2024-10-07,2024-10-08,VIVIANA,VIVIANA
INE0MLA01012,ST,SM,2024-10-07,2024-10-08,AGARWALFT,AGARWALFT
INE0MOT01016,SM,ST,2024-10-07,2024-10-08,KANDARP,KANDARP
INE0MRE01011,SM,ST,2024-10-07,2024-10-08,INFINIUM,INFINIUM
INE0N2D01013,ST,SM,2024-10-07,2024-10-08,TBI,TBI
INE0N6D01014,ST,SM,2024-10-07,2024-10-08,MOXSH,MOXSH
INE0N7S01010,SM,ST,2024-10-07,2024-10-08,MOS,MOS
INE0NNZ01013,ST,SM,2024-10-07,2024-10-08,INFOLLION,INFOLLION
INE0NR701018,ST,SM,2024-10-07,2024-10-08,KRISHCA,KRISHCA
INE0NZW01014,SM,ST,2024-10-07,2024-10-08,PATTECH,PATTECH
INE0O2D01012,ST,SM,2024-10-07,2024-10-09,SOTAC,SOTAC
INE0O4M01019,ST,SM,2024-10-07,2024-10-08,MCON,MCON
INE0O4R01018,ST,SM,2024-10-07,2024-10-08,KDL,KDL
INE0O7401018,SM,ST,2024-10-07,2024-10-08,IBLFL,IBLFL
INE0OAF01028,BE,EQ,2024-10-07,2024-10-08,JNKINDIA,JNKINDIA
INE0OCC01013,ST,SM,2024-10-07,2024-10-08,BASILIC,BASILIC
INE0OJM01017,ST,SM,2024-10-07,2024-10-08,MASTER,MASTER
INE0OK701014,ST,SM,2024-10-07,2024-10-08,NIRMAN,NIRMAN
INE0OLS01010,ST,SM,2024-10-07,2024-10-08,VINYAS,VINYAS
INE0OMO01025,SM,ST,2024-10-07,2024-10-08,CELLECOR,CELLECOR
INE0OPS01011,ST,SM,2024-10-07,2024-10-08,OLIL,OLIL
INE0P0001010,ST,SM,2024-10-07,2024-10-08,APS,APS
INE0P4T01013,SM,ST,2024-10-07,2024-10-08,ACSAL,ACSAL
INE0P7201019,ST,SM,2024-10-07,2024-10-08,DRONE,DRONE
INE0PC901019,ST,SM,2024-10-07,2024-10-08,BIRDYS,BIRDYS
INE0PCY01014,ST,SM,2024-10-07,2024-10-08,AKANKSHA,AKANKSHA
INE0PIC01017,SM,ST,2024-10-07,2024-10-08,HIGREEN,HIGREEN
INE0PLQ01011,ST,SM,2024-10-07,2024-10-08,MAITREYA,MAITREYA
INE0POU01017,SM,ST,2024-10-07,2024-10-08,GRAPHISAD,GRAPHISAD
INE0PSC01024,BE,EQ,2024-10-07,2024-10-08,DIGIDRIVE,DIGIDRIVE
INE0PSK01027,ST,SM,2024-10-07,2024-10-08,SAAKSHI,SAAKSHI
INE0Q9601016,ST,SM,2024-10-07,2024-10-08,WOMANCART,WOMANCART
INE0QBU01012,SM,ST,2024-10-07,2024-10-08,CPS,CPS
INE0QD201012,ST,SM,2024-10-07,2024-10-08,TECHLABS,TECHLABS
INE0QG301017,ST,SM,2024-10-07,2024-10-08,CANARYS,CANARYS
INE0QHG01026,ST,SM,2024-10-07,2024-10-08,SUPREMEPWR,SUPREMEPWR
INE0QJ901011,ST,SM,2024-10-07,2024-10-08,DIGIKORE,DIGIKORE
INE0QQM01017,SM,ST,2024-10-07,2024-10-09,VR,VR
INE0R3T01013,ST,SM,2024-10-07,2024-10-08,MANDEEP,MANDEEP
INE0R4701017,ST,SM,2024-10-07,2024-10-08,ALPEXSOLAR,ALPEXSOLAR
INE0R7301013,ST,SM,2024-10-07,2024-10-08,RULKA,RULKA
INE0R9I01013,SM,ST,2024-10-07,2024-10-08,ENSER,ENSER
INE0RCG01017,ST,SM,2024-10-07,2024-10-08,KCEIL,KCEIL
INE0RUV01018,ST,SM,2024-10-07,2024-10-08,AIMTRON,AIMTRON
INE0S3X01014,ST,SM,2024-10-07,2024-10-08,ENFUSE,ENFUSE
INE0S4Y01010,ST,SM,2024-10-07,2024-10-08,SHREEKARNI,SHREEKARNI
INE0S8401018,ST,SM,2024-10-07,2024-10-08,DCG,DCG
INE0SMA01017,ST,SM,2024-10-07,2024-10-08,SLONE,SLONE
INE0SWN01019,ST,SM,2024-10-07,2024-10-08,TRUST,TRUST
INE0TNX01015,ST,SM,2024-10-07,2024-10-08,REFRACTORY,REFRACTORY
INE0UL701015,SM,ST,2024-10-07,2024-10-08,SHUBHSHREE,SHUBHSHREE
INE0V9N01017,SM,ST,2024-10-07,2024-10-08,PRIZOR,PRIZOR
INE108E01023,BE,EQ,2024-10-07,2024-10-08,SUNDARAM,SUNDARAM
INE110A01019,BE,EQ,2024-10-07,2024-10-08,BPL,BPL
INE117Z01011,BE,EQ,2024-10-07,2024-10-08,NARMADA,NARMADA
INE126M01010,BE,EQ,2024-10-07,2024-10-08,YAARI,YAARI
INE130B01031,BE,EQ,2024-10-07,2024-10-08,SURANAT&P,SURANAT&P
INE141D01018,BE,EQ,2024-10-07,2024-10-08,TNTELE,TNTELE
INE178C01020,EQ,BE,2024-10-07,2024-10-08,SMARTLINK,SMARTLINK
INE203Y01012,BE,EQ,2024-10-07,2024-10-08,SILLYMONKS,SILLYMONKS
INE206B01013,BE,EQ,2024-10-07,2024-10-08,ZODIACLOTH,ZODIACLOTH
INE206N01018,EQ,BE,2024-10-07,2024-10-08,RELTD,RELTD
INE215F01023,BE,EQ,2024-10-07,2024-10-08,WIPL,WIPL
INE218G01033,EQ,BE,2024-10-07,2024-10-08,PALREDTEC,PALREDTEC
INE236A01020,EQ,BE,2024-10-07,2024-10-08,HCL-INSYS,HCL-INSYS
INE256Z01025,BE,EQ,2024-10-07,2024-10-08,AKSHAR,AKSHAR
INE278R01034,BE,EQ,2024-10-07,2024-10-08,KBCGLOBAL,KBCGLOBAL
INE283A01014,BE,EQ,2024-10-07,2024-10-08,PRECOT,PRECOT
INE306C01019,BE,EQ,2024-10-07,2024-10-08,ENERGYDEV,ENERGYDEV
INE314G01014,BE,EQ,2024-10-07,2024-10-08,KALYANIFRG,KALYANIFRG
INE336X01012,BE,EQ,2024-10-07,2024-10-08,TOTAL,TOTAL
INE349X01015,ST,SM,2024-10-07,2024-10-08,JALAN,JALAN
INE350C01017,EQ,BE,2024-10-07,2024-10-08,OPTIEMUS,OPTIEMUS
INE365I01020,BE,EQ,2024-10-07,2024-10-08,NBIFIN,NBIFIN
INE367G01038,BE,EQ,2024-10-07,2024-10-08,PFOCUS,PFOCUS
INE398B01018,BE,EQ,2024-10-07,2024-10-08,MRO-TEK,MRO-TEK
INE448G01010,BE,EQ,2024-10-07,2024-10-08,NATHBIOGEN,NATHBIOGEN
INE486Y01013,BE,EQ,2024-10-07,2024-10-08,TOUCHWOOD,TOUCHWOOD
INE506A01018,BE,EQ,2024-10-07,2024-10-08,DREDGECORP,DREDGECORP
INE508K01013,BE,EQ,2024-10-07,2024-10-08,RHL,RHL
INE531R01010,ST,SM,2024-10-07,2024-10-08,MEGATHERM,MEGATHERM
INE544H01014,BE,EQ,2024-10-07,2024-10-08,JHS,JHS
INE583V01021,EQ,BE,2024-10-07,2024-10-08,RADHIKAJWE,RADHIKAJWE
INE586X01012,BE,EQ,2024-10-07,2024-10-08,GTECJAINX,GTECJAINX
INE596F01018,BE,EQ,2024-10-07,2024-10-08,PTCIL,PTCIL
INE614G01033,EQ,BE,2024-10-07,2024-10-08,RPOWER,RPOWER
INE624Z01016,BE,EQ,2024-10-07,2024-10-08,SOLARA,SOLARA
INE635A01023,BE,EQ,2024-10-07,2024-10-08,SHYAMTEL,SHYAMTEL
INE676A01027,BE,EQ,2024-10-07,2024-10-08,BBOX,BBOX
INE695B01025,BE,EQ,2024-10-07,2024-10-08,COUNCODOS,COUNCODOS
INE731A01020,EQ,BE,2024-10-07,2024-10-08,ARCHIES,ARCHIES
INE741L01018,BE,EQ,2024-10-07,2024-10-08,DUCON,DUCON
INE764L01010,BE,EQ,2024-10-07,2024-10-08,SADBHIN,SADBHIN
INE777F01014,BE,EQ,2024-10-07,2024-10-08,EXICOM,EXICOM
INE778K01012,BE,EQ,2024-10-07,2024-10-08,EMAMIREAL,EMAMIREAL
INE785M01013,EQ,BE,2024-10-07,2024-10-08,PCJEWELLER,PCJEWELLER
INE792X01016,ST,SM,2024-10-07,2024-10-08,TRANSWIND,TRANSWIND
INE800H01010,BE,EQ,2024-10-07,2024-10-08,OMAXE,OMAXE
INE807F01027,EQ,BE,2024-10-07,2024-10-08,SEQUENT,SEQUENT
INE828A01016,EQ,BE,2024-10-07,2024-10-08,BIL,BIL
INE843S01025,BE,EQ,2024-10-07,2024-10-08,SURAJEST,SURAJEST
INE855C01015,BE,EQ,2024-10-07,2024-10-08,WEBELSOLAR,WEBELSOLAR
INE859Q01017,BE,EQ,2024-10-07,2024-10-08,MANAKALUCO,MANAKALUCO
INE877I01016,BE,EQ,2024-10-07,2024-10-08,ARCHIDPLY,ARCHIDPLY
INE878A01011,BE,EQ,2024-10-07,2024-10-08,GEPIL,GEPIL
INE922B01023,EQ,BE,2024-10-07,2024-10-08,PANACEABIO,PANACEABIO
INE924D01017,BE,EQ,2024-10-07,2024-10-08,THEINVEST,THEINVEST
INE924H01018,BE,EQ,2024-10-07,2024-10-08,TARMAT,TARMAT
INE932C01012,BE,EQ,2024-10-07,2024-10-08,TOKYOPLAST,TOKYOPLAST
INE933B01012,EQ,BE,2024-10-07,2024-10-08,MEGASOFT,MEGASOFT
INE951D01028,BE,EQ,2024-10-07,2024-10-08,ATULAUTO,ATULAUTO
INE954E01012,BE,EQ,2024-10-07,2024-10-08,MOHITIND,MOHITIND
INE966H01019,EQ,BE,2024-10-07,2024-10-08,ZEEMEDIA,ZEEMEDIA
INE976T01013,BE,EQ,2024-10-07,2024-10-08,SAGARDEEP,SAGARDEEP
INE980Y01015,BE,EQ,2024-10-07,2024-10-08,SOUTHWEST,SOUTHWEST
INE992I01013,BE,EQ,2024-10-07,2024-10-08,STARTECK,STARTECK
INE00U801010,SM,ST,2024-10-08,2024-10-09,PARIN,PARIN
INE00YB01017,SM,ST,2024-10-08,2024-10-09,ABINFRA,ABINFRA
INE01Z401013,SM,ST,2024-10-08,2024-10-09,SHUBHLAXMI,SHUBHLAXMI
INE022C01012,EQ,BE,2024-10-08,2024-10-09,EUROTEXIND,EUROTEXIND
INE02CV01017,SM,ST,2024-10-08,2024-10-09,DRSDILIP,DRSDILIP
INE02M801018,SM,ST,2024-10-08,2024-10-09,KTL,KTL
INE02OY01016,SM,ST,2024-10-08,2024-10-09,RILINFRA,RILINFRA
INE05DH01017,SM,ST,2024-10-08,2024-10-09,ATMASTCO,ATMASTCO
INE06IJ01010,SM,ST,2024-10-08,2024-10-09,UTSSAV,UTSSAV
INE06PV01010,SM,ST,2024-10-08,2024-10-09,CMNL,CMNL
INE090Y01013,SM,ST,2024-10-08,2024-10-09,CADSYS,CADSYS
INE0BSN01013,SM,ST,2024-10-08,2024-10-09,SATECH,SATECH
INE0CAJ01017,SM,ST,2024-10-08,2024-10-10,AILIMITED,AILIMITED
INE0DZ701010,SM,ST,2024-10-08,2024-10-09,DYNAMIC,DYNAMIC
INE0F3301020,SM,ST,2024-10-08,2024-10-09,SJLOGISTIC,SJLOGISTIC
INE0G1L01017,SM,ST,2024-10-08,2024-10-09,LEMERITE,LEMERITE
INE0GXK01018,SM,ST,2024-10-08,2024-10-09,VMARCIND,VMARCIND
INE0ISZ01012,SM,ST,2024-10-08,2024-10-09,ZTECH,ZTECH
INE0J5601015,SM,ST,2024-10-08,2024-10-09,KRISHNADEF,KRISHNADEF
INE0JOO01021,SM,ST,2024-10-08,2024-10-09,CLOUD,CLOUD
INE0K6601012,SM,ST,2024-10-08,2024-10-09,TGL,TGL
INE0KT901015,SM,ST,2024-10-08,2024-10-09,AMEYA,AMEYA
INE0KZ301010,SM,ST,2024-10-08,2024-10-09,KONTOR,KONTOR
INE0KZF01015,SM,ST,2024-10-08,2024-10-09,QVCEL,QVCEL
INE0LCW01025,SM,ST,2024-10-08,2024-10-09,ISHAN,ISHAN
INE0LVM01018,SM,ST,2024-10-08,2024-10-09,GRCL,GRCL
INE0MEG01014,SM,ST,2024-10-08,2024-10-09,VIVIANA,VIVIANA
INE0MGA01012,SM,ST,2024-10-08,2024-10-09,KARNIKA,KARNIKA
INE0MJQ01012,SM,ST,2024-10-08,2024-10-09,PRITIKA,PRITIKA
INE0N2D01013,SM,ST,2024-10-08,2024-10-09,TBI,TBI
INE0O0201019,SM,ST,2024-10-08,2024-10-09,URBAN,URBAN
INE0O3O01017,SM,ST,2024-10-08,2024-10-09,SEL,SEL
INE0O4R01018,SM,ST,2024-10-08,2024-10-09,KDL,KDL
INE0OJM01017,SM,ST,2024-10-08,2024-10-14,MASTER,MASTER
INE0OK701014,SM,ST,2024-10-08,2024-10-09,NIRMAN,NIRMAN
INE0OLS01010,SM,ST,2024-10-08,2024-10-09,VINYAS,VINYAS
INE0OWX01025,SM,ST,2024-10-08,2024-10-09,KEL,KEL
INE0P0001010,SM,ST,2024-10-08,2024-10-09,APS,APS
INE0P4701011,SM,ST,2024-10-08,2024-10-09,SAHAJSOLAR,SAHAJSOLAR
INE0P7201019,SM,ST,2024-10-08,2024-10-09,DRONE,DRONE
INE0PE401018,SM,ST,2024-10-08,2024-10-09,MEDIORG,MEDIORG
INE0PLQ01011,SM,ST,2024-10-08,2024-10-09,MAITREYA,MAITREYA
INE0PQ001012,SM,ST,2024-10-08,2024-10-09,VISHNUINFR,VISHNUINFR
INE0Q9601016,SM,ST,2024-10-08,2024-10-09,WOMANCART,WOMANCART
INE0QA601016,SM,ST,2024-10-08,2024-10-09,PRATHAM,PRATHAM
INE0QHG01026,SM,ST,2024-10-08,2024-10-09,SUPREMEPWR,SUPREMEPWR
INE0QWN01013,SM,ST,2024-10-08,2024-10-09,ZENITHDRUG,ZENITHDRUG
INE0QXL01015,SM,ST,2024-10-08,2024-10-09,VLINFRA,VLINFRA
INE0R9401019,SM,ST,2024-10-08,2024-10-09,AVPINFRA,AVPINFRA
INE0RJM01010,SM,ST,2024-10-08,2024-10-09,NAMAN,NAMAN
INE0RMF01018,ST,SM,2024-10-08,2024-10-09,OSELDEVICE,OSELDEVICE
INE0RUV01018,SM,ST,2024-10-08,2024-10-09,AIMTRON,AIMTRON
INE0S7C01019,ST,SM,2024-10-08,2024-10-09,DECCANTRAN,DECCANTRAN
INE0SOY01013,SM,ST,2024-10-08,2024-10-09,TAC,TAC
INE0STN01015,SM,ST,2024-10-08,2024-10-09,SILKFLEX,SILKFLEX
INE0SUH01015,ST,SM,2024-10-08,2024-10-09,ENVIRO,ENVIRO
INE0SUN01013,SM,ST,2024-10-08,2024-10-09,NEPHROCARE,NEPHROCARE
INE0TNX01015,SM,ST,2024-10-08,2024-10-09,REFRACTORY,REFRACTORY
INE0U0201016,SM,ST,2024-10-08,2024-10-09,BALCO,BALCO
INE0U9101019,SM,ST,2024-10-08,2024-10-09,EFFWA,EFFWA
INE0VG601013,ST,SM,2024-10-08,2024-10-09,PELATRO,PELATRO
INE124Y01010,SM,ST,2024-10-08,2024-10-09,PASHUPATI,PASHUPATI
INE144J01027,EQ,BE,2024-10-08,2024-10-09,20MICRONS,20MICRONS
INE219Y01018,SM,ST,2024-10-08,2024-10-09,RMDRIP,RMDRIP
INE335X01014,SM,ST,2024-10-08,2024-10-09,PULZ,PULZ
INE792X01016,SM,ST,2024-10-08,2024-10-10,TRANSWIND,TRANSWIND
INE901X01013,SM,ST,2024-10-08,2024-10-09,FELIX,FELIX
INE0NA301016,SM,ST,2024-10-09,2024-10-10,RBMINFRA,RBMINFRA
INE0ON201012,SM,ST,2024-10-09,2024-10-10,SSFL,SSFL
INE0Q6001012,ST,SM,2024-10-09,2024-10-10,PSFL,PSFL
INE0R3101011,SM,ST,2024-10-09,2024-10-10,MIEL,MIEL
INE0RFP01011,SM,ST,2024-10-09,2024-10-10,SSEGL,SSEGL
INE332H01014,EQ,BE,2024-10-09,2024-10-10,INDOTECH,INDOTECH
INE354C01027,EQ,BE,2024-10-09,2024-10-10,BHAGERIA,BHAGERIA
INE501Y01019,EQ,BE,2024-10-09,2024-10-10,SCPL,SCPL
INE806C01018,EQ,BE,2024-10-09,2024-10-10,TIL,TIL
INE847C01020,EQ,BE,2024-10-09,2024-10-10,ROSSELLIND,ROSSELLIND
INE0QTE01018,SM,ST,2024-10-10,2024-10-11,GAJANAND,GAJANAND
INE0R7R01018,SM,ST,2024-10-10,2024-10-11,ITALIANE,ITALIANE
INE0T0L01014,ST,SM,2024-10-10,2024-10-11,KALANA,KALANA
INE635Y01015,SM,ST,2024-10-10,2024-10-15,AISL,AISL
INE688E01024,EQ,BE,2024-10-10,2024-10-11,HERCULES,HERCULES
INE908D01010,EQ,BE,2024-10-10,2024-10-11,SHAKTIPUMP,SHAKTIPUMP
INE00RQ01019,ST,SM,2024-10-11,2025-01-24,MINDPOOL,MINDPOOL
INE02AR01019,BE,EQ,2024-10-11,2024-10-14,ANMOL,ANMOL
INE043C01018,BE,EQ,2024-10-11,2024-10-14,IVP,IVP
INE082W01014,BE,EQ,2024-10-11,2024-10-14,WEWIN,WEWIN
INE0EEJ01023,BE,EQ,2024-10-11,2024-10-14,BTML,BTML
INE0FPO01018,ST,SM,2024-10-11,2024-10-14,PHOGLOBAL,PHOGLOBAL
INE0SQH01013,ST,SM,2024-10-11,2024-10-14,BIKEWO,BIKEWO
INE0TFB01017,ST,SM,2024-10-11,2024-10-14,AVIANSH,AVIANSH
INE0X6F01017,ST,SM,2024-10-11,2024-10-14,SDREAMS,SDREAMS
INE159N01027,BE,EQ,2024-10-11,2024-10-14,VIJIFIN,VIJIFIN
INE197J01017,BE,EQ,2024-10-11,2024-10-14,LPDC,LPDC
INE240C01028,BE,EQ,2024-10-11,2024-10-14,UMESLTD,UMESLTD
INE245I01016,BE,EQ,2024-10-11,2024-10-14,NAGREEKCAP,NAGREEKCAP
INE251C01025,BE,EQ,2024-10-11,2024-10-14,ABMINTLLTD,ABMINTLLTD
INE287C01037,BE,EQ,2024-10-11,2024-10-14,MICEL,MICEL
INE619I01012,BE,EQ,2024-10-11,2024-10-14,A2ZINFRA,A2ZINFRA
INE681C01015,EQ,BE,2024-10-11,2024-10-14,KEYFINSERV,KEYFINSERV
INE735M01018,BE,EQ,2024-10-11,2024-10-14,SAMPANN,SAMPANN
INE786W01010,BE,EQ,2024-10-11,2024-10-14,RKEC,RKEC
INE791A01024,BE,EQ,2024-10-11,2024-10-14,BLBLIMITED,BLBLIMITED
INE854S01022,BE,EQ,2024-10-11,2024-10-14,GENCON,GENCON
INE925Y01036,BE,EQ,2024-10-11,2024-10-14,GODHA,GODHA
INE0MVO01012,ST,SM,2024-10-14,2024-10-15,RAPPID,RAPPID
INE0OO201011,ST,SM,2024-10-14,2024-10-15,WOL3D,WOL3D
INE939X01013,BE,EQ,2024-10-14,2024-10-15,MANBA,MANBA
INE03DD01011,EQ,BE,2024-10-15,2024-10-16,RETAIL,RETAIL
INE0NCC01015,SM,ST,2024-10-15,2024-10-16,ARIHANTACA,ARIHANTACA
INE137I01015,EQ,BE,2024-10-15,2024-10-16,GRPLTD,GRPLTD
INE01P501012,EQ,BE,2024-10-16,2024-10-17,XELPMOC,XELPMOC
INE07S101020,EQ,BE,2024-10-16,2024-10-17,PAVNAIND,PAVNAIND
INE0B2801011,ST,SM,2024-10-16,2024-10-17,UNILEX,UNILEX
INE0GMR01016,SM,ST,2024-10-16,2024-10-17,SWARAJ,SWARAJ
INE0IA701014,SM,ST,2024-10-16,2024-10-17,VIVO,VIVO
INE0JQS01019,ST,SM,2024-10-16,2024-10-17,TECHERA,TECHERA
INE0SHE01019,ST,SM,2024-10-16,2024-10-17,THESL,THESL
INE293B01029,EQ,BE,2024-10-16,2024-10-17,HAVISHA,HAVISHA
INE646C01018,EQ,BE,2024-10-16,2024-10-17,GROBTEA,GROBTEA
INE756C01015,EQ,BE,2024-10-16,2024-10-17,NDGL,NDGL
INE760Y01011,EQ,BE,2024-10-16,2024-10-17,ASHOKAMET,ASHOKAMET
INE00Z501029,EQ,BE,2024-10-17,2024-10-18,KRITIKA,KRITIKA
INE0OVI01010,SM,ST,2024-10-17,2024-10-18,SANGANI,SANGANI
INE0QYI01019,ST,SM,2024-10-17,2024-10-18,DIVYADHAN,DIVYADHAN
INE0RBQ01018,ST,SM,2024-10-17,2024-10-18,SAHASRA,SAHASRA
INE0YKW01013,ST,SM,2024-10-17,2024-10-18,FORGEAUTO,FORGEAUTO
INE184O01015,BE,EQ,2024-10-17,2024-10-18,DIFFNKG,DIFFNKG
INE309M01012,EQ,BE,2024-10-17,2024-10-18,PREMIERPOL,PREMIERPOL
INE972X01022,EQ,BE,2024-10-17,2024-10-18,VAISHALI,VAISHALI
INE00MT01022,ST,SM,2024-10-18,2024-10-21,SAJHOTELS,SAJHOTELS
INE065J01024,BE,EQ,2024-10-18,2024-10-21,TPHQ,TPHQ
INE0A1101019,BE,EQ,2024-10-18,2024-10-21,DCI,DCI
INE0APB01024,BE,EQ,2024-10-18,2024-10-21,MGEL,MGEL
INE0KNW01016,SM,ST,2024-10-18,2024-10-21,KNAGRI,KNAGRI
INE0TO501019,ST,SM,2024-10-18,2024-10-21,HVAX,HVAX
INE227G01018,BE,EQ,2024-10-18,2024-10-21,INDOWIND,INDOWIND
INE234I01028,BE,EQ,2024-10-18,2024-10-21,KAUSHALYA,KAUSHALYA
INE321D01016,BE,EQ,2024-10-18,2024-10-21,OCCL,OCCL
INE506Z01015,BE,EQ,2024-10-18,2024-10-21,DHRUV,DHRUV
INE581X01021,BE,EQ,2024-10-18,2024-10-21,GLOBE,GLOBE
INE606A01024,BE,EQ,2024-10-18,2024-10-21,AMJLAND,AMJLAND
INE613B01010,BE,EQ,2024-10-18,2024-10-21,ICDSLTD,ICDSLTD
INE648Z01023,BE,EQ,2024-10-18,2024-10-21,ACCURACY,ACCURACY
INE726L01019,BE,EQ,2024-10-18,2024-10-21,DELPHIFX,DELPHIFX
INE878E01021,BE,EQ,2024-10-18,2024-10-21,SETCO,SETCO
INE0TG801013,ST,SM,2024-10-21,2024-10-22,PARAMOUNT,PARAMOUNT
INE008Z01020,EQ,BE,2024-10-22,2024-10-23,SRPL,SRPL
INE0JM501013,EQ,BE,2024-10-22,2024-10-23,NRL,NRL
INE749Y01014,SM,ST,2024-10-22,2024-10-28,AMJUMBO,AMJUMBO
INE858F01012,EQ,BE,2024-10-22,2024-10-23,NITCO,NITCO
INE256Z01025,EQ,BE,2024-10-23,2024-10-24,AKSHAR,AKSHAR
INE418N01035,EQ,BE,2024-10-23,2024-10-24,ESSENTIA,ESSENTIA
INE586X01012,EQ,BE,2024-10-23,2024-10-24,GTECJAINX,GTECJAINX
INE923A01015,EQ,BE,2024-10-23,2024-10-24,SILINV,SILINV
INE955I01044,EQ,BE,2024-10-23,2024-10-24,SEJALLTD,SEJALLTD
INE00IK01029,EQ,BE,2024-10-24,2024-10-25,OSWALSEEDS,OSWALSEEDS
INE0FPO01018,SM,ST,2024-10-24,2024-10-25,PHOGLOBAL,PHOGLOBAL
INE106I01010,BE,BZ,2024-10-24,2024-10-25,ANKITMETAL,ANKITMETAL
INE161G01027,BE,BZ,2024-10-24,2024-10-25,MORARJEE,MORARJEE
INE195Y01010,BE,BZ,2024-10-24,2024-10-25,SECURCRED,SECURCRED
INE230B01021,EQ,BE,2024-10-24,2024-10-25,CREATIVEYE,CREATIVEYE
INE243D01012,EQ,BZ,2024-10-24,2024-10-25,BFUTILITIE,BFUTILITIE
INE416L01017,EQ,BZ,2024-10-24,2024-10-25,EROSMEDIA,EROSMEDIA
INE479D01038,EQ,BE,2024-10-24,2024-10-25,KRITI,KRITI
INE550C01020,EQ,BE,2024-10-24,2024-10-25,URJA,URJA
INE688E01024,BE,EQ,2024-10-24,2024-10-25,HERCULES,HERCULES
INE691G01015,BE,BZ,2024-10-24,2024-10-25,IMPEXFERRO,IMPEXFERRO
INE776I01010,BE,BZ,2024-10-24,2024-10-25,MEP,MEP
INE784B01035,BE,BZ,2024-10-24,2024-10-25,WINSOME,WINSOME
INE023A01030,EQ,BE,2024-10-25,2024-10-28,NSIL,NSIL
INE029L01018,EQ,BE,2024-10-25,2024-10-28,KICL,KICL
INE0S3H01017,SM,ST,2024-10-25,2024-10-28,POSITRON,POSITRON
INE105A01035,EQ,BE,2024-10-25,2024-10-30,TVSHLTD,TVSHLTD
INE137C01018,BE,EQ,2024-10-25,2024-10-28,ALPHAGEO,ALPHAGEO
INE137I01015,BE,EQ,2024-10-25,2024-10-28,GRPLTD,GRPLTD
INE155Z01011,BE,EQ,2024-10-25,2024-10-28,MACPOWER,MACPOWER
INE288A01013,EQ,BE,2024-10-25,2024-10-29,MAHSCOOTER,MAHSCOOTER
INE375Y01018,BE,EQ,2024-10-25,2024-10-28,RELIABLE,RELIABLE
INE417C01014,EQ,BE,2024-10-25,2024-10-29,PILANIINVS,PILANIINVS
INE509F01029,BE,EQ,2024-10-25,2024-10-28,CUPID,CUPID
INE538A01037,EQ,BE,2024-10-25,2024-10-28,GFLLIMITED,GFLLIMITED
INE542W01025,BE,EQ,2024-10-25,2024-10-28,KPIGREEN,KPIGREEN
INE553C01016,BE,EQ,2024-10-25,2024-10-28,NECCLTD,NECCLTD
INE630Y01024,BE,EQ,2024-10-25,2024-10-28,MEDICO,MEDICO
INE661I01014,BE,EQ,2024-10-25,2024-10-28,BGRENERGY,BGRENERGY
INE725L01011,BE,EQ,2024-10-25,2024-10-28,KARMAENG,KARMAENG
INE819L01012,BE,EQ,2024-10-25,2024-10-28,ELGIRUBCO,ELGIRUBCO
INE830Q01018,BE,EQ,2024-10-25,2024-10-28,MANAKCOAT,MANAKCOAT
INE02EE01019,SM,ST,2024-10-28,2024-10-29,IPSL,IPSL
INE0DHF01018,SM,ST,2024-10-28,2024-10-29,IPHL,IPHL
INE029Q01017,SM,ST,2024-10-30,2024-10-31,BAHETI,BAHETI
INE047O01014,EQ,BE,2024-10-30,2024-10-31,NIBL,NIBL
INE0ALR01029,EQ,BE,2024-10-30,2024-10-31,ATALREAL,ATALREAL
INE0AZY01017,SM,ST,2024-10-30,2024-10-31,VILAS,VILAS
INE0DAB01012,EQ,BE,2024-10-30,2024-10-31,REVATHIEQU,REVATHIEQU
INE0VJG01014,ST,SM,2024-10-30,2024-10-31,PRANIK,PRANIK
INE251C01025,EQ,BE,2024-10-30,2024-10-31,ABMINTLLTD,ABMINTLLTD
INE635A01023,EQ,BE,2024-10-30,2024-10-31,SHYAMTEL,SHYAMTEL
INE01NE01012,EQ,BE,2024-10-31,2024-11-04,SRD,SRD
INE050B01023,BE,EQ,2024-10-31,2024-11-04,IVC,IVC
INE0B1K01014,BE,EQ,2024-10-31,2024-11-04,DJML,DJML
INE0N0Y01013,BE,EQ,2024-10-31,2024-11-04,USK,USK
INE173A01025,BE,EQ,2024-10-31,2024-11-04,SIL,SIL
INE296C01020,BE,EQ,2024-10-31,2024-11-04,FIBERWEB,FIBERWEB
INE652F01027,BE,EQ,2024-10-31,2024-11-04,CCHHL,CCHHL
INE697V01011,BE,EQ,2024-10-31,2024-11-04,PANSARI,PANSARI
INE750M01017,BE,EQ,2024-10-31,2024-11-04,HEXATRADEX,HEXATRADEX
INE781B01015,BE,EQ,2024-10-31,2024-11-04,NOIDATOLL,NOIDATOLL
INE879A01019,BE,EQ,2024-10-31,2024-11-04,SHREERAMA,SHREERAMA
INE0LXA01019,SM,ST,2024-11-05,2024-11-06,HOLMARC,HOLMARC
INE0VZS01015,ST,SM,2024-11-06,2024-11-07,LAKSHYA,LAKSHYA
INE137I01015,EQ,BE,2024-11-06,2024-11-07,GRPLTD,GRPLTD
INE00CE01017,EQ,BE,2024-11-07,2024-11-08,SVLL,SVLL
INE00YB01017,ST,BE,2024-11-07,2024-11-08,ABINFRA,ABINFRA
INE0LAA01017,SM,ST,2024-11-07,2024-11-08,ASHALOG,ASHALOG
INE0OL001018,SM,ST,2024-11-07,2024-11-08,SPECTSTM,SPECTSTM
INE0SFW01015,ST,SM,2024-11-07,2024-11-08,FRESHARA,FRESHARA
INE020J01029,EQ,BE,2024-11-08,2024-11-11,GOKUL,GOKUL
INE035801013,EQ,BE,2024-11-08,2024-11-11,SAH,SAH
INE082101010,SM,ST,2024-11-08,2024-11-11,ARISTO,ARISTO
INE0FLR01028,BE,EQ,2024-11-08,2024-11-11,IWEL,IWEL
INE0NNZ01013,SM,ST,2024-11-08,2024-11-11,INFOLLION,INFOLLION
INE215I01027,EQ,BE,2024-11-08,2024-11-11,MAANALU,MAANALU
INE268B01013,BE,EQ,2024-11-08,2024-11-11,KREBSBIO,KREBSBIO
INE287Z01012,BE,EQ,2024-11-08,2024-11-11,GAYAHWS,GAYAHWS
INE323B01024,BE,EQ,2024-11-08,2024-11-11,AVONMORE,AVONMORE
INE550B01022,BE,EQ,2024-11-08,2024-11-11,HBSL,HBSL
INE658T01017,BE,EQ,2024-11-08,2024-11-11,WEALTH,WEALTH
INE822G01016,BE,EQ,2024-11-08,2024-11-11,ELECTHERM,ELECTHERM
INE864B01027,BE,EQ,2024-11-08,2024-11-11,UMANGDAIRY,UMANGDAIRY
INE912L01015,BE,EQ,2024-11-08,2024-11-11,ONELIFECAP,ONELIFECAP
INE023A01030,BE,EQ,2024-11-11,2024-11-12,NSIL,NSIL
INE029L01018,BE,EQ,2024-11-11,2024-11-12,KICL,KICL
INE0KFF01017,SM,ST,2024-11-11,2024-11-12,EFACTOR,EFACTOR
INE0M1F01011,ST,SM,2024-11-11,2024-11-12,PREMIUM,PREMIUM
INE538A01037,BE,EQ,2024-11-11,2024-11-12,GFLLIMITED,GFLLIMITED
INE558R01013,EQ,BE,2024-11-11,2024-11-12,HECPROJECT,HECPROJECT
INE08NZ01012,SM,ST,2024-11-12,2024-11-13,NAMOEWASTE,NAMOEWASTE
INE0PK601023,BE,EQ,2024-11-12,2024-11-13,OCCLLTD,OCCLLTD
INE0SMR01011,ST,SM,2024-11-12,2024-11-13,UHTL,UHTL
INE0YHV01011,ST,SM,2024-11-12,2024-11-13,OBSCP,OBSCP
INE0YU901016,ST,SM,2024-11-12,2024-11-13,DANISH,DANISH
INE288A01013,BE,EQ,2024-11-12,2024-11-13,MAHSCOOTER,MAHSCOOTER
INE417C01014,BE,EQ,2024-11-12,2024-11-13,PILANIINVS,PILANIINVS
INE09FA01019,SM,ST,2024-11-13,2024-11-14,YUDIZ,YUDIZ
INE0JQS01019,SM,ST,2024-11-13,2024-11-14,TECHERA,TECHERA
INE0LA901015,SM,ST,2024-11-13,2024-11-14,JFLLIFE,JFLLIFE
INE0PCY01014,SM,ST,2024-11-13,2024-11-14,AKANKSHA,AKANKSHA
INE0RDE01010,SM,ST,2024-11-13,2024-11-14,SIGNORIA,SIGNORIA
INE0S7C01019,SM,ST,2024-11-13,2024-11-14,DECCANTRAN,DECCANTRAN
INE105A01035,BE,EQ,2024-11-13,2024-11-14,TVSHLTD,TVSHLTD
INE159N01027,EQ,BE,2024-11-13,2024-11-14,VIJIFIN,VIJIFIN
INE218C01016,EQ,BE,2024-11-13,2024-11-14,AUSOMENT,AUSOMENT
INE239T01016,SM,ST,2024-11-13,2024-11-14,KKVAPOW,KKVAPOW
INE287Z01012,EQ,BE,2024-11-13,2024-11-14,GAYAHWS,GAYAHWS
INE289S01013,ST,SM,2024-11-13,2024-11-14,CMMIPL,CMMIPL
INE319B01014,EQ,BE,2024-11-13,2024-11-14,BYKE,BYKE
INE652F01027,EQ,BE,2024-11-13,2024-11-14,CCHHL,CCHHL
INE688J01023,EQ,BE,2024-11-13,2024-11-14,EXCEL,EXCEL
INE691Z01023,EQ,BE,2024-11-13,2024-11-14,GANGAFORGE,GANGAFORGE
INE697V01011,EQ,BE,2024-11-13,2024-11-14,PANSARI,PANSARI
INE737B01033,EQ,BE,2024-11-13,2024-11-14,ADROITINFO,ADROITINFO
INE781B01015,EQ,BE,2024-11-13,2024-11-14,NOIDATOLL,NOIDATOLL
INE822G01016,EQ,BE,2024-11-13,2024-11-14,ELECTHERM,ELECTHERM
INE925Y01036,EQ,BE,2024-11-13,2024-11-14,GODHA,GODHA
INE00SZ01018,EQ,BE,2024-11-14,2024-11-18,MARSHALL,MARSHALL
INE020D01022,BE,EQ,2024-11-14,2024-11-18,BAIDFIN,BAIDFIN
INE02H701025,BE,EQ,2024-11-14,2024-11-18,NOVAAGRI,NOVAAGRI
INE05CZ01011,BE,EQ,2024-11-14,2024-11-18,RATNAVEER,RATNAVEER
INE0LS001014,ST,SM,2024-11-14,2024-11-18,USHAFIN,USHAFIN
INE0R6Z01013,BE,EQ,2024-11-14,2024-11-18,SRM,SRM
INE0SMA01017,SM,ST,2024-11-14,2024-11-18,SLONE,SLONE
INE105C01023,BE,EQ,2024-11-14,2024-11-18,3PLAND,3PLAND
INE105I01020,BE,EQ,2024-11-14,2024-11-18,SELMC,SELMC
INE110B01017,BE,EQ,2024-11-14,2024-11-18,MINDTECK,MINDTECK
INE258Y01016,BE,EQ,2024-11-14,2024-11-18,LGHL,LGHL
INE297H01019,BE,EQ,2024-11-14,2024-11-18,GALLANTT,GALLANTT
INE303A01010,BE,EQ,2024-11-14,2024-11-18,DICIND,DICIND
INE308A01027,BE,EQ,2024-11-14,2024-11-18,NAHARPOLY,NAHARPOLY
INE324L01013,BE,EQ,2024-11-14,2024-11-18,RPPINFRA,RPPINFRA
INE388G01026,BE,EQ,2024-11-14,2024-11-18,TCLCONS,TCLCONS
INE413G01022,BE,EQ,2024-11-14,2024-11-18,TPLPLASTEH,TPLPLASTEH
INE450G01024,BE,EQ,2024-11-14,2024-11-18,VIPCLOTHNG,VIPCLOTHNG
INE452L01012,BE,EQ,2024-11-14,2024-11-18,INCREDIBLE,INCREDIBLE
INE453D01025,BE,EQ,2024-11-14,2024-11-18,SARLAPOLY,SARLAPOLY
INE482B01010,EQ,BE,2024-11-14,2024-11-18,TERASOFT,TERASOFT
INE498A01018,BE,EQ,2024-11-14,2024-11-18,DCM,DCM
INE521J01018,BE,EQ,2024-11-14,2024-11-18,CAREERP,CAREERP
INE557B01019,BE,EQ,2024-11-14,2024-11-18,LIBERTSHOE,LIBERTSHOE
INE577L01016,BE,EQ,2024-11-14,2024-11-18,STEL,STEL
INE610C01014,BE,EQ,2024-11-14,2024-11-18,ARENTERP,ARENTERP
INE627H01017,BE,EQ,2024-11-14,2024-11-18,CTE,CTE
INE637H01024,BE,EQ,2024-11-14,2024-11-18,SHIVAMAUTO,SHIVAMAUTO
INE645W01026,BE,EQ,2024-11-14,2024-11-18,AIRAN,AIRAN
INE738V01013,BE,EQ,2024-11-14,2024-11-18,ARTNIRMAN,ARTNIRMAN
INE747B01016,BE,EQ,2024-11-14,2024-11-18,NEXTMEDIA,NEXTMEDIA
INE784W01015,BE,EQ,2024-11-14,2024-11-18,MANOMAY,MANOMAY
INE794B01026,BE,EQ,2024-11-14,2024-11-18,BALAJITELE,BALAJITELE
INE823A01017,BE,EQ,2024-11-14,2024-11-18,KOTHARIPRO,KOTHARIPRO
INE848A01014,BE,EQ,2024-11-14,2024-11-18,IZMO,IZMO
INE908D01010,BE,EQ,2024-11-14,2024-11-18,SHAKTIPUMP,SHAKTIPUMP
INE01ZJ01015,SM,ST,2024-11-18,2024-11-19,SURANI,SURANI
INE0JWV01011,SM,ST,2024-11-19,2024-11-21,DENEERS,DENEERS
INE0S7801010,SM,ST,2024-11-19,2024-11-21,ASPIRE,ASPIRE
INE688E01024,EQ,BE,2024-11-19,2024-11-21,HERCULES,HERCULES
INE0DZ101013,SM,ST,2024-11-21,2024-11-22,SABAR,SABAR
INE0M2X01012,SM,ST,2024-11-21,2024-11-22,ALLETEC,ALLETEC
INE0MLZ01019,SM,ST,2024-11-21,2024-11-22,PHANTOMFX,PHANTOMFX
INE0OCC01013,SM,ST,2024-11-21,2024-11-22,BASILIC,BASILIC
INE0QEI01011,SM,ST,2024-11-21,2024-11-22,KONSTELEC,KONSTELEC
INE0SH001010,SM,ST,2024-11-21,2024-11-22,MASON,MASON
INE824G01012,EQ,BE,2024-11-21,2024-11-22,JSWHL,JSWHL
INE970D01010,EQ,BE,2024-11-21,2024-11-22,LOYALTEX,LOYALTEX
INE016M01021,BE,EQ,2024-11-22,2024-11-25,DNAMEDIA,DNAMEDIA
INE137I01015,BE,EQ,2024-11-22,2024-11-25,GRPLTD,GRPLTD
INE658T01017,EQ,BE,2024-11-22,2024-11-25,WEALTH,WEALTH
INE731C01018,BE,EQ,2024-11-22,2024-11-25,KHAITANLTD,KHAITANLTD
INE798K01010,BE,EQ,2024-11-22,2024-11-25,KRITINUT,KRITINUT
INE843B01013,BE,EQ,2024-11-22,2024-11-25,MAHAPEXLTD,MAHAPEXLTD
INE937A01023,BE,EQ,2024-11-22,2024-11-25,SPMLINFRA,SPMLINFRA
INE082A01010,EQ,BE,2024-11-25,2024-11-26,KOPRAN,KOPRAN
INE0Q6H01012,SM,ST,2024-11-25,2024-11-26,SONAMAC,SONAMAC
INE0R4Z01018,SM,ST,2024-11-25,2024-11-26,BRACEPORT,BRACEPORT
INE623Y01011,SM,ST,2024-11-25,2024-11-26,WTICAB,WTICAB
INE0J6801010,SM,ST,2024-11-26,2024-11-27,KORE,KORE
INE0SCO01019,SM,ST,2024-11-26,2024-11-27,DPEL,DPEL
INE709Z01015,SM,ST,2024-11-26,2024-11-28,VERA,VERA
INE726L01019,EQ,BE,2024-11-26,2024-11-27,DELPHIFX,DELPHIFX
INE059901020,EQ,BE,2024-11-27,2024-11-28,IEL,IEL
INE0U2501017,SM,ST,2024-11-27,2024-11-28,FORCAS,FORCAS
INE314G01014,EQ,BE,2024-11-27,2024-11-28,KALYANIFRG,KALYANIFRG
INE349X01015,SM,ST,2024-11-27,2024-11-28,JALAN,JALAN
INE747B01016,EQ,BE,2024-11-27,2024-11-28,NEXTMEDIA,NEXTMEDIA
INE0QNI01012,SM,ST,2024-11-28,2024-11-29,BOSS,BOSS
INE126M01010,EQ,BE,2024-11-28,2024-11-29,YAARI,YAARI
INE245I01016,EQ,BE,2024-11-28,2024-11-29,NAGREEKCAP,NAGREEKCAP
INE879A01019,EQ,BE,2024-11-28,2024-11-29,SHREERAMA,SHREERAMA
INE00Y701026,SM,ST,2024-11-29,2024-12-02,SECL,SECL
INE073D01013,BE,EQ,2024-11-29,2024-12-02,SUNDRMBRAK,SUNDRMBRAK
INE107F01022,BE,EQ,2024-11-29,2024-12-02,WANBURY,WANBURY
INE222J01013,BE,EQ,2024-11-29,2024-12-02,RANEENGINE,RANEENGINE
INE228I01012,BE,EQ,2024-11-29,2024-12-02,ASAHISONG,ASAHISONG
INE281A01026,BE,EQ,2024-11-29,2024-12-02,CENTEXT,CENTEXT
INE289S01013,SM,SZ,2024-11-29,2024-12-02,CMMIPL,CMMIPL
INE353H01010,BE,EQ,2024-11-29,2024-12-02,SGL,SGL
INE413B01023,BE,EQ,2024-11-29,2024-12-02,RUCHINFRA,RUCHINFRA
INE505C01016,BE,EQ,2024-11-29,2024-12-02,PRAENG,PRAENG
INE597L01014,BE,EQ,2024-11-29,2024-12-02,LOVABLE,LOVABLE
INE712K01011,BE,EQ,2024-11-29,2024-12-02,SHREEPUSHK,SHREEPUSHK
INE761Y01019,BE,EQ,2024-11-29,2024-12-02,ZODIAC,ZODIAC
INE790B01024,BE,EQ,2024-11-29,2024-12-02,KCPSUGIND,KCPSUGIND
INE826C01016,BE,EQ,2024-11-29,2024-12-02,GUJAPOLLO,GUJAPOLLO
INE831A01028,BE,EQ,2024-11-29,2024-12-02,MIRCELECTR,MIRCELECTR
INE982V01025,BE,EQ,2024-11-29,2024-12-02,JETFREIGHT,JETFREIGHT
INE0N1401016,ST,SM,2024-12-02,2024-12-03,NEELAM,NEELAM
INE0R1601012,SM,ST,2024-12-02,2024-12-03,PRESSTONIC,PRESSTONIC
INE314C01013,EQ,BE,2024-12-02,2024-12-03,SOMATEX,SOMATEX
INE411Y01011,EQ,BE,2024-12-02,2024-12-03,DIL,DIL
INE0S3X01014,SM,ST,2024-12-03,2024-12-04,ENFUSE,ENFUSE
INE332S01011,SM,ST,2024-12-03,2024-12-04,EMKAYTOOLS,EMKAYTOOLS
INE365I01020,EQ,BE,2024-12-03,2024-12-04,NBIFIN,NBIFIN
INE908D01010,EQ,BE,2024-12-03,2024-12-04,SHAKTIPUMP,SHAKTIPUMP
INE0QR801013,SM,ST,2024-12-04,2024-12-09,SPPPOLY,SPPPOLY
INE0S1L01013,SM,ST,2024-12-04,2024-12-05,EMMIL,EMMIL
INE0SMR01011,SM,ST,2024-12-04,2024-12-05,UHTL,UHTL
INE0SMY01017,SM,ST,2024-12-04,2024-12-05,JAYBEE,JAYBEE
INE0YHV01011,SM,ST,2024-12-04,2024-12-05,OBSCP,OBSCP
INE602G01020,EQ,BE,2024-12-04,2024-12-05,KITEX,KITEX
INE942G01012,EQ,BE,2024-12-04,2024-12-05,MCLEODRUSS,MCLEODRUSS
INE0HQI01014,SM,ST,2024-12-05,2024-12-06,BEWLTD,BEWLTD
INE0N1401016,SM,ST,2024-12-05,2024-12-06,NEELAM,NEELAM
INE0NVI01020,SM,ST,2024-12-05,2024-12-06,TRANSTEEL,TRANSTEEL
INE0S7E01015,SM,ST,2024-12-05,2024-12-06,GPECO,GPECO
INE0SHE01019,SM,ST,2024-12-05,2024-12-09,THESL,THESL
INE0WVU01018,ST,SM,2024-12-05,2024-12-06,ONYX,ONYX
INE655B01011,EQ,BE,2024-12-05,2024-12-06,BANARBEADS,BANARBEADS
INE813V01022,EQ,BE,2024-12-05,2024-12-06,MCL,MCL
INE939A01011,EQ,BE,2024-12-05,2024-12-06,STAR,STAR
INE020G01017,BE,EQ,2024-12-06,2024-12-09,INSPIRISYS,INSPIRISYS
INE083C01022,BE,EQ,2024-12-06,2024-12-09,PLASTIBLEN,PLASTIBLEN
INE0HKW01018,SM,ST,2024-12-06,2024-12-09,PRECISION,PRECISION
INE155C01010,BE,EQ,2024-12-06,2024-12-09,ALBERTDAVD,ALBERTDAVD
INE244J01017,BE,EQ,2024-12-06,2024-12-09,RBL,RBL
INE256H01015,BE,EQ,2024-12-06,2024-12-09,DYNPRO,DYNPRO
INE323J01019,BE,EQ,2024-12-06,2024-12-09,SOMICONVEY,SOMICONVEY
INE337M01013,BE,EQ,2024-12-06,2024-12-09,INDOTHAI,INDOTHAI
INE338Y01016,SM,ST,2024-12-06,2024-12-09,OMFURN,OMFURN
INE511Y01018,BE,EQ,2024-12-06,2024-12-09,MMP,MMP
INE514Y01020,BE,EQ,2024-12-06,2024-12-09,MOKSH,MOKSH
INE596H01014,BE,EQ,2024-12-06,2024-12-09,HOVS,HOVS
INE668D01028,BE,EQ,2024-12-06,2024-12-09,DONEAR,DONEAR
INE669X01024,BE,EQ,2024-12-06,2024-12-09,GEEKAYWIRE,GEEKAYWIRE
INE781A01025,BE,EQ,2024-12-06,2024-12-09,INTENTECH,INTENTECH
INE817H01014,BE,EQ,2024-12-06,2024-12-09,BURNPUR,BURNPUR
INE820Y01021,BE,EQ,2024-12-06,2024-12-09,AJOONI,AJOONI
INE835A01029,BE,EQ,2024-12-06,2024-12-09,VARDMNPOLY,VARDMNPOLY
INE865C01022,BE,EQ,2024-12-06,2024-12-09,BIRLAMONEY,BIRLAMONEY
INE912H01013,BE,EQ,2024-12-06,2024-12-09,MBLINFRA,MBLINFRA
INE937A01023,EQ,BE,2024-12-06,2024-12-09,SPMLINFRA,SPMLINFRA
INE03DD01011,BE,EQ,2024-12-09,2024-12-10,RETAIL,RETAIL
INE0RJH01010,SM,ST,2024-12-09,2024-12-10,RBS,RBS
INE283A01014,EQ,BE,2024-12-09,2024-12-10,PRECOT,PRECOT
INE297H01019,EQ,BE,2024-12-09,2024-12-10,GALLANTT,GALLANTT
INE472B01011,BE,EQ,2024-12-09,2024-12-10,BLUECOAST,BLUECOAST
INE863I01016,EQ,BE,2024-12-09,2024-12-10,BANG,BANG
INE669A01022,BE,EQ,2024-12-10,2024-12-11,INFOMEDIA,INFOMEDIA
INE778K01012,EQ,BE,2024-12-10,2024-12-11,EMAMIREAL,EMAMIREAL
INE02KC01010,SM,ST,2024-12-11,2024-12-12,JAINAM,JAINAM
INE0LQG01010,SM,ST,2024-12-11,2024-12-12,APRAMEYA,APRAMEYA
INE0N4G01012,SM,ST,2024-12-11,2024-12-12,PARAGON,PARAGON
INE197J01017,EQ,BE,2024-12-11,2024-12-12,LPDC,LPDC
INE268B01013,EQ,BE,2024-12-11,2024-12-12,KREBSBIO,KREBSBIO
INE308E01029,EQ,BE,2024-12-11,2024-12-12,SVPGLOB,SVPGLOB
INE337M01013,EQ,BE,2024-12-11,2024-12-12,INDOTHAI,INDOTHAI
INE524L01026,EQ,BE,2024-12-11,2024-12-12,KRIDHANINF,KRIDHANINF
INE592B01016,EQ,BE,2024-12-11,2024-12-12,TTL,TTL
INE610C01014,EQ,BE,2024-12-11,2024-12-12,ARENTERP,ARENTERP
INE642Y01029,EQ,BE,2024-12-11,2024-12-12,HINDCON,HINDCON
INE661I01014,EQ,BE,2024-12-11,2024-12-12,BGRENERGY,BGRENERGY
INE738V01013,EQ,BE,2024-12-11,2024-12-12,ARTNIRMAN,ARTNIRMAN
INE878E01021,EQ,BE,2024-12-11,2024-12-12,SETCO,SETCO
INE00F301010,SM,ST,2024-12-12,2024-12-13,UWCSL,UWCSL
INE0QJ901011,SM,ST,2024-12-12,2024-12-13,DIGIKORE,DIGIKORE
INE0R0201012,ST,SM,2024-12-12,2024-12-13,LAMOSAIC,LAMOSAIC
INE239T01016,ST,SM,2024-12-12,2025-01-01,KKVAPOW,KKVAPOW
INE830Q01018,EQ,BE,2024-12-12,2024-12-13,MANAKCOAT,MANAKCOAT
INE047B01011,EQ,BE,2024-12-13,2024-12-16,GILLANDERS,GILLANDERS
INE112D01035,EQ,BE,2024-12-13,2024-12-16,MHLXMIRU,MHLXMIRU
INE112F01022,EQ,BE,2024-12-13,2024-12-16,LAMBODHARA,LAMBODHARA
INE201M01029,BE,EQ,2024-12-13,2024-12-16,CLEDUCATE,CLEDUCATE
INE297H01019,BE,EQ,2024-12-13,2024-12-16,GALLANTT,GALLANTT
INE332H01014,BE,EQ,2024-12-13,2024-12-16,INDOTECH,INDOTECH
INE431F01018,EQ,BE,2024-12-13,2024-12-16,PKTEA,PKTEA
INE544A01019,BE,EQ,2024-12-13,2024-12-16,HARRMALAYA,HARRMALAYA
INE566K01011,BE,EQ,2024-12-13,2024-12-16,ISFT,ISFT
INE568Z01015,BE,EQ,2024-12-13,2024-12-16,URAVI,URAVI
INE832A01018,BE,EQ,2024-12-13,2024-12-16,MODIRUBBER,MODIRUBBER
INE937A01023,BE,EQ,2024-12-13,2024-12-16,SPMLINFRA,SPMLINFRA
INE0S9101013,SM,ST,2024-12-16,2024-12-18,WINNY,WINNY
INE0U7V01015,ST,SM,2024-12-16,2024-12-17,C2C,C2C
INE0VHU01019,ST,SM,2024-12-16,2024-12-17,RAJPUTANA,RAJPUTANA
INE306C01019,EQ,BE,2024-12-16,2024-12-17,ENERGYDEV,ENERGYDEV
INE403Y01018,SM,EQ,2024-12-16,2024-12-17,INNOVANA,INNOVANA
INE480M01011,EQ,BE,2024-12-16,2024-12-17,THOMASCOTT,THOMASCOTT
INE523B01011,EQ,BE,2024-12-16,2024-12-17,AKSHOPTFBR,AKSHOPTFBR
INE551Q01028,SM,ST,2024-12-16,2024-12-17,VSCL,VSCL
INE728Z01015,EQ,BE,2024-12-16,2024-12-17,SOFTTECH,SOFTTECH
INE00C501018,SM,ST,2024-12-17,2024-12-18,AMBANIORGO,AMBANIORGO
INE065J01024,EQ,BE,2024-12-17,2024-12-18,TPHQ,TPHQ
INE0JZA01018,SM,ST,2024-12-17,2024-12-18,SONUINFRA,SONUINFRA
INE0P1P01017,SM,ST,2024-12-17,2024-12-18,MARINETRAN,MARINETRAN
INE0RCG01017,SM,ST,2024-12-17,2024-12-18,KCEIL,KCEIL
INE0T4V01015,ST,SM,2024-12-17,2024-12-18,APEXECO,APEXECO
INE0UYG01015,ST,SM,2024-12-17,2024-12-18,ABHAPOWER,ABHAPOWER
INE332S01011,ST,SM,2024-12-17,2024-12-18,EMKAYTOOLS,EMKAYTOOLS
INE613B01010,EQ,BE,2024-12-17,2024-12-18,ICDSLTD,ICDSLTD
INE0P8X01016,ST,SM,2024-12-18,2024-12-19,AGARWALTUF,AGARWALTUF
INE105C01023,EQ,BE,2024-12-18,2024-12-19,3PLAND,3PLAND
INE298I01015,EQ,BE,2024-12-18,2024-12-19,ARIES,ARIES
INE332H01014,EQ,BE,2024-12-18,2024-12-19,INDOTECH,INDOTECH
INE597Z01014,SM,ST,2024-12-18,2024-12-19,COMMITTED,COMMITTED
INE0B1K01014,EQ,BE,2024-12-19,2024-12-20,DJML,DJML
INE0K4D01020,SM,ST,2024-12-19,2024-12-20,QUICKTOUCH,QUICKTOUCH
INE0TVT01024,ST,SM,2024-12-19,2024-12-20,GANESHIN,GANESHIN
INE231G01010,EQ,BE,2024-12-19,2024-12-20,ORBTEXP,ORBTEXP
INE542C01019,EQ,BE,2024-12-19,2024-12-20,NKIND,NKIND
INE610B01024,EQ,BE,2024-12-19,2024-12-20,GUJRAFFIA,GUJRAFFIA
INE939A01011,BE,EQ,2024-12-19,2024-12-20,STAR,STAR
INE061A01014,EQ,BE,2024-12-20,2024-12-23,INDIANCARD,INDIANCARD
INE0IA701014,ST,SM,2024-12-20,2025-01-01,VIVO,VIVO
INE0OJW01016,BE,EQ,2024-12-20,2024-12-23,ROSSTECH,ROSSTECH
INE0PEQ01016,BE,EQ,2024-12-20,2024-12-23,RBZJEWEL,RBZJEWEL
INE0R0201012,SM,ST,2024-12-20,2024-12-23,LAMOSAIC,LAMOSAIC
INE142K01011,BE,EQ,2024-12-20,2024-12-23,LYPSAGEMS,LYPSAGEMS
INE253A01025,BE,EQ,2024-12-20,2024-12-23,HINDMOTORS,HINDMOTORS
INE362A01016,BE,EQ,2024-12-20,2024-12-23,PVP,PVP
INE414B01021,BE,EQ,2024-12-20,2024-12-23,ANTGRAPHIC,ANTGRAPHIC
INE482J01021,BE,EQ,2024-12-20,2024-12-23,SHAH,SHAH
INE526B01014,BE,EQ,2024-12-20,2024-12-23,CALSOFT,CALSOFT
INE546V01010,BE,EQ,2024-12-20,2024-12-23,EIFFL,EIFFL
INE670X01014,BE,EQ,2024-12-20,2024-12-23,LASA,LASA
INE703H01016,BE,EQ,2024-12-20,2024-12-23,HUBTOWN,HUBTOWN
INE737D01021,BE,EQ,2024-12-20,2024-12-23,MODISONLTD,MODISONLTD
INE749Y01014,ST,SM,2024-12-20,2025-01-27,AMJUMBO,AMJUMBO
INE908D01010,BE,EQ,2024-12-20,2024-12-23,SHAKTIPUMP,SHAKTIPUMP
INE03V001013,EQ,BE,2024-12-23,2024-12-24,UNIVPHOTO,UNIVPHOTO
INE0Q9Q01017,SM,ST,2024-12-23,2024-12-24,SHANTHALA,SHANTHALA
INE0TFB01017,SM,ST,2024-12-23,2024-12-24,AVIANSH,AVIANSH
INE289C01025,EQ,BE,2024-12-24,2024-12-26,TIMESGTY,TIMESGTY
INE505A01010,EQ,BE,2024-12-24,2024-12-26,DMCC,DMCC
INE699B01027,EQ,BE,2024-12-24,2024-12-26,SAMBHAAV,SAMBHAAV
INE008Z01020,BE,BZ,2024-12-26,2024-12-27,SRPL,SRPL
INE054301028,BE,EQ,2024-12-26,2024-12-27,ODIGMA,ODIGMA
INE0JOO01021,ST,SZ,2024-12-26,2024-12-27,CLOUD,CLOUD
INE0RHD01013,ST,SM,2024-12-26,2024-12-27,ETML,ETML
INE591Q01016,BE,BZ,2024-12-26,2024-12-27,SUULD,SUULD
INE703H01016,EQ,BE,2024-12-26,2024-12-27,HUBTOWN,HUBTOWN
INE735M01018,EQ,BE,2024-12-26,2024-12-27,SAMPANN,SAMPANN
INE947T01014,SM,ST,2024-12-26,2024-12-27,GICL,GICL
INE954E01012,EQ,BE,2024-12-26,2024-12-27,MOHITIND,MOHITIND
INE00CA01015,BE,EQ,2024-12-27,2024-12-30,TREJHARA,TREJHARA
INE00ER01015,SM,ST,2024-12-27,2024-12-30,ONDOOR,ONDOOR
INE0GIU01018,BE,EQ,2024-12-27,2024-12-30,UMAEXPORTS,UMAEXPORTS
INE0SFW01015,SM,ST,2024-12-27,2024-12-30,FRESHARA,FRESHARA
INE162C01024,BE,EQ,2024-12-27,2024-12-30,PARASPETRO,PARASPETRO
INE186H01022,BE,EQ,2024-12-27,2024-12-30,BASML,BASML
INE236G01019,BE,EQ,2024-12-27,2024-12-30,TVSELECT,TVSELECT
INE363A01022,EQ,BE,2024-12-27,2024-12-30,ASIANHOTNR,ASIANHOTNR
INE370D01013,BE,EQ,2024-12-27,2024-12-30,MANORG,MANORG
INE389C01015,BE,EQ,2024-12-27,2024-12-30,MALLCOM,MALLCOM
INE491V01019,BE,EQ,2024-12-27,2024-12-30,CROWN,CROWN
INE558D01021,BE,EQ,2024-12-27,2024-12-30,CORALFINAC,CORALFINAC
INE593W01028,BE,EQ,2024-12-27,2024-12-30,FOCUS,FOCUS
INE632X01030,BE,EQ,2024-12-27,2024-12-30,SHRENIK,SHRENIK
INE704P01025,BE,EQ,2024-12-27,2024-12-30,COCHINSHIP,COCHINSHIP
INE898S01029,BE,EQ,2024-12-27,2024-12-30,AURUM,AURUM
INE927C01020,BE,EQ,2024-12-27,2024-12-30,DIGISPICE,DIGISPICE
INE00QT01015,EQ,BE,2024-12-30,2024-12-31,SGIL,SGIL
INE01JE01028,EQ,BE,2024-12-30,2024-12-31,MARINE,MARINE
INE01P501012,BE,EQ,2024-12-30,2024-12-31,XELPMOC,XELPMOC
INE036A01016,BE,EQ,2024-12-30,2024-12-31,RELINFRA,RELINFRA
INE03HW01020,BE,EQ,2024-12-30,2024-12-31,VLEGOV,VLEGOV
INE058B01018,BE,EQ,2024-12-30,2024-12-31,ZENITHEXPO,ZENITHEXPO
INE071A01013,BE,EQ,2024-12-30,2024-12-31,BINANIIND,BINANIIND
INE073D01013,EQ,BE,2024-12-30,2024-12-31,SUNDRMBRAK,SUNDRMBRAK
INE073V01015,EQ,BE,2024-12-30,2024-12-31,COMSYN,COMSYN
INE07K301024,BE,EQ,2024-12-30,2024-12-31,ZAGGLE,ZAGGLE
INE09E501017,EQ,BE,2024-12-30,2024-12-31,RVHL,RVHL
INE09EO01013,BE,EQ,2024-12-30,2024-12-31,AARTISURF,AARTISURF
INE09FA01019,ST,SM,2024-12-30,2024-12-31,YUDIZ,YUDIZ
INE0CHO01012,BE,EQ,2024-12-30,2024-12-31,ADL,ADL
INE0FRK01020,BE,EQ,2024-12-30,2024-12-31,MOTISONS,MOTISONS
INE0G5901015,BE,EQ,2024-12-30,2024-12-31,EPACK,EPACK
INE0KGZ01021,EQ,BE,2024-12-30,2024-12-31,SIGNPOST,SIGNPOST
INE0LEX01011,SM,ST,2024-12-30,2024-12-31,SAHANA,SAHANA
INE0LQS01015,EQ,BE,2024-12-30,2024-12-31,TIPSFILMS,TIPSFILMS
INE0MVO01012,SM,ST,2024-12-30,2024-12-31,RAPPID,RAPPID
INE0NZW01014,ST,SM,2024-12-30,2025-01-16,PATTECH,PATTECH
INE0O4M01019,SM,ST,2024-12-30,2024-12-31,MCON,MCON
INE0OMO01025,ST,SM,2024-12-30,2024-12-31,CELLECOR,CELLECOR
INE0QD201012,SM,ST,2024-12-30,2024-12-31,TECHLABS,TECHLABS
INE0RDE01010,ST,SM,2024-12-30,2024-12-31,SIGNORIA,SIGNORIA
INE0RMF01018,SM,ST,2024-12-30,2024-12-31,OSELDEVICE,OSELDEVICE
INE0S6S01017,SM,ST,2024-12-30,2024-12-31,HOACFOODS,HOACFOODS
INE0STM01017,ST,SM,2024-12-30,2024-12-31,ALUWIND,ALUWIND
INE0T7B01010,SM,ST,2024-12-30,2024-12-31,SPCL,SPCL
INE0V9V01010,ST,SM,2024-12-30,2024-12-31,DHANLAXMI,DHANLAXMI
INE116D01028,EQ,BE,2024-12-30,2024-12-31,BAGFILMS,BAGFILMS
INE139B01016,EQ,BE,2024-12-30,2024-12-31,UCAL,UCAL
INE141D01018,EQ,BE,2024-12-30,2024-12-31,TNTELE,TNTELE
INE142A01012,BE,EQ,2024-12-30,2024-12-31,OSWALAGRO,OSWALAGRO
INE151G01028,EQ,BE,2024-12-30,2024-12-31,SHAILY,SHAILY
INE156C01018,EQ,BE,2024-12-30,2024-12-31,PIONEEREMB,PIONEEREMB
INE193B01039,BE,EQ,2024-12-30,2024-12-31,AYMSYNTEX,AYMSYNTEX
INE202H01019,EQ,BE,2024-12-30,2024-12-31,KERNEX,KERNEX
INE206N01018,BE,EQ,2024-12-30,2024-12-31,RELTD,RELTD
INE215F01023,EQ,BE,2024-12-30,2024-12-31,WIPL,WIPL
INE218G01033,BE,EQ,2024-12-30,2024-12-31,PALREDTEC,PALREDTEC
INE236A01020,BE,EQ,2024-12-30,2024-12-31,HCL-INSYS,HCL-INSYS
INE250Z01010,EQ,BE,2024-12-30,2024-12-31,INDOUS,INDOUS
INE258Y01016,EQ,BE,2024-12-30,2024-12-31,LGHL,LGHL
INE293B01029,BE,EQ,2024-12-30,2024-12-31,HAVISHA,HAVISHA
INE314G01014,BE,EQ,2024-12-30,2024-12-31,KALYANIFRG,KALYANIFRG
INE318D01020,BE,EQ,2024-12-30,2024-12-31,ZENITHSTL,ZENITHSTL
INE324L01013,EQ,BE,2024-12-30,2024-12-31,RPPINFRA,RPPINFRA
INE350C01017,BE,EQ,2024-12-30,2024-12-31,OPTIEMUS,OPTIEMUS
INE364Z01019,EQ,BE,2024-12-30,2024-12-31,REPL,REPL
INE425B01027,BZ,BE,2024-12-30,2025-07-14,BCG,BCG
INE453D01025,EQ,BE,2024-12-30,2024-12-31,SARLAPOLY,SARLAPOLY
INE472B01011,EQ,BE,2024-12-30,2024-12-31,BLUECOAST,BLUECOAST
INE508K01013,EQ,BE,2024-12-30,2024-12-31,RHL,RHL
INE555B01013,EQ,BE,2024-12-30,2024-12-31,AXISCADES,AXISCADES
INE609C01024,EQ,BE,2024-12-30,2024-12-31,ORIENTLTD,ORIENTLTD
INE614G01033,BE,EQ,2024-12-30,2024-12-31,RPOWER,RPOWER
INE619I01012,EQ,BE,2024-12-30,2024-12-31,A2ZINFRA,A2ZINFRA
INE646C01018,BE,EQ,2024-12-30,2024-12-31,GROBTEA,GROBTEA
INE652F01027,BE,EQ,2024-12-30,2024-12-31,CCHHL,CCHHL
INE666D01022,EQ,BE,2024-12-30,2024-12-31,BORORENEW,BORORENEW
INE680A01011,EQ,BE,2024-12-30,2024-12-31,DHANBANK,DHANBANK
INE691Z01023,BE,EQ,2024-12-30,2024-12-31,GANGAFORGE,GANGAFORGE
INE697V01011,BE,EQ,2024-12-30,2024-12-31,PANSARI,PANSARI
INE704H01022,EQ,BE,2024-12-30,2024-12-31,CINELINE,CINELINE
INE731A01020,BE,EQ,2024-12-30,2024-12-31,ARCHIES,ARCHIES
INE740X01023,BE,EQ,2024-12-30,2024-12-31,LAL,LAL
INE752G01015,BE,EQ,2024-12-30,2024-12-31,MSPL,MSPL
INE785M01021,BE,EQ,2024-12-30,2024-12-31,PCJEWELLER,PCJEWELLER
INE788B01028,EQ,BE,2024-12-30,2024-12-31,INDSWFTLTD,INDSWFTLTD
INE794B01026,EQ,BE,2024-12-30,2024-12-31,BALAJITELE,BALAJITELE
INE807F01027,BE,EQ,2024-12-30,2024-12-31,SEQUENT,SEQUENT
INE823A01017,EQ,BE,2024-12-30,2024-12-31,KOTHARIPRO,KOTHARIPRO
INE835A01029,EQ,BE,2024-12-30,2024-12-31,VARDMNPOLY,VARDMNPOLY
INE848A01014,EQ,BE,2024-12-30,2024-12-31,IZMO,IZMO
INE855C01015,EQ,BE,2024-12-30,2024-12-31,WEBELSOLAR,WEBELSOLAR
INE864B01027,EQ,BE,2024-12-30,2024-12-31,UMANGDAIRY,UMANGDAIRY
INE865C01022,EQ,BE,2024-12-30,2024-12-31,BIRLAMONEY,BIRLAMONEY
INE875G01048,BE,EQ,2024-12-30,2024-12-31,NDL,NDL
INE922B01023,BE,EQ,2024-12-30,2024-12-31,PANACEABIO,PANACEABIO
INE933B01012,BE,EQ,2024-12-30,2024-12-31,MEGASOFT,MEGASOFT
INE937A01023,EQ,BE,2024-12-30,2024-12-31,SPMLINFRA,SPMLINFRA
INE947A01014,EQ,BE,2024-12-30,2024-12-31,SUNFLAG,SUNFLAG
INE966H01019,BE,EQ,2024-12-30,2024-12-31,ZEEMEDIA,ZEEMEDIA
INE982V01025,EQ,BE,2024-12-30,2024-12-31,JETFREIGHT,JETFREIGHT
INE998H01012,BE,EQ,2024-12-30,2024-12-31,ORIENTALTL,ORIENTALTL
INE054301028,EQ,BE,2024-12-31,2025-01-01,ODIGMA,ODIGMA
INE0VG601013,SM,ST,2024-12-31,2025-01-01,PELATRO,PELATRO
INE819L01012,EQ,BE,2024-12-31,2025-01-01,ELGIRUBCO,ELGIRUBCO
INE00WS01056,SM,ST,2025-01-01,2025-01-02,GSTL,GSTL
INE0P5R01014,ST,SM,2025-01-01,2025-01-02,PURPLEUTED,PURPLEUTED
INE0U6N01014,ST,SM,2025-01-01,2025-01-02,SFML,SFML
INE448V01019,SM,ST,2025-01-01,2025-01-02,AURDIS,AURDIS
INE642Z01026,EQ,BE,2025-01-01,2025-01-02,AKI,AKI
INE908D01010,EQ,BE,2025-01-01,2025-01-02,SHAKTIPUMP,SHAKTIPUMP
INE0DEZ01013,SM,ST,2025-01-02,2025-01-03,K2INFRA,K2INFRA
INE0UYG01015,SM,ST,2025-01-02,2025-01-03,ABHAPOWER,ABHAPOWER
INE0V9V01010,SM,ST,2025-01-02,2025-01-03,DHANLAXMI,DHANLAXMI
INE0WVU01018,SM,ST,2025-01-02,2025-01-03,ONYX,ONYX
INE107F01022,EQ,BZ,2025-01-02,2025-01-03,WANBURY,WANBURY
INE345B01019,BE,BZ,2025-01-02,2025-01-03,CEREBRAINT,CEREBRAINT
INE446A01025,BE,EQ,2025-01-02,2025-01-03,ATLASCYCLE,ATLASCYCLE
INE968D01022,BE,BZ,2025-01-02,2025-01-03,ARSHIYA,ARSHIYA
INE014B01011,BE,EQ,2025-01-03,2025-01-06,TECILCHEM,TECILCHEM
INE056I01025,BE,EQ,2025-01-03,2025-01-06,REFEX,REFEX
INE0SA001017,SM,ST,2025-01-03,2025-01-06,RNFI,RNFI
INE200A01026,BE,EQ,2025-01-03,2025-01-06,GVT&D,GVT&D
INE218G01033,EQ,BE,2025-01-03,2025-01-06,PALREDTEC,PALREDTEC
INE272L01022,BE,EQ,2025-01-03,2025-01-06,SURANASOL,SURANASOL
INE374B01019,BE,EQ,2025-01-03,2025-01-06,MUKTAARTS,MUKTAARTS
INE378D01032,BE,EQ,2025-01-03,2025-01-06,MADHUCON,MADHUCON
INE385I01010,BE,EQ,2025-01-03,2025-01-06,ALPA,ALPA
INE583V01021,BE,EQ,2025-01-03,2025-01-06,RADHIKAJWE,RADHIKAJWE
INE590L01019,BE,EQ,2025-01-03,2025-01-06,VASWANI,VASWANI
INE850E01012,BE,EQ,2025-01-03,2025-01-06,LFIC,LFIC
INE947I01017,BE,EQ,2025-01-03,2025-01-06,LOTUSEYE,LOTUSEYE
INE0TO501019,SM,ST,2025-01-06,2025-01-07,HVAX,HVAX
INE0R6Z01013,EQ,BE,2025-01-07,2025-01-08,SRM,SRM
INE195N01013,EQ,BE,2025-01-07,2025-01-08,PROZONER,PROZONER
INE323B01024,EQ,BE,2025-01-07,2025-01-08,AVONMORE,AVONMORE
INE846D01012,EQ,BE,2025-01-07,2025-01-08,LORDSCHLO,LORDSCHLO
INE068Z01016,SM,ST,2025-01-08,2025-01-09,VASA,VASA
INE0LQQ01019,SM,ST,2025-01-08,2025-01-09,FIDEL,FIDEL
INE0TD101011,ST,SM,2025-01-08,2025-01-09,IDENTICAL,IDENTICAL
INE614Z01017,SM,ST,2025-01-08,2025-01-17,GIRIRAJ,GIRIRAJ
INE970N01027,EQ,BE,2025-01-08,2025-01-09,SPCENET,SPCENET
INE01C001026,EQ,BE,2025-01-09,2025-01-10,AARTECH,AARTECH
INE0G1D01014,ST,SM,2025-01-09,2025-01-13,MEGAFLEX,MEGAFLEX
INE0SBP01018,SM,ST,2025-01-09,2025-01-10,ESPRIT,ESPRIT
INE0TNW01017,SM,ST,2025-01-09,2025-01-10,QUESTLAB,QUESTLAB
INE0TO701015,BE,EQ,2025-01-09,2025-01-10,MAMATA,MAMATA
INE0TP801012,ST,SM,2025-01-09,2025-01-10,NMSTEEL,NMSTEEL
INE0W2G01015,EQ,BE,2025-01-09,2025-01-10,SAGILITY,SAGILITY
INE200A01026,EQ,BE,2025-01-09,2025-01-10,GVT&D,GVT&D
INE314G01014,EQ,BE,2025-01-09,2025-01-10,KALYANIFRG,KALYANIFRG
INE635Y01015,ST,SM,2025-01-09,2025-01-13,AISL,AISL
INE740X01023,EQ,BE,2025-01-09,2025-01-10,LAL,LAL
INE933B01012,EQ,BE,2025-01-09,2025-01-10,MEGASOFT,MEGASOFT
INE00YB01017,BE,EQ,2025-01-10,2025-01-13,ABINFRA,ABINFRA
INE02CV01017,ST,SM,2025-01-10,2025-01-13,DRSDILIP,DRSDILIP
INE02OY01016,ST,SM,2025-01-10,2025-01-13,RILINFRA,RILINFRA
INE083D01012,BE,EQ,2025-01-10,2025-01-13,BALPHARMA,BALPHARMA
INE0A1E01018,SM,ST,2025-01-10,2025-01-13,SIDDHIKA,SIDDHIKA
INE0F3301020,ST,SM,2025-01-10,2025-01-13,SJLOGISTIC,SJLOGISTIC
INE0ITO01014,ST,SM,2025-01-10,2025-01-13,ESFL,ESFL
INE0J5601015,ST,SM,2025-01-10,2025-01-13,KRISHNADEF,KRISHNADEF
INE0KZ301010,ST,SM,2025-01-10,2025-01-13,KONTOR,KONTOR
INE0LCW01025,ST,SM,2025-01-10,2025-01-13,ISHAN,ISHAN
INE0LVM01018,ST,SM,2025-01-10,2025-01-13,GRCL,GRCL
INE0MRE01011,ST,SM,2025-01-10,2025-01-13,INFINIUM,INFINIUM
INE0N2D01013,ST,SM,2025-01-10,2025-01-13,TBI,TBI
INE0NA301016,ST,SM,2025-01-10,2025-01-13,RBMINFRA,RBMINFRA
INE0OGG01015,ST,SM,2025-01-10,2025-01-14,DHTL,DHTL
INE0OJM01017,ST,SM,2025-01-10,2025-01-13,MASTER,MASTER
INE0OK701014,ST,SM,2025-01-10,2025-01-13,NIRMAN,NIRMAN
INE0OWX01025,ST,SM,2025-01-10,2025-01-13,KEL,KEL
INE0P0001010,ST,SM,2025-01-10,2025-01-13,APS,APS
INE0P4701011,ST,SM,2025-01-10,2025-01-13,SAHAJSOLAR,SAHAJSOLAR
INE0PQ001012,ST,SM,2025-01-10,2025-01-13,VISHNUINFR,VISHNUINFR
INE0R7R01018,ST,SM,2025-01-10,2025-01-13,ITALIANE,ITALIANE
INE0RDE01010,SM,ST,2025-01-10,2025-01-16,SIGNORIA,SIGNORIA
INE0RFP01011,ST,SM,2025-01-10,2025-01-13,SSEGL,SSEGL
INE0STN01015,ST,SM,2025-01-10,2025-01-13,SILKFLEX,SILKFLEX
INE0SUN01013,ST,SM,2025-01-10,2025-01-13,NEPHROCARE,NEPHROCARE
INE144J01027,BE,EQ,2025-01-10,2025-01-13,20MICRONS,20MICRONS
INE248A01017,EQ,BE,2025-01-10,2025-01-13,ITI,ITI
INE354C01027,BE,EQ,2025-01-10,2025-01-13,BHAGERIA,BHAGERIA
INE416A01044,BE,EQ,2025-01-10,2025-01-13,SABTNL,SABTNL
INE501Y01019,BE,EQ,2025-01-10,2025-01-13,SCPL,SCPL
INE555Z01020,EQ,BE,2025-01-10,2025-01-13,TARACHAND,TARACHAND
INE681C01015,BE,EQ,2025-01-10,2025-01-13,KEYFINSERV,KEYFINSERV
INE792X01016,ST,SM,2025-01-10,2025-01-22,TRANSWIND,TRANSWIND
INE806C01018,BE,EQ,2025-01-10,2025-01-13,TIL,TIL
INE908D01010,BE,EQ,2025-01-10,2025-01-13,SHAKTIPUMP,SHAKTIPUMP
INE989C01038,BE,EQ,2025-01-10,2025-01-13,DIACABS,DIACABS
INE446A01025,EQ,BE,2025-01-13,2025-01-14,ATLASCYCLE,ATLASCYCLE
INE013801027,EQ,BE,2025-01-14,2025-01-15,KSHITIJPOL,KSHITIJPOL
INE626Z01029,EQ,BE,2025-01-14,2025-01-15,HARDWYN,HARDWYN
INE04LG01015,EQ,BE,2025-01-15,2025-01-16,PAR,PAR
INE0SI601032,ST,SM,2025-01-15,2025-01-16,ANYA,ANYA
INE0SVY01018,SM,ST,2025-01-15,2025-01-16,KATARIA,KATARIA
INE416A01044,EQ,BE,2025-01-15,2025-01-16,SABTNL,SABTNL
INE680Z01018,EQ,BE,2025-01-15,2025-01-16,AVG,AVG
INE00MT01022,SM,ST,2025-01-17,2025-01-20,SAJHOTELS,SAJHOTELS
INE056I01025,EQ,BE,2025-01-17,2025-01-20,REFEX,REFEX
INE07S101020,BE,EQ,2025-01-17,2025-01-20,PAVNAIND,PAVNAIND
INE087B01017,BE,EQ,2025-01-17,2025-01-20,ANIKINDS,ANIKINDS
INE0GMR01016,ST,SM,2025-01-17,2025-01-20,SWARAJ,SWARAJ
INE0KNW01016,ST,SM,2025-01-17,2025-01-20,KNAGRI,KNAGRI
INE0KT901015,ST,SM,2025-01-17,2025-01-20,AMEYA,AMEYA
INE0ON201012,ST,SM,2025-01-17,2025-01-20,SSFL,SSFL
INE0RUV01018,ST,SM,2025-01-17,2025-01-20,AIMTRON,AIMTRON
INE123B01028,BE,EQ,2025-01-17,2025-01-20,NAGREEKEXP,NAGREEKEXP
INE200A01026,BE,EQ,2025-01-17,2025-01-20,GVT&D,GVT&D
INE214A01019,BE,EQ,2025-01-17,2025-01-20,CYBERTECH,CYBERTECH
INE450S01011,SM,ST,2025-01-17,2025-01-20,MHHL,MHHL
INE562X01013,EQ,BE,2025-01-17,2025-01-20,UNIVASTU,UNIVASTU
INE703H01016,BE,EQ,2025-01-17,2025-01-20,HUBTOWN,HUBTOWN
INE722J01012,BE,EQ,2025-01-17,2025-01-20,RKDL,RKDL
INE760Y01011,BE,EQ,2025-01-17,2025-01-20,ASHOKAMET,ASHOKAMET
INE902B01017,BE,EQ,2025-01-17,2025-01-20,S&SPOWER,S&SPOWER
INE908D01010,EQ,BE,2025-01-17,2025-01-20,SHAKTIPUMP,SHAKTIPUMP
INE918N01018,BE,EQ,2025-01-17,2025-01-20,VETO,VETO
INE989C01038,EQ,BE,2025-01-17,2025-01-20,DIACABS,DIACABS
INE0R7301013,SM,ST,2025-01-20,2025-01-21,RULKA,RULKA
INE0S4Y01010,SM,ST,2025-01-20,2025-01-21,SHREEKARNI,SHREEKARNI
INE885E01034,EQ,BE,2025-01-20,2025-01-21,MAZDA,MAZDA
INE0DSF01015,EQ,BE,2025-01-22,2025-01-23,NURECA,NURECA
INE0EEJ01023,EQ,BE,2025-01-22,2025-01-23,BTML,BTML
INE0N5H01017,SM,ST,2025-01-22,2025-01-23,JIWANRAM,JIWANRAM
INE144D01012,EQ,BE,2025-01-22,2025-01-23,CUBEXTUB,CUBEXTUB
INE215D01010,EQ,BE,2025-01-22,2025-01-23,MAHEPC,MAHEPC
INE268H01036,EQ,BE,2025-01-22,2025-01-23,NAVKARURB,NAVKARURB
INE526B01014,EQ,BE,2025-01-22,2025-01-23,CALSOFT,CALSOFT
INE0TD101011,SM,ST,2025-01-23,2025-01-24,IDENTICAL,IDENTICAL
INE142I01023,EQ,BZ,2025-01-23,2025-01-24,TAKE,TAKE
INE965H01011,BE,BZ,2025-01-23,2025-01-24,SITINET,SITINET
INE01IU01018,BE,EQ,2025-01-24,2025-01-27,SKYGOLD,SKYGOLD
INE0JM501013,BE,EQ,2025-01-24,2025-01-27,NRL,NRL
INE0PE401018,ST,SM,2025-01-24,2025-01-27,MEDIORG,MEDIORG
INE0S3H01017,ST,SM,2025-01-24,2025-01-27,POSITRON,POSITRON
INE107F01022,BZ,EQ,2025-01-24,2025-01-27,WANBURY,WANBURY
INE117Z01011,EQ,BE,2025-01-24,2025-01-27,NARMADA,NARMADA
INE198H01019,BE,EQ,2025-01-24,2025-01-27,AAREYDRUGS,AAREYDRUGS
INE243D01012,BZ,EQ,2025-01-24,2025-01-27,BFUTILITIE,BFUTILITIE
INE368I01016,BE,EQ,2025-01-24,2025-01-27,NIRAJ,NIRAJ
INE418N01035,BE,EQ,2025-01-24,2025-01-27,ESSENTIA,ESSENTIA
INE440A01010,BE,EQ,2025-01-24,2025-01-27,ASHIMASYN,ASHIMASYN
INE479D01038,BE,EQ,2025-01-24,2025-01-27,KRITI,KRITI
INE540A01017,BE,EQ,2025-01-24,2025-01-27,GLFL,GLFL
INE658T01017,BE,EQ,2025-01-24,2025-01-27,WEALTH,WEALTH
INE920A01037,BE,EQ,2025-01-24,2025-01-27,DOLPHIN,DOLPHIN
INE923A01015,BE,EQ,2025-01-24,2025-01-27,SILINV,SILINV
INE955I01044,BE,EQ,2025-01-24,2025-01-27,SEJALLTD,SEJALLTD
INE964W01021,BE,EQ,2025-01-24,2025-01-27,MKPL,MKPL
INE972X01022,BE,EQ,2025-01-24,2025-01-27,VAISHALI,VAISHALI
INE098201036,BE,EQ,2025-01-27,2025-01-28,VCL,VCL
INE0XRN01019,ST,SM,2025-01-27,2025-01-28,DELTIC,DELTIC
INE0R8C01018,SM,ST,2025-01-28,2025-01-29,GGBL,GGBL
INE0SWN01019,SM,ST,2025-01-28,2025-01-29,TRUST,TRUST
INE295A01018,EQ,BE,2025-01-28,2025-01-29,EVERESTIND,EVERESTIND
INE540A01017,EQ,BE,2025-01-28,2025-01-29,GLFL,GLFL
INE00ZE01026,EQ,BE,2025-01-29,2025-01-30,AHL,AHL
INE0QRV01016,SM,ST,2025-01-29,2025-01-30,ABSMARINE,ABSMARINE
INE0QYI01019,SM,ST,2025-01-29,2025-01-30,DIVYADHAN,DIVYADHAN
INE0TP801012,SM,ST,2025-01-29,2025-01-30,NMSTEEL,NMSTEEL
INE188Y01023,EQ,BE,2025-01-29,2025-01-30,VERTOZ,VERTOZ
INE278R01034,EQ,BE,2025-01-29,2025-01-30,KBCGLOBAL,KBCGLOBAL
INE583L01014,EQ,BE,2025-01-29,2025-01-30,AGSTRA,AGSTRA
INE0J0B01017,SM,ST,2025-01-30,2025-01-31,KOTYARK,KOTYARK
INE0NB801022,ST,SM,2025-01-30,2025-01-31,SATKARTAR,SATKARTAR
INE0PDJ01013,SM,ST,2025-01-30,2025-01-31,ROXHITECH,ROXHITECH
INE0RVQ01016,SM,ST,2025-01-30,2025-01-31,MYMUDRA,MYMUDRA
INE226H01026,EQ,BE,2025-01-30,2025-01-31,SADBHAV,SADBHAV
INE880Y01017,SM,ST,2025-01-30,2025-01-31,SOLEX,SOLEX
INE00LM01029,BE,EQ,2025-01-31,2025-02-03,SONAMLTD,SONAMLTD
INE01NE01012,BE,EQ,2025-01-31,2025-02-03,SRD,SRD
INE029Q01017,ST,SM,2025-01-31,2025-02-03,BAHETI,BAHETI
INE02EE01019,ST,SM,2025-01-31,2025-02-03,IPSL,IPSL
INE040M01013,BE,EQ,2025-01-31,2025-02-03,TREEHOUSE,TREEHOUSE
INE068Z01016,ST,SM,2025-01-31,2025-04-02,VASA,VASA
INE06PV01010,ST,SM,2025-01-31,2025-02-03,CMNL,CMNL
INE0AZY01017,ST,SM,2025-01-31,2025-02-03,VILAS,VILAS
INE0DAB01012,BE,EQ,2025-01-31,2025-02-03,RVTH,RVTH
INE0QX401014,ST,SM,2025-01-31,2025-02-03,BARFLEX,BARFLEX
INE230B01021,BE,EQ,2025-01-31,2025-02-03,CREATIVEYE,CREATIVEYE
INE332H01014,BE,EQ,2025-01-31,2025-02-03,INDOTECH,INDOTECH
INE587G01015,BE,EQ,2025-01-31,2025-02-03,KAYA,KAYA
INE591A01010,BE,EQ,2025-01-31,2025-02-03,OILCOUNTUB,OILCOUNTUB
INE640C01011,BE,EQ,2025-01-31,2025-02-03,SHAHALLOYS,SHAHALLOYS
INE662A01027,BE,EQ,2025-01-31,2025-02-03,SUPERSPIN,SUPERSPIN
INE707C01018,BE,EQ,2025-01-31,2025-02-03,CAPTRUST,CAPTRUST
INE763I01026,BE,EQ,2025-01-31,2025-02-03,TARIL,TARIL
INE818B01023,BE,EQ,2025-01-31,2025-02-03,PASUPTAC,PASUPTAC
INE915B01019,BE,EQ,2025-01-31,2025-02-03,INDSWFTLAB,INDSWFTLAB
INE0T9I01011,SM,ST,2025-02-03,2025-02-04,IDEALTECHO,IDEALTECHO
INE0XOW01017,ST,SM,2025-02-03,2025-02-04,KKJEWELS,KKJEWELS
INE0RYC01010,BE,EQ,2025-02-04,2025-02-05,STALLION,STALLION
INE211R01019,EQ,BE,2025-02-04,2025-02-05,POWERMECH,POWERMECH
INE704V01015,SM,ST,2025-02-04,2025-02-06,DRL,DRL
INE013P01021,BE,EQ,2025-02-05,2025-02-06,ONESOURCE,ONESOURCE
INE0I3H01019,SM,ST,2025-02-05,2025-02-06,VELS,VELS
INE0JW501011,ST,SM,2025-02-05,2025-02-11,SPRL,SPRL
INE0ZOL01023,ST,SM,2025-02-05,2025-02-06,EMAIN,EMAIN
INE211R01019,BE,EQ,2025-02-05,2025-02-06,POWERMECH,POWERMECH
INE506Z01015,EQ,BE,2025-02-05,2025-02-06,DHRUV,DHRUV
INE0OVI01010,ST,SM,2025-02-06,2025-02-11,SANGANI,SANGANI
INE01IU01018,EQ,BE,2025-02-07,2025-02-10,SKYGOLD,SKYGOLD
INE020J01029,BE,EQ,2025-02-07,2025-02-10,GOKUL,GOKUL
INE023H01027,BE,EQ,2025-02-07,2025-02-10,NECLIFE,NECLIFE
INE035801013,BE,EQ,2025-02-07,2025-02-10,SAH,SAH
INE082101010,ST,SM,2025-02-07,2025-02-11,ARISTO,ARISTO
INE0LAA01017,ST,SM,2025-02-07,2025-02-10,ASHALOG,ASHALOG
INE0NNZ01013,ST,SM,2025-02-07,2025-02-10,INFOLLION,INFOLLION
INE0O0201019,ST,SM,2025-02-07,2025-02-10,URBAN,URBAN
INE0OL001018,ST,SM,2025-02-07,2025-02-10,SPECTSTM,SPECTSTM
INE0OLS01010,ST,SM,2025-02-07,2025-02-10,VINYAS,VINYAS
INE0POU01017,ST,SM,2025-02-07,2025-02-10,GRAPHISAD,GRAPHISAD
INE0PS301014,SM,ST,2025-02-07,2025-02-10,INDIFRA,INDIFRA
INE0PZA01015,SM,ST,2025-02-07,2025-02-10,SAIFL,SAIFL
INE0U9101019,ST,SM,2025-02-07,2025-02-10,EFFWA,EFFWA
INE251C01025,BE,EQ,2025-02-07,2025-02-10,ABMINTLLTD,ABMINTLLTD
INE255Z01019,BE,EQ,2025-02-07,2025-02-10,E2E,E2E
INE326B01035,BE,EQ,2025-02-07,2025-02-10,ALMONDZ,ALMONDZ
INE335X01014,ST,SM,2025-02-07,2025-02-10,PULZ,PULZ
INE650L01011,BE,EQ,2025-02-07,2025-02-10,BROOKS,BROOKS
INE713C01016,BE,EQ,2025-02-07,2025-02-10,SURAJLTD,SURAJLTD
INE891B01012,BE,EQ,2025-02-07,2025-02-10,DCMFINSERV,DCMFINSERV
INE0NA301016,SM,ST,2025-02-10,2025-02-11,RBMINFRA,RBMINFRA
INE0R4L01018,BE,EQ,2025-02-10,2025-02-11,DENTA,DENTA
INE113601012,ST,SM,2025-02-10,2025-02-11,REXPRO,REXPRO
INE379A01028,BE,EQ,2025-02-10,2025-02-11,ITCHOTELS,ITCHOTELS
INE0I7D01019,ST,SM,2025-02-11,2025-03-05,FOCE,FOCE
INE518X01015,SM,ST,2025-02-11,2025-02-12,CBAZAAR,CBAZAAR
INE669A01022,EQ,BE,2025-02-11,2025-02-12,INFOMEDIA,INFOMEDIA
INE0MLA01012,SM,ST,2025-02-12,2025-02-13,AGARWALFT,AGARWALFT
INE697V01011,EQ,BE,2025-02-12,2025-02-13,PANSARI,PANSARI
INE0LF301013,SM,ST,2025-02-13,2025-02-14,AGNI,AGNI
INE0XRN01019,SM,ST,2025-02-13,2025-02-14,DELTIC,DELTIC
INE392B01011,EQ,BE,2025-02-13,2025-02-14,PNC,PNC
INE570D01018,EQ,BE,2025-02-13,2025-02-14,ARROWGREEN,ARROWGREEN
INE888C01040,EQ,BE,2025-02-13,2025-02-14,SADHNANIQ,SADHNANIQ
INE03HW01020,EQ,BE,2025-02-14,2025-02-17,VLEGOV,VLEGOV
INE056I01025,BE,EQ,2025-02-14,2025-02-17,REFEX,REFEX
INE06IJ01010,ST,SM,2025-02-14,2025-02-17,UTSSAV,UTSSAV
INE08NZ01012,ST,SM,2025-02-14,2025-02-17,NAMOEWASTE,NAMOEWASTE
INE0KFF01017,ST,SM,2025-02-14,2025-02-17,EFACTOR,EFACTOR
INE0MOT01016,ST,SM,2025-02-14,2025-02-17,KANDARP,KANDARP
INE0NR701018,SM,ST,2025-02-14,2025-02-17,KRISHCA,KRISHCA
INE0PCY01014,ST,SM,2025-02-14,2025-02-17,AKANKSHA,AKANKSHA
INE0RRU01016,SM,ST,2025-02-14,2025-02-17,IEML,IEML
INE0S7C01019,ST,SM,2025-02-14,2025-02-17,DECCANTRAN,DECCANTRAN
INE218C01016,BE,EQ,2025-02-14,2025-02-17,AUSOMENT,AUSOMENT
INE368U01011,BE,EQ,2025-02-14,2025-02-17,UNITEDPOLY,UNITEDPOLY
INE558R01013,BE,EQ,2025-02-14,2025-02-17,HECPROJECT,HECPROJECT
INE652Z01017,BE,EQ,2025-02-14,2025-02-17,AVROIND,AVROIND
INE737B01033,BE,EQ,2025-02-14,2025-02-17,ADROITINFO,ADROITINFO
INE748Z01013,BE,EQ,2025-02-14,2025-02-17,SUMIT,SUMIT
INE805A01014,BE,EQ,2025-02-14,2025-02-17,GOLDTECH,GOLDTECH
INE965B01022,BE,EQ,2025-02-14,2025-02-17,HYBRIDFIN,HYBRIDFIN
INE421A01028,EQ,BE,2025-02-17,2025-02-18,ABAN,ABAN
INE528A01020,EQ,BE,2025-02-17,2025-02-18,GKWLIMITED,GKWLIMITED
INE0RDH01021,SM,ST,2025-02-18,2025-02-19,LAWSIKHO,LAWSIKHO
INE0U7V01015,SM,ST,2025-02-18,2025-02-19,C2C,C2C
INE137C01018,EQ,BE,2025-02-18,2025-02-19,ALPHAGEO,ALPHAGEO
INE184O01015,EQ,BE,2025-02-18,2025-02-19,DIFFNKG,DIFFNKG
INE497S01012,EQ,BE,2025-02-18,2025-02-19,GODAVARIB,GODAVARIB
INE058B01018,EQ,BE,2025-02-19,2025-02-20,ZENITHEXPO,ZENITHEXPO
INE0G1D01014,SM,ST,2025-02-19,2025-02-20,MEGAFLEX,MEGAFLEX
INE0O1S01012,SM,ST,2025-02-19,2025-02-20,MAGSON,MAGSON
INE0PQK01013,SM,ST,2025-02-19,2025-02-20,FALCONTECH,FALCONTECH
INE0U6N01014,SM,ST,2025-02-19,2025-02-20,SFML,SFML
INE0VZS01015,SM,ST,2025-02-19,2025-02-20,LAKSHYA,LAKSHYA
INE100D01014,EQ,BE,2025-02-19,2025-02-20,WSI,WSI
INE397H01017,EQ,BE,2025-02-19,2025-02-20,LOKESHMACH,LOKESHMACH
INE594B01012,EQ,BE,2025-02-19,2025-02-20,BSL,BSL
INE052T01013,EQ,BE,2025-02-20,2025-02-21,BESTAGRO,BESTAGRO
INE0RBQ01018,SM,ST,2025-02-20,2025-02-21,SAHASRA,SAHASRA
INE0SQH01013,SM,ST,2025-02-20,2025-02-21,BIKEWO,BIKEWO
INE0XOW01017,SM,ST,2025-02-20,2025-02-21,KKJEWELS,KKJEWELS
INE138A01028,EQ,BE,2025-02-20,2025-02-21,PENINLAND,PENINLAND
INE155Z01011,EQ,BE,2025-02-20,2025-02-21,MACPOWER,MACPOWER
INE393A01011,EQ,BE,2025-02-20,2025-02-21,DELTAMAGNT,DELTAMAGNT
INE544H01014,EQ,BE,2025-02-20,2025-02-21,JHS,JHS
INE658T01017,EQ,BE,2025-02-20,2025-02-21,WEALTH,WEALTH
INE863T01013,EQ,BE,2025-02-20,2025-02-21,JITFINFRA,JITFINFRA
INE887E01022,EQ,BE,2025-02-20,2025-02-21,NGLFINE,NGLFINE
INE920A01037,EQ,BE,2025-02-20,2025-02-21,DOLPHIN,DOLPHIN
INE059B01024,BE,EQ,2025-02-21,2025-02-24,SIMPLEXINF,SIMPLEXINF
INE06IR01021,BE,EQ,2025-02-21,2025-02-24,OSIAHYPER,OSIAHYPER
INE0ALR01029,BE,EQ,2025-02-21,2025-02-24,ATALREAL,ATALREAL
INE0CAJ01017,ST,SM,2025-02-21,2025-02-24,AILIMITED,AILIMITED
INE0JWV01011,ST,SM,2025-02-21,2025-02-24,DENEERS,DENEERS
INE0M2X01012,ST,SM,2025-02-21,2025-02-24,ALLETEC,ALLETEC
INE0MGA01012,ST,SM,2025-02-21,2025-02-24,KARNIKA,KARNIKA
INE0MLZ01019,ST,SM,2025-02-21,2025-02-24,PHANTOMFX,PHANTOMFX
INE0NCC01015,ST,SM,2025-02-21,2025-02-24,ARIHANTACA,ARIHANTACA
INE0PLQ01011,ST,SM,2025-02-21,2025-02-24,MAITREYA,MAITREYA
INE0SH001010,ST,SM,2025-02-21,2025-02-24,MASON,MASON
INE0X6F01017,SM,ST,2025-02-21,2025-02-24,SDREAMS,SDREAMS
INE178C01020,BE,EQ,2025-02-21,2025-02-24,SMARTLINK,SMARTLINK
INE309M01020,BE,EQ,2025-02-21,2025-02-24,PREMIERPOL,PREMIERPOL
INE486Y01013,EQ,BE,2025-02-21,2025-02-24,TOUCHWOOD,TOUCHWOOD
INE688E01024,BE,EQ,2025-02-21,2025-02-24,HERCULES,HERCULES
INE756C01015,BE,EQ,2025-02-21,2025-02-24,NDGL,NDGL
INE794W01014,BE,EQ,2025-02-21,2025-02-24,MODTHREAD,MODTHREAD
INE824G01012,BE,EQ,2025-02-21,2025-02-24,JSWHL,JSWHL
INE901X01013,ST,SM,2025-02-21,2025-02-24,FELIX,FELIX
INE908D01010,BE,EQ,2025-02-21,2025-02-24,SHAKTIPUMP,SHAKTIPUMP
INE912L01015,EQ,BE,2025-02-21,2025-02-24,ONELIFECAP,ONELIFECAP
INE05ST01028,EQ,BE,2025-02-24,2025-02-25,SBGLP,SBGLP
INE11HG01018,ST,SM,2025-02-24,2025-02-25,CHAMUNDA,CHAMUNDA
INE278B01020,EQ,BE,2025-02-24,2025-02-25,RAMANEWS,RAMANEWS
INE335K01011,BE,EQ,2025-02-24,2025-03-03,COFFEEDAY,COFFEEDAY
INE802W01023,BZ,BE,2025-02-24,2025-03-03,BOHRAIND,BOHRAIND
INE15DO01012,ST,SM,2025-02-25,2025-02-27,KEN,KEN
INE0SRI01019,SM,ST,2025-02-27,2025-02-28,VERITAAS,VERITAAS
INE10QL01011,ST,SM,2025-02-27,2025-02-28,READYMIX,READYMIX
INE00CE01017,BE,EQ,2025-02-28,2025-03-03,SVLL,SVLL
INE03CC01015,BE,EQ,2025-02-28,2025-03-03,JUBLCPL,JUBLCPL
INE05DH01017,ST,SM,2025-02-28,2025-03-03,ATMASTCO,ATMASTCO
INE082A01010,BE,EQ,2025-02-28,2025-03-03,KOPRAN,KOPRAN
INE0KTW01013,ST,SM,2025-02-28,2025-03-03,VEEKAYEM,VEEKAYEM
INE0PIC01017,ST,SM,2025-02-28,2025-03-03,HIGREEN,HIGREEN
INE0Q6H01012,ST,SM,2025-02-28,2025-03-03,SONAMAC,SONAMAC
INE0QNI01012,ST,SM,2025-02-28,2025-03-03,BOSS,BOSS
INE0R9101015,ST,SM,2025-02-28,2025-03-03,ELGNZ,ELGNZ
INE0SCO01019,ST,SM,2025-02-28,2025-03-03,DPEL,DPEL
INE0U2501017,ST,SM,2025-02-28,2025-03-03,FORCAS,FORCAS
INE0V9N01017,ST,SM,2025-02-28,2025-03-03,PRIZOR,PRIZOR
INE0W2G01015,BE,EQ,2025-02-28,2025-03-03,SAGILITY,SAGILITY
INE219Y01018,ST,SM,2025-02-28,2025-03-03,RMDRIP,RMDRIP
INE245I01016,BE,EQ,2025-02-28,2025-03-03,NAGREEKCAP,NAGREEKCAP
INE320X01016,BE,EQ,2025-02-28,2025-03-03,SMSLIFE,SMSLIFE
INE546Y01022,BE,EQ,2025-02-28,2025-03-03,PRAXIS,PRAXIS
INE747B01016,BE,EQ,2025-02-28,2025-03-03,NEXTMEDIA,NEXTMEDIA
INE0B2N01016,ST,SM,2025-03-03,2025-03-04,CHANDAN,CHANDAN
INE0OFK01019,SM,ST,2025-03-03,2025-03-04,CRAYONS,CRAYONS
INE409B01013,EQ,BE,2025-03-03,2025-03-04,SWELECTES,SWELECTES
INE865T01018,EQ,BE,2025-03-03,2025-03-04,PDMJEPAPER,PDMJEPAPER
INE082W01014,EQ,BE,2025-03-04,2025-03-05,WEWIN,WEWIN
INE0I3401014,EQ,BE,2025-03-04,2025-03-05,DBOL,DBOL
INE0RWQ01014,EQ,BE,2025-03-04,2025-03-05,TOLINS,TOLINS
INE0SAK01011,SM,ST,2025-03-04,2025-03-05,BLUEPEBBLE,BLUEPEBBLE
INE0XUS01012,ST,SM,2025-03-04,2025-03-06,PSRAJ,PSRAJ
INE979R01011,EQ,BE,2025-03-04,2025-03-05,SHYAMCENT,SHYAMCENT
INE01YQ01013,SM,ST,2025-03-05,2025-03-06,AUSL,AUSL
INE03KJ01013,SM,ST,2025-03-05,2025-03-06,SHIGAN,SHIGAN
INE0OJW01016,EQ,BE,2025-03-05,2025-03-06,ROSSTECH,ROSSTECH
INE0OPS01011,SM,ST,2025-03-05,2025-03-06,OLIL,OLIL
INE10A501018,ST,SM,2025-03-05,2025-03-06,MAXVOLT,MAXVOLT
INE10QL01011,SM,ST,2025-03-05,2025-03-06,READYMIX,READYMIX
INE241X01014,ST,SM,2025-03-05,2025-03-06,VOLERCAR,VOLERCAR
INE278G01037,EQ,BE,2025-03-05,2025-03-06,CYBERMEDIA,CYBERMEDIA
INE335K01011,EQ,BE,2025-03-05,2025-03-06,COFFEEDAY,COFFEEDAY
INE481Z01011,EQ,BE,2025-03-05,2025-03-06,UNIINFO,UNIINFO
INE517M01028,SM,ST,2025-03-05,2025-03-06,POLYSIL,POLYSIL
INE694N01015,EQ,BE,2025-03-05,2025-03-06,HERANBA,HERANBA
INE759V01019,EQ,BE,2025-03-05,2025-03-06,HEADSUP,HEADSUP
INE0CDK01019,SM,ST,2025-03-06,2025-03-07,MAKS,MAKS
INE0PW501021,SM,ST,2025-03-06,2025-03-07,NEWJAISA,NEWJAISA
INE0S8401018,SM,ST,2025-03-06,2025-03-07,DCG,DCG
INE908D01010,EQ,BE,2025-03-06,2025-03-07,SHAKTIPUMP,SHAKTIPUMP
INE00IK01029,BE,EQ,2025-03-07,2025-03-10,OSWALSEEDS,OSWALSEEDS
INE01Z401013,ST,SM,2025-03-07,2025-03-10,SHUBHLAXMI,SHUBHLAXMI
INE087A01019,EQ,BE,2025-03-07,2025-03-10,KESORAMIND,KESORAMIND
INE0HKW01018,ST,SM,2025-03-07,2025-03-10,PRECISION,PRECISION
INE0HQI01014,ST,SM,2025-03-07,2025-03-10,BEWLTD,BEWLTD
INE0N1401016,ST,SM,2025-03-07,2025-03-10,NEELAM,NEELAM
INE0O9T01021,BE,EQ,2025-03-07,2025-03-10,BAJAJINDEF,BAJAJINDEF
INE0QWN01013,ST,SM,2025-03-07,2025-03-10,ZENITHDRUG,ZENITHDRUG
INE0R1601012,ST,SM,2025-03-07,2025-03-10,PRESSTONIC,PRESSTONIC
INE0S3X01014,ST,SM,2025-03-07,2025-03-10,ENFUSE,ENFUSE
INE0SHE01019,ST,SM,2025-03-07,2025-03-10,THESL,THESL
INE0SMR01011,ST,SM,2025-03-07,2025-03-10,UHTL,UHTL
INE0SMY01017,ST,SM,2025-03-07,2025-03-10,JAYBEE,JAYBEE
INE0U0201016,ST,SM,2025-03-07,2025-03-10,BALCO,BALCO
INE224E01028,BE,EQ,2025-03-07,2025-03-10,GATECH,GATECH
INE314C01013,BE,EQ,2025-03-07,2025-03-10,SOMATEX,SOMATEX
INE338Y01016,ST,SM,2025-03-07,2025-03-10,OMFURN,OMFURN
INE365I01020,BE,EQ,2025-03-07,2025-03-10,NBIFIN,NBIFIN
INE602G01020,BE,EQ,2025-03-07,2025-03-10,KITEX,KITEX
INE655B01011,BE,EQ,2025-03-07,2025-03-10,BANARBEADS,BANARBEADS
INE886A01014,BE,EQ,2025-03-07,2025-03-10,IITL,IITL
INE952H01027,BE,EQ,2025-03-07,2025-03-10,RAJTV,RAJTV
INE0EO401019,ST,SM,2025-03-10,2025-03-11,ROYALARC,ROYALARC
INE17WC01013,ST,SM,2025-03-10,2025-03-11,TEJASCARGO,TEJASCARGO
INE02KC01010,ST,SM,2025-03-11,2025-03-17,JAINAM,JAINAM
INE287Z01012,BE,EQ,2025-03-11,2025-03-12,GAYAHWS,GAYAHWS
INE669A01022,BE,EQ,2025-03-11,2025-03-12,INFOMEDIA,INFOMEDIA
INE056I01025,EQ,BE,2025-03-12,2025-03-13,REFEX,REFEX
INE586X01012,BE,EQ,2025-03-12,2025-03-17,GTECJAINX,GTECJAINX
INE610C01014,BE,EQ,2025-03-12,2025-03-17,ARENTERP,ARENTERP
INE627H01017,EQ,BE,2025-03-12,2025-03-13,CTE,CTE
INE047B01011,BE,EQ,2025-03-13,2025-03-17,GILLANDERS,GILLANDERS
INE047O01014,BE,EQ,2025-03-13,2025-03-17,NIBL,NIBL
INE0LXA01019,ST,SM,2025-03-13,2025-03-17,HOLMARC,HOLMARC
INE0N7S01010,ST,SM,2025-03-13,2025-03-17,MOS,MOS
INE0OGG01015,SM,ST,2025-03-13,2025-03-17,DHTL,DHTL
INE0RJH01010,ST,SM,2025-03-13,2025-03-17,RBS,RBS
INE0RPM01017,SM,ST,2025-03-13,2025-03-17,SATIPOLY,SATIPOLY
INE0SZ301012,SM,ST,2025-03-13,2025-03-17,BULKCORP,BULKCORP
INE0VA601019,ST,SM,2025-03-13,2025-03-17,HPTL,HPTL
INE124Y01010,ST,SM,2025-03-13,2025-03-17,PASHUPATI,PASHUPATI
INE159N01027,BE,EQ,2025-03-13,2025-03-17,VIJIFIN,VIJIFIN
INE224E01036,BE,EQ,2025-03-13,2025-03-17,GATECHDVR,GATECHDVR
INE283A01014,BE,EQ,2025-03-13,2025-03-17,PRECOT,PRECOT
INE287Z01012,EQ,BE,2025-03-13,2025-03-17,GAYAHWS,GAYAHWS
INE431F01018,BE,EQ,2025-03-13,2025-03-17,PKTEA,PKTEA
INE439T01012,EQ,BE,2025-03-13,2025-03-17,NITIRAJ,NITIRAJ
INE592B01024,BE,EQ,2025-03-13,2025-03-17,TTL,TTL
INE858F01012,BE,EQ,2025-03-13,2025-03-17,NITCO,NITCO
INE0MGA01012,SM,ST,2025-03-17,2025-03-18,KARNIKA,KARNIKA
INE0R8M01017,SM,ST,2025-03-17,2025-03-18,OWAIS,OWAIS
INE06H201014,EQ,BE,2025-03-18,2025-03-19,GENSOL,GENSOL
INE0LS001014,SM,ST,2025-03-18,2025-03-19,USHAFIN,USHAFIN
INE645H01027,EQ,BE,2025-03-18,2025-03-19,SUTLEJTEX,SUTLEJTEX
INE013901017,SM,ST,2025-03-19,2025-03-20,SAHAJ,SAHAJ
INE0MRA01019,SM,ST,2025-03-19,2025-03-20,RITEZONE,RITEZONE
INE0N2D01013,SM,ST,2025-03-19,2025-03-20,TBI,TBI
INE0Q7P01013,SM,ST,2025-03-19,2025-03-20,KODYTECH,KODYTECH
INE0QQM01017,ST,SM,2025-03-19,2025-03-24,VR,VR
INE0T4V01015,SM,ST,2025-03-19,2025-03-20,APEXECO,APEXECO
INE442P01014,EQ,BE,2025-03-19,2025-03-20,SUYOG,SUYOG
INE0DAB01012,EQ,BE,2025-03-20,2025-03-21,RVTH,RVTH
INE0G1D01014,ST,SM,2025-03-20,2025-03-26,MEGAFLEX,MEGAFLEX
INE0OK701014,SM,ST,2025-03-20,2025-03-21,NIRMAN,NIRMAN
INE0PEQ01016,EQ,BE,2025-03-20,2025-03-21,RBZJEWEL,RBZJEWEL
INE00C501018,ST,SM,2025-03-21,2025-03-25,AMBANIORGO,AMBANIORGO
INE00F301010,ST,SM,2025-03-21,2025-04-21,UWCSL,UWCSL
INE055C01020,BE,EQ,2025-03-21,2025-03-24,KEEPLEARN,KEEPLEARN
INE056I01025,BE,EQ,2025-03-21,2025-03-24,REFEX,REFEX
INE059B01024,EQ,BE,2025-03-21,2025-03-24,SIMPLEXINF,SIMPLEXINF
INE061A01014,BE,EQ,2025-03-21,2025-03-24,INDIANCARD,INDIANCARD
INE08PH01015,ST,SM,2025-03-21,2025-03-24,ABCOTS,ABCOTS
INE0O7401018,ST,SM,2025-03-21,2025-03-24,IBLFL,IBLFL
INE0P1P01017,ST,SM,2025-03-21,2025-03-24,MARINETRAN,MARINETRAN
INE0PQ601019,ST,SM,2025-03-21,2025-03-24,BALAJIPHOS,BALAJIPHOS
INE0QR801013,ST,SM,2025-03-21,2025-03-24,SPPPOLY,SPPPOLY
INE112F01022,BE,EQ,2025-03-21,2025-03-24,LAMBODHARA,LAMBODHARA
INE231G01010,BE,EQ,2025-03-21,2025-03-24,ORBTEXP,ORBTEXP
INE277C01012,BE,EQ,2025-03-21,2025-03-24,REGENCERAM,REGENCERAM
INE298I01015,BE,EQ,2025-03-21,2025-03-24,ARIES,ARIES
INE306C01019,BE,EQ,2025-03-21,2025-03-24,ENERGYDEV,ENERGYDEV
INE340Z01019,ST,SM,2025-03-21,2025-03-24,CONTI,CONTI
INE542C01019,BE,EQ,2025-03-21,2025-03-25,NKIND,NKIND
INE623Y01011,ST,SM,2025-03-21,2025-03-24,WTICAB,WTICAB
INE989C01038,BE,EQ,2025-03-21,2025-03-24,DIACABS,DIACABS
INE00QT01015,BE,EQ,2025-03-24,2025-03-25,SGIL,SGIL
INE01JE01028,BE,EQ,2025-03-24,2025-03-25,MARINE,MARINE
INE022C01012,BE,EQ,2025-03-24,2025-03-25,EUROTEXIND,EUROTEXIND
INE058B01018,BE,EQ,2025-03-24,2025-03-25,ZENITHEXPO,ZENITHEXPO
INE073D01013,BE,EQ,2025-03-24,2025-03-25,SUNDRMBRAK,SUNDRMBRAK
INE087A01019,BE,EQ,2025-03-24,2025-03-25,KESORAMIND,KESORAMIND
INE09E501017,BE,EQ,2025-03-24,2025-03-25,RVHL,RVHL
INE0DSF01015,BE,EQ,2025-03-24,2025-03-25,NURECA,NURECA
INE0EEJ01023,BE,EQ,2025-03-24,2025-03-25,BTML,BTML
INE0KGZ01021,BE,EQ,2025-03-24,2025-03-25,SIGNPOST,SIGNPOST
INE0LEX01011,ST,SM,2025-03-24,2025-03-25,SAHANA,SAHANA
INE0LQS01015,BE,EQ,2025-03-24,2025-03-25,TIPSFILMS,TIPSFILMS
INE0MOT01016,SM,ST,2025-03-24,2025-03-26,KANDARP,KANDARP
INE0MVO01012,ST,SM,2025-03-24,2025-03-25,RAPPID,RAPPID
INE0NLB01018,SM,ST,2025-03-24,2025-03-25,VERTEXPLUS,VERTEXPLUS
INE0NVI01020,ST,SM,2025-03-24,2025-03-25,TRANSTEEL,TRANSTEEL
INE0O1S01012,ST,SM,2025-03-24,2025-03-25,MAGSON,MAGSON
INE0O4M01019,ST,SM,2025-03-24,2025-03-25,MCON,MCON
INE0PTR01012,SM,ST,2025-03-24,2025-03-25,ROCKINGDCE,ROCKINGDCE
INE0QBU01012,ST,SM,2025-03-24,2025-03-25,CPS,CPS
INE0QD201012,ST,SM,2025-03-24,2025-03-25,TECHLABS,TECHLABS
INE0S6S01017,ST,SM,2025-03-24,2025-03-25,HOACFOODS,HOACFOODS
INE0SGC01015,SM,ST,2025-03-24,2025-03-25,MVKAGRO,MVKAGRO
INE0SOY01013,ST,SM,2025-03-24,2025-03-25,TAC,TAC
INE105C01023,BE,EQ,2025-03-24,2025-03-25,3PLAND,3PLAND
INE112D01035,BE,EQ,2025-03-24,2025-03-25,MHLXMIRU,MHLXMIRU
INE116D01028,BE,EQ,2025-03-24,2025-03-25,BAGFILMS,BAGFILMS
INE126M01010,BE,EQ,2025-03-24,2025-03-25,YAARI,YAARI
INE139B01016,BE,EQ,2025-03-24,2025-03-25,UCAL,UCAL
INE141D01018,BE,EQ,2025-03-24,2025-03-25,TNTELE,TNTELE
INE144D01012,BE,EQ,2025-03-24,2025-03-25,CUBEXTUB,CUBEXTUB
INE151G01028,BE,EQ,2025-03-24,2025-03-25,SHAILY,SHAILY
INE156C01018,BE,EQ,2025-03-24,2025-03-25,PIONEEREMB,PIONEEREMB
INE197J01017,BE,EQ,2025-03-24,2025-03-25,LPDC,LPDC
INE202H01019,BE,EQ,2025-03-24,2025-03-25,KERNEX,KERNEX
INE215D01010,BE,EQ,2025-03-24,2025-03-25,MAHEPC,MAHEPC
INE215F01023,BE,EQ,2025-03-24,2025-03-25,WIPL,WIPL
INE217K01011,BE,EQ,2025-03-24,2025-03-25,RHFL,RHFL
INE258Y01016,BE,EQ,2025-03-24,2025-03-25,LGHL,LGHL
INE268B01013,BE,EQ,2025-03-24,2025-03-25,KREBSBIO,KREBSBIO
INE319B01014,BE,EQ,2025-03-24,2025-03-25,BYKE,BYKE
INE453D01025,BE,EQ,2025-03-24,2025-03-25,SARLAPOLY,SARLAPOLY
INE508K01013,BE,EQ,2025-03-24,2025-03-25,RHL,RHL
INE523B01011,BE,EQ,2025-03-24,2025-03-25,AKSHOPTFBR,AKSHOPTFBR
INE524L01026,BE,EQ,2025-03-24,2025-03-25,KRIDHANINF,KRIDHANINF
INE561H01026,BE,EQ,2025-03-24,2025-03-25,PARSVNATH,PARSVNATH
INE577L01016,EQ,BE,2025-03-24,2025-03-25,STEL,STEL
INE581X01021,EQ,BE,2025-03-24,2025-03-25,GLOBE,GLOBE
INE613B01010,BE,EQ,2025-03-24,2025-03-25,ICDSLTD,ICDSLTD
INE619I01012,BE,EQ,2025-03-24,2025-03-25,A2ZINFRA,A2ZINFRA
INE642Y01029,BE,EQ,2025-03-24,2025-03-25,HINDCON,HINDCON
INE666D01022,BE,EQ,2025-03-24,2025-03-25,BORORENEW,BORORENEW
INE680A01011,BE,EQ,2025-03-24,2025-03-25,DHANBANK,DHANBANK
INE704H01022,BE,EQ,2025-03-24,2025-03-25,CINELINE,CINELINE
INE738V01013,BE,EQ,2025-03-24,2025-03-25,ARTNIRMAN,ARTNIRMAN
INE778K01012,BE,EQ,2025-03-24,2025-03-25,EMAMIREAL,EMAMIREAL
INE792H01019,BE,EQ,2025-03-24,2025-03-25,GLOBALVECT,GLOBALVECT
INE794B01026,BE,EQ,2025-03-24,2025-03-25,BALAJITELE,BALAJITELE
INE813V01022,BE,EQ,2025-03-24,2025-03-25,MCL,MCL
INE818B01023,EQ,BE,2025-03-24,2025-03-25,PASUPTAC,PASUPTAC
INE823A01017,BE,EQ,2025-03-24,2025-03-25,KOTHARIPRO,KOTHARIPRO
INE835A01029,BE,EQ,2025-03-24,2025-03-25,VARDMNPOLY,VARDMNPOLY
INE855C01015,BE,EQ,2025-03-24,2025-03-25,WEBELSOLAR,WEBELSOLAR
INE863I01016,BE,EQ,2025-03-24,2025-03-25,BANG,BANG
INE864B01027,BE,EQ,2025-03-24,2025-03-25,UMANGDAIRY,UMANGDAIRY
INE937A01023,BE,EQ,2025-03-24,2025-03-25,SPMLINFRA,SPMLINFRA
INE942G01012,BE,EQ,2025-03-24,2025-03-25,MCLEODRUSS,MCLEODRUSS
INE947A01014,BE,EQ,2025-03-24,2025-03-25,SUNFLAG,SUNFLAG
INE982V01025,BE,EQ,2025-03-24,2025-03-25,JETFREIGHT,JETFREIGHT
INE15DO01012,SM,ST,2025-03-25,2025-03-26,KEN,KEN
INE831A01028,EQ,BE,2025-03-25,2025-03-26,MIRCELECTR,MIRCELECTR
INE09FA01019,SM,ST,2025-03-26,2025-03-27,YUDIZ,YUDIZ
INE363M01019,EQ,BE,2025-03-26,2025-03-27,SHEMAROO,SHEMAROO
INE01EO01010,SM,EQ,2025-03-27,2025-03-28,SPECTRUM,SPECTRUM
IN9623B01058,BE,BZ,2025-03-28,2025-04-01,FELDVR,FELDVR
INE03V001013,BE,EQ,2025-03-28,2025-04-01,UNIVPHOTO,UNIVPHOTO
INE059B01024,BE,EQ,2025-03-28,2025-04-01,SIMPLEXINF,SIMPLEXINF
INE0JQS01019,ST,SM,2025-03-28,2025-04-01,TECHERA,TECHERA
INE0PE401018,SM,ST,2025-03-28,2025-04-01,MEDIORG,MEDIORG
INE0SFW01015,ST,SM,2025-03-28,2025-04-01,FRESHARA,FRESHARA
INE0TFB01017,ST,SM,2025-03-28,2025-04-01,AVIANSH,AVIANSH
INE122M01019,BE,EQ,2025-03-28,2025-04-01,ESSARSHPNG,ESSARSHPNG
INE253B01015,BE,EQ,2025-03-28,2025-04-01,21STCENMGM,21STCENMGM
INE289C01025,BE,EQ,2025-03-28,2025-04-01,TIMESGTY,TIMESGTY
INE454M01024,EQ,BE,2025-03-28,2025-04-01,NAGAFERT,NAGAFERT
INE505A01010,BE,EQ,2025-03-28,2025-04-01,DMCC,DMCC
INE688Y01022,EQ,BE,2025-03-28,2025-04-01,DANGEE,DANGEE
INE731U01028,BE,EQ,2025-03-28,2025-04-01,DIGJAMLMTD,DIGJAMLMTD
INE735M01018,BE,EQ,2025-03-28,2025-04-01,SAMPANN,SAMPANN
INE847C01020,BE,EQ,2025-03-28,2025-04-01,ROSSELLIND,ROSSELLIND
INE947T01014,ST,SM,2025-03-28,2025-04-01,GICL,GICL
INE00KV01022,EQ,BE,2025-04-01,2025-04-02,RAJMET,RAJMET
INE087A01019,EQ,BE,2025-04-01,2025-04-02,KESORAMIND,KESORAMIND
INE0R6C01012,SM,ST,2025-04-01,2025-04-02,PURVFLEXI,PURVFLEXI
INE353A01023,EQ,BE,2025-04-01,2025-04-02,NDLVENTURE,NDLVENTURE
INE646X01014,EQ,BE,2025-04-01,2025-04-02,ASTRON,ASTRON
INE0I0M01023,BE,EQ,2025-04-02,2025-04-03,PRABHA,PRABHA
INE0R3T01013,SM,ST,2025-04-02,2025-04-03,MANDEEP,MANDEEP
INE731U01028,EQ,BE,2025-04-02,2025-04-03,DIGJAMLMTD,DIGJAMLMTD
INE02M801018,ST,SZ,2025-04-03,2025-04-04,KTL,KTL
INE087B01017,EQ,BE,2025-04-03,2025-04-04,ANIKINDS,ANIKINDS
INE0WVU01018,ST,SM,2025-04-03,2025-04-07,ONYX,ONYX
INE902B01017,EQ,BE,2025-04-03,2025-04-04,S&SPOWER,S&SPOWER
INE0HS001010,ST,SM,2025-04-04,2025-04-07,COOLCAPS,COOLCAPS
INE0LA901015,ST,SM,2025-04-04,2025-04-07,JFLLIFE,JFLLIFE
INE0PQ601019,SM,ST,2025-04-04,2025-04-07,BALAJIPHOS,BALAJIPHOS
INE0V9V01010,ST,SM,2025-04-04,2025-04-07,DHANLAXMI,DHANLAXMI
INE0VG601013,ST,SM,2025-04-04,2025-04-07,PELATRO,PELATRO
INE117B01020,BE,EQ,2025-04-04,2025-04-08,CURAA,CURAA
INE126M01010,EQ,BE,2025-04-04,2025-04-07,YAARI,YAARI
INE609C01024,BE,EQ,2025-04-04,2025-04-07,ORIENTLTD,ORIENTLTD
INE688J01023,BE,EQ,2025-04-04,2025-04-07,EXCEL,EXCEL
INE0NA501011,ST,SM,2025-04-07,2025-04-08,DIVINEHIRA,DIVINEHIRA
INE0Q1W01012,SM,ST,2025-04-07,2025-04-08,EFORCE,EFORCE
INE0A1E01018,ST,SM,2025-04-08,2025-04-15,SIDDHIKA,SIDDHIKA
INE0QWN01013,SM,ST,2025-04-08,2025-04-09,ZENITHDRUG,ZENITHDRUG
INE650K01021,EQ,BE,2025-04-08,2025-04-09,SECURKLOUD,SECURKLOUD
INE749B01020,EQ,BE,2025-04-08,2025-04-09,ORTINGLOBE,ORTINGLOBE
INE824G01012,EQ,BE,2025-04-08,2025-04-09,JSWHL,JSWHL
INE018401013,EQ,BE,2025-04-09,2025-04-11,SUVIDHAA,SUVIDHAA
INE0DSF01015,EQ,BE,2025-04-09,2025-04-11,NURECA,NURECA
INE0QD201012,SM,ST,2025-04-09,2025-04-11,TECHLABS,TECHLABS
INE622H01018,EQ,BE,2025-04-09,2025-04-11,INDOFARM,INDOFARM
INE900B01029,EQ,BE,2025-04-09,2025-04-11,KABRAEXTRU,KABRAEXTRU
INE978G01016,EQ,BE,2025-04-09,2025-04-11,SPLIL,SPLIL
INE014B01011,EQ,BE,2025-04-11,2025-04-15,TECILCHEM,TECILCHEM
INE01C001026,BE,EQ,2025-04-11,2025-04-15,AARTECH,AARTECH
INE01IU01018,BE,EQ,2025-04-11,2025-04-15,SKYGOLD,SKYGOLD
INE059901020,BE,EQ,2025-04-11,2025-04-15,IEL,IEL
INE065J01024,BE,EQ,2025-04-11,2025-04-15,TPHQ,TPHQ
INE0B1K01014,BE,EQ,2025-04-11,2025-04-15,DJML,DJML
INE0OCC01013,ST,SM,2025-04-11,2025-04-15,BASILIC,BASILIC
INE0Q9601016,ST,SM,2025-04-11,2025-04-15,WOMANCART,WOMANCART
INE0R6Z01013,BE,EQ,2025-04-11,2025-04-15,SRM,SRM
INE0TO501019,ST,SM,2025-04-11,2025-04-15,HVAX,HVAX
INE117B01020,EQ,BE,2025-04-11,2025-04-15,CURAA,CURAA
INE12E301017,ST,SM,2025-04-11,2025-04-15,GCHOTELS,GCHOTELS
INE248A01017,BE,EQ,2025-04-11,2025-04-15,ITI,ITI
INE429I01024,BE,EQ,2025-04-11,2025-04-15,CCCL,CCCL
INE540A01017,BE,EQ,2025-04-11,2025-04-15,GLFL,GLFL
INE615P01015,EQ,BE,2025-04-11,2025-04-15,QUESS,QUESS
INE970D01010,BE,EQ,2025-04-11,2025-04-15,LOYALTEX,LOYALTEX
INE0KLO01025,ST,SM,2025-04-15,2025-04-16,ACTIVEINFR,ACTIVEINFR
INE0LCW01025,SM,ST,2025-04-15,2025-04-16,ISHAN,ISHAN
INE0QX901013,ST,SM,2025-04-15,2025-04-16,RAPIDFLEET,RAPIDFLEET
INE385O01018,SM,ST,2025-04-15,2025-04-16,FROG,FROG
INE681C01015,EQ,BE,2025-04-15,2025-04-16,KEYFINSERV,KEYFINSERV
INE836F01026,EQ,BE,2025-04-15,2025-04-16,DISHTV,DISHTV
INE0KZ301010,SM,ST,2025-04-16,2025-04-17,KONTOR,KONTOR
INE0P1P01017,SM,ST,2025-04-16,2025-04-21,MARINETRAN,MARINETRAN
INE602G01020,EQ,BE,2025-04-16,2025-04-17,KITEX,KITEX
INE727S01012,EQ,BE,2025-04-16,2025-04-17,BRNL,BRNL
INE00IK01029,EQ,BE,2025-04-17,2025-04-21,OSWALSEEDS,OSWALSEEDS
INE00SZ01018,BE,BZ,2025-04-17,2025-04-21,MARSHALL,MARSHALL
INE013801027,BE,EQ,2025-04-17,2025-04-21,KSHITIJPOL,KSHITIJPOL
INE03JI01017,BE,EQ,2025-04-17,2025-04-21,DGCONTENT,DGCONTENT
INE071A01013,EQ,BE,2025-04-17,2025-04-21,BINANIIND,BINANIIND
INE0DM401012,ST,SM,2025-04-17,2025-04-21,SHRIAHIMSA,SHRIAHIMSA
INE0JWS01017,EQ,BE,2025-04-17,2025-04-21,VALIANTLAB,VALIANTLAB
INE0L4V01013,SM,ST,2025-04-17,2025-04-21,VILINBIO,VILINBIO
INE0QA601016,ST,SM,2025-04-17,2025-04-21,PRATHAM,PRATHAM
INE0QXL01015,ST,SM,2025-04-17,2025-04-21,VLINFRA,VLINFRA
INE0R4Z01018,ST,SM,2025-04-17,2025-04-21,BRACEPORT,BRACEPORT
INE0R9401019,ST,SM,2025-04-17,2025-04-21,AVPINFRA,AVPINFRA
INE0RYC01010,EQ,BE,2025-04-17,2025-04-21,STALLION,STALLION
INE0S7E01015,ST,SM,2025-04-17,2025-04-21,GPECO,GPECO
INE0SVY01018,ST,SM,2025-04-17,2025-04-21,KATARIA,KATARIA
INE0U0201016,SM,ST,2025-04-17,2025-04-21,BALCO,BALCO
INE0UL701015,ST,SM,2025-04-17,2025-04-21,SHUBHSHREE,SHUBHSHREE
INE0V0Q01019,ST,SM,2025-04-17,2025-04-21,ATCENERGY,ATCENERGY
INE0YHV01011,ST,SM,2025-04-17,2025-04-21,OBSCP,OBSCP
INE116D01028,EQ,BE,2025-04-17,2025-04-21,BAGFILMS,BAGFILMS
INE214A01019,EQ,BE,2025-04-17,2025-04-21,CYBERTECH,CYBERTECH
INE215B01022,EQ,BE,2025-04-17,2025-04-21,ORCHASP,ORCHASP
INE240C01028,EQ,BE,2025-04-17,2025-04-21,UMESLTD,UMESLTD
INE285H01022,BE,EQ,2025-04-17,2025-04-21,ATLANTAA,ATLANTAA
INE450G01024,EQ,BE,2025-04-17,2025-04-21,VIPCLOTHNG,VIPCLOTHNG
INE450S01011,ST,SM,2025-04-17,2025-04-21,MHHL,MHHL
INE523B01011,EQ,BE,2025-04-17,2025-04-21,AKSHOPTFBR,AKSHOPTFBR
INE524L01026,EQ,BE,2025-04-17,2025-04-21,KRIDHANINF,KRIDHANINF
INE562X01013,BE,EQ,2025-04-17,2025-04-21,UNIVASTU,UNIVASTU
INE568Z01015,EQ,BE,2025-04-17,2025-04-21,URAVIDEF,URAVIDEF
INE617I01024,SM,ST,2025-04-17,2025-04-22,ASLIND,ASLIND
INE632X01030,EQ,BE,2025-04-17,2025-04-21,SHRENIK,SHRENIK
INE640C01011,EQ,BE,2025-04-17,2025-04-21,SHAHALLOYS,SHAHALLOYS
INE650L01011,EQ,BE,2025-04-17,2025-04-21,BROOKS,BROOKS
INE699B01027,BE,EQ,2025-04-17,2025-04-21,SAMBHAAV,SAMBHAAV
INE702Y01013,SM,ST,2025-04-17,2025-04-21,SMVD,SMVD
INE704H01022,EQ,BE,2025-04-17,2025-04-21,CINELINE,CINELINE
INE728Z01015,BE,EQ,2025-04-17,2025-04-21,SOFTTECH,SOFTTECH
INE747B01016,EQ,BE,2025-04-17,2025-04-21,NEXTMEDIA,NEXTMEDIA
INE753W01010,EQ,BE,2025-04-17,2025-04-21,SANGINITA,SANGINITA
INE847C01020,EQ,BE,2025-04-17,2025-04-21,ROSSELLIND,ROSSELLIND
INE879A01019,BE,EQ,2025-04-17,2025-04-21,SHREERAMA,SHREERAMA
INE879E01037,EQ,BE,2025-04-17,2025-04-21,KANANIIND,KANANIIND
INE01IU01018,EQ,BE,2025-04-21,2025-04-22,SKYGOLD,SKYGOLD
INE056I01025,EQ,BE,2025-04-21,2025-04-22,REFEX,REFEX
INE040M01013,EQ,BE,2025-04-22,2025-04-23,TREEHOUSE,TREEHOUSE
INE089C01029,EQ,BE,2025-04-23,2025-04-24,STLTECH,STLTECH
INE0EO401019,SM,ST,2025-04-23,2025-04-24,ROYALARC,ROYALARC
INE0J1P01015,SM,ST,2025-04-23,2025-04-24,RICHA,RICHA
INE0NA501011,SM,ST,2025-04-23,2025-04-24,DIVINEHIRA,DIVINEHIRA
INE0O0201019,SM,ST,2025-04-23,2025-04-24,URBAN,URBAN
INE0O1S01012,SM,ST,2025-04-24,2025-04-25,MAGSON,MAGSON
INE540A01017,EQ,BE,2025-04-24,2025-04-25,GLFL,GLFL
INE01IU01018,BE,EQ,2025-04-25,2025-04-28,SKYGOLD,SKYGOLD
INE056I01025,BE,EQ,2025-04-25,2025-04-28,REFEX,REFEX
INE0J1E01027,ST,SM,2025-04-25,2025-04-28,KCK,KCK
INE0TD101011,ST,SM,2025-04-25,2025-04-28,IDENTICAL,IDENTICAL
INE117Z01011,BE,EQ,2025-04-25,2025-04-28,NARMADA,NARMADA
INE295D01020,EQ,BE,2025-04-25,2025-04-28,NACLIND,NACLIND
INE364Z01019,BE,EQ,2025-04-25,2025-04-28,REPL,REPL
INE635A01023,BE,EQ,2025-04-25,2025-04-28,SHYAMTEL,SHYAMTEL
INE788B01028,BE,EQ,2025-04-25,2025-04-28,INDSWFTLTD,INDSWFTLTD
INE901X01013,SM,ST,2025-04-25,2025-04-28,FELIX,FELIX
INE908D01010,BE,EQ,2025-04-25,2025-04-28,SHAKTIPUMP,SHAKTIPUMP
INE01II01013,EQ,BE,2025-04-28,2025-04-29,SILGO,SILGO
INE0P4701011,SM,ST,2025-04-28,2025-04-29,SAHAJSOLAR,SAHAJSOLAR
INE0P5R01014,SM,ST,2025-04-28,2025-04-29,PURPLEUTED,PURPLEUTED
INE11HG01018,SM,ST,2025-04-28,2025-04-29,CHAMUNDA,CHAMUNDA
INE695B01025,EQ,BE,2025-04-28,2025-04-29,COUNCODOS,COUNCODOS
INE0FFK01017,SM,EQ,2025-04-29,2025-04-30,NPST,NPST
INE0TVT01024,SM,ST,2025-04-29,2025-04-30,GANESHIN,GANESHIN
INE615P01015,BE,EQ,2025-04-29,2025-04-30,QUESS,QUESS
INE01P501012,EQ,BE,2025-04-30,2025-05-02,XELPMOC,XELPMOC
INE058B01018,EQ,BE,2025-04-30,2025-05-02,ZENITHEXPO,ZENITHEXPO
INE0CAJ01017,SM,ST,2025-04-30,2025-05-02,AILIMITED,AILIMITED
INE0OPC01015,SM,ST,2025-04-30,2025-05-02,INM,INM
INE0S3H01017,SM,ST,2025-04-30,2025-05-02,POSITRON,POSITRON
INE105I01020,EQ,BE,2025-04-30,2025-05-02,SELMC,SELMC
INE699B01027,EQ,BE,2025-04-30,2025-05-02,SAMBHAAV,SAMBHAAV
INE809A01032,EQ,BE,2025-04-30,2025-05-02,RAMAPHO,RAMAPHO
INE824Q01011,EQ,BE,2025-04-30,2025-05-02,MANAKSTEEL,MANAKSTEEL
INE970D01010,EQ,BE,2025-04-30,2025-05-02,LOYALTEX,LOYALTEX
INE00MT01022,ST,SM,2025-05-02,2025-05-05,SAJHOTELS,SAJHOTELS
INE00Z501029,BE,EQ,2025-05-02,2025-05-05,KRITIKA,KRITIKA
INE00ZE01026,BE,EQ,2025-05-02,2025-05-05,AFSL,AFSL
INE073V01015,BE,EQ,2025-05-02,2025-05-05,COMSYN,COMSYN
INE0LQG01010,ST,SM,2025-05-02,2025-05-05,APRAMEYA,APRAMEYA
INE0LQQ01019,ST,SM,2025-05-02,2025-05-05,FIDEL,FIDEL
INE0O3O01017,ST,SM,2025-05-02,2025-05-05,SEL,SEL
INE0QTE01018,ST,SM,2025-05-02,2025-05-05,GAJANAND,GAJANAND
INE0RVQ01016,ST,SM,2025-05-02,2025-05-05,MYMUDRA,MYMUDRA
INE0S4Y01010,ST,SM,2025-05-02,2025-05-05,SHREEKARNI,SHREEKARNI
INE0S9101013,ST,SM,2025-05-02,2025-05-05,WINNY,WINNY
INE0SBP01018,ST,SM,2025-05-02,2025-05-05,ESPRIT,ESPRIT
INE0TG801013,SM,ST,2025-05-02,2025-05-06,PARAMOUNT,PARAMOUNT
INE250Z01010,BE,EQ,2025-05-02,2025-05-05,INDOUS,INDOUS
INE268H01036,BE,EQ,2025-05-02,2025-05-05,NAVKARURB,NAVKARURB
INE278R01034,BE,EQ,2025-05-02,2025-05-05,KBCGLOBAL,KBCGLOBAL
INE314G01014,BE,EQ,2025-05-02,2025-05-05,KALYANIFRG,KALYANIFRG
INE448V01019,ST,SM,2025-05-02,2025-05-05,AURDIS,AURDIS
INE550C01020,BE,EQ,2025-05-02,2025-05-05,URJA,URJA
INE657B01025,BE,EQ,2025-05-02,2025-05-05,BLUECHIP,BLUECHIP
INE740X01023,BE,EQ,2025-05-02,2025-05-05,LAL,LAL
INE911B01018,BE,EQ,2025-05-02,2025-05-05,TCIFINANCE,TCIFINANCE
INE925Y01036,BE,EQ,2025-05-02,2025-05-05,GODHA,GODHA
INE927A01040,BE,EQ,2025-05-02,2025-05-05,ROLLT,ROLLT
INE954E01012,BE,EQ,2025-05-02,2025-05-05,MOHITIND,MOHITIND
INE0K5H01010,SM,ST,2025-05-05,2025-05-06,SADHAV,SADHAV
INE12E301017,SM,ST,2025-05-06,2025-05-07,GCHOTELS,GCHOTELS
INE388G01026,EQ,BE,2025-05-06,2025-05-07,TICL,TICL
INE440A01010,EQ,BE,2025-05-06,2025-05-07,ASHIMASYN,ASHIMASYN
INE551Q01028,ST,SM,2025-05-06,2025-05-14,VSCL,VSCL
INE657B01025,EQ,BE,2025-05-06,2025-05-07,BLUECHIP,BLUECHIP
INE089C01029,BE,EQ,2025-05-08,2025-05-09,STLTECH,STLTECH
INE405Y01021,SM,ST,2025-05-08,2025-05-12,GOLDSTAR,GOLDSTAR
INE521J01018,EQ,BE,2025-05-08,2025-05-09,CPCAP,CPCAP
INE995D01025,EQ,BE,2025-05-08,2025-05-09,CHEMBOND,CHEMBOND
INE065J01024,EQ,BE,2025-05-09,2025-05-12,TPHQ,TPHQ
INE0PZA01015,ST,SM,2025-05-09,2025-05-12,SAIFL,SAIFL
INE0T9I01011,ST,SM,2025-05-09,2025-05-12,IDEALTECHO,IDEALTECHO
INE126M01010,BE,EQ,2025-05-09,2025-05-12,YAARI,YAARI
INE215I01027,BE,EQ,2025-05-09,2025-05-12,MAANALU,MAANALU
INE602G01020,BE,EQ,2025-05-09,2025-05-12,KITEX,KITEX
INE614Z01017,ST,SM,2025-05-09,2025-05-12,GIRIRAJ,GIRIRAJ
INE715Y01031,BE,EQ,2025-05-09,2025-05-12,SHRADHA,SHRADHA
INE952H01027,EQ,BE,2025-05-09,2025-05-12,RAJTV,RAJTV
INE051B01021,EQ,BE,2025-05-12,2025-05-13,VAKRANGEE,VAKRANGEE
INE0HKW01018,SM,ST,2025-05-12,2025-05-13,PRECISION,PRECISION
INE505Y01010,EQ,BE,2025-05-12,2025-05-13,VINEETLAB,VINEETLAB
INE0BTR01012,SM,ST,2025-05-13,2025-05-14,SYNOPTICS,SYNOPTICS
INE301A01014,EQ,BE,2025-05-13,2025-05-14,RAYMOND,RAYMOND
INE0JR301013,SM,ST,2025-05-14,2025-05-15,MADHAVBAUG,MADHAVBAUG
INE0SCO01019,SM,ST,2025-05-14,2025-05-15,DPEL,DPEL
INE0Z7N01017,ST,SM,2025-05-14,2025-05-15,TANKUP,TANKUP
INE228I01012,EQ,BE,2025-05-14,2025-05-15,ASAHISONG,ASAHISONG
INE314G01014,EQ,BE,2025-05-14,2025-05-15,KALYANIFRG,KALYANIFRG
INE0N1401016,SM,ST,2025-05-15,2025-05-16,NEELAM,NEELAM
INE0OCC01013,SM,ST,2025-05-15,2025-05-16,BASILIC,BASILIC
INE424C01010,EQ,BE,2025-05-15,2025-05-16,GINNIFILA,GINNIFILA
INE00S901012,BE,EQ,2025-05-16,2025-05-19,NILASPACES,NILASPACES
INE024D01016,BE,EQ,2025-05-16,2025-05-19,PRUDMOULI,PRUDMOULI
INE0CHO01012,EQ,BE,2025-05-16,2025-05-19,ADL,ADL
INE0HQI01014,SM,ST,2025-05-16,2025-05-19,BEWLTD,BEWLTD
INE0MLA01012,ST,SM,2025-05-16,2025-05-19,AGARWALFT,AGARWALFT
INE0NR701018,ST,SM,2025-05-16,2025-05-19,KRISHCA,KRISHCA
INE0OJM01017,SM,ST,2025-05-16,2025-05-19,MASTER,MASTER
INE0P4T01013,ST,SM,2025-05-16,2025-05-19,ARVINDPORT,ARVINDPORT
INE0P8X01016,SM,ST,2025-05-16,2025-05-19,AGARWALTUF,AGARWALTUF
INE0QYI01019,ST,SM,2025-05-16,2025-05-19,DIVYADHAN,DIVYADHAN
INE0RDE01010,ST,SM,2025-05-16,2025-05-19,SIGNORIA,SIGNORIA
INE0RMF01018,ST,SM,2025-05-16,2025-05-19,OSELDEVICE,OSELDEVICE
INE0STN01015,SM,ST,2025-05-16,2025-05-19,SILKFLEX,SILKFLEX
INE446A01025,BE,EQ,2025-05-16,2025-05-19,ATLASCYCLE,ATLASCYCLE
INE680Z01018,BE,EQ,2025-05-16,2025-05-19,AVG,AVG
INE885E01042,BE,EQ,2025-05-16,2025-05-19,MAZDA,MAZDA
INE0SH001010,SM,ST,2025-05-19,2025-05-20,MASON,MASON
INE1AII01014,ST,SM,2025-05-19,2025-05-20,IWARE,IWARE
INE00CE01017,EQ,BE,2025-05-20,2025-05-21,SVLL,SVLL
INE04VX01019,SM,ST,2025-05-20,2025-05-21,SHEETAL,SHEETAL
INE06IJ01010,SM,ST,2025-05-20,2025-05-21,UTSSAV,UTSSAV
INE0S1D01010,SM,ST,2025-05-20,2025-05-21,INNOMET,INNOMET
INE0TTG01017,ST,SM,2025-05-20,2025-05-21,ARUNAYA,ARUNAYA
INE107F01022,EQ,BE,2025-05-20,2025-05-21,WANBURY,WANBURY
INE122M01019,EQ,BE,2025-05-20,2025-05-21,ESSARSHPNG,ESSARSHPNG
INE236A01020,EQ,BE,2025-05-20,2025-05-21,HCL-INSYS,HCL-INSYS
INE238Y01018,SM,ST,2025-05-20,2025-05-22,TIRUPATI,TIRUPATI
INE370D01013,EQ,BE,2025-05-20,2025-05-21,MANORG,MANORG
INE694E01014,EQ,BE,2025-05-20,2025-05-21,KANPRPLA,KANPRPLA
INE00YB01017,EQ,BE,2025-05-21,2025-05-22,ABINFRA,ABINFRA
INE0QN801017,EQ,BE,2025-05-21,2025-05-22,KRYSTAL,KRYSTAL
INE415D01024,EQ,BE,2025-05-21,2025-05-22,BHARATSE,BHARATSE
INE709Z01015,ST,SM,2025-05-21,2025-10-27,VERA,VERA
INE778K01012,EQ,BE,2025-05-21,2025-05-22,EMAMIREAL,EMAMIREAL
INE832A01018,EQ,BE,2025-05-21,2025-05-22,MODIRUBBER,MODIRUBBER
INE933X01016,EQ,BE,2025-05-21,2025-05-22,SHANTI,SHANTI
INE00U801010,ST,SM,2025-05-22,2025-05-26,PARIN,PARIN
INE521J01018,BE,EQ,2025-05-22,2025-05-23,CPCAP,CPCAP
INE602G01020,EQ,BE,2025-05-22,2025-05-23,KITEX,KITEX
INE614Z01017,SM,ST,2025-05-22,2025-05-23,GIRIRAJ,GIRIRAJ
INE796G01012,EQ,BE,2025-05-22,2025-05-23,JINDALPHOT,JINDALPHOT
INE995D01025,BE,EQ,2025-05-22,2025-05-23,CHEMBOND,CHEMBOND
INE050401020,EQ,BE,2025-05-23,2025-05-26,ELIN,ELIN
INE0BTM01013,EQ,BE,2025-05-23,2025-05-26,SECMARK,SECMARK
INE0O4R01018,ST,SM,2025-05-23,2025-05-26,KDL,KDL
INE0PQK01013,ST,SM,2025-05-23,2025-05-26,FALCONTECH,FALCONTECH
INE0QBU01012,SM,ST,2025-05-23,2025-05-26,CPS,CPS
INE0TNW01017,ST,SM,2025-05-23,2025-05-26,QUESTLAB,QUESTLAB
INE0V9N01017,SM,ST,2025-05-23,2025-05-26,PRIZOR,PRIZOR
INE0VZS01015,ST,SM,2025-05-23,2025-05-26,LAKSHYA,LAKSHYA
INE137C01018,BE,EQ,2025-05-23,2025-05-26,ALPHAGEO,ALPHAGEO
INE184O01015,BE,EQ,2025-05-23,2025-05-26,DIFFNKG,DIFFNKG
INE393A01011,BE,EQ,2025-05-23,2025-05-26,DELTAMAGNT,DELTAMAGNT
INE421A01028,BE,EQ,2025-05-23,2025-05-26,ABAN,ABAN
INE453D01025,EQ,BE,2025-05-23,2025-05-26,SARLAPOLY,SARLAPOLY
INE480M01011,BE,EQ,2025-05-23,2025-05-26,THOMASCOTT,THOMASCOTT
INE486Y01013,BE,EQ,2025-05-23,2025-05-26,TOUCHWOOD,TOUCHWOOD
INE497S01012,BE,EQ,2025-05-23,2025-05-26,GODAVARIB,GODAVARIB
INE551Q01028,SM,ST,2025-05-23,2025-06-16,VSCL,VSCL
INE565L01011,EQ,BE,2025-05-23,2025-05-26,ZEELEARN,ZEELEARN
INE658T01017,BE,EQ,2025-05-23,2025-05-26,WEALTH,WEALTH
INE830Q01018,BE,EQ,2025-05-23,2025-05-26,MANAKCOAT,MANAKCOAT
INE846D01012,BE,EQ,2025-05-23,2025-05-26,LORDSCHLO,LORDSCHLO
INE865C01022,BE,EQ,2025-05-23,2025-05-26,BIRLAMONEY,BIRLAMONEY
INE874F01027,BE,EQ,2025-05-23,2025-05-26,RADAAN,RADAAN
INE912L01015,BE,EQ,2025-05-23,2025-05-26,ONELIFECAP,ONELIFECAP
INE00D001018,SM,ST,2025-05-26,2025-05-27,REXPIPES,REXPIPES
INE0DTQ01028,SM,ST,2025-05-26,2025-05-27,LLOYDS,LLOYDS
INE0VA601019,SM,ST,2025-05-26,2025-05-27,HPTL,HPTL
INE301A01014,BE,EQ,2025-05-27,2025-05-28,RAYMOND,RAYMOND
INE731C01018,EQ,BE,2025-05-27,2025-05-28,KHAITANLTD,KHAITANLTD
INE09EO01013,EQ,BE,2025-05-28,2025-05-29,AARTISURF,AARTISURF
INE0A0S01010,EQ,BE,2025-05-28,2025-05-29,SIGMA,SIGMA
INE0GMR01016,SM,ST,2025-05-28,2025-05-29,SWARAJ,SWARAJ
INE0YRN01017,SM,ST,2025-05-28,2025-05-29,DHARIWAL,DHARIWAL
INE10A501018,SM,ST,2025-05-28,2025-05-29,MAXVOLT,MAXVOLT
INE126M01010,EQ,BE,2025-05-28,2025-05-29,YAARI,YAARI
INE198H01019,EQ,BE,2025-05-28,2025-05-29,AAREYDRUGS,AAREYDRUGS
INE308A01027,EQ,BE,2025-05-28,2025-05-29,NAHARPOLY,NAHARPOLY
INE446A01025,EQ,BE,2025-05-28,2025-05-29,ATLASCYCLE,ATLASCYCLE
INE501G01024,EQ,BE,2025-05-28,2025-05-29,HTMEDIA,HTMEDIA
INE546Y01022,EQ,BE,2025-05-28,2025-05-29,PRAXIS,PRAXIS
INE587G01015,EQ,BE,2025-05-28,2025-05-29,KAYA,KAYA
INE613B01010,EQ,BE,2025-05-28,2025-05-29,ICDSLTD,ICDSLTD
INE619I01012,EQ,BE,2025-05-28,2025-05-29,A2ZINFRA,A2ZINFRA
INE707C01018,EQ,BE,2025-05-28,2025-05-29,CAPTRUST,CAPTRUST
INE788H01017,EQ,BE,2025-05-28,2025-05-29,HILTON,HILTON
INE891B01012,EQ,BE,2025-05-28,2025-05-29,DCMFINSERV,DCMFINSERV
INE927A01040,EQ,BE,2025-05-28,2025-05-29,ROLLT,ROLLT
INE995D01025,EQ,BE,2025-05-28,2025-05-29,CHEMBOND,CHEMBOND
INE0S3D01016,SM,ST,2025-05-29,2025-05-30,WINSOL,WINSOL
INE0Z7N01017,SM,ST,2025-05-29,2025-05-30,TANKUP,TANKUP
INE729D01010,EQ,BE,2025-05-29,2025-05-30,KILITCH,KILITCH
INE01IU01018,EQ,BE,2025-05-30,2025-06-02,SKYGOLD,SKYGOLD
INE0MEG01014,ST,SM,2025-05-30,2025-06-02,VIVIANA,VIVIANA
INE0OMO01025,SM,ST,2025-05-30,2025-06-02,CELLECOR,CELLECOR
INE0S6S01017,SM,ST,2025-05-30,2025-06-02,HOACFOODS,HOACFOODS
INE0SQH01013,ST,SM,2025-05-30,2025-06-02,BIKEWO,BIKEWO
INE0VRH01015,ST,SM,2025-05-30,2025-06-02,VGINFOTECH,VGINFOTECH
INE266F01018,EQ,BE,2025-05-30,2025-06-02,APTECHT,APTECHT
INE745B01028,EQ,BE,2025-05-30,2025-06-02,KHAICHEM,KHAICHEM
INE955I01044,EQ,BE,2025-05-30,2025-06-02,SEJALLTD,SEJALLTD
INE035801013,EQ,BE,2025-06-02,2025-06-03,SAH,SAH
INE0U2N01013,SM,ST,2025-06-02,2025-06-03,SUNLITE,SUNLITE
INE0YSH01017,ST,SM,2025-06-02,2025-06-03,INTEGRITY,INTEGRITY
INE319B01014,EQ,BE,2025-06-02,2025-06-03,BYKE,BYKE
INE794B01026,EQ,BE,2025-06-02,2025-06-03,BALAJITELE,BALAJITELE
INE0KFF01017,SM,ST,2025-06-03,2025-06-04,EFACTOR,EFACTOR
INE0T8T01010,ST,SM,2025-06-03,2025-06-04,ACCPL,ACCPL
INE0U2M01015,SM,ST,2025-06-03,2025-06-05,VDEAL,VDEAL
INE00C401011,SM,ST,2025-06-04,2025-06-05,MAL,MAL
INE036A01016,EQ,BE,2025-06-04,2025-06-05,RELINFRA,RELINFRA
INE076C01018,EQ,BE,2025-06-04,2025-06-05,IFBAGRO,IFBAGRO
INE0PZA01015,SM,ST,2025-06-04,2025-06-05,SAIFL,SAIFL
INE142K01011,EQ,BE,2025-06-04,2025-06-05,LYPSAGEMS,LYPSAGEMS
INE217K01011,EQ,BE,2025-06-04,2025-06-05,RHFL,RHFL
INE411B01019,EQ,BE,2025-06-04,2025-06-05,VENUSREM,VENUSREM
INE529F01035,EQ,BE,2025-06-04,2025-06-05,SIGIND,SIGIND
INE00OQ01016,EQ,BE,2025-06-05,2025-06-06,DHARMAJ,DHARMAJ
INE047O01014,EQ,BE,2025-06-05,2025-06-06,NIBL,NIBL
INE082101010,SM,ST,2025-06-05,2025-06-06,ARISTO,ARISTO
INE0RDE01010,SM,ST,2025-06-05,2025-06-06,SIGNORIA,SIGNORIA
INE0SYV01018,SM,ST,2025-06-05,2025-06-06,TROM,TROM
INE123F01029,EQ,BE,2025-06-05,2025-06-06,MMTC,MMTC
INE250B01029,EQ,BE,2025-06-05,2025-06-06,VINYLINDIA,VINYLINDIA
INE389K01018,EQ,BE,2025-06-05,2025-06-06,WELINV,WELINV
INE834I01025,EQ,BE,2025-06-05,2025-06-06,KHADIM,KHADIM
INE867A01022,EQ,BE,2025-06-05,2025-06-06,MANUGRAPH,MANUGRAPH
INE01IU01018,BE,EQ,2025-06-06,2025-06-09,SKYGOLD,SKYGOLD
INE01YQ01013,ST,SM,2025-06-06,2025-06-09,AUSL,AUSL
INE02OY01016,SM,ST,2025-06-06,2025-06-09,RILINFRA,RILINFRA
INE03RS01027,EQ,BE,2025-06-06,2025-06-09,DRCSYSTEMS,DRCSYSTEMS
INE082W01014,BE,EQ,2025-06-06,2025-06-09,WEWIN,WEWIN
INE0LQG01010,SM,ST,2025-06-06,2025-06-09,APRAMEYA,APRAMEYA
INE0PS301014,ST,SM,2025-06-06,2025-06-10,INDIFRA,INDIFRA
INE0RWQ01014,BE,EQ,2025-06-06,2025-06-09,TOLINS,TOLINS
INE0S1L01013,ST,SM,2025-06-06,2025-06-09,EMMIL,EMMIL
INE0SA001017,ST,SM,2025-06-06,2025-06-09,RNFI,RNFI
INE0SAK01011,ST,SM,2025-06-06,2025-06-09,BLUEPEBBLE,BLUEPEBBLE
INE195N01013,BE,EQ,2025-06-06,2025-06-09,PROZONER,PROZONER
INE278G01037,BE,EQ,2025-06-06,2025-06-09,CYBERMEDIA,CYBERMEDIA
INE335K01011,BE,EQ,2025-06-06,2025-06-09,COFFEEDAY,COFFEEDAY
INE452L01012,EQ,BE,2025-06-06,2025-06-09,INCREDIBLE,INCREDIBLE
INE518X01015,ST,SM,2025-06-06,2025-06-09,CBAZAAR,CBAZAAR
INE528A01020,BE,EQ,2025-06-06,2025-06-09,GKWLIMITED,GKWLIMITED
INE540A01017,BE,EQ,2025-06-06,2025-06-10,GLFL,GLFL
INE558R01013,EQ,BE,2025-06-06,2025-06-09,HECPROJECT,HECPROJECT
INE586X01012,EQ,BE,2025-06-06,2025-06-09,GTECJAINX,GTECJAINX
INE670X01014,EQ,BE,2025-06-06,2025-06-09,LASA,LASA
INE822G01016,BE,EQ,2025-06-06,2025-06-09,ELECTHERM,ELECTHERM
INE854S01022,EQ,BE,2025-06-06,2025-06-09,GENCON,GENCON
INE886A01014,EQ,BE,2025-06-06,2025-06-09,IITL,IITL
INE920A01037,BE,EQ,2025-06-06,2025-06-09,DOLPHIN,DOLPHIN
INE938A01021,BE,EQ,2025-06-06,2025-06-09,LCCINFOTEC,LCCINFOTEC
INE16SF01016,BE,EQ,2025-06-09,2025-06-10,BORANA,BORANA
INE332S01011,SM,ST,2025-06-09,2025-06-10,EMKAYTOOLS,EMKAYTOOLS
INE04Q901010,ST,SM,2025-06-10,2025-06-11,DCCL,DCCL
INE0TSF01011,SM,ST,2025-06-10,2025-06-11,AESTHETIK,AESTHETIK
INE236G01019,EQ,BE,2025-06-10,2025-06-11,TVSELECT,TVSELECT
INE393A01011,EQ,BE,2025-06-10,2025-06-11,DELTAMAGNT,DELTAMAGNT
INE540A01017,EQ,BE,2025-06-10,2025-06-11,GLFL,GLFL
INE669A01022,EQ,BE,2025-06-10,2025-06-11,INFOMEDIA,INFOMEDIA
INE938A01021,EQ,BE,2025-06-10,2025-06-11,LCCINFOTEC,LCCINFOTEC
INE0PK601023,EQ,BE,2025-06-11,2025-06-12,OCCLLTD,OCCLLTD
INE0YHV01011,SM,ST,2025-06-11,2025-06-12,OBSCP,OBSCP
INE224E01028,EQ,BE,2025-06-11,2025-06-12,GATECH,GATECH
INE230B01021,EQ,BE,2025-06-11,2025-06-12,CREATIVEYE,CREATIVEYE
INE321D01016,EQ,BE,2025-06-11,2025-06-12,OCCL,OCCL
INE593W01028,EQ,BE,2025-06-11,2025-06-12,FOCUS,FOCUS
INE646C01018,EQ,BE,2025-06-11,2025-06-12,GROBTEA,GROBTEA
INE719F01016,ST,SM,2025-06-11,2025-06-19,SHIVAUM,SHIVAUM
INE965B01022,EQ,BE,2025-06-11,2025-06-12,HYBRIDFIN,HYBRIDFIN
INE055C01020,EQ,BE,2025-06-12,2025-06-13,KEEPLEARN,KEEPLEARN
INE0LQQ01019,SM,ST,2025-06-12,2025-06-13,FIDEL,FIDEL
INE0U0201016,ST,SM,2025-06-12,2025-06-17,BALCO,BALCO
INE277C01012,EQ,BE,2025-06-12,2025-06-13,REGENCERAM,REGENCERAM
INE596H01014,EQ,BE,2025-06-12,2025-06-13,HOVS,HOVS
INE600A01035,EQ,BE,2025-06-12,2025-06-13,PILITA,PILITA
INE688E01024,EQ,BE,2025-06-12,2025-06-13,HERCULES,HERCULES
INE994V01012,SM,ST,2025-06-12,2025-06-13,PROLIFE,PROLIFE
INE998H01012,EQ,BE,2025-06-12,2025-06-13,ORIENTALTL,ORIENTALTL
INE0GFE01026,EQ,BE,2025-06-13,2025-06-16,EXXARO,EXXARO
INE0JM501013,EQ,BE,2025-06-13,2025-06-16,NRL,NRL
INE0JQS01019,SM,ST,2025-06-13,2025-06-16,TECHERA,TECHERA
INE0N4G01012,ST,SM,2025-06-13,2025-06-16,PARAGON,PARAGON
INE0P1P01017,ST,SM,2025-06-13,2025-06-18,MARINETRAN,MARINETRAN
INE0QJ901011,ST,SM,2025-06-13,2025-06-16,DIGIKORE,DIGIKORE
INE0S8401018,ST,SM,2025-06-13,2025-06-16,DCG,DCG
INE0SZ301012,ST,SM,2025-06-13,2025-06-16,BULKCORP,BULKCORP
INE557B01019,EQ,BE,2025-06-13,2025-06-16,LIBERTSHOE,LIBERTSHOE
INE726L01019,BE,EQ,2025-06-13,2025-06-16,DELPHIFX,DELPHIFX
INE865T01018,BE,EQ,2025-06-13,2025-06-16,PDMJEPAPER,PDMJEPAPER
INE945H01013,BE,EQ,2025-06-13,2025-06-16,V2RETAIL,V2RETAIL
INE00IK01029,BE,EQ,2025-06-16,2025-06-17,OSWALSEEDS,OSWALSEEDS
INE00M901018,EQ,BE,2025-06-16,2025-06-17,INTERARCH,INTERARCH
INE011E01029,EQ,BE,2025-06-16,2025-06-17,BALUFORGE,BALUFORGE
INE01JE01028,EQ,BE,2025-06-16,2025-06-17,MARINE,MARINE
INE01P501012,BE,EQ,2025-06-16,2025-06-17,XELPMOC,XELPMOC
INE052I01032,EQ,BE,2025-06-16,2025-06-17,CAMLINFINE,CAMLINFINE
INE058B01018,BE,EQ,2025-06-16,2025-06-17,ZENITHEXPO,ZENITHEXPO
INE087B01017,BE,EQ,2025-06-16,2025-06-17,ANIKINDS,ANIKINDS
INE095I01015,EQ,BE,2025-06-16,2025-06-17,PPAP,PPAP
INE098201036,EQ,BE,2025-06-16,2025-06-17,VCL,VCL
INE0AZY01017,SM,ST,2025-06-16,2025-06-17,VILAS,VILAS
INE0BX301013,BE,EQ,2025-06-16,2025-06-17,PROSTARM,PROSTARM
INE0FLF01015,ST,SM,2025-06-16,2025-06-17,NIKITA,NIKITA
INE0JWS01017,BE,EQ,2025-06-16,2025-06-17,VALIANTLAB,VALIANTLAB
INE0KQN01018,EQ,BE,2025-06-16,2025-06-17,BAJEL,BAJEL
INE0M4D01010,EQ,BE,2025-06-16,2025-06-17,SGLTL,SGLTL
INE0NB801022,SM,ST,2025-06-16,2025-06-17,SATKARTAR,SATKARTAR
INE0NLT01010,EQ,BE,2025-06-16,2025-06-17,BLSE,BLSE
INE0OUT01019,SM,ST,2025-06-16,2025-06-17,ORIANA,ORIANA
INE0P0001010,SM,ST,2025-06-16,2025-06-17,APS,APS
INE0P4T01013,SM,ST,2025-06-16,2025-06-17,ARVINDPORT,ARVINDPORT
INE0PCY01014,SM,ST,2025-06-16,2025-06-17,AKANKSHA,AKANKSHA
INE0STM01017,SM,ST,2025-06-16,2025-06-17,ALUWIND,ALUWIND
INE0TO501019,SM,ST,2025-06-16,2025-06-17,HVAX,HVAX
INE0U2501017,SM,ST,2025-06-16,2025-06-17,FORCAS,FORCAS
INE0U3I01011,EQ,BE,2025-06-16,2025-06-17,UNIMECH,UNIMECH
INE0X3M01010,ST,SM,2025-06-16,2025-06-17,BLUEWATER,BLUEWATER
INE116D01028,BE,EQ,2025-06-16,2025-06-17,BAGFILMS,BAGFILMS
INE155G01029,EQ,BE,2025-06-16,2025-06-17,NDTV,NDTV
INE156A01020,EQ,BE,2025-06-16,2025-06-17,INDORAMA,INDORAMA
INE202H01019,EQ,BE,2025-06-16,2025-06-17,KERNEX,KERNEX
INE206N01018,EQ,BE,2025-06-16,2025-06-17,RELTD,RELTD
INE215I01027,EQ,BE,2025-06-16,2025-06-17,MAANALU,MAANALU
INE218C01016,EQ,BE,2025-06-16,2025-06-17,AUSOMENT,AUSOMENT
INE231C01019,EQ,BE,2025-06-16,2025-06-17,SHREYANIND,SHREYANIND
INE240C01028,BE,EQ,2025-06-16,2025-06-17,UMESLTD,UMESLTD
INE246B01019,EQ,BE,2025-06-16,2025-06-17,RAMCOSYS,RAMCOSYS
INE253A01025,EQ,BE,2025-06-16,2025-06-17,HINDMOTORS,HINDMOTORS
INE268B01013,EQ,BE,2025-06-16,2025-06-17,KREBSBIO,KREBSBIO
INE306C01019,EQ,BE,2025-06-16,2025-06-17,ENERGYDEV,ENERGYDEV
INE312C01025,EQ,BE,2025-06-16,2025-06-17,SYNCOMF,SYNCOMF
INE314G01014,BE,EQ,2025-06-16,2025-06-17,KALYANIFRG,KALYANIFRG
INE378D01032,EQ,BE,2025-06-16,2025-06-17,MADHUCON,MADHUCON
INE385W01011,EQ,BE,2025-06-16,2025-06-17,DCAL,DCAL
INE411D01015,EQ,BE,2025-06-16,2025-06-17,SKMEGGPROD,SKMEGGPROD
INE413B01023,EQ,BE,2025-06-16,2025-06-17,RUCHINFRA,RUCHINFRA
INE431F01018,EQ,BE,2025-06-16,2025-06-17,PKTEA,PKTEA
INE439T01012,BE,EQ,2025-06-16,2025-06-17,NITIRAJ,NITIRAJ
INE450G01024,BE,EQ,2025-06-16,2025-06-17,VIPCLOTHNG,VIPCLOTHNG
INE479D01038,EQ,BE,2025-06-16,2025-06-17,KRITI,KRITI
INE495B01038,EQ,BE,2025-06-16,2025-06-17,SUVEN,SUVEN
INE497S01012,EQ,BE,2025-06-16,2025-06-17,GODAVARIB,GODAVARIB
INE510W01014,EQ,BE,2025-06-16,2025-06-17,INOXGREEN,INOXGREEN
INE517B01013,EQ,BE,2025-06-16,2025-06-17,TTML,TTML
INE523B01011,BE,EQ,2025-06-16,2025-06-17,AKSHOPTFBR,AKSHOPTFBR
INE524L01026,BE,EQ,2025-06-16,2025-06-17,KRIDHANINF,KRIDHANINF
INE526B01014,BE,EQ,2025-06-16,2025-06-17,CALSOFT,CALSOFT
INE544H01014,BE,EQ,2025-06-16,2025-06-17,JHS,JHS
INE549A01026,EQ,BE,2025-06-16,2025-06-17,HCC,HCC
INE565V01010,EQ,BE,2025-06-16,2025-06-17,VALIANTORG,VALIANTORG
INE577L01016,BE,EQ,2025-06-16,2025-06-17,STEL,STEL
INE592B01024,EQ,BE,2025-06-16,2025-06-17,TTL,TTL
INE614G01033,EQ,BE,2025-06-16,2025-06-17,RPOWER,RPOWER
INE617A01013,BE,EQ,2025-06-16,2025-06-17,SEMAC,SEMAC
INE632X01030,BE,EQ,2025-06-16,2025-06-17,SHRENIK,SHRENIK
INE640C01011,BE,EQ,2025-06-16,2025-06-17,SHAHALLOYS,SHAHALLOYS
INE660C01027,EQ,BE,2025-06-16,2025-06-17,CENTRUM,CENTRUM
INE676A01027,EQ,BE,2025-06-16,2025-06-17,BBOX,BBOX
INE699B01027,BE,EQ,2025-06-16,2025-06-17,SAMBHAAV,SAMBHAAV
INE704H01022,BE,EQ,2025-06-16,2025-06-17,CINELINE,CINELINE
INE711A01022,EQ,BE,2025-06-16,2025-06-17,WALCHANNAG,WALCHANNAG
INE738V01013,EQ,BE,2025-06-16,2025-06-17,ARTNIRMAN,ARTNIRMAN
INE740X01023,EQ,BE,2025-06-16,2025-06-17,LAL,LAL
INE747B01016,BE,EQ,2025-06-16,2025-06-17,NEXTMEDIA,NEXTMEDIA
INE753W01010,BE,EQ,2025-06-16,2025-06-17,SANGINITA,SANGINITA
INE754A01055,EQ,BE,2025-06-16,2025-06-17,SUBEXLTD,SUBEXLTD
INE759V01019,BE,EQ,2025-06-16,2025-06-17,HEADSUP,HEADSUP
INE761Y01019,EQ,BE,2025-06-16,2025-06-17,ZODIAC,ZODIAC
INE790G01031,EQ,BE,2025-06-16,2025-06-17,SHILPAMED,SHILPAMED
INE806C01018,EQ,BE,2025-06-16,2025-06-17,TIL,TIL
INE809A01032,BE,EQ,2025-06-16,2025-06-17,RAMAPHO,RAMAPHO
INE818B01023,BE,EQ,2025-06-16,2025-06-17,PASUPTAC,PASUPTAC
INE824Q01011,BE,EQ,2025-06-16,2025-06-17,MANAKSTEEL,MANAKSTEEL
INE829A01014,EQ,BE,2025-06-16,2025-06-17,BIOFILCHEM,BIOFILCHEM
INE839M01018,EQ,BE,2025-06-16,2025-06-17,SCHNEIDER,SCHNEIDER
INE840Y01029,EQ,BE,2025-06-16,2025-06-17,ONEPOINT,ONEPOINT
INE847C01020,BE,EQ,2025-06-16,2025-06-17,ROSSELLIND,ROSSELLIND
INE864K01010,BE,EQ,2025-06-16,2025-06-17,IRIS,IRIS
INE879E01037,BE,EQ,2025-06-16,2025-06-17,KANANIIND,KANANIIND
INE970D01010,BE,EQ,2025-06-16,2025-06-17,LOYALTEX,LOYALTEX
INE985P01012,ST,SM,2025-06-16,2025-06-18,GRETEX,GRETEX
INE090501011,BE,EQ,2025-06-17,2025-06-18,SCODATUBES,SCODATUBES
INE0ALR01029,EQ,BE,2025-06-17,2025-06-18,ATALREAL,ATALREAL
INE104101014,ST,SM,2025-06-17,2025-06-18,NRVANDANA,NRVANDANA
INE156901014,ST,SM,2025-06-17,2025-06-18,NEPTUNE,NEPTUNE
INE268H01044,EQ,BE,2025-06-17,2025-06-18,NAVKARURB,NAVKARURB
INE289A01011,EQ,BE,2025-06-17,2025-06-18,NAHARINDUS,NAHARINDUS
INE725L01011,EQ,BE,2025-06-17,2025-06-18,KARMAENG,KARMAENG
INE740D01017,EQ,BE,2025-06-17,2025-06-18,NRAIL,NRAIL
INE0MEG01014,SM,ST,2025-06-18,2025-06-19,VIVIANA,VIVIANA
INE482J01021,EQ,BE,2025-06-18,2025-06-19,SHAH,SHAH
INE980Y01015,EQ,BE,2025-06-18,2025-06-19,SOUTHWEST,SOUTHWEST
INE022I01019,EQ,BE,2025-06-19,2025-06-20,ASIANTILES,ASIANTILES
INE0GGO01015,SM,BE,2025-06-19,2025-06-20,KRISHIVAL,KRISHIVAL
INE0U9101019,SM,ST,2025-06-19,2025-06-20,EFFWA,EFFWA
INE353H01010,EQ,BE,2025-06-19,2025-06-20,SGL,SGL
INE655A01013,EQ,BE,2025-06-19,2025-06-20,STCINDIA,STCINDIA
INE731A01020,EQ,BE,2025-06-19,2025-06-20,ARCHIES,ARCHIES
INE800A01015,EQ,BE,2025-06-19,2025-06-20,BIRLACABLE,BIRLACABLE
INE834I01025,BE,EQ,2025-06-19,2025-06-20,KHADIM,KHADIM
INE964W01021,EQ,BE,2025-06-19,2025-06-20,MKPL,MKPL
INE039B01026,EQ,BE,2025-06-20,2025-06-23,CINEVISTA,CINEVISTA
INE052T01013,BE,EQ,2025-06-20,2025-06-23,BESTAGRO,BESTAGRO
INE059901020,EQ,BE,2025-06-20,2025-06-23,IEL,IEL
INE090Y01013,ST,SM,2025-06-20,2025-06-23,CADSYS,CADSYS
INE0PEQ01016,BE,EQ,2025-06-20,2025-06-23,RBZJEWEL,RBZJEWEL
INE0Q7P01013,ST,SM,2025-06-20,2025-06-23,KODYTECH,KODYTECH
INE0QX401014,SM,ST,2025-06-20,2025-06-23,BARFLEX,BARFLEX
INE0T4V01015,ST,SM,2025-06-20,2025-06-23,APEXECO,APEXECO
INE0U6N01014,ST,SM,2025-06-20,2025-06-23,SFML,SFML
INE0XOW01017,ST,SM,2025-06-20,2025-06-23,KKJEWELS,KKJEWELS
INE123F01029,BE,EQ,2025-06-20,2025-06-23,MMTC,MMTC
INE142I01023,BZ,BE,2025-06-20,2025-06-23,TAKE,TAKE
INE226H01026,BE,EQ,2025-06-20,2025-06-23,SADBHAV,SADBHAV
INE262Z01023,BE,EQ,2025-06-20,2025-06-23,LATTEYS,LATTEYS
INE278R01034,EQ,BE,2025-06-20,2025-06-23,KBCGLOBAL,KBCGLOBAL
INE416A01044,BE,EQ,2025-06-20,2025-06-23,SABTNL,SABTNL
INE440L01017,BE,EQ,2025-06-20,2025-06-23,TIJARIA,TIJARIA
INE602G01020,BE,EQ,2025-06-20,2025-06-23,KITEX,KITEX
INE828A01016,BE,EQ,2025-06-20,2025-06-23,BIL,BIL
INE911B01018,EQ,BE,2025-06-20,2025-06-23,TCIFINANCE,TCIFINANCE
INE0MRA01019,ST,SM,2025-06-23,2025-06-30,RITEZONE,RITEZONE
INE0O7A01017,SM,ST,2025-06-23,2025-06-24,PRAMARA,PRAMARA
INE104Y01012,SM,ST,2025-06-23,2025-06-30,MANAV,MANAV
INE087Z01024,EQ,BE,2025-06-24,2025-06-25,AAKASH,AAKASH
INE0U4101014,BE,EQ,2025-06-24,2025-06-25,BLUSPRING,BLUSPRING
INE0U4701011,BE,EQ,2025-06-24,2025-06-25,DIGITIDE,DIGITIDE
INE0ZI101018,ST,SM,2025-06-24,2025-06-25,GANGABATH,GANGABATH
INE0GOJ01027,SM,ST,2025-06-25,2025-06-26,QUADPRO,QUADPRO
INE0QYI01019,SM,ST,2025-06-25,2025-06-26,DIVYADHAN,DIVYADHAN
INE0SQH01013,SM,ST,2025-06-25,2025-06-26,BIKEWO,BIKEWO
INE318D01020,EQ,BE,2025-06-25,2025-06-26,ZENITHSTL,ZENITHSTL
INE635A01023,EQ,BE,2025-06-25,2025-06-26,SHYAMTEL,SHYAMTEL
INE912L01015,EQ,BE,2025-06-25,2025-06-26,ONELIFECAP,ONELIFECAP
INE732S01012,EQ,BE,2025-06-26,2025-06-27,SAKAR,SAKAR
INE013901017,ST,SZ,2025-06-27,2025-06-30,SAHAJ,SAHAJ
INE06IR01021,EQ,BE,2025-06-27,2025-06-30,OSIAHYPER,OSIAHYPER
INE0G1L01017,ST,SM,2025-06-27,2025-06-30,LEMERITE,LEMERITE
INE0GXK01018,ST,SM,2025-06-27,2025-06-30,VMARCIND,VMARCIND
INE0R8C01018,ST,SM,2025-06-27,2025-06-30,GGBL,GGBL
INE0SMA01017,ST,SM,2025-06-27,2025-06-30,SLONE,SLONE
INE0X6F01017,ST,SM,2025-06-27,2025-06-30,SDREAMS,SDREAMS
INE185E01021,BE,EQ,2025-06-27,2025-06-30,FILATFASH,FILATFASH
INE1ARD01016,ST,SM,2025-06-27,2025-06-30,SACHEEROME,SACHEEROME
INE326T01011,EQ,BE,2025-06-27,2025-06-30,NIRAJISPAT,NIRAJISPAT
INE363M01019,BE,EQ,2025-06-27,2025-06-30,SHEMAROO,SHEMAROO
INE581X01021,BE,EQ,2025-06-27,2025-06-30,GLOBE,GLOBE
INE688Y01022,BE,EQ,2025-06-27,2025-06-30,DANGEE,DANGEE
INE694N01015,BE,EQ,2025-06-27,2025-06-30,HERANBA,HERANBA
INE804H01012,BE,EQ,2025-06-27,2025-06-30,TFL,TFL
INE824G01012,BE,EQ,2025-06-27,2025-06-30,JSWHL,JSWHL
INE831A01028,BE,EQ,2025-06-27,2025-06-30,MIRCELECTR,MIRCELECTR
INE976E01023,EQ,BE,2025-06-27,2025-06-30,FOODSIN,FOODSIN
INE071F01012,EQ,BE,2025-06-30,2025-07-01,APCL,APCL
INE0XIL01012,ST,SM,2025-06-30,2025-07-01,JAINIK,JAINIK
INE229A01017,EQ,BE,2025-06-30,2025-07-01,ONWARDTEC,ONWARDTEC
INE809A01032,EQ,BE,2025-06-30,2025-07-01,RAMAPHO,RAMAPHO
INE878I01022,BE,EQ,2025-06-30,2025-07-01,BAFNAPH,BAFNAPH
INE0LR101013,SM,ST,2025-07-01,2025-07-02,ANLON,ANLON
INE105Y01019,SM,ST,2025-07-01,2025-07-02,MPTODAY,MPTODAY
INE110B01017,EQ,BE,2025-07-01,2025-07-02,MINDTECK,MINDTECK
INE231G01010,EQ,BE,2025-07-01,2025-07-02,ORBTEXP,ORBTEXP
INE251C01025,EQ,BE,2025-07-01,2025-07-02,ABMINTLLTD,ABMINTLLTD
INE291W01037,EQ,BE,2025-07-01,2025-07-02,GLOBAL,GLOBAL
INE526B01014,EQ,BE,2025-07-01,2025-07-02,CALSOFT,CALSOFT
INE550B01022,EQ,BE,2025-07-01,2025-07-02,HBSL,HBSL
INE020G01017,EQ,BE,2025-07-02,2025-07-03,INSPIRISYS,INSPIRISYS
INE049I01012,EQ,BE,2025-07-02,2025-07-03,NAHARCAP,NAHARCAP
INE0GIU01018,EQ,BE,2025-07-02,2025-07-03,UMAEXPORTS,UMAEXPORTS
INE0IJY01014,SM,ST,2025-07-02,2025-07-03,TIMESCAN,TIMESCAN
INE1DV401010,ST,SM,2025-07-02,2025-07-03,MONOLITH,MONOLITH
INE1NPP01017,BE,EQ,2025-07-02,2025-07-03,ENRIN,ENRIN
INE235C01028,BE,EQ,2025-07-02,2025-07-03,SUMEETINDS,SUMEETINDS
INE392A01021,EQ,BE,2025-07-02,2025-07-03,VISAKAIND,VISAKAIND
INE524L01026,EQ,BE,2025-07-02,2025-07-03,KRIDHANINF,KRIDHANINF
INE802B01027,EQ,BE,2025-07-02,2025-07-03,LINC,LINC
INE824G01012,EQ,BE,2025-07-02,2025-07-03,JSWHL,JSWHL
INE01GN01025,EQ,BE,2025-07-03,2025-07-04,IRISDOREME,IRISDOREME
INE141D01018,EQ,BE,2025-07-03,2025-07-04,TNTELE,TNTELE
INE0JZA01018,ST,SM,2025-07-04,2025-07-07,SONUINFRA,SONUINFRA
INE0SRI01019,ST,SM,2025-07-04,2025-07-07,VERITAAS,VERITAAS
INE0ZI101018,SM,ST,2025-07-04,2025-07-07,GANGABATH,GANGABATH
INE124101010,ST,SM,2025-07-04,2025-07-07,SAMAY,SAMAY
INE138A01028,BE,EQ,2025-07-04,2025-07-07,PENINLAND,PENINLAND
INE14LE01019,BE,EQ,2025-07-04,2025-07-07,ABLBL,ABLBL
INE17GV01016,ST,SM,2025-07-04,2025-07-07,PATILAUTOM,PATILAUTOM
INE235C01028,EQ,BE,2025-07-04,2025-07-07,SUMEETINDS,SUMEETINDS
INE294G01026,EQ,BE,2025-07-04,2025-07-07,ROML,ROML
INE324L01013,BE,EQ,2025-07-04,2025-07-07,RPPINFRA,RPPINFRA
INE353A01023,BE,EQ,2025-07-04,2025-07-07,NDLVENTURE,NDLVENTURE
INE397H01017,BE,EQ,2025-07-04,2025-07-07,LOKESHMACH,LOKESHMACH
INE555Z01020,BE,EQ,2025-07-04,2025-07-07,TARACHAND,TARACHAND
INE561M01018,EQ,BE,2025-07-04,2025-07-07,ISHANCH,ISHANCH
INE610B01024,BE,EQ,2025-07-04,2025-07-07,GUJRAFFIA,GUJRAFFIA
INE642Z01026,BE,EQ,2025-07-04,2025-07-07,AKI,AKI
INE646X01014,BE,EQ,2025-07-04,2025-07-07,ASTRON,ASTRON
INE848A01014,BE,EQ,2025-07-04,2025-07-07,IZMO,IZMO
INE863T01013,BE,EQ,2025-07-04,2025-07-07,JITFINFRA,JITFINFRA
INE03V001013,EQ,BE,2025-07-07,2025-07-08,UNIVPHOTO,UNIVPHOTO
INE0PSK01027,SM,ST,2025-07-07,2025-07-08,SAAKSHI,SAAKSHI
INE11HF01010,ST,SM,2025-07-07,2025-07-08,EEPL,EEPL
INE224E01036,EQ,BE,2025-07-07,2025-07-08,GATECHDVR,GATECHDVR
INE726L01019,EQ,BE,2025-07-07,2025-07-08,DELPHIFX,DELPHIFX
INE00RQ01019,SM,ST,2025-07-08,2025-07-10,MINDPOOL,MINDPOOL
INE0MYZ01012,ST,SM,2025-07-08,2025-07-09,INFLUX,INFLUX
INE0NZW01014,SM,ST,2025-07-08,2025-07-09,PATTECH,PATTECH
INE0S7E01015,SM,ST,2025-07-08,2025-07-09,GPECO,GPECO
INE0TTG01017,SM,ST,2025-07-09,2025-07-10,ARUNAYA,ARUNAYA
INE144D01012,EQ,BE,2025-07-09,2025-07-10,CUBEXTUB,CUBEXTUB
INE283A01014,EQ,BE,2025-07-09,2025-07-10,PRECOT,PRECOT
INE293B01029,EQ,BE,2025-07-09,2025-07-10,HAVISHA,HAVISHA
INE363M01019,EQ,BE,2025-07-09,2025-07-10,SHEMAROO,SHEMAROO
INE440L01017,EQ,BE,2025-07-09,2025-07-10,TIJARIA,TIJARIA
INE480M01011,EQ,BE,2025-07-09,2025-07-10,THOMASCOTT,THOMASCOTT
INE518X01015,SM,ST,2025-07-09,2025-07-10,CBAZAAR,CBAZAAR
INE546V01010,EQ,BE,2025-07-09,2025-07-10,EIFFL,EIFFL
INE610C01014,EQ,BE,2025-07-09,2025-07-10,ARENTERP,ARENTERP
INE642Z01026,EQ,BE,2025-07-09,2025-07-10,AKI,AKI
INE688Y01022,EQ,BE,2025-07-09,2025-07-10,DANGEE,DANGEE
INE804H01012,EQ,BE,2025-07-09,2025-07-10,TFL,TFL
INE03JI01017,EQ,BE,2025-07-10,2025-07-11,DGCONTENT,DGCONTENT
INE03KJ01013,ST,SM,2025-07-10,2025-07-15,SHIGAN,SHIGAN
INE0JS101016,EQ,BE,2025-07-10,2025-07-11,DREAMFOLKS,DREAMFOLKS
INE0QZM01018,ST,SM,2025-07-10,2025-08-18,DRSCARGO,DRSCARGO
INE0ZTO01018,ST,SM,2025-07-10,2025-07-11,MAYASHEEL,MAYASHEEL
INE17D601016,ST,SM,2025-07-10,2025-07-11,SAFEENTP,SAFEENTP
INE1DV401010,SM,ST,2025-07-10,2025-07-11,MONOLITH,MONOLITH
INE1GYP01013,ST,SM,2025-07-10,2025-07-11,AAKAAR,AAKAAR
INE448G01010,EQ,BE,2025-07-10,2025-07-11,NATHBIOGEN,NATHBIOGEN
INE864K01010,EQ,BE,2025-07-10,2025-07-11,IRIS,IRIS
INE915B01019,EQ,BE,2025-07-10,2025-07-11,INDSWFTLAB,INDSWFTLAB
INE925Y01036,EQ,BE,2025-07-10,2025-07-11,GODHA,GODHA
INE014B01011,BE,EQ,2025-07-11,2025-07-14,TECILCHEM,TECILCHEM
INE018401013,BE,EQ,2025-07-11,2025-07-14,SUVIDHAA,SUVIDHAA
INE01ZJ01015,ST,SM,2025-07-11,2025-07-14,SURANI,SURANI
INE023H01027,EQ,BE,2025-07-11,2025-07-14,NECLIFE,NECLIFE
INE0DSF01015,BE,EQ,2025-07-11,2025-07-14,NURECA,NURECA
INE0I3401014,BE,EQ,2025-07-11,2025-07-14,DBOL,DBOL
INE0LS001014,ST,SM,2025-07-11,2025-07-14,USHAFIN,USHAFIN
INE0MGA01012,ST,SM,2025-07-11,2025-07-14,KARNIKA,KARNIKA
INE0OFK01019,ST,SM,2025-07-11,2025-07-14,CRAYONS,CRAYONS
INE0OJW01016,BE,EQ,2025-07-11,2025-07-14,ROSSTECH,ROSSTECH
INE0OK701014,ST,SM,2025-07-11,2025-07-14,NIRMAN,NIRMAN
INE0QWN01013,ST,SM,2025-07-11,2025-07-14,ZENITHDRUG,ZENITHDRUG
INE0UYG01015,ST,SM,2025-07-11,2025-07-14,ABHAPOWER,ABHAPOWER
INE188Y01031,BE,EQ,2025-07-11,2025-07-14,VERTOZ,VERTOZ
INE277C01012,BE,EQ,2025-07-11,2025-07-14,REGENCERAM,REGENCERAM
INE296H01011,BE,EQ,2025-07-11,2025-07-14,EMKAY,EMKAY
INE308E01029,BE,EQ,2025-07-11,2025-07-14,SVPGLOB,SVPGLOB
INE323B01024,BE,EQ,2025-07-11,2025-07-14,AVONMORE,AVONMORE
INE409B01013,BE,EQ,2025-07-11,2025-07-14,SWELECTES,SWELECTES
INE617A01013,EQ,BE,2025-07-11,2025-07-14,SEMAC,SEMAC
INE645H01027,BE,EQ,2025-07-11,2025-07-14,SUTLEJTEX,SUTLEJTEX
INE650K01021,BE,EQ,2025-07-11,2025-07-14,SECURKLOUD,SECURKLOUD
INE749B01020,BE,EQ,2025-07-11,2025-07-14,ORTINGLOBE,ORTINGLOBE
INE802W01023,BE,EQ,2025-07-11,2025-07-14,BOHRAIND,BOHRAIND
INE887E01022,BE,EQ,2025-07-11,2025-07-14,NGLFINE,NGLFINE
INE900B01029,BE,EQ,2025-07-11,2025-07-14,KABRAEXTRU,KABRAEXTRU
INE014B01011,EQ,BE,2025-07-14,2025-07-16,TECILCHEM,TECILCHEM
INE0MLZ01019,SM,ST,2025-07-14,2025-07-15,PHANTOMFX,PHANTOMFX
INE0NON01025,ST,SM,2025-07-14,2025-07-15,SHKSIL,SHKSIL
INE0PQK01013,SM,ST,2025-07-14,2025-07-15,FALCONTECH,FALCONTECH
INE0V3U01015,BE,EQ,2025-07-14,2025-07-15,GLOBECIVIL,GLOBECIVIL
INE1SY401010,BE,EQ,2025-07-14,2025-07-15,RAYMONDREL,RAYMONDREL
INE824Q01011,EQ,BE,2025-07-14,2025-07-15,MANAKSTEEL,MANAKSTEEL
INE0BHK01012,SM,ST,2025-07-15,2025-07-16,VISAMAN,VISAMAN
INE0SGZ01016,ST,SM,2025-07-15,2025-07-16,SUNTECH,SUNTECH
INE0YKW01013,SM,ST,2025-07-15,2025-07-16,FORGEAUTO,FORGEAUTO
INE14W901010,ST,SM,2025-07-15,2025-07-16,RTL,RTL
INE314C01013,EQ,BE,2025-07-15,2025-07-16,SOMATEX,SOMATEX
INE590L01019,EQ,BE,2025-07-15,2025-07-16,VASWANI,VASWANI
INE602G01020,EQ,BE,2025-07-15,2025-07-16,KITEX,KITEX
INE05J901018,BE,EQ,2025-07-16,2025-07-17,IGCL,IGCL
INE0R3T01013,ST,SM,2025-07-16,2025-07-21,MANDEEP,MANDEEP
INE0VJT01017,ST,SM,2025-07-16,2025-07-17,PROFX,PROFX
INE0XM301010,ST,SM,2025-07-16,2025-07-17,MMEL,MMEL
INE0YAL01017,SM,ST,2025-07-16,2025-07-17,PPSL,PPSL
INE124Y01010,SM,EQ,2025-07-16,2025-07-17,PASHUPATI,PASHUPATI
INE416A01044,EQ,BE,2025-07-16,2025-07-17,SABTNL,SABTNL
INE561H01026,EQ,BE,2025-07-16,2025-07-17,PARSVNATH,PARSVNATH
INE970D01010,EQ,BE,2025-07-16,2025-07-17,LOYALTEX,LOYALTEX
INE879I01012,EQ,BE,2025-07-17,2025-07-18,DBREALTY,DBREALTY
INE018401013,EQ,BE,2025-07-18,2025-07-21,SUVIDHAA,SUVIDHAA
INE0J1P01015,ST,SM,2025-07-18,2025-07-28,RICHA,RICHA
INE0KZ301010,ST,SM,2025-07-18,2025-07-21,KONTOR,KONTOR
INE0MOT01016,ST,SM,2025-07-18,2025-07-21,KANDARP,KANDARP
INE0OPS01011,ST,SM,2025-07-18,2025-07-21,OLIL,OLIL
INE0Q1W01012,ST,SM,2025-07-18,2025-07-21,EFORCE,EFORCE
INE0RYC01010,BE,EQ,2025-07-18,2025-07-21,STALLION,STALLION
INE0SN801015,ST,SM,2025-07-18,2025-07-21,SILKY,SILKY
INE0T7B01010,ST,SM,2025-07-18,2025-07-21,SPCL,SPCL
INE11J101017,ST,SM,2025-07-18,2025-07-21,CEDAAR,CEDAAR
INE154801018,ST,SM,2025-07-18,2025-07-21,PUSHPA,PUSHPA
INE15DO01012,ST,SM,2025-07-18,2025-07-21,KEN,KEN
INE385O01018,ST,SM,2025-07-18,2025-07-21,FROG,FROG
INE425B01027,BE,EQ,2025-07-18,2025-07-21,BCG,BCG
INE454M01024,BE,EQ,2025-07-18,2025-07-21,NAGAFERT,NAGAFERT
INE500X01013,EQ,BE,2025-07-18,2025-07-21,LEXUS,LEXUS
INE622H01018,BE,EQ,2025-07-18,2025-07-21,INDOFARM,INDOFARM
INE727S01012,BE,EQ,2025-07-18,2025-07-21,BRNL,BRNL
INE836F01026,BE,EQ,2025-07-18,2025-07-21,DISHTV,DISHTV
INE0PC901019,SM,ST,2025-07-21,2025-07-22,BIRDYS,BIRDYS
INE0PXC01024,ST,SM,2025-07-21,2025-07-22,ETL,ETL
INE148A01019,EQ,BE,2025-07-21,2025-07-22,TNPETRO,TNPETRO
INE688J01023,EQ,BE,2025-07-21,2025-07-22,EXCEL,EXCEL
INE01YQ01013,SM,ST,2025-07-22,2025-07-23,AUSL,AUSL
INE159N01027,EQ,BE,2025-07-22,2025-07-23,VIJIFIN,VIJIFIN
INE068Z01016,SM,ST,2025-07-23,2025-07-28,VASA,VASA
INE0TLP01015,ST,SM,2025-07-23,2025-07-24,WHITEFORCE,WHITEFORCE
INE539B01017,EQ,BE,2025-07-23,2025-07-24,VIRINCHI,VIRINCHI
INE0SZ301012,SM,ST,2025-07-24,2025-07-25,BULKCORP,BULKCORP
INE458B01036,EQ,BE,2025-07-24,2025-07-25,BHAGYANGR,BHAGYANGR
INE846D01012,EQ,BE,2025-07-24,2025-07-25,LORDSCHLO,LORDSCHLO
INE00KV01022,BE,EQ,2025-07-25,2025-07-28,RAJMET,RAJMET
INE0CDK01019,ST,SM,2025-07-25,2025-08-05,MAKS,MAKS
INE0EO401019,ST,SM,2025-07-25,2025-07-28,ROYALARC,ROYALARC
INE0I3H01019,ST,SM,2025-07-25,2025-07-28,VELS,VELS
INE0L4V01013,ST,SM,2025-07-25,2025-07-28,VILINBIO,VILINBIO
INE0MJQ01020,ST,SM,2025-07-25,2025-07-28,PRITIKA,PRITIKA
INE0NA501011,ST,SM,2025-07-25,2025-07-28,DIVINEHIRA,DIVINEHIRA
INE0O0201019,ST,SM,2025-07-25,2025-07-28,URBAN,URBAN
INE0O1S01012,ST,SM,2025-07-25,2025-07-29,MAGSON,MAGSON
INE0R6C01012,ST,SM,2025-07-25,2025-07-28,PURVFLEXI,PURVFLEXI
INE0XRN01019,ST,SM,2025-07-25,2025-07-28,DELTIC,DELTIC
INE14GK01016,ST,SM,2025-07-25,2025-07-28,SMARTEN,SMARTEN
INE214A01019,BE,EQ,2025-07-25,2025-07-28,CYBERTECH,CYBERTECH
INE241X01014,SM,ST,2025-07-25,2025-07-28,VOLERCAR,VOLERCAR
INE363A01022,BE,EQ,2025-07-25,2025-07-28,ASIANHOTNR,ASIANHOTNR
INE570D01018,BE,EQ,2025-07-25,2025-07-28,ARROWGREEN,ARROWGREEN
INE626Z01029,BE,EQ,2025-07-25,2025-07-28,HARDWYN,HARDWYN
INE704V01015,ST,SM,2025-07-25,2025-07-28,DRL,DRL
INE901X01013,ST,SM,2025-07-25,2025-07-28,FELIX,FELIX
INE0S9101013,SM,ST,2025-07-28,2025-07-29,WINNY,WINNY
INE17WC01013,SM,ST,2025-07-28,2025-07-29,TEJASCARGO,TEJASCARGO
INE500X01013,BE,EQ,2025-07-28,2025-07-31,LEXUS,LEXUS
INE803D01021,EQ,BE,2025-07-28,2025-07-29,INDOBORAX,INDOBORAX
INE219Y01018,SM,EQ,2025-07-29,2025-07-30,RMDRIP,RMDRIP
INE0CAJ01017,ST,SM,2025-07-30,2025-08-05,AILIMITED,AILIMITED
INE0OGG01015,ST,SM,2025-07-30,2025-08-05,DHTL,DHTL
INE368U01029,EQ,BE,2025-07-30,2025-07-31,UNITEDPOLY,UNITEDPOLY
INE0OPC01015,ST,SM,2025-07-31,2025-08-04,INM,INM
INE0PMR01017,SM,ST,2025-07-31,2025-08-01,AKIKO,AKIKO
INE0RMF01018,SM,ST,2025-07-31,2025-08-01,OSELDEVICE,OSELDEVICE
INE289C01025,EQ,BE,2025-07-31,2025-08-01,TIMESGTY,TIMESGTY
INE505V01016,SM,EQ,2025-07-31,2025-08-01,EUROBOND,EUROBOND
INE879I01012,BE,EQ,2025-07-31,2025-08-01,DBREALTY,DBREALTY
INE01II01013,BE,EQ,2025-08-01,2025-08-04,SILGO,SILGO
INE01KI01027,BE,EQ,2025-08-01,2025-08-04,VINNY,VINNY
INE040M01013,BE,EQ,2025-08-01,2025-08-04,TREEHOUSE,TREEHOUSE
INE05ST01028,BE,EQ,2025-08-01,2025-08-04,SBGLP,SBGLP
INE090B01011,EQ,BE,2025-08-01,2025-08-04,OMAXAUTO,OMAXAUTO
INE0B2N01016,SM,ST,2025-08-01,2025-08-04,CHANDAN,CHANDAN
INE0BSN01013,ST,SM,2025-08-01,2025-08-04,SATECH,SATECH
INE0BTI01037,BE,EQ,2025-08-01,2025-08-04,KAMOPAINTS,KAMOPAINTS
INE0DEZ01013,ST,SM,2025-08-01,2025-08-04,K2INFRA,K2INFRA
INE0DHF01018,ST,SM,2025-08-01,2025-08-04,IPHL,IPHL
INE0DZ701010,ST,SM,2025-08-01,2025-08-04,DYNAMIC,DYNAMIC
INE0ISZ01012,ST,SM,2025-08-01,2025-08-04,ZTECH,ZTECH
INE0J0B01017,ST,SM,2025-08-01,2025-08-04,KOTYARK,KOTYARK
INE0K4D01020,ST,SM,2025-08-01,2025-08-04,QUICKTOUCH,QUICKTOUCH
INE0LCW01025,ST,SM,2025-08-01,2025-08-04,ISHAN,ISHAN
INE0P4701011,ST,SM,2025-08-01,2025-08-04,SAHAJSOLAR,SAHAJSOLAR
INE0P7201019,ST,SM,2025-08-01,2025-08-04,DRONE,DRONE
INE0PDJ01013,ST,SM,2025-08-01,2025-08-04,ROXHITECH,ROXHITECH
INE0PQ601019,ST,SM,2025-08-01,2025-08-04,BALAJIPHOS,BALAJIPHOS
INE0PW501021,ST,SM,2025-08-01,2025-08-04,NEWJAISA,NEWJAISA
INE0Q9Q01017,ST,SM,2025-08-01,2025-08-04,SHANTHALA,SHANTHALA
INE0R0201012,ST,SM,2025-08-01,2025-08-04,LAMOSAIC,LAMOSAIC
INE0R3101011,ST,SM,2025-08-01,2025-08-04,MIEL,MIEL
INE0R7301013,ST,SM,2025-08-01,2025-08-04,RULKA,RULKA
INE0R8M01017,ST,SM,2025-08-01,2025-08-04,OWAIS,OWAIS
INE0RBQ01018,ST,SM,2025-08-01,2025-08-04,SAHASRA,SAHASRA
INE0RDH01021,ST,SM,2025-08-01,2025-08-04,LAWSIKHO,LAWSIKHO
INE0S3H01017,ST,SM,2025-08-01,2025-08-04,POSITRON,POSITRON
INE0SWN01019,ST,SM,2025-08-01,2025-08-04,TRUST,TRUST
INE0TVT01024,ST,SM,2025-08-01,2025-08-04,GANESHIN,GANESHIN
INE0U7V01015,ST,SM,2025-08-01,2025-08-04,C2C,C2C
INE0URU01010,BE,EQ,2025-08-01,2025-08-04,GLOBALE,GLOBALE
INE190H01024,BE,EQ,2025-08-01,2025-08-04,SAKUMA,SAKUMA
INE19QH01010,ST,SM,2025-08-01,2025-08-04,SPUNWEB,SPUNWEB
INE256Z01025,BE,EQ,2025-08-01,2025-08-04,AKSHAR,AKSHAR
INE360L01017,BE,EQ,2025-08-01,2025-08-04,FMNL,FMNL
INE411Y01011,BE,EQ,2025-08-01,2025-08-04,DIL,DIL
INE442P01014,BE,EQ,2025-08-01,2025-08-04,SUYOG,SUYOG
INE602G01020,BE,EQ,2025-08-01,2025-08-04,KITEX,KITEX
INE661I01014,BE,EQ,2025-08-01,2025-08-04,BGRENERGY,BGRENERGY
INE681C01015,BE,EQ,2025-08-01,2025-08-04,KEYFINSERV,KEYFINSERV
INE695B01025,BE,EQ,2025-08-01,2025-08-04,COUNCODOS,COUNCODOS
INE702Y01013,ST,SM,2025-08-01,2025-08-08,SMVD,SMVD
INE824G01012,BE,EQ,2025-08-01,2025-08-04,JSWHL,JSWHL
INE885F01015,BE,EQ,2025-08-01,2025-08-04,MASKINVEST,MASKINVEST
INE946H01037,BE,EQ,2025-08-01,2025-08-04,VIPULLTD,VIPULLTD
INE0TGX01019,BE,EQ,2025-08-05,2025-08-06,CHEMBONDCH,CHEMBONDCH
INE740V01019,EQ,BE,2025-08-06,2025-08-07,AGROPHOS,AGROPHOS
INE749B01020,EQ,BE,2025-08-06,2025-08-07,ORTINGLOBE,ORTINGLOBE
INE925S01012,ST,SZ,2025-08-07,2025-08-11,PERFECT,PERFECT
INE060J01017,BE,EQ,2025-08-08,2025-08-11,FLEXITUFF,FLEXITUFF
INE0J5801029,SM,EQ,2025-08-08,2025-08-11,JSLL,JSLL
INE0LF301013,ST,SM,2025-08-08,2025-08-11,AGNI,AGNI
INE0N2D01013,ST,SM,2025-08-08,2025-08-11,TBI,TBI
INE0N5H01017,ST,SM,2025-08-08,2025-08-11,JIWANRAM,JIWANRAM
INE0PTR01012,ST,SM,2025-08-08,2025-08-11,ROCKINGDCE,ROCKINGDCE
INE0RPM01017,ST,SM,2025-08-08,2025-08-11,SATIPOLY,SATIPOLY
INE0TP801012,ST,SM,2025-08-08,2025-08-11,NMSTEEL,NMSTEEL
INE0UCN01017,ST,SM,2025-08-08,2025-08-11,SAVY,SAVY
INE100D01014,BE,EQ,2025-08-08,2025-08-11,WSI,WSI
INE12E301017,ST,SM,2025-08-08,2025-08-11,GCHOTELS,GCHOTELS
INE268L01046,BE,EQ,2025-08-08,2025-08-11,SHEKHAWATI,SHEKHAWATI
INE295A01018,BE,EQ,2025-08-08,2025-08-11,EVERESTIND,EVERESTIND
INE319Y01024,BE,EQ,2025-08-08,2025-08-11,TIRUPATIFL,TIRUPATIFL
INE403Y01018,EQ,BE,2025-08-08,2025-08-11,INNOVANA,INNOVANA
INE405Y01021,ST,SM,2025-08-08,2025-08-11,GOLDSTAR,GOLDSTAR
INE440A01010,BE,EQ,2025-08-08,2025-08-11,ASHIMASYN,ASHIMASYN
INE747K01017,BE,EQ,2025-08-08,2025-08-11,TARAPUR,TARAPUR
INE871L01013,BE,EQ,2025-08-08,2025-08-11,TVVISION,TVVISION
INE938A01021,BE,EQ,2025-08-08,2025-08-11,LCCINFOTEC,LCCINFOTEC
INE952H01027,BE,EQ,2025-08-08,2025-08-11,RAJTV,RAJTV
INE0Q5D01013,SM,ST,2025-08-11,2025-08-12,ACCENTMIC,ACCENTMIC
INE0XIL01012,SM,ST,2025-08-11,2025-08-12,JAINIK,JAINIK
INE16VK01010,ST,SM,2025-08-12,2025-08-13,TSC,TSC
INE571B01036,EQ,BE,2025-08-12,2025-08-13,JAYBARMARU,JAYBARMARU
INE068Z01016,ST,SM,2025-08-13,2025-09-09,VASA,VASA
INE0N1401016,ST,SM,2025-08-13,2025-08-20,NEELAM,NEELAM
INE0STN01015,ST,SM,2025-08-13,2025-08-19,SILKFLEX,SILKFLEX
INE831A01028,EQ,BE,2025-08-13,2025-08-14,MIRCELECTR,MIRCELECTR
INE00RQ01019,ST,SM,2025-08-14,2025-09-11,MINDPOOL,MINDPOOL
INE051B01021,BE,EQ,2025-08-14,2025-08-18,VAKRANGEE,VAKRANGEE
INE09FA01019,ST,SM,2025-08-14,2025-08-18,YUDIZ,YUDIZ
INE0CHO01012,BE,EQ,2025-08-14,2025-08-18,ADL,ADL
INE0DAB01012,BE,EQ,2025-08-14,2025-08-18,RVTH,RVTH
INE0FPO01018,ST,SM,2025-08-14,2025-08-18,PHOGLOBAL,PHOGLOBAL
INE0HQI01014,ST,SM,2025-08-14,2025-08-18,BEWLTD,BEWLTD
INE0IJF01013,ST,SM,2025-08-14,2025-08-18,SELLOWRAP,SELLOWRAP
INE0OCC01013,ST,SM,2025-08-14,2025-08-18,BASILIC,BASILIC
INE0P8X01016,ST,SM,2025-08-14,2025-08-18,AGARWALTUF,AGARWALTUF
INE0QD201012,ST,SM,2025-08-14,2025-08-18,TECHLABS,TECHLABS
INE0QRV01016,ST,SM,2025-08-14,2025-08-18,ABSMARINE,ABSMARINE
INE0RJM01010,ST,SM,2025-08-14,2025-08-18,NAMAN,NAMAN
INE0SCO01019,ST,SM,2025-08-14,2025-08-18,DPEL,DPEL
INE105I01020,BE,EQ,2025-08-14,2025-08-18,SELMC,SELMC
INE10QL01011,ST,SM,2025-08-14,2025-08-18,READYMIX,READYMIX
INE155Z01011,BE,EQ,2025-08-14,2025-08-18,MACPOWER,MACPOWER
INE215B01022,BE,EQ,2025-08-14,2025-08-18,ORCHASP,ORCHASP
INE228I01012,BE,EQ,2025-08-14,2025-08-18,ASAHISONG,ASAHISONG
INE353A01023,EQ,BE,2025-08-18,2025-08-19,NDLVENTURE,NDLVENTURE
INE952A01022,BE,EQ,2025-08-18,2025-08-19,HINDNATGLS,HINDNATGLS
INE13ZD01013,ST,SM,2025-08-19,2025-08-20,KAYTEX,KAYTEX
INE0QBU01012,ST,SM,2025-08-20,2025-08-26,CPS,CPS
INE0VZX01015,ST,SM,2025-08-21,2025-08-22,RNPL,RNPL
INE0WL201014,ST,SM,2025-08-21,2025-08-22,CUDML,CUDML
INE1AII01014,SM,ST,2025-08-21,2025-08-22,IWARE,IWARE
INE03HW01020,BE,EQ,2025-08-22,2025-08-25,VLEGOV,VLEGOV
INE04VX01019,ST,SM,2025-08-22,2025-08-25,SHEETAL,SHEETAL
INE050401020,BE,EQ,2025-08-22,2025-08-25,ELIN,ELIN
INE06IJ01010,ST,SM,2025-08-22,2025-08-25,UTSSAV,UTSSAV
INE0CBM01019,SM,ST,2025-08-22,2025-08-25,USASEEDS,USASEEDS
INE0DZ101013,ST,SM,2025-08-22,2025-08-25,SABAR,SABAR
INE0J0B01017,SM,ST,2025-08-22,2025-08-25,KOTYARK,KOTYARK
INE0J6801010,ST,SM,2025-08-22,2025-08-25,KORE,KORE
INE0KZF01015,ST,SM,2025-08-22,2025-08-25,QVCEL,QVCEL
INE0QHG01026,ST,SM,2025-08-22,2025-08-25,SUPREMEPWR,SUPREMEPWR
INE0QN801017,BE,EQ,2025-08-22,2025-08-25,KRYSTAL,KRYSTAL
INE0RCG01017,ST,SM,2025-08-22,2025-08-25,KCEIL,KCEIL
INE0RRU01016,ST,SM,2025-08-22,2025-08-25,IEML,IEML
INE0TNX01015,ST,SM,2025-08-22,2025-08-25,REFRACTORY,REFRACTORY
INE0VCK01011,ST,SM,2025-08-22,2025-08-25,FLYSBS,FLYSBS
INE107F01022,BE,EQ,2025-08-22,2025-08-25,WANBURY,WANBURY
INE122M01019,BE,EQ,2025-08-22,2025-08-25,ESSARSHPNG,ESSARSHPNG
INE238Y01018,ST,SM,2025-08-22,2025-08-25,TIRUPATI,TIRUPATI
INE415D01024,BE,EQ,2025-08-22,2025-08-25,BHARATSE,BHARATSE
INE451L01014,BE,EQ,2025-08-22,2025-08-25,MAHASTEEL,MAHASTEEL
INE453D01025,BE,EQ,2025-08-22,2025-08-25,SARLAPOLY,SARLAPOLY
INE694E01014,BE,EQ,2025-08-22,2025-08-25,KANPRPLA,KANPRPLA
INE778K01012,BE,EQ,2025-08-22,2025-08-25,EMAMIREAL,EMAMIREAL
INE796G01012,BE,EQ,2025-08-22,2025-08-25,JINDALPHOT,JINDALPHOT
INE819L01012,BE,EQ,2025-08-22,2025-08-25,ELGIRUBCO,ELGIRUBCO
INE832A01018,BE,EQ,2025-08-22,2025-08-25,MODIRUBBER,MODIRUBBER
INE869Y01010,BE,EQ,2025-08-22,2025-08-25,TEMBO,TEMBO
INE878E01021,BE,EQ,2025-08-22,2025-08-25,SETCO,SETCO
INE978G01016,BE,EQ,2025-08-22,2025-08-25,SPLIL,SPLIL
INE0UYG01015,SM,ST,2025-08-25,2025-08-26,ABHAPOWER,ABHAPOWER
INE0ZRC01017,ST,SM,2025-08-25,2025-08-26,BHADORA,BHADORA
INE124401014,ST,SM,2025-08-25,2025-08-26,AARADHYA,AARADHYA
INE1H7V01011,ST,SM,2025-08-25,2025-08-26,PARTH,PARTH
INE1M3T01017,ST,SM,2025-08-25,2025-08-26,JYOTIGLOBL,JYOTIGLOBL
INE661I01014,EQ,BE,2025-08-25,2025-08-26,BGRENERGY,BGRENERGY
INE764L01010,EQ,BE,2025-08-25,2025-08-26,SADBHIN,SADBHIN
INE00RL01028,BE,EQ,2025-08-26,2025-08-28,HILINFRA,HILINFRA
INE0MOT01016,SM,ST,2025-08-26,2025-08-28,KANDARP,KANDARP
INE00IK01029,EQ,BE,2025-08-28,2025-08-29,OSWALSEEDS,OSWALSEEDS
INE0SUN01013,SM,ST,2025-08-28,2025-08-29,NEPHROCARE,NEPHROCARE
INE848A01014,EQ,BE,2025-08-28,2025-08-29,IZMO,IZMO
INE00WS01056,ST,SM,2025-08-29,2025-09-01,GSTL,GSTL
INE065J01024,BE,EQ,2025-08-29,2025-09-01,TPHQ,TPHQ
INE0A0S01010,BE,EQ,2025-08-29,2025-09-01,SIGMA,SIGMA
INE0BTR01012,ST,SM,2025-08-29,2025-09-01,SYNOPTICS,SYNOPTICS
INE0DTQ01028,ST,SM,2025-08-29,2025-09-01,LLOYDS,LLOYDS
INE0EAS01014,ST,SM,2025-08-29,2025-09-01,CONNPLEX,CONNPLEX
INE0GMR01016,ST,SM,2025-08-29,2025-09-01,SWARAJ,SWARAJ
INE0OMO01025,ST,SM,2025-08-29,2025-09-01,CELLECOR,CELLECOR
INE0QEI01011,ST,SM,2025-08-29,2025-09-01,KONSTELEC,KONSTELEC
INE0S3D01016,ST,SM,2025-08-29,2025-09-01,WINSOL,WINSOL
INE0S6S01017,ST,SM,2025-08-29,2025-09-01,HOACFOODS,HOACFOODS
INE0VA601019,ST,SM,2025-08-29,2025-09-01,HPTL,HPTL
INE0YRN01017,ST,SM,2025-08-29,2025-09-01,DHARIWAL,DHARIWAL
INE10A501018,ST,SM,2025-08-29,2025-09-01,MAXVOLT,MAXVOLT
INE10VS01016,ST,SM,2025-08-29,2025-09-01,SAWALIYA,SAWALIYA
INE1H7V01011,SM,ST,2025-08-29,2025-09-01,PARTH,PARTH
INE266F01018,BE,EQ,2025-08-29,2025-09-01,APTECHT,APTECHT
INE308A01027,BE,EQ,2025-08-29,2025-09-01,NAHARPOLY,NAHARPOLY
INE375Y01018,EQ,BE,2025-08-29,2025-09-01,RELIABLE,RELIABLE
INE392B01011,BE,EQ,2025-08-29,2025-09-01,PNC,PNC
INE568Z01015,BE,EQ,2025-08-29,2025-09-01,URAVIDEF,URAVIDEF
INE594B01012,BE,EQ,2025-08-29,2025-09-01,BSL,BSL
INE666E01020,EQ,BE,2025-08-29,2025-09-01,ACL,ACL
INE697V01011,BE,EQ,2025-08-29,2025-09-01,PANSARI,PANSARI
INE745B01028,BE,EQ,2025-08-29,2025-09-01,KHAICHEM,KHAICHEM
INE970N01027,BE,EQ,2025-08-29,2025-09-01,SPCENET,SPCENET
INE979R01011,BE,EQ,2025-08-29,2025-09-01,SHYAMCENT,SHYAMCENT
INE995D01025,BE,EQ,2025-08-29,2025-09-01,CHEMBOND,CHEMBOND
INE0T9I01011,SM,ST,2025-09-01,2025-09-02,IDEALTECHO,IDEALTECHO
INE0UOY01019,ST,SM,2025-09-01,2025-09-02,MEDISTEP,MEDISTEP
INE0VG001016,ST,SM,2025-09-01,2025-09-02,AMCL,AMCL
INE826C01016,EQ,BE,2025-09-01,2025-09-02,GUJAPOLLO,GUJAPOLLO
INE947I01017,EQ,BE,2025-09-01,2025-09-02,LOTUSEYE,LOTUSEYE
INE0TO601017,SM,ST,2025-09-02,2025-09-03,YASHOPTICS,YASHOPTICS
INE0DZ101013,SM,ST,2025-09-03,2025-09-04,SABAR,SABAR
INE0PCL01011,SM,ST,2025-09-03,2025-09-05,SAROJA,SAROJA
INE0RDE01010,ST,SM,2025-09-03,2025-09-09,SIGNORIA,SIGNORIA
INE623Y01011,SM,ST,2025-09-03,2025-09-04,WTICAB,WTICAB
INE632Q01018,ST,SM,2025-09-03,2025-09-04,MRIL,MRIL
INE819L01012,EQ,BE,2025-09-03,2025-09-04,ELGIRUBCO,ELGIRUBCO
INE01NE01012,EQ,BE,2025-09-04,2025-09-05,SRD,SRD
INE082101010,ST,SM,2025-09-04,2025-09-08,ARISTO,ARISTO
INE0LF301013,SM,ST,2025-09-04,2025-09-05,AGNI,AGNI
INE234I01028,EQ,BE,2025-09-04,2025-09-05,KAUSHALYA,KAUSHALYA
INE421A01028,EQ,BE,2025-09-04,2025-09-05,ABAN,ABAN
INE00ER01015,ST,SM,2025-09-05,2025-09-08,ONDOOR,ONDOOR
INE00OQ01016,BE,EQ,2025-09-05,2025-09-08,DHARMAJ,DHARMAJ
INE02OY01016,ST,SM,2025-09-05,2025-09-08,RILINFRA,RILINFRA
INE035801013,BE,EQ,2025-09-05,2025-09-08,AERONEU,AERONEU
INE03RS01027,BE,EQ,2025-09-05,2025-09-08,DRCSYSTEMS,DRCSYSTEMS
INE047O01014,BE,EQ,2025-09-05,2025-09-08,NIBL,NIBL
INE087A01019,BE,EQ,2025-09-05,2025-09-08,KESORAMIND,KESORAMIND
INE0H4B01011,ST,SM,2025-09-05,2025-09-09,LRRPL,LRRPL
INE0K5H01010,ST,SM,2025-09-05,2025-09-08,SADHAV,SADHAV
INE0K6601012,ST,SM,2025-09-05,2025-09-08,TGL,TGL
INE0KFF01017,ST,SM,2025-09-05,2025-09-08,EFACTOR,EFACTOR
INE0LQG01010,ST,SM,2025-09-05,2025-09-08,APRAMEYA,APRAMEYA
INE0M7001010,SM,ST,2025-09-05,2025-09-11,TAPIFRUIT,TAPIFRUIT
INE0NLB01018,ST,SM,2025-09-05,2025-09-08,VERTEXPLUS,VERTEXPLUS
INE0OJM01017,ST,SM,2025-09-05,2025-09-08,MASTER,MASTER
INE0PE401018,ST,SM,2025-09-05,2025-09-08,MEDIORG,MEDIORG
INE0R3501012,ST,SM,2025-09-05,2025-09-08,HRHNEXT,HRHNEXT
INE0S7801010,ST,SM,2025-09-05,2025-09-08,ASPIRE,ASPIRE
INE0SYV01018,ST,SM,2025-09-05,2025-09-08,TROM,TROM
INE0U2M01015,ST,SM,2025-09-05,2025-09-09,VDEAL,VDEAL
INE0U2N01013,ST,SM,2025-09-05,2025-09-08,SUNLITE,SUNLITE
INE0US801024,BE,EQ,2025-09-05,2025-09-08,MFML,MFML
INE250B01029,BE,EQ,2025-09-05,2025-09-08,VINYLINDIA,VINYLINDIA
INE319B01014,BE,EQ,2025-09-05,2025-09-08,BYKE,BYKE
INE349X01015,ST,SM,2025-09-05,2025-09-08,JALAN,JALAN
INE452L01012,BE,EQ,2025-09-05,2025-09-08,INCREDIBLE,INCREDIBLE
INE506Z01015,BE,EQ,2025-09-05,2025-09-08,DHRUV,DHRUV
INE551Q01028,ST,SM,2025-09-05,2025-09-12,VSCL,VSCL
INE650L01011,BE,EQ,2025-09-05,2025-09-08,BROOKS,BROOKS
INE670X01014,BE,EQ,2025-09-05,2025-09-08,LASA,LASA
INE729D01010,BE,EQ,2025-09-05,2025-09-08,KILITCH,KILITCH
INE794B01026,BE,EQ,2025-09-05,2025-09-08,BALAJITELE,BALAJITELE
INE854S01022,BE,EQ,2025-09-05,2025-09-08,GENCON,GENCON
INE880Y01017,ST,SM,2025-09-05,2025-09-08,SOLEX,SOLEX
INE886A01014,BE,EQ,2025-09-05,2025-09-08,IITL,IITL
INE895W01019,BE,EQ,2025-09-05,2025-09-08,PANACHE,PANACHE
INE902B01017,BE,EQ,2025-09-05,2025-09-08,S&SPOWER,S&SPOWER
INE00M901018,BE,EQ,2025-09-08,2025-09-09,INTERARCH,INTERARCH
INE00YB01017,BE,EQ,2025-09-08,2025-09-09,ABINFRA,ABINFRA
INE011E01029,BE,EQ,2025-09-08,2025-09-09,BALUFORGE,BALUFORGE
INE01II01013,EQ,BE,2025-09-08,2025-09-09,SILGO,SILGO
INE01JE01028,BE,EQ,2025-09-08,2025-09-09,MARINE,MARINE
INE03CC01015,EQ,BE,2025-09-08,2025-09-09,JUBLCPL,JUBLCPL
INE052I01032,BE,EQ,2025-09-08,2025-09-09,CAMLINFINE,CAMLINFINE
INE054301028,BE,EQ,2025-09-08,2025-09-09,ODIGMA,ODIGMA
INE076C01018,BE,EQ,2025-09-08,2025-09-09,IFBAGRO,IFBAGRO
INE09EO01013,BE,EQ,2025-09-08,2025-09-09,AARTISURF,AARTISURF
INE0AZY01017,ST,SM,2025-09-08,2025-09-09,VILAS,VILAS
INE0BTM01013,BE,EQ,2025-09-08,2025-09-09,SECMARK,SECMARK
INE0GOJ01027,ST,SM,2025-09-08,2025-09-10,QUADPRO,QUADPRO
INE0HKW01018,ST,SM,2025-09-08,2025-09-09,PRECISION,PRECISION
INE0KQN01018,BE,EQ,2025-09-08,2025-09-09,BAJEL,BAJEL
INE0LXG01040,EQ,BE,2025-09-08,2025-09-09,OLAELEC,OLAELEC
INE0M4D01010,BE,EQ,2025-09-08,2025-09-09,SGLTL,SGLTL
INE0N2P01017,EQ,BE,2025-09-08,2025-09-09,RISHABH,RISHABH
INE0NLT01010,BE,EQ,2025-09-08,2025-09-09,BLSE,BLSE
INE0OUT01019,ST,SM,2025-09-08,2025-09-09,ORIANA,ORIANA
INE0P0001010,ST,SM,2025-09-08,2025-09-09,APS,APS
INE0P4T01013,ST,SM,2025-09-08,2025-09-09,ARVINDPORT,ARVINDPORT
INE0PCY01014,ST,SM,2025-09-08,2025-09-09,AKANKSHA,AKANKSHA
INE0PQ601019,SM,ST,2025-09-08,2025-09-09,BALAJIPHOS,BALAJIPHOS
INE0QYI01019,ST,SM,2025-09-08,2025-09-09,DIVYADHAN,DIVYADHAN
INE0R3101011,SM,ST,2025-09-08,2025-09-09,MIEL,MIEL
INE0RQZ01017,ST,SM,2025-09-08,2025-09-09,ESCONET,ESCONET
INE0S1D01010,ST,SM,2025-09-08,2025-09-09,INNOMET,INNOMET
INE0SOY01013,SM,ST,2025-09-08,2025-09-09,TAC,TAC
INE0SQH01013,ST,SM,2025-09-08,2025-09-09,BIKEWO,BIKEWO
INE0U3I01011,BE,EQ,2025-09-08,2025-09-09,UNIMECH,UNIMECH
INE0U7V01015,SM,ST,2025-09-08,2025-09-09,C2C,C2C
INE0VCK01011,SM,ST,2025-09-08,2025-09-09,FLYSBS,FLYSBS
INE12E301017,SM,ST,2025-09-08,2025-09-09,GCHOTELS,GCHOTELS
INE142I01023,BE,EQ,2025-09-08,2025-09-09,TAKE,TAKE
INE142K01011,BE,EQ,2025-09-08,2025-09-09,LYPSAGEMS,LYPSAGEMS
INE155G01029,BE,EQ,2025-09-08,2025-09-09,NDTV,NDTV
INE156A01020,BE,EQ,2025-09-08,2025-09-09,INDORAMA,INDORAMA
INE17VO01028,ST,SM,2025-09-08,2025-09-09,STUDIOLSD,STUDIOLSD
INE201M01029,EQ,BE,2025-09-08,2025-09-09,CLEDUCATE,CLEDUCATE
INE202H01019,BE,EQ,2025-09-08,2025-09-09,KERNEX,KERNEX
INE206N01018,BE,EQ,2025-09-08,2025-09-09,RELTD,RELTD
INE217K01011,BE,EQ,2025-09-08,2025-09-09,RHFL,RHFL
INE218C01016,BE,EQ,2025-09-08,2025-09-09,AUSOMENT,AUSOMENT
INE231C01019,BE,EQ,2025-09-08,2025-09-09,SHREYANIND,SHREYANIND
INE236A01020,BE,EQ,2025-09-08,2025-09-09,HCL-INSYS,HCL-INSYS
INE246B01019,BE,EQ,2025-09-08,2025-09-09,RAMCOSYS,RAMCOSYS
INE268B01013,BE,EQ,2025-09-08,2025-09-09,KREBSBIO,KREBSBIO
INE312C01025,BE,EQ,2025-09-08,2025-09-09,SYNCOMF,SYNCOMF
INE318D01020,BE,EQ,2025-09-08,2025-09-09,ZENITHSTL,ZENITHSTL
INE335K01011,EQ,BE,2025-09-08,2025-09-09,COFFEEDAY,COFFEEDAY
INE363M01019,BE,EQ,2025-09-08,2025-09-09,SHEMAROO,SHEMAROO
INE370D01013,BE,EQ,2025-09-08,2025-09-09,MANORG,MANORG
INE378D01032,BE,EQ,2025-09-08,2025-09-09,MADHUCON,MADHUCON
INE385W01011,BE,EQ,2025-09-08,2025-09-09,DCAL,DCAL
INE411B01019,BE,EQ,2025-09-08,2025-09-09,VENUSREM,VENUSREM
INE413B01023,BE,EQ,2025-09-08,2025-09-09,RUCHINFRA,RUCHINFRA
INE440L01017,BE,EQ,2025-09-08,2025-09-09,TIJARIA,TIJARIA
INE446A01025,BE,EQ,2025-09-08,2025-09-09,ATLASCYCLE,ATLASCYCLE
INE473D01015,EQ,BE,2025-09-08,2025-09-09,KINGFA,KINGFA
INE480M01011,BE,EQ,2025-09-08,2025-09-09,THOMASCOTT,THOMASCOTT
INE481Z01011,BE,EQ,2025-09-08,2025-09-09,UNIINFO,UNIINFO
INE495B01038,BE,EQ,2025-09-08,2025-09-09,SUVEN,SUVEN
INE497S01012,BE,EQ,2025-09-08,2025-09-09,GODAVARIB,GODAVARIB
INE505C01016,EQ,BE,2025-09-08,2025-09-09,PRAENG,PRAENG
INE510W01014,BE,EQ,2025-09-08,2025-09-09,INOXGREEN,INOXGREEN
INE517B01013,BE,EQ,2025-09-08,2025-09-09,TTML,TTML
INE518X01015,ST,SM,2025-09-08,2025-09-09,CBAZAAR,CBAZAAR
INE529F01035,BE,EQ,2025-09-08,2025-09-09,SIGIND,SIGIND
INE539B01017,BE,EQ,2025-09-08,2025-09-09,VIRINCHI,VIRINCHI
INE549A01026,BE,EQ,2025-09-08,2025-09-09,HCC,HCC
INE555B01013,BE,EQ,2025-09-08,2025-09-09,AXISCADES,AXISCADES
INE558R01013,BE,EQ,2025-09-08,2025-09-09,HECPROJECT,HECPROJECT
INE565L01011,BE,EQ,2025-09-08,2025-09-09,ZEELEARN,ZEELEARN
INE610C01014,BE,EQ,2025-09-08,2025-09-09,ARENTERP,ARENTERP
INE614G01033,BE,EQ,2025-09-08,2025-09-09,RPOWER,RPOWER
INE615R01029,BE,EQ,2025-09-08,2025-09-09,TRU,TRU
INE627H01017,BE,EQ,2025-09-08,2025-09-09,CTE,CTE
INE635A01023,BE,EQ,2025-09-08,2025-09-09,SHYAMTEL,SHYAMTEL
INE641C01019,BE,EQ,2025-09-08,2025-09-09,KAVDEFENCE,KAVDEFENCE
INE660C01027,BE,EQ,2025-09-08,2025-09-09,CENTRUM,CENTRUM
INE676A01027,BE,EQ,2025-09-08,2025-09-09,BBOX,BBOX
INE688Y01022,BE,EQ,2025-09-08,2025-09-09,DANGEE,DANGEE
INE707C01018,BE,EQ,2025-09-08,2025-09-09,CAPTRUST,CAPTRUST
INE711A01022,BE,EQ,2025-09-08,2025-09-09,WALCHANNAG,WALCHANNAG
INE731C01018,BE,EQ,2025-09-08,2025-09-09,KHAITANLTD,KHAITANLTD
INE740X01023,BE,EQ,2025-09-08,2025-09-09,LAL,LAL
INE754A01055,BE,EQ,2025-09-08,2025-09-09,SUBEXLTD,SUBEXLTD
INE788H01017,BE,EQ,2025-09-08,2025-09-09,HILTON,HILTON
INE790G01031,BE,EQ,2025-09-08,2025-09-09,SHILPAMED,SHILPAMED
INE804H01012,BE,EQ,2025-09-08,2025-09-09,TFL,TFL
INE806C01018,BE,EQ,2025-09-08,2025-09-09,TIL,TIL
INE829A01014,BE,EQ,2025-09-08,2025-09-09,BIOFILCHEM,BIOFILCHEM
INE839M01018,BE,EQ,2025-09-08,2025-09-09,SCHNEIDER,SCHNEIDER
INE840Y01029,BE,EQ,2025-09-08,2025-09-09,ONEPOINT,ONEPOINT
INE879A01019,EQ,BE,2025-09-08,2025-09-09,SHREERAMA,SHREERAMA
INE891B01012,BE,EQ,2025-09-08,2025-09-09,DCMFINSERV,DCMFINSERV
INE912L01015,BE,EQ,2025-09-08,2025-09-09,ONELIFECAP,ONELIFECAP
INE927A01040,BE,EQ,2025-09-08,2025-09-09,ROLLT,ROLLT
INE933X01016,BE,EQ,2025-09-08,2025-09-09,SHANTI,SHANTI
INE955I01044,BE,EQ,2025-09-08,2025-09-09,SEJALLTD,SEJALLTD
INE05DH01017,SM,ST,2025-09-09,2025-09-10,ATMASTCO,ATMASTCO
INE0R8B01010,BE,EQ,2025-09-09,2025-09-10,PATELRMART,PATELRMART
INE10QL01011,SM,ST,2025-09-09,2025-09-10,READYMIX,READYMIX
INE139I01011,EQ,BE,2025-09-09,2025-09-10,BVCL,BVCL
INE05DH01017,ST,SM,2025-09-10,2025-09-11,ATMASTCO,ATMASTCO
INE0MYZ01012,SM,ST,2025-09-10,2025-09-11,INFLUX,INFLUX
INE658G01014,EQ,BE,2025-09-10,2025-09-11,SALSTEEL,SALSTEEL
INE0PW501021,SM,ST,2025-09-11,2025-09-12,NEWJAISA,NEWJAISA
INE0YDV01010,ST,SM,2025-09-11,2025-09-12,ARCIIL,ARCIIL
INE362A01016,EQ,BE,2025-09-11,2025-09-12,PVP,PVP
INE055C01020,BE,EQ,2025-09-12,2025-09-15,KEEPLEARN,KEEPLEARN
INE071A01013,BE,EQ,2025-09-12,2025-09-15,BILVYAPAR,BILVYAPAR
INE0GFE01026,BE,EQ,2025-09-12,2025-09-15,EXXARO,EXXARO
INE0IGO01011,ST,SM,2025-09-12,2025-09-15,DESTINY,DESTINY
INE0JM501013,BE,EQ,2025-09-12,2025-09-15,NRL,NRL
INE0JQS01019,ST,SM,2025-09-12,2025-09-15,TECHERA,TECHERA
INE0LQQ01019,ST,SM,2025-09-12,2025-09-15,FIDEL,FIDEL
INE0MO401019,SM,ST,2025-09-12,2025-09-15,VIAZ,VIAZ
INE0NA301016,ST,SM,2025-09-12,2025-09-15,RBMINFRA,RBMINFRA
INE0R6C01012,SM,ST,2025-09-12,2025-09-15,PURVFLEXI,PURVFLEXI
INE0TG801013,ST,SM,2025-09-12,2025-09-15,PARAMOUNT,PARAMOUNT
INE0TSF01011,ST,SM,2025-09-12,2025-09-15,AESTHETIK,AESTHETIK
INE0UQ601012,ST,SM,2025-09-12,2025-09-15,CLASSICEIL,CLASSICEIL
INE0VTV01012,ST,SM,2025-09-12,2025-09-15,ANONDITA,ANONDITA
INE0YHV01011,ST,SM,2025-09-12,2025-09-15,OBSCP,OBSCP
INE11HG01018,ST,SM,2025-09-12,2025-09-15,CHAMUNDA,CHAMUNDA
INE1DLF01018,ST,SM,2025-09-12,2025-09-15,SHIVASHRIT,SHIVASHRIT
INE218G01033,BE,EQ,2025-09-12,2025-09-15,PALREDTEC,PALREDTEC
INE224E01028,BE,EQ,2025-09-12,2025-09-15,GATECH,GATECH
INE230B01021,BE,EQ,2025-09-12,2025-09-15,CREATIVEYE,CREATIVEYE
INE236G01019,BE,EQ,2025-09-12,2025-09-15,TVSELECT,TVSELECT
INE278B01020,BE,EQ,2025-09-12,2025-09-15,RAMANEWS,RAMANEWS
INE332S01011,ST,SM,2025-09-12,2025-09-15,EMKAYTOOLS,EMKAYTOOLS
INE337M01021,BE,EQ,2025-09-12,2025-09-15,INDOTHAI,INDOTHAI
INE388G01026,BE,EQ,2025-09-12,2025-09-15,TICL,TICL
INE393A01011,BE,EQ,2025-09-12,2025-09-15,DELTAMAGNT,DELTAMAGNT
INE540A01017,BE,EQ,2025-09-12,2025-09-15,GLFL,GLFL
INE557B01019,BE,EQ,2025-09-12,2025-09-15,LIBERTSHOE,LIBERTSHOE
INE586X01012,BE,EQ,2025-09-12,2025-09-15,GTECJAINX,GTECJAINX
INE593W01028,BE,EQ,2025-09-12,2025-09-15,FOCUS,FOCUS
INE600A01035,BE,EQ,2025-09-12,2025-09-15,PILITA,PILITA
INE613B01010,BE,EQ,2025-09-12,2025-09-15,ICDSLTD,ICDSLTD
INE614Z01017,ST,SM,2025-09-12,2025-09-15,GIRIRAJ,GIRIRAJ
INE646C01018,BE,EQ,2025-09-12,2025-09-15,GROBTEA,GROBTEA
INE688E01024,BE,EQ,2025-09-12,2025-09-15,HERCULES,HERCULES
INE933B01012,BE,EQ,2025-09-12,2025-09-15,MEGASOFT,MEGASOFT
INE965B01022,BE,EQ,2025-09-12,2025-09-15,HYBRIDFIN,HYBRIDFIN
INE994V01012,ST,SM,2025-09-12,2025-09-15,PROLIFE,PROLIFE
INE998H01012,BE,EQ,2025-09-12,2025-09-15,ORIENTALTL,ORIENTALTL
INE278G01037,EQ,BE,2025-09-15,2025-09-16,CYBERMEDIA,CYBERMEDIA
INE784R01023,EQ,BE,2025-09-15,2025-09-16,ARFIN,ARFIN
INE0RVQ01016,SM,ST,2025-09-16,2025-09-17,MYMUDRA,MYMUDRA
INE0Y8W01017,BE,EQ,2025-09-16,2025-09-17,AHCL,AHCL
INE14DW01018,ST,SM,2025-09-16,2025-09-17,SATTVAENGG,SATTVAENGG
INE1CRQ01014,ST,SM,2025-09-16,2025-09-17,CURRENT,CURRENT
INE878I01022,EQ,BE,2025-09-16,2025-09-17,BAFNAPH,BAFNAPH
INE0JYY01011,SM,EQ,2025-09-17,2025-09-18,MWL,MWL
INE0NLB01018,SM,ST,2025-09-17,2025-09-18,VERTEXPLUS,VERTEXPLUS
INE0PS301014,SM,ST,2025-09-17,2025-09-24,INDIFRA,INDIFRA
INE0SCO01019,SM,ST,2025-09-17,2025-09-18,DPEL,DPEL
INE1VXE01018,BE,EQ,2025-09-17,2025-09-18,STLNETWORK,STLNETWORK
INE392B01011,EQ,BE,2025-09-17,2025-09-18,PNC,PNC
INE670X01014,EQ,BE,2025-09-17,2025-09-18,LASA,LASA
INE855F01042,EQ,BE,2025-09-17,2025-09-18,ASMS,ASMS
INE954E01012,EQ,BE,2025-09-17,2025-09-18,MOHITIND,MOHITIND
INE0P6P01016,BE,EQ,2025-09-18,2025-09-19,CPEDU,CPEDU
INE105Y01019,ST,SM,2025-09-18,2025-10-24,MPTODAY,MPTODAY
INE1OIC01018,ST,SM,2025-09-18,2025-09-19,SNEHAA,SNEHAA
INE641C01019,EQ,BE,2025-09-18,2025-09-19,KAVDEFENCE,KAVDEFENCE
INE863T01013,EQ,BE,2025-09-18,2025-09-19,JITFINFRA,JITFINFRA
INE927C01020,EQ,BE,2025-09-18,2025-09-19,DIGISPICE,DIGISPICE
INE00C401011,ST,SM,2025-09-19,2025-09-22,MAL,MAL
INE022I01019,BE,EQ,2025-09-19,2025-09-22,ASIANTILES,ASIANTILES
INE039B01026,BE,EQ,2025-09-19,2025-09-22,CINEVISTA,CINEVISTA
INE09E501017,EQ,BE,2025-09-19,2025-09-22,RVHL,RVHL
INE0ALR01029,BE,EQ,2025-09-19,2025-09-22,ATALREAL,ATALREAL
INE0DM401012,SM,ST,2025-09-19,2025-09-22,SHRIAHIMSA,SHRIAHIMSA
INE0MEG01014,ST,SM,2025-09-19,2025-09-22,VIVIANA,VIVIANA
INE0NB801022,ST,SM,2025-09-19,2025-09-22,SATKARTAR,SATKARTAR
INE0PK601023,BE,EQ,2025-09-19,2025-09-22,OCCLLTD,OCCLLTD
INE0PZA01015,ST,SM,2025-09-19,2025-09-22,SAIFL,SAIFL
INE0QX401014,ST,SM,2025-09-19,2025-09-22,BARFLEX,BARFLEX
INE0R9I01021,ST,SM,2025-09-19,2025-09-22,ENSER,ENSER
INE0STM01017,ST,SM,2025-09-19,2025-09-22,ALUWIND,ALUWIND
INE0TO501019,ST,SM,2025-09-19,2025-09-22,HVAX,HVAX
INE0U2501017,ST,SM,2025-09-19,2025-09-22,FORCAS,FORCAS
INE0U9101019,ST,SM,2025-09-19,2025-09-22,EFFWA,EFFWA
INE215I01027,BE,EQ,2025-09-19,2025-09-22,MAANALU,MAANALU
INE253A01025,BE,EQ,2025-09-19,2025-09-22,HINDMOTORS,HINDMOTORS
INE289A01011,BE,EQ,2025-09-19,2025-09-22,NAHARINDUS,NAHARINDUS
INE306C01019,BE,EQ,2025-09-19,2025-09-22,ENERGYDEV,ENERGYDEV
INE353H01010,BE,EQ,2025-09-19,2025-09-22,SGL,SGL
INE479D01038,BE,EQ,2025-09-19,2025-09-22,KRITI,KRITI
INE482J01021,BE,EQ,2025-09-19,2025-09-22,SHAH,SHAH
INE592B01024,BE,EQ,2025-09-19,2025-09-22,TTL,TTL
INE655A01013,BE,EQ,2025-09-19,2025-09-22,STCINDIA,STCINDIA
INE725L01011,BE,EQ,2025-09-19,2025-09-22,KARMAENG,KARMAENG
INE731A01020,BE,EQ,2025-09-19,2025-09-22,ARCHIES,ARCHIES
INE740D01017,BE,EQ,2025-09-19,2025-09-22,NRAIL,NRAIL
INE800A01015,BE,EQ,2025-09-19,2025-09-22,BIRLACABLE,BIRLACABLE
INE911B01018,BE,EQ,2025-09-19,2025-09-22,TCIFINANCE,TCIFINANCE
INE964W01021,BE,EQ,2025-09-19,2025-09-22,MKPL,MKPL
INE980Y01015,BE,EQ,2025-09-19,2025-09-22,SOUTHWEST,SOUTHWEST
INE054301028,EQ,BE,2025-09-22,2025-09-23,ODIGMA,ODIGMA
INE084K01015,BE,EQ,2025-09-22,2025-09-23,AMANTA,AMANTA
INE08PH01015,SM,EQ,2025-09-23,2025-09-24,ABCOTS,ABCOTS
INE15B101011,ST,SM,2025-09-23,2025-09-24,OPTIVALUE,OPTIVALUE
INE217K01011,EQ,BE,2025-09-23,2025-09-24,RHFL,RHFL
INE274V01019,EQ,BE,2025-09-23,2025-09-24,SHANKARA,SHANKARA
INE539B01017,EQ,BE,2025-09-23,2025-09-24,VIRINCHI,VIRINCHI
INE0Y8W01017,EQ,BE,2025-09-24,2025-09-25,AHCL,AHCL
INE781A01025,EQ,BE,2025-09-24,2025-09-25,INTENTECH,INTENTECH
INE1DM601016,ST,SM,2025-09-25,2025-09-26,VIGOR,VIGOR
INE296H01011,EQ,BE,2025-09-25,2025-09-26,EMKAY,EMKAY
INE087Z01024,BE,EQ,2025-09-26,2025-09-29,AAKASH,AAKASH
INE0O7A01017,ST,SM,2025-09-26,2025-09-29,PRAMARA,PRAMARA
INE104Y01012,ST,SM,2025-09-26,2025-09-29,MANAV,MANAV
INE326T01011,BE,EQ,2025-09-26,2025-09-29,NIRAJISPAT,NIRAJISPAT
INE505Y01010,BE,EQ,2025-09-26,2025-09-29,VINEETLAB,VINEETLAB
INE732S01012,BE,EQ,2025-09-26,2025-09-29,SAKAR,SAKAR
INE976E01023,BE,EQ,2025-09-26,2025-09-29,FOODSIN,FOODSIN
INE977Y01011,EQ,BE,2025-09-26,2025-09-29,BCONCEPTS,BCONCEPTS
INE00S901012,EQ,BE,2025-09-29,2025-09-30,NILASPACES,NILASPACES
INE0QZM01018,SM,ST,2025-09-29,2025-09-30,DRSCARGO,DRSCARGO
INE0XWS01018,ST,SM,2025-09-29,2025-09-30,TAURIAN,TAURIAN
INE124401014,SM,ST,2025-09-29,2025-09-30,AARADHYA,AARADHYA
INE286H01012,BE,EQ,2025-09-29,2025-09-30,VISASTEEL,VISASTEEL
INE895W01019,EQ,BE,2025-09-29,2025-09-30,PANACHE,PANACHE
INE09A801015,ST,SM,2025-09-30,2025-10-01,GML,GML
INE0OGG01015,SM,ST,2025-09-30,2025-10-01,DHTL,DHTL
INE0VOV01021,BE,EQ,2025-09-30,2025-10-01,DEVX,DEVX
INE561C01019,EQ,BE,2025-09-30,2025-10-01,BHARATGEAR,BHARATGEAR
INE0J1E01027,SM,ST,2025-10-01,2025-10-03,KCK,KCK
INE0VG001016,SM,ST,2025-10-01,2025-10-03,AMCL,AMCL
INE217K01011,BE,BZ,2025-10-01,2025-10-03,RHFL,RHFL
INE278R01034,BE,BZ,2025-10-01,2025-10-03,DHARAN,DHARAN
INE583L01014,BE,BZ,2025-10-01,2025-10-03,AGSTRA,AGSTRA
INE613B01010,EQ,BE,2025-10-01,2025-10-03,ICDSLTD,ICDSLTD
INE630Y01024,EQ,BE,2025-10-01,2025-10-03,MEDICO,MEDICO
INE725L01011,EQ,BE,2025-10-01,2025-10-03,KARMAENG,KARMAENG
INE813V01022,EQ,BE,2025-10-01,2025-10-03,MCL,MCL
INE859Q01017,EQ,BE,2025-10-01,2025-10-03,MANAKALUCO,MANAKALUCO
INE936B01015,EQ,BE,2025-10-01,2025-10-03,NATCAPSUQ,NATCAPSUQ
INE948A01012,EQ,BE,2025-10-01,2025-10-03,TRIGYN,TRIGYN
INE01GN01025,BE,EQ,2025-10-03,2025-10-06,IRISDOREME,IRISDOREME
INE020G01017,BE,EQ,2025-10-03,2025-10-06,INSPIRISYS,INSPIRISYS
INE049I01012,BE,EQ,2025-10-03,2025-10-06,NAHARCAP,NAHARCAP
INE071F01012,BE,EQ,2025-10-03,2025-10-06,APCL,APCL
INE098201036,BE,EQ,2025-10-03,2025-10-06,VCL,VCL
INE0IJY01014,ST,SM,2025-10-03,2025-10-06,TIMESCAN,TIMESCAN
INE0LR101013,ST,SM,2025-10-03,2025-10-06,ANLON,ANLON
INE0ZI101018,ST,SM,2025-10-03,2025-10-06,GANGABATH,GANGABATH
INE110B01017,BE,EQ,2025-10-03,2025-10-06,MINDTECK,MINDTECK
INE141D01018,BE,EQ,2025-10-03,2025-10-06,TNTELE,TNTELE
INE165B01029,BE,EQ,2025-10-03,2025-10-06,RSSOFTWARE,RSSOFTWARE
INE229A01017,BE,EQ,2025-10-03,2025-10-06,ONWARDTEC,ONWARDTEC
INE231G01010,BE,EQ,2025-10-03,2025-10-06,ORBTEXP,ORBTEXP
INE235C01036,BE,EQ,2025-10-03,2025-10-06,SUMEETINDS,SUMEETINDS
INE251C01025,BE,EQ,2025-10-03,2025-10-06,ABMINTLLTD,ABMINTLLTD
INE291W01037,BE,EQ,2025-10-03,2025-10-06,GLOBAL,GLOBAL
INE294G01026,BE,EQ,2025-10-03,2025-10-06,ROML,ROML
INE392A01021,BE,EQ,2025-10-03,2025-10-06,VISAKAIND,VISAKAIND
INE524L01026,BE,EQ,2025-10-03,2025-10-06,KRIDHANINF,KRIDHANINF
INE526B01014,BE,EQ,2025-10-03,2025-10-06,CALSOFT,CALSOFT
INE550B01022,BE,EQ,2025-10-03,2025-10-06,HBSL,HBSL
INE561M01018,BE,EQ,2025-10-03,2025-10-06,ISHANCH,ISHANCH
INE719F01016,SM,EQ,2025-10-03,2025-11-14,SHIVAUM,SHIVAUM
INE738V01013,BE,EQ,2025-10-03,2025-10-06,ARTNIRMAN,ARTNIRMAN
INE802B01027,BE,EQ,2025-10-03,2025-10-06,LINC,LINC
INE809A01032,BE,EQ,2025-10-03,2025-10-06,RAMAPHO,RAMAPHO
INE0NA501011,SM,ST,2025-10-06,2025-10-07,DIVINEHIRA,DIVINEHIRA
INE0XUS01012,SM,ST,2025-10-06,2025-10-07,PSRAJ,PSRAJ
INE0Y5H01014,ST,SM,2025-10-06,2025-10-07,TECHD,TECHD
INE195N01013,EQ,BE,2025-10-06,2025-10-07,PROZONER,PROZONER
INE694A01020,BZ,EQ,2025-10-06,2025-10-07,UNITECH,UNITECH
INE0RXB01022,SM,ST,2025-10-07,2025-10-08,JEYYAM,JEYYAM
INE0XWS01018,SM,ST,2025-10-07,2025-10-08,TAURIAN,TAURIAN
INE214A01019,EQ,BE,2025-10-07,2025-10-08,CYBERTECH,CYBERTECH
INE285H01022,EQ,BE,2025-10-07,2025-10-08,ATLANTAA,ATLANTAA
INE880Y01017,SM,EQ,2025-10-07,2025-10-08,SOLEX,SOLEX
INE00U801010,SM,ST,2025-10-08,2025-10-09,PARIN,PARIN
INE0A0S01028,EQ,BE,2025-10-08,2025-10-09,SIGMA,SIGMA
INE0D0U01013,EQ,BE,2025-10-08,2025-10-09,AAATECH,AAATECH
INE0NCC01015,SM,ST,2025-10-08,2025-10-09,ARIHANTACA,ARIHANTACA
INE0SJA01013,BE,EQ,2025-10-08,2025-10-09,VMSTMT,VMSTMT
INE274V01019,BE,EQ,2025-10-08,2025-10-09,SHANKARA,SHANKARA
INE555B01013,EQ,BE,2025-10-08,2025-10-09,AXISCADES,AXISCADES
INE0VA601019,SM,ST,2025-10-09,2025-10-10,HPTL,HPTL
INE0VTV01012,SM,ST,2025-10-09,2025-10-10,ANONDITA,ANONDITA
INE0Y5H01014,SM,ST,2025-10-09,2025-10-10,TECHD,TECHD
INE117Z01011,EQ,BE,2025-10-09,2025-10-10,NARMADA,NARMADA
INE235C01036,EQ,BE,2025-10-09,2025-10-10,SUMEETINDS,SUMEETINDS
INE03JI01017,BE,EQ,2025-10-10,2025-10-13,DGCONTENT,DGCONTENT
INE03V001013,BE,EQ,2025-10-10,2025-10-13,UNIVPHOTO,UNIVPHOTO
INE095I01015,BE,EQ,2025-10-10,2025-10-13,PPAP,PPAP
INE0GIU01018,BE,EQ,2025-10-10,2025-10-13,UMAEXPORTS,UMAEXPORTS
INE0JS101016,BE,EQ,2025-10-10,2025-10-13,DREAMFOLKS,DREAMFOLKS
INE0S7E01015,ST,SM,2025-10-10,2025-10-13,GPECO,GPECO
INE0SH001010,ST,SM,2025-10-10,2025-10-13,MASON,MASON
INE0SQY01018,ST,SM,2025-10-10,2025-10-13,GSMFOILS,GSMFOILS
INE0SVO01019,ST,SM,2025-10-10,2025-10-13,SIDDHICOTS,SIDDHICOTS
INE0TTG01017,ST,SM,2025-10-10,2025-10-13,ARUNAYA,ARUNAYA
INE144D01012,BE,EQ,2025-10-10,2025-10-13,CUBEXTUB,CUBEXTUB
INE1DV401010,ST,SM,2025-10-10,2025-10-13,MONOLITH,MONOLITH
INE283A01014,BE,EQ,2025-10-10,2025-10-13,PRECOT,PRECOT
INE293B01029,BE,EQ,2025-10-10,2025-10-13,HAVISHA,HAVISHA
INE337M01021,EQ,BE,2025-10-10,2025-10-13,INDOTHAI,INDOTHAI
INE448G01010,BE,EQ,2025-10-10,2025-10-13,NATHBIOGEN,NATHBIOGEN
INE546V01010,BE,EQ,2025-10-10,2025-10-13,EIFFL,EIFFL
INE617A01013,BE,EQ,2025-10-10,2025-10-13,SEMAC,SEMAC
INE642Z01026,BE,EQ,2025-10-10,2025-10-13,AKI,AKI
INE731U01028,BE,EQ,2025-10-10,2025-10-13,DIGJAMLMTD,DIGJAMLMTD
INE761Y01019,BE,EQ,2025-10-10,2025-10-13,ZODIAC,ZODIAC
INE781B01015,BE,EQ,2025-10-10,2025-10-13,NOIDATOLL,NOIDATOLL
INE864K01010,BE,EQ,2025-10-10,2025-10-13,IRIS,IRIS
INE880L01014,EQ,BE,2025-10-10,2025-10-13,KIOCL,KIOCL
INE915B01019,BE,EQ,2025-10-10,2025-10-13,INDSWFTLAB,INDSWFTLAB
INE925Y01036,BE,EQ,2025-10-10,2025-10-13,GODHA,GODHA
INE942G01012,EQ,BE,2025-10-10,2025-10-13,MCLEODRUSS,MCLEODRUSS
INE06H201014,BE,BZ,2025-10-13,2025-10-27,GENSOL,GENSOL
INE0CQA01020,ST,SM,2025-10-13,2025-10-14,PRIMECAB,PRIMECAB
INE286H01012,EQ,BE,2025-10-13,2025-10-14,VISASTEEL,VISASTEEL
INE319Z01021,BE,BZ,2025-10-13,2025-10-27,SUPREMEENG,SUPREMEENG
INE451L01014,EQ,BE,2025-10-13,2025-10-14,MAHASTEEL,MAHASTEEL
INE0FLF01015,SM,ST,2025-10-14,2025-10-15,NIKITA,NIKITA
INE0VBS01016,ST,SM,2025-10-14,2025-10-15,ECOLINE,ECOLINE
INE132901013,ST,SM,2025-10-14,2025-10-15,MGSL,MGSL
INE142I01023,EQ,BE,2025-10-14,2025-10-15,TAKE,TAKE
INE245I01016,EQ,BE,2025-10-14,2025-10-15,NAGREEKCAP,NAGREEKCAP
INE281A01026,EQ,BE,2025-10-14,2025-10-15,CENTEXT,CENTEXT
INE640A01023,EQ,BE,2025-10-14,2025-10-15,SKFINDIA,SKFINDIA
INE731U01028,EQ,BE,2025-10-14,2025-10-15,DIGJAMLMTD,DIGJAMLMTD
INE970N01027,EQ,BE,2025-10-14,2025-10-15,SPCENET,SPCENET
INE082W01014,EQ,BE,2025-10-15,2025-10-16,WEWIN,WEWIN
INE0SWN01019,SM,ST,2025-10-15,2025-10-16,TRUST,TRUST
INE104Y01012,SM,ST,2025-10-15,2025-10-23,MANAV,MANAV
INE1CCX01012,ST,SM,2025-10-15,2025-10-16,GURUNANAK,GURUNANAK
INE215B01022,EQ,BE,2025-10-15,2025-10-16,ORCHASP,ORCHASP
INE218G01033,EQ,BE,2025-10-15,2025-10-16,PALREDTEC,PALREDTEC
INE251C01025,EQ,BE,2025-10-15,2025-10-16,ABMINTLLTD,ABMINTLLTD
INE256Z01025,EQ,BE,2025-10-15,2025-10-16,AKSHAR,AKSHAR
INE318D01020,EQ,BE,2025-10-15,2025-10-16,ZENITHSTL,ZENITHSTL
INE561M01018,EQ,BE,2025-10-15,2025-10-16,ISHANCH,ISHANCH
INE965W01036,BE,EQ,2025-10-15,2025-10-16,BMWVENTLTD,BMWVENTLTD
INE0JQS01019,SM,ST,2025-10-16,2025-10-17,TECHERA,TECHERA
INE1FF001016,BE,EQ,2025-10-16,2025-10-17,JKIPL,JKIPL
INE00CE01017,BE,EQ,2025-10-17,2025-10-21,SVLL,SVLL
INE018401013,BE,EQ,2025-10-17,2025-10-21,SUVIDHAA,SUVIDHAA
INE0GGO01015,BE,EQ,2025-10-17,2025-10-21,KRISHIVAL,KRISHIVAL
INE0MLZ01019,ST,SM,2025-10-17,2025-10-21,PHANTOMFX,PHANTOMFX
INE0PQK01013,ST,SM,2025-10-17,2025-10-23,FALCONTECH,FALCONTECH
INE0RYC01010,EQ,BE,2025-10-17,2025-10-21,STALLION,STALLION
INE0U4H01011,ST,SM,2025-10-17,2025-10-21,MPEL,MPEL
INE0YAL01017,ST,SM,2025-10-17,2025-10-21,PPSL,PPSL
INE0YKW01013,ST,SM,2025-10-17,2025-10-23,FORGEAUTO,FORGEAUTO
INE224E01036,BE,EQ,2025-10-17,2025-10-21,GATECHDVR,GATECHDVR
INE416A01044,BE,EQ,2025-10-17,2025-10-21,SABTNL,SABTNL
INE561H01026,BE,EQ,2025-10-17,2025-10-21,PARSVNATH,PARSVNATH
INE590L01019,BE,EQ,2025-10-17,2025-10-21,VASWANI,VASWANI
INE726L01019,BE,EQ,2025-10-17,2025-10-21,DELPHIFX,DELPHIFX
INE824Q01011,BE,EQ,2025-10-17,2025-10-21,MANAKSTEEL,MANAKSTEEL
INE970D01010,BE,EQ,2025-10-17,2025-10-21,LOYALTEX,LOYALTEX
INE01YQ01013,ST,SM,2025-10-21,2025-10-27,AUSL,AUSL
INE0HF201011,BE,EQ,2025-10-21,2025-10-23,FABTECH,FABTECH
INE0RYR01018,ST,SM,2025-10-21,2025-10-23,SUBAHOTELS,SUBAHOTELS
INE0WL901019,ST,SM,2025-10-21,2025-10-23,VIJAYPD,VIJAYPD
INE610B01024,EQ,BE,2025-10-21,2025-10-23,GUJRAFFIA,GUJRAFFIA
INE747K01017,EQ,BE,2025-10-21,2025-10-23,TARAPUR,TARAPUR
INE885F01015,EQ,BE,2025-10-21,2025-10-23,MASKINVEST,MASKINVEST
INE965B01022,EQ,BE,2025-10-21,2025-10-23,HYBRIDFIN,HYBRIDFIN
INE0S9101013,ST,SM,2025-10-23,2025-11-03,WINNY,WINNY
INE0SZ301012,ST,SM,2025-10-23,2025-10-28,BULKCORP,BULKCORP
INE0YJV01017,ST,SM,2025-10-23,2025-10-24,SHEEL,SHEEL
INE17CQ01015,ST,SM,2025-10-23,2025-10-24,BAGDIGITAL,BAGDIGITAL
INE1B0W01010,BE,EQ,2025-10-23,2025-10-24,ADVANCE,ADVANCE
INE1BZC01019,BE,EQ,2025-10-23,2025-10-24,OMFREIGHT,OMFREIGHT
INE1K8Y01018,ST,SM,2025-10-23,2025-10-24,MUNISH,MUNISH
INE01P501012,EQ,BE,2025-10-24,2025-10-27,XELPMOC,XELPMOC
INE04LG01015,BE,EQ,2025-10-24,2025-10-27,PAR,PAR
INE059901020,BE,EQ,2025-10-24,2025-10-27,IEL,IEL
INE0JR301013,ST,SM,2025-10-24,2025-10-27,MADHAVBAUG,MADHAVBAUG
INE0PLX01017,ST,SM,2025-10-24,2025-10-27,GREENLEAF,GREENLEAF
INE0ZTO01018,SM,ST,2025-10-24,2025-10-27,MAYASHEEL,MAYASHEEL
INE148A01019,BE,EQ,2025-10-24,2025-10-27,TNPETRO,TNPETRO
INE243D01012,EQ,BZ,2025-10-24,2025-10-27,BFUTILITIE,BFUTILITIE
INE389K01018,BE,EQ,2025-10-24,2025-10-27,WELINV,WELINV
INE458B01036,BE,EQ,2025-10-24,2025-10-27,BHAGYANGR,BHAGYANGR
INE460Q01014,SM,ST,2025-10-24,2025-10-27,SCML,SCML
INE619I01012,BE,EQ,2025-10-24,2025-10-27,A2ZINFRA,A2ZINFRA
INE748T01016,BE,BZ,2025-10-24,2025-10-27,SIMBHALS,SIMBHALS
INE846D01012,BE,EQ,2025-10-24,2025-10-27,LORDSCHLO,LORDSCHLO
INE880L01014,BE,EQ,2025-10-24,2025-10-27,KIOCL,KIOCL
INE955I01044,EQ,BE,2025-10-24,2025-10-27,SEJALLTD,SEJALLTD
INE0JW501011,SM,ST,2025-10-27,2025-11-06,SPRL,SPRL
INE112X01017,EQ,BE,2025-10-27,2025-10-28,SIKKO,SIKKO
INE262Z01023,EQ,BE,2025-10-27,2025-10-28,LATTEYS,LATTEYS
INE540A01017,EQ,BE,2025-10-27,2025-10-28,GLFL,GLFL
INE023A01030,EQ,BE,2025-10-28,2025-10-29,NSIL,NSIL
INE029L01018,EQ,BE,2025-10-28,2025-10-29,KICL,KICL
INE105A01035,EQ,BE,2025-10-28,2025-10-30,TVSHLTD,TVSHLTD
INE288A01013,EQ,BE,2025-10-28,2025-10-31,MAHSCOOTER,MAHSCOOTER
INE389K01018,EQ,BE,2025-10-28,2025-11-03,WELINV,WELINV
INE417C01014,EQ,BE,2025-10-28,2025-10-29,PILANIINVS,PILANIINVS
INE538A01037,EQ,BE,2025-10-28,2025-10-29,GFLLIMITED,GFLLIMITED
INE701A01023,EQ,BE,2025-10-28,2025-11-06,VHL,VHL
INE923A01015,EQ,BE,2025-10-28,2025-10-31,SILINV,SILINV
INE00CA01015,EQ,BE,2025-10-29,2025-10-30,TREJHARA,TREJHARA
INE0DSF01015,EQ,BE,2025-10-29,2025-10-30,NURECA,NURECA
INE0N6D01014,SM,ST,2025-10-29,2025-10-30,MOXSH,MOXSH
INE0ORS01017,SM,ST,2025-10-29,2025-10-30,PENTAGON,PENTAGON
INE105I01020,EQ,BE,2025-10-29,2025-10-30,SELMC,SELMC
INE360L01017,EQ,BE,2025-10-29,2025-10-30,FMNL,FMNL
INE500X01013,EQ,BE,2025-10-29,2025-10-30,LEXUS,LEXUS
INE124101010,SM,ST,2025-10-30,2025-10-31,SAMAY,SAMAY
INE495A01022,EQ,BE,2025-10-30,2025-10-31,DALMIASUG,DALMIASUG
INE640A01023,BE,EQ,2025-10-30,2025-10-31,SKFINDIA,SKFINDIA
INE090B01011,BE,EQ,2025-10-31,2025-11-03,OMAXAUTO,OMAXAUTO
INE0B2N01016,ST,SM,2025-10-31,2025-11-03,CHANDAN,CHANDAN
INE122M01019,EQ,BE,2025-10-31,2025-11-03,ESSARSHPNG,ESSARSHPNG
INE238Y01018,SM,ST,2025-10-31,2025-11-03,TIRUPATI,TIRUPATI
INE411D01015,BE,EQ,2025-10-31,2025-11-03,SKMEGGPROD,SKMEGGPROD
INE565V01010,BE,EQ,2025-10-31,2025-11-03,VALIANTORG,VALIANTORG
INE803D01021,BE,EQ,2025-10-31,2025-11-03,INDOBORAX,INDOBORAX
INE022C01012,EQ,BE,2025-11-03,2025-11-04,EUROTEXIND,EUROTEXIND
INE0J1P01015,SM,ST,2025-11-03,2025-11-04,RICHA,RICHA
INE0Q9Q01017,SM,ST,2025-11-03,2025-11-04,SHANTHALA,SHANTHALA
INE429I01024,EQ,BE,2025-11-03,2025-11-04,CCCL,CCCL
INE933B01012,EQ,BE,2025-11-06,2025-11-07,MEGASOFT,MEGASOFT
INE023H01027,BE,EQ,2025-11-07,2025-11-10,NECLIFE,NECLIFE
INE0RMF01018,ST,SM,2025-11-07,2025-11-10,OSELDEVICE,OSELDEVICE
INE0VZX01015,SM,ST,2025-11-07,2025-11-10,RNPL,RNPL
INE268H01044,BE,EQ,2025-11-07,2025-11-10,NAVKARURB,NAVKARURB
INE368U01029,BE,EQ,2025-11-07,2025-11-10,UNITEDPOLY,UNITEDPOLY
INE403Y01018,BE,EQ,2025-11-07,2025-11-10,INNOVANA,INNOVANA
INE669A01022,BE,EQ,2025-11-07,2025-11-10,INFOMEDIA,INFOMEDIA
INE740V01019,BE,EQ,2025-11-07,2025-11-10,AGROPHOS,AGROPHOS
INE749B01020,BE,EQ,2025-11-07,2025-11-10,ORTINGLOBE,ORTINGLOBE
INE073V01015,EQ,BE,2025-11-10,2025-11-11,COMSYN,COMSYN
INE093B01015,BE,EQ,2025-11-10,2025-11-11,ALPSINDUS,ALPSINDUS
INE0KFF01017,SM,ST,2025-11-10,2025-11-11,EFACTOR,EFACTOR
INE0Q4701019,SM,ST,2025-11-10,2025-11-11,FONEBOX,FONEBOX
INE0U2N01013,SM,ST,2025-11-10,2025-11-11,SUNLITE,SUNLITE
INE203Y01012,EQ,BE,2025-11-10,2025-11-11,SILLYMONKS,SILLYMONKS
INE0YRN01017,SM,ST,2025-11-11,2025-11-12,DHARIWAL,DHARIWAL
INE418H01029,EQ,BE,2025-11-11,2025-11-12,ALLCARGO,ALLCARGO
INE880L01014,EQ,BE,2025-11-11,2025-11-12,KIOCL,KIOCL
INE00EM01016,EQ,BE,2025-11-12,2025-11-13,MEGASTAR,MEGASTAR
INE023A01030,BE,EQ,2025-11-12,2025-11-13,NSIL,NSIL
INE029L01018,BE,EQ,2025-11-12,2025-11-13,KICL,KICL
INE0GFE01026,EQ,BE,2025-11-12,2025-11-13,EXXARO,EXXARO
INE10A501018,SM,ST,2025-11-12,2025-11-13,MAXVOLT,MAXVOLT
INE368U01029,EQ,BE,2025-11-12,2025-11-13,UNITEDPOLY,UNITEDPOLY
INE417C01014,BE,EQ,2025-11-12,2025-11-13,PILANIINVS,PILANIINVS
INE538A01037,BE,EQ,2025-11-12,2025-11-13,GFLLIMITED,GFLLIMITED
INE550B01022,EQ,BE,2025-11-12,2025-11-13,HBSL,HBSL
INE572G01025,EQ,BE,2025-11-12,2025-11-13,LANCORHOL,LANCORHOL
INE912L01015,EQ,BE,2025-11-12,2025-11-13,ONELIFECAP,ONELIFECAP
INE0L2Y01011,SM,ST,2025-11-13,2025-11-14,ARHAM,ARHAM
INE0S6S01017,SM,ST,2025-11-13,2025-11-14,HOACFOODS,HOACFOODS
INE0TR001017,SM,ST,2025-11-13,2025-11-14,VIESL,VIESL
INE105A01035,BE,EQ,2025-11-13,2025-11-14,TVSHLTD,TVSHLTD
INE388G01026,EQ,BE,2025-11-13,2025-11-14,TICL,TICL
INE00D001018,ST,SM,2025-11-14,2025-11-17,REXPIPES,REXPIPES
INE0J6801010,SM,ST,2025-11-14,2025-11-17,KORE,KORE
INE0Q5D01013,ST,SM,2025-11-14,2025-11-17,ACCENTMIC,ACCENTMIC
INE0V9N01017,ST,SM,2025-11-14,2025-11-17,PRIZOR,PRIZOR
INE288A01013,BE,EQ,2025-11-14,2025-11-17,MAHSCOOTER,MAHSCOOTER
INE289C01025,BE,EQ,2025-11-14,2025-11-17,TEAMGTY,TEAMGTY
INE424C01010,BE,EQ,2025-11-14,2025-11-17,GINNIFILA,GINNIFILA
INE495A01022,BE,EQ,2025-11-14,2025-11-17,DALMIASUG,DALMIASUG
INE501G01024,BE,EQ,2025-11-14,2025-11-17,HTMEDIA,HTMEDIA
INE571B01036,BE,EQ,2025-11-14,2025-11-17,JAYBARMARU,JAYBARMARU
INE587G01015,BE,EQ,2025-11-14,2025-11-17,KAYA,KAYA
INE923A01015,BE,EQ,2025-11-14,2025-11-17,SILINV,SILINV
INE104101014,SM,ST,2025-11-17,2025-11-18,NRVANDANA,NRVANDANA
INE152C01025,EQ,BE,2025-11-17,2025-11-18,UYFINCORP,UYFINCORP
INE199P01028,EQ,BE,2025-11-17,2025-11-18,GCSL,GCSL
INE1AE401014,ST,SM,2025-11-17,2025-11-18,JAYESH,JAYESH
INE389K01018,BE,EQ,2025-11-17,2025-11-18,WELINV,WELINV
INE0MGA01012,SM,ST,2025-11-18,2025-11-19,KARNIKA,KARNIKA
INE1ARD01016,SM,ST,2025-11-18,2025-11-19,SACHEEROME,SACHEEROME
INE458B01036,EQ,BE,2025-11-18,2025-11-19,BHAGYANGR,BHAGYANGR
INE0G1D01014,SM,ST,2025-11-19,2025-11-20,MEGAFLEX,MEGAFLEX
INE701A01023,BE,EQ,2025-11-19,2025-11-20,VHL,VHL
INE202B01038,BE,EQ,2025-11-20,2025-11-21,PIRAMALFIN,PIRAMALFIN
INE0CBM01019,ST,SM,2025-11-21,2025-11-26,USASEEDS,USASEEDS
INE0J0B01017,ST,SM,2025-11-21,2025-11-24,KOTYARK,KOTYARK
INE0PRF01011,SM,ST,2025-11-21,2025-11-24,UNIHEALTH,UNIHEALTH
INE159N01027,BE,EQ,2025-11-21,2025-11-24,VIJIFIN,VIJIFIN
INE295D01020,BE,EQ,2025-11-21,2025-11-24,NACLIND,NACLIND
INE351Y01019,SM,EQ,2025-11-21,2025-11-24,BETA,BETA
INE699B01027,EQ,BE,2025-11-21,2025-11-24,SAMBHAAV,SAMBHAAV
INE730A01022,EQ,BE,2025-11-21,2025-11-24,ORICONENT,ORICONENT
INE880L01014,BE,EQ,2025-11-21,2025-11-24,KIOCL,KIOCL
INE650K01021,EQ,BE,2025-11-24,2025-11-25,SECURKLOUD,SECURKLOUD
INE071A01013,EQ,BE,2025-11-25,2025-11-26,BILVYAPAR,BILVYAPAR
INE1FL101016,ST,SM,2025-11-25,2025-11-26,SHETHJI,SHETHJI
INE1TAE01010,BE,EQ,2025-11-25,2025-11-26,TMCV,TMCV
INE418H01029,BE,EQ,2025-11-25,2025-11-26,ALLCARGO,ALLCARGO
INE098201036,EQ,BE,2025-11-26,2025-11-27,VCL,VCL
INE0EDU01014,ST,SM,2025-11-26,2025-11-27,FINBUD,FINBUD
INE28GN01010,BE,EQ,2025-11-26,2025-11-27,ADVENTHTL,ADVENTHTL
INE01Z401013,SM,ST,2025-11-27,2025-11-28,SHUBHLAXMI,SHUBHLAXMI
INE06MH01016,ST,SM,2025-11-27,2026-01-28,GOLDKART,GOLDKART
INE0NLB01018,ST,SM,2025-11-27,2025-12-02,VERTEXPLUS,VERTEXPLUS
INE1BZN01016,ST,SM,2025-11-27,2025-11-28,CURIS,CURIS
INE00IK01029,BE,EQ,2025-11-28,2025-12-01,OSWALSEEDS,OSWALSEEDS
INE014B01011,BE,EQ,2025-11-28,2025-12-01,TECILCHEM,TECILCHEM
INE0O7R01011,SM,ST,2025-11-28,2025-12-01,SYSTANGO,SYSTANGO
INE0UYG01015,ST,SM,2025-11-28,2025-12-01,ABHAPOWER,ABHAPOWER
INE1H7V01011,ST,SM,2025-11-28,2025-12-01,PARTH,PARTH
INE273D01019,BE,EQ,2025-11-28,2025-12-01,VGL,VGL
INE308E01029,EQ,BE,2025-11-28,2025-12-01,SVPGLOB,SVPGLOB
INE764L01010,BE,EQ,2025-11-28,2025-12-01,SADBHIN,SADBHIN
INE938A01021,EQ,BE,2025-11-28,2025-12-01,LCCINFOTEC,LCCINFOTEC
INE00CA01015,BE,EQ,2025-12-01,2025-12-02,TREJHARA,TREJHARA
INE01II01013,BE,EQ,2025-12-01,2025-12-02,SILGO,SILGO
INE03CC01015,BE,EQ,2025-12-01,2025-12-02,JUBLCPL,JUBLCPL
INE0DSF01015,BE,EQ,2025-12-01,2025-12-02,NURECA,NURECA
INE0JSX01015,EQ,BE,2025-12-01,2025-12-02,GSLSU,GSLSU
INE0K6601012,SM,ST,2025-12-01,2025-12-02,TGL,TGL
INE0LXG01040,BE,EQ,2025-12-01,2025-12-02,OLAELEC,OLAELEC
INE0M7001010,ST,SM,2025-12-01,2025-12-02,TAPIFRUIT,TAPIFRUIT
INE0N2P01017,BE,EQ,2025-12-01,2025-12-02,RISHABH,RISHABH
INE0OO201011,SM,ST,2025-12-01,2025-12-02,WOL3D,WOL3D
INE0PQ601019,ST,SM,2025-12-01,2025-12-02,BALAJIPHOS,BALAJIPHOS
INE0PS301014,ST,SM,2025-12-01,2025-12-03,INDIFRA,INDIFRA
INE0R3101011,ST,SM,2025-12-01,2025-12-02,MIEL,MIEL
INE0RMF01018,SM,ST,2025-12-01,2025-12-02,OSELDEVICE,OSELDEVICE
INE0RUV01018,SM,ST,2025-12-01,2025-12-02,AIMTRON,AIMTRON
INE0SOY01013,ST,SM,2025-12-01,2025-12-02,TAC,TAC
INE0T8T01010,SM,ST,2025-12-01,2025-12-02,ACCPL,ACCPL
INE0U7V01015,ST,SM,2025-12-01,2025-12-02,C2C,C2C
INE105I01020,BE,EQ,2025-12-01,2025-12-02,SELMC,SELMC
INE12E301017,ST,SM,2025-12-01,2025-12-02,GCHOTELS,GCHOTELS
INE16SF01016,EQ,BE,2025-12-01,2025-12-02,BORANA,BORANA
INE17WC01013,ST,SM,2025-12-01,2025-12-03,TEJASCARGO,TEJASCARGO
INE201M01029,BE,EQ,2025-12-01,2025-12-02,CLEDUCATE,CLEDUCATE
INE215B01022,BE,EQ,2025-12-01,2025-12-02,ORCHASP,ORCHASP
INE218G01033,BE,EQ,2025-12-01,2025-12-02,PALREDTEC,PALREDTEC
INE251C01025,BE,EQ,2025-12-01,2025-12-02,ABMINTLLTD,ABMINTLLTD
INE256Z01025,BE,EQ,2025-12-01,2025-12-02,AKSHAR,AKSHAR
INE306C01019,EQ,BE,2025-12-01,2025-12-02,ENERGYDEV,ENERGYDEV
INE318D01020,BE,EQ,2025-12-01,2025-12-02,ZENITHSTL,ZENITHSTL
INE320X01016,EQ,BE,2025-12-01,2025-12-02,HALEOSLABS,HALEOSLABS
INE353A01023,BE,EQ,2025-12-01,2025-12-02,NDLVENTURE,NDLVENTURE
INE360L01017,BE,EQ,2025-12-01,2025-12-02,FMNL,FMNL
INE392B01011,BE,EQ,2025-12-01,2025-12-02,PNC,PNC
INE411B01019,EQ,BE,2025-12-01,2025-12-02,VENUSREM,VENUSREM
INE431F01018,BE,EQ,2025-12-01,2025-12-02,PKTEA,PKTEA
INE473D01015,BE,EQ,2025-12-01,2025-12-02,KINGFA,KINGFA
INE500X01013,BE,EQ,2025-12-01,2025-12-02,LEXUS,LEXUS
INE518X01015,SM,ST,2025-12-01,2025-12-02,CBAZAAR,CBAZAAR
INE546Y01022,BE,EQ,2025-12-01,2025-12-02,PRAXIS,PRAXIS
INE561M01018,BE,EQ,2025-12-01,2025-12-02,ISHANCH,ISHANCH
INE596H01014,BE,EQ,2025-12-01,2025-12-02,HGM,HGM
INE613B01010,BE,EQ,2025-12-01,2025-12-02,ICDSLTD,ICDSLTD
INE630Y01024,BE,EQ,2025-12-01,2025-12-02,MEDICO,MEDICO
INE666E01020,BE,EQ,2025-12-01,2025-12-02,ACL,ACL
INE670X01014,BE,EQ,2025-12-01,2025-12-02,LASA,LASA
INE697V01011,EQ,BE,2025-12-01,2025-12-02,PANSARI,PANSARI
INE725L01011,BE,EQ,2025-12-01,2025-12-02,KARMAENG,KARMAENG
INE784W01015,EQ,BE,2025-12-01,2025-12-02,MANOMAY,MANOMAY
INE813V01022,BE,EQ,2025-12-01,2025-12-02,MCL,MCL
INE848A01014,BE,EQ,2025-12-01,2025-12-02,IZMO,IZMO
INE855F01042,BE,EQ,2025-12-01,2025-12-02,ASMS,ASMS
INE867A01022,BE,EQ,2025-12-01,2025-12-02,MANUGRAPH,MANUGRAPH
INE888C01040,BE,EQ,2025-12-01,2025-12-02,SADHNANIQ,SADHNANIQ
INE936B01015,BE,EQ,2025-12-01,2025-12-02,NATCAPSUQ,NATCAPSUQ
INE948A01012,BE,EQ,2025-12-01,2025-12-02,TRIGYN,TRIGYN
INE954E01012,BE,EQ,2025-12-01,2025-12-02,MOHITIND,MOHITIND
INE639X01027,SM,ST,2025-12-02,2025-12-03,BEACON,BEACON
INE980Y01015,EQ,BE,2025-12-02,2025-12-03,SOUTHWEST,SOUTHWEST
INE00CA01015,EQ,BE,2025-12-03,2025-12-04,TREJHARA,TREJHARA
INE0T9I01011,ST,SM,2025-12-03,2025-12-08,IDEALTECHO,IDEALTECHO
INE377E01024,EQ,BE,2025-12-03,2025-12-04,COASTCORP,COASTCORP
INE236G01019,EQ,BE,2025-12-04,2025-12-05,TVSELECT,TVSELECT
INE291W01037,EQ,BE,2025-12-04,2025-12-05,GLOBAL,GLOBAL
INE295D01020,EQ,BE,2025-12-04,2025-12-05,NACLIND,NACLIND
INE01NE01012,BE,EQ,2025-12-05,2025-12-08,SRD,SRD
INE06IR01021,BE,EQ,2025-12-05,2025-12-08,OSIAHYPER,OSIAHYPER
INE0LF301013,ST,SM,2025-12-05,2025-12-08,AGNI,AGNI
INE0PCL01011,ST,SM,2025-12-05,2025-12-12,SAROJA,SAROJA
INE0TO601017,ST,SM,2025-12-05,2025-12-08,YASHOPTICS,YASHOPTICS
INE0XIL01012,ST,SM,2025-12-05,2025-12-08,JAINIK,JAINIK
INE234I01028,BE,EQ,2025-12-05,2025-12-08,KAUSHALYA,KAUSHALYA
INE557Z01018,BE,EQ,2025-12-05,2025-12-08,PIGL,PIGL
INE623Y01011,ST,SM,2025-12-05,2025-12-08,WTICAB,WTICAB
INE688J01023,BE,EQ,2025-12-05,2025-12-08,EXCEL,EXCEL
INE819L01012,BE,EQ,2025-12-05,2025-12-08,ELGIRUBCO,ELGIRUBCO
INE826C01016,BE,EQ,2025-12-05,2025-12-08,GUJAPOLLO,GUJAPOLLO
INE831A01028,BE,EQ,2025-12-05,2025-12-08,MIRCELECTR,MIRCELECTR
INE947I01017,BE,EQ,2025-12-05,2025-12-08,LOTUSEYE,LOTUSEYE
INE982V01025,EQ,BE,2025-12-05,2025-12-08,JETFREIGHT,JETFREIGHT
INE0KNW01016,SM,EQ,2025-12-08,2025-12-09,KNAGRI,KNAGRI
INE126M01010,BE,EQ,2025-12-08,2025-12-09,IBULLSLTD,IBULLSLTD
INE731U01028,BE,EQ,2025-12-08,2025-12-09,DIGJAMLMTD,DIGJAMLMTD
INE00WS01056,SM,ST,2025-12-09,2025-12-10,GSTL,GSTL
INE023H01027,EQ,BE,2025-12-10,2025-12-11,NECLIFE,NECLIFE
INE02EZ01022,EQ,BE,2025-12-10,2025-12-11,AXITA,AXITA
INE0PC901019,ST,SM,2025-12-10,2025-12-15,BIRDYS,BIRDYS
INE1SPP01016,BE,EQ,2025-12-10,2025-12-11,KSR,KSR
INE749B01020,EQ,BE,2025-12-10,2025-12-11,ORTINGLOBE,ORTINGLOBE
INE979R01011,EQ,BE,2025-12-10,2025-12-11,SHYAMCENT,SHYAMCENT
INE087A01019,EQ,BE,2025-12-11,2025-12-12,KESORAMIND,KESORAMIND
INE0G1L01017,SM,EQ,2025-12-11,2025-12-12,LEMERITE,LEMERITE
INE416A01044,EQ,BE,2025-12-11,2025-12-12,SABTNL,SABTNL
INE0MO401019,ST,SM,2025-12-12,2025-12-15,VIAZ,VIAZ
INE0MYZ01012,ST,SM,2025-12-12,2025-12-15,INFLUX,INFLUX
INE0PW501021,ST,SM,2025-12-12,2025-12-15,NEWJAISA,NEWJAISA
INE0R6C01012,ST,SM,2025-12-12,2025-12-15,PURVFLEXI,PURVFLEXI
INE10QL01011,ST,SM,2025-12-12,2025-12-15,READYMIX,READYMIX
INE139I01011,BE,EQ,2025-12-12,2025-12-15,BVCL,BVCL
INE198H01019,BE,EQ,2025-12-12,2025-12-15,AAREYDRUGS,AAREYDRUGS
INE295D01020,BE,EQ,2025-12-12,2025-12-15,NACLIND,NACLIND
INE335K01011,BE,EQ,2025-12-12,2025-12-15,COFFEEDAY,COFFEEDAY
INE879A01019,BE,EQ,2025-12-12,2025-12-15,SHREERAMA,SHREERAMA
INE069I01010,EQ,BE,2025-12-15,2025-12-16,EMBDL,EMBDL
INE093B01015,EQ,BE,2025-12-15,2025-12-16,ALPSINDUS,ALPSINDUS
INE792X01016,SM,ST,2025-12-16,2025-12-18,TRANSWIND,TRANSWIND
INE597Z01014,ST,SM,2025-12-17,2025-12-22,COMMITTED,COMMITTED
INE871L01013,EQ,BE,2025-12-17,2025-12-18,TVVISION,TVVISION
INE947T01022,SM,ST,2025-12-17,2025-12-18,GICL,GICL
INE2J8701016,BE,EQ,2025-12-18,2025-12-19,SKFINDUS,SKFINDUS
INE09E501017,BE,EQ,2025-12-19,2025-12-22,RVHL,RVHL
INE0BSN01013,SM,ST,2025-12-19,2025-12-22,SATECH,SATECH
INE0DM401012,ST,SM,2025-12-19,2025-12-22,SHRIAHIMSA,SHRIAHIMSA
INE0NZW01014,ST,SM,2025-12-19,2025-12-23,PATTECH,PATTECH
INE0P5R01014,ST,SM,2025-12-19,2025-12-22,PURPLEUTED,PURPLEUTED
INE0RVQ01016,ST,SM,2025-12-19,2025-12-22,MYMUDRA,MYMUDRA
INE0XJ501010,ST,SM,2025-12-19,2025-12-22,INVICTA,INVICTA
INE1CW901027,ST,SM,2025-12-19,2025-12-22,SPEB,SPEB
INE1EF801010,ST,SM,2025-12-19,2025-12-22,CSSL,CSSL
INE278G01037,BE,EQ,2025-12-19,2025-12-22,CYBERMEDIA,CYBERMEDIA
INE449G01018,EQ,BE,2025-12-19,2025-12-22,AGRITECH,AGRITECH
INE784R01023,BE,EQ,2025-12-19,2025-12-22,ARFIN,ARFIN
INE863T01013,BE,EQ,2025-12-19,2025-12-22,JITFINFRA,JITFINFRA
INE925Y01036,EQ,BE,2025-12-19,2025-12-22,AURIGROW,AURIGROW
INE927C01020,BE,EQ,2025-12-19,2025-12-22,DIGISPICE,DIGISPICE
INE215I01027,EQ,BE,2025-12-22,2025-12-23,MAANALU,MAANALU
INE21UM01018,ST,SM,2025-12-22,2025-12-23,NEOCHEM,NEOCHEM
INE220J01025,BE,BZ,2025-12-22,2025-12-29,FCONSUMER,FCONSUMER
INE295D01020,EQ,BE,2025-12-22,2025-12-23,NACLIND,NACLIND
INE006Z01016,EQ,BE,2025-12-23,2025-12-24,ARVEE,ARVEE
INE1V4601019,ST,SM,2025-12-23,2025-12-24,SHRIKANHA,SHRIKANHA
INE226H01026,EQ,BE,2025-12-23,2025-12-24,SADBHAV,SADBHAV
INE911B01018,EQ,BE,2025-12-23,2025-12-24,TCIFINANCE,TCIFINANCE
INE0O4M01019,SM,ST,2025-12-24,2025-12-26,MCON,MCON
INE0P1P01017,SM,ST,2025-12-24,2025-12-26,MARINETRAN,MARINETRAN
INE105I01020,EQ,BE,2025-12-24,2025-12-26,SELMC,SELMC
INE343B01030,EQ,BZ,2025-12-24,2025-12-26,RAJESHEXPO,RAJESHEXPO
INE349X01015,SM,ST,2025-12-24,2025-12-26,JALAN,JALAN
INE411Y01011,EQ,BZ,2025-12-24,2025-12-26,DIL,DIL
INE526G01021,BE,EQ,2025-12-24,2025-12-26,VIVIMEDLAB,VIVIMEDLAB
INE843D01027,EQ,BE,2025-12-24,2025-12-26,DCMSRIND,DCMSRIND
INE054301028,BE,EQ,2025-12-26,2025-12-29,ODIGMA,ODIGMA
INE0PSK01027,ST,SM,2025-12-26,2025-12-29,SAAKSHI,SAAKSHI
INE0SQZ01015,ST,SM,2025-12-26,2025-12-29,FWSTC,FWSTC
INE0VCK01011,ST,SM,2025-12-26,2025-12-29,FLYSBS,FLYSBS
INE0Y8W01017,BE,EQ,2025-12-26,2025-12-29,AHCL,AHCL
INE296H01011,BE,EQ,2025-12-26,2025-12-29,EMKAY,EMKAY
INE337M01021,BE,EQ,2025-12-26,2025-12-29,INDOTHAI,INDOTHAI
INE433T01015,ST,SM,2025-12-26,2025-12-29,ENCOMPAS,ENCOMPAS
INE539B01017,BE,EQ,2025-12-26,2025-12-29,VIRINCHI,VIRINCHI
INE781A01025,BE,EQ,2025-12-26,2025-12-29,INTENTECH,INTENTECH
INE977Y01011,BE,EQ,2025-12-26,2025-12-29,BCONCEPTS,BCONCEPTS
INE0J5601015,SM,EQ,2025-12-29,2025-12-30,KRISHNADEF,KRISHNADEF
INE866K01023,BE,EQ,2025-12-29,2026-01-01,WAAREEINDO,WAAREEINDO
INE0GMR01016,SM,ST,2025-12-30,2025-12-31,SWARAJ,SWARAJ
INE0QBU01012,SM,ST,2025-12-30,2025-12-31,CPS,CPS
INE0PTR01012,SM,ST,2025-12-31,2026-01-01,ROCKINGDCE,ROCKINGDCE
INE632X01030,EQ,BZ,2026-01-01,2026-01-02,SHRENIK,SHRENIK
INE00S901012,BE,EQ,2026-01-02,2026-01-05,NILASPACES,NILASPACES
INE0MOT01016,ST,SM,2026-01-02,2026-01-05,KANDARP,KANDARP
INE0SGC01015,ST,SM,2026-01-02,2026-01-05,MVKAGRO,MVKAGRO
INE124401014,ST,SM,2026-01-02,2026-01-05,AARADHYA,AARADHYA
INE19I001020,ST,SM,2026-01-02,2026-01-05,EXIMROUTES,EXIMROUTES
INE1A6Q01010,ST,SM,2026-01-02,2026-01-05,ASHWINI,ASHWINI
INE235C01036,BE,EQ,2026-01-02,2026-01-05,SUMEETINDS,SUMEETINDS
INE295D01020,BE,EQ,2026-01-02,2026-01-05,NACLIND,NACLIND
INE472B01011,BE,EQ,2026-01-02,2026-01-05,BLUECOAST,BLUECOAST
INE561C01019,BE,EQ,2026-01-02,2026-01-05,BHARATGEAR,BHARATGEAR
INE641C01019,BE,EQ,2026-01-02,2026-01-05,KAVDEFENCE,KAVDEFENCE
INE859Q01017,BE,EQ,2026-01-02,2026-01-05,MANAKALUCO,MANAKALUCO
INE895W01019,BE,EQ,2026-01-02,2026-01-05,PANACHE,PANACHE
INE0MTP01013,SM,ST,2026-01-05,2026-01-09,AMIABLE,AMIABLE
INE813V01022,EQ,BE,2026-01-05,2026-01-06,MCL,MCL
INE866K01023,EQ,BE,2026-01-05,2026-01-06,WAAREEINDO,WAAREEINDO
INE946H01037,EQ,BE,2026-01-05,2026-01-06,VIPULLTD,VIPULLTD
INE0SQH01013,SM,ST,2026-01-07,2026-01-08,BIKEWO,BIKEWO
INE0TD401015,ST,SM,2026-01-07,2026-01-08,MARC,MARC
INE19I001020,SM,ST,2026-01-07,2026-01-08,EXIMROUTES,EXIMROUTES
INE1SPP01016,EQ,BE,2026-01-07,2026-01-08,KSR,KSR
INE268H01044,EQ,BE,2026-01-07,2026-01-08,NAVKARURB,NAVKARURB
INE584F01014,EQ,BE,2026-01-07,2026-01-08,MANGALAM,MANGALAM
INE696K01024,EQ,BE,2026-01-07,2026-01-08,PRAKASHSTL,PRAKASHSTL
INE626Z01029,EQ,BE,2026-01-08,2026-01-09,HARDWYN,HARDWYN
INE843D01027,BE,EQ,2026-01-08,2026-01-09,DCMSRIND,DCMSRIND
INE00U801010,ST,SM,2026-01-09,2026-01-12,PARIN,PARIN
INE0A0S01028,BE,EQ,2026-01-09,2026-01-12,SIGMA,SIGMA
INE0D0U01013,BE,EQ,2026-01-09,2026-01-12,AAATECH,AAATECH
INE0NCC01015,ST,SM,2026-01-09,2026-01-12,ARIHANTACA,ARIHANTACA
INE0RXB01022,ST,SM,2026-01-09,2026-01-12,JEYYAM,JEYYAM
INE0SUN01013,ST,SM,2026-01-09,2026-01-12,NEPHROCARE,NEPHROCARE
INE0VA601019,ST,SM,2026-01-09,2026-01-13,HPTL,HPTL
INE0XWS01018,ST,SM,2026-01-09,2026-01-12,TAURIAN,TAURIAN
INE117Z01011,BE,EQ,2026-01-09,2026-01-12,NARMADA,NARMADA
INE214A01019,BE,EQ,2026-01-09,2026-01-12,CYBERTECH,CYBERTECH
INE285H01022,BE,EQ,2026-01-09,2026-01-12,ATLANTAA,ATLANTAA
INE555B01013,BE,EQ,2026-01-09,2026-01-12,AXISCADES,AXISCADES
INE661I01014,BE,EQ,2026-01-09,2026-01-12,BGRENERGY,BGRENERGY
INE705X01026,EQ,BE,2026-01-09,2026-01-12,GOYALALUM,GOYALALUM
INE938A01021,BE,EQ,2026-01-09,2026-01-12,LCCINFOTEC,LCCINFOTEC
INE942G01012,BE,EQ,2026-01-09,2026-01-12,MCLEODRUSS,MCLEODRUSS
INE0CTB01014,ST,SM,2026-01-12,2026-01-13,SOCL,SOCL
INE1CRP01016,ST,SM,2026-01-12,2026-01-13,SHYAMDHANI,SHYAMDHANI
INE1KEC01023,ST,SM,2026-01-12,2026-01-13,EPWINDIA,EPWINDIA
INE927A01040,EQ,BE,2026-01-12,2026-01-13,ROLLT,ROLLT
INE938A01021,EQ,BE,2026-01-12,2026-01-13,LCCINFOTEC,LCCINFOTEC
INE09A801015,SM,ST,2026-01-13,2026-01-14,GML,GML
INE2HJL01019,ST,SM,2026-01-13,2026-01-14,DHARARAIL,DHARARAIL
INE0QZM01018,ST,SM,2026-01-14,2026-01-19,DRSCARGO,DRSCARGO
INE04VX01019,SM,ST,2026-01-16,2026-01-19,SHEETAL,SHEETAL
INE082W01014,BE,EQ,2026-01-16,2026-01-19,WEWIN,WEWIN
INE0FLF01015,ST,SM,2026-01-16,2026-01-19,NIKITA,NIKITA
INE0JQS01019,ST,SM,2026-01-16,2026-01-19,TECHERA,TECHERA
INE0RYC01010,BE,EQ,2026-01-16,2026-01-19,STALLION,STALLION
INE0SWN01019,ST,SM,2026-01-16,2026-01-19,TRUST,TRUST
INE0Y5H01014,ST,SM,2026-01-16,2026-01-19,TECHD,TECHD
INE104Y01012,ST,SM,2026-01-16,2026-01-23,MANAV,MANAV
INE1CEJ01017,ST,SM,2026-01-16,2026-01-19,E2ERAIL,E2ERAIL
INE245I01016,BE,EQ,2026-01-16,2026-01-19,NAGREEKCAP,NAGREEKCAP
INE281A01026,BE,EQ,2026-01-16,2026-01-19,CENTEXT,CENTEXT
INE286H01012,BE,EQ,2026-01-16,2026-01-19,VISASTEEL,VISASTEEL
INE551Q01028,SM,ST,2026-01-16,2026-01-23,VSCL,VSCL
INE970N01027,BE,EQ,2026-01-16,2026-01-19,SPCENET,SPCENET
INE0L4V01013,SM,ST,2026-01-19,2026-01-22,VILINBIO,VILINBIO
INE295D01020,EQ,BE,2026-01-19,2026-01-20,NACLIND,NACLIND
INE859Q01017,EQ,BE,2026-01-19,2026-01-20,MANAKALUCO,MANAKALUCO
INE0O4R01018,SM,ST,2026-01-20,2026-01-21,KDL,KDL
INE702Y01013,SM,ST,2026-01-20,2026-01-29,SMVD,SMVD
INE052T01021,EQ,BE,2026-01-21,2026-01-22,BESTAGRO,BESTAGRO
INE0D0U01013,EQ,BE,2026-01-21,2026-01-22,AAATECH,AAATECH
INE218C01016,EQ,BE,2026-01-21,2026-01-22,AUSOMENT,AUSOMENT
INE376Y01016,SM,ST,2026-01-21,2026-01-23,MILTON,MILTON
INE652Z01017,EQ,BE,2026-01-21,2026-01-22,AVROIND,AVROIND
INE01P501012,BE,EQ,2026-01-23,2026-01-27,XELPMOC,XELPMOC
INE0J1E01027,ST,SM,2026-01-23,2026-01-27,KCK,KCK
INE0Q7P01013,SM,ST,2026-01-23,2026-01-27,KODYTECH,KODYTECH
INE0ZTO01018,ST,SM,2026-01-23,2026-01-27,MAYASHEEL,MAYASHEEL
INE241X01014,ST,SM,2026-01-23,2026-01-27,VOLERCAR,VOLERCAR
INE24OJ01011,BE,EQ,2026-01-23,2026-01-27,BUILDPRO,BUILDPRO
INE287Z01012,BE,EQ,2026-01-23,2026-01-27,GAYAHWS,GAYAHWS
INE295D01020,BE,EQ,2026-01-23,2026-01-27,NACLIND,NACLIND
INE362A01016,BE,EQ,2026-01-23,2026-01-27,PVP,PVP
INE460Q01014,ST,SM,2026-01-23,2026-01-27,SCML,SCML
INE482B01010,BE,EQ,2026-01-23,2026-01-27,TERASOFT,TERASOFT
INE747K01017,BE,EQ,2026-01-23,2026-01-27,TARAPUR,TARAPUR
INE885F01015,BE,EQ,2026-01-23,2026-01-27,MASKINVEST,MASKINVEST
INE955I01044,BE,EQ,2026-01-23,2026-01-27,SEJALLTD,SEJALLTD
INE965B01022,BE,EQ,2026-01-23,2026-01-27,HYBRIDFIN,HYBRIDFIN
INE542Z01028,EQ,BE,2026-01-27,2026-01-28,KAPSTON,KAPSTON
INE899L01030,BE,EQ,2026-01-27,2026-02-02,UEL,UEL
INE0Y4801011,SM,ST,2026-01-28,2026-01-29,EXCELLENT,EXCELLENT
INE0F8901022,ST,SM,2026-01-29,2026-01-30,VICTORYEV,VICTORYEV
INE0JW501011,ST,SM,2026-01-30,2026-02-03,SPRL,SPRL
INE0ORS01017,ST,SM,2026-01-30,2026-02-02,PENTAGON,PENTAGON
INE112X01025,BE,EQ,2026-01-30,2026-02-02,SIKKO,SIKKO
INE122M01019,BE,EQ,2026-01-30,2026-02-02,ESSARSHPNG,ESSARSHPNG
INE124101010,ST,SM,2026-01-30,2026-02-02,SAMAY,SAMAY
INE238Y01018,ST,SM,2026-01-30,2026-02-02,TIRUPATI,TIRUPATI
INE262Z01023,BE,EQ,2026-01-30,2026-02-02,LATTEYS,LATTEYS
INE505C01016,BE,EQ,2026-01-30,2026-02-02,PRAENG,PRAENG
INE1KU201016,ST,SM,2026-02-02,2026-02-03,AVANA,AVANA
INE162C01024,EQ,BE,2026-02-03,2026-02-04,PARASPETRO,PARASPETRO
INE0TZX01019,ST,SM,2026-02-04,2026-02-05,ARMOUR,ARMOUR
INE955D01029,EQ,BE,2026-02-05,2026-02-06,GENUSPOWER,GENUSPOWER
INE0B1K01014,EQ,BE,2026-02-06,2026-02-09,DJML,DJML
INE0J1P01015,ST,SM,2026-02-06,2026-02-09,RICHA,RICHA
INE0Q9Q01017,ST,SM,2026-02-06,2026-02-09,SHANTHALA,SHANTHALA
INE195N01013,BE,EQ,2026-02-06,2026-02-09,PROZONER,PROZONER
INE226H01026,BE,EQ,2026-02-06,2026-02-09,SADBHAV,SADBHAV
INE429I01024,BE,EQ,2026-02-06,2026-02-09,CCCL,CCCL
INE501Y01019,EQ,BE,2026-02-06,2026-02-09,SCPL,SCPL
INE540A01017,BE,EQ,2026-02-06,2026-02-09,GLFL,GLFL
INE657B01025,BE,EQ,2026-02-06,2026-02-09,BLUECHIP,BLUECHIP
INE933B01012,BE,EQ,2026-02-06,2026-02-09,MEGASOFT,SIGMAADV
INE156901014,SM,ST,2026-02-09,2026-02-11,NEPTUNE,NEPTUNE
INE440L01017,EQ,BE,2026-02-09,2026-02-10,TIJARIA,TIJARIA
INE0UOY01019,SM,ST,2026-02-10,2026-02-12,MEDISTEP,MEDISTEP
INE0WL901019,SM,ST,2026-02-10,2026-02-11,VIJAYPD,VIJAYPD
INE1MTV01019,ST,SM,2026-02-10,2026-02-11,KRMAYURVED,KRMAYURVED
INE326T01011,EQ,BE,2026-02-10,2026-02-11,NIRAJISPAT,NIRAJISPAT
INE970D01010,EQ,BE,2026-02-11,2026-02-12,LOYALTEX,LOYALTEX
INE0Q4701019,ST,SM,2026-02-12,2026-02-16,FONEBOX,FONEBOX
INE073V01015,BE,EQ,2026-02-13,2026-02-16,COMSYN,COMSYN
INE0J6801010,ST,SM,2026-02-13,2026-02-16,KORE,KORE
INE0JWV01011,SM,ST,2026-02-13,2026-02-16,DENEERS,DENEERS
INE0KFF01017,ST,SM,2026-02-13,2026-02-16,EFACTOR,EFACTOR
INE0POU01017,SM,ST,2026-02-13,2026-02-16,GRAPHISAD,GRAPHISAD
INE0TR001017,ST,SM,2026-02-13,2026-02-16,VIESL,VIESL
INE251C01025,EQ,BE,2026-02-13,2026-02-16,ABMINTLLTD,ABMINTLLTD
INE283A01014,EQ,BE,2026-02-13,2026-02-16,PRECOT,PRECOT
INE368U01029,BE,EQ,2026-02-13,2026-02-16,UNITEDPOLY,UNITEDPOLY
INE388G01026,BE,EQ,2026-02-13,2026-02-16,TICL,TICL
INE0TNW01017,SM,ST,2026-02-16,2026-02-17,QUESTLAB,QUESTLAB
INE614Z01017,SM,ST,2026-02-16,2026-02-17,GIRIRAJ,GIRIRAJ
INE801V01019,EQ,BE,2026-02-16,2026-02-17,LAXMICOT,LAXMICOT
INE802W01023,EQ,BE,2026-02-16,2026-02-17,BOHRAIND,BOHRAIND
INE03KJ01013,SM,ST,2026-02-17,2026-02-19,SHIGAN,SHIGAN
INE0R1601012,SM,ST,2026-02-17,2026-02-18,PRESSTONIC,PRESSTONIC
INE947T01022,ST,BE,2026-02-17,2026-02-18,GICL,GICL
INE00NI01015,SM,ST,2026-02-18,2026-02-20,UCL,UCL
INE0SVO01019,SM,ST,2026-02-18,2026-02-19,SIDDHICOTS,SIDDHICOTS
INE00C501018,SM,ST,2026-02-19,2026-02-27,AMBANIORGO,AMBANIORGO
INE0SAK01011,SM,ST,2026-02-19,2026-02-20,BLUEPEBBLE,BLUEPEBBLE
INE0SFW01015,SM,ST,2026-02-19,2026-02-20,FRESHARA,FRESHARA
INE0SMX01019,ST,SM,2026-02-19,2026-02-20,CKKRETAIL,CKKRETAIL
INE349X01015,ST,SM,2026-02-19,2026-02-24,JALAN,JALAN
INE902B01017,EQ,BE,2026-02-19,2026-02-20,S&SPOWER,S&SPOWER
INE955D01029,BE,EQ,2026-02-19,2026-02-20,GENUSPOWER,GENUSPOWER
INE03V001013,EQ,BE,2026-02-20,2026-02-23,UNIVPHOTO,UNIVPHOTO
INE0MGA01012,ST,SM,2026-02-20,2026-02-23,KARNIKA,KARNIKA
INE0OGG01015,ST,SM,2026-02-20,2026-02-23,DHTL,DHTL
INE0OK701014,SM,ST,2026-02-20,2026-02-23,NIRMAN,NIRMAN
INE0VTV01012,ST,SM,2026-02-20,2026-02-23,ANONDITA,ANONDITA
INE104101014,ST,SM,2026-02-20,2026-02-23,NRVANDANA,NRVANDANA
INE104Y01012,SM,ST,2026-02-20,2026-03-10,MANAV,MANAV
INE152C01025,BE,EQ,2026-02-20,2026-02-23,UYFINCORP,UYFINCORP
INE416A01044,BE,EQ,2026-02-20,2026-02-23,AQYLON,AQYLON
INE458B01036,BE,EQ,2026-02-20,2026-02-23,BHAGYANGR,BHAGYANGR
INE551Q01028,ST,SM,2026-02-20,2026-02-24,VSCL,VSCL
INE657B01025,EQ,BE,2026-02-20,2026-02-23,BLUECHIP,BLUECHIP
INE730A01022,BE,EQ,2026-02-20,2026-02-23,ORICONENT,ORICONENT
INE00EM01016,BE,EQ,2026-02-23,2026-02-24,MEGASTAR,MEGASTAR
INE012Q01021,EQ,BE,2026-02-23,2026-02-24,RNBDENIMS,RNBDENIMS
INE013801027,EQ,BE,2026-02-23,2026-02-24,KSHITIJPOL,KSHITIJPOL
INE020G01017,EQ,BE,2026-02-23,2026-02-24,INSPIRISYS,INSPIRISYS
INE023H01027,BE,EQ,2026-02-23,2026-02-24,NECLIFE,NECLIFE
INE025A01027,EQ,BE,2026-02-23,2026-02-24,CONSOFINVT,CONSOFINVT
INE02CV01017,SM,ST,2026-02-23,2026-02-25,DRSDILIP,DRSDILIP
INE09FA01019,SM,ST,2026-02-23,2026-02-24,YUDIZ,YUDIZ
INE0D0U01013,BE,EQ,2026-02-23,2026-02-24,AAATECH,AAATECH
INE0GFE01026,BE,EQ,2026-02-23,2026-02-24,EXXARO,EXXARO
INE0JSX01015,BE,EQ,2026-02-23,2026-02-24,GSLSU,GSLSU
INE0P1Q01015,SM,ST,2026-02-23,2026-02-24,SERVICE,SERVICE
INE0RMF01018,ST,SM,2026-02-23,2026-02-24,OSELDEVICE,OSELDEVICE
INE0RUV01018,ST,SM,2026-02-23,2026-02-24,AIMTRON,AIMTRON
INE0SMX01019,SM,ST,2026-02-23,2026-02-24,CKKRETAIL,CKKRETAIL
INE0VZX01015,ST,SM,2026-02-23,2026-02-24,RNPL,RNPL
INE105I01020,BE,EQ,2026-02-23,2026-02-24,SELMC,SELMC
INE10A501018,ST,SM,2026-02-23,2026-02-24,MAXVOLT,MAXVOLT
INE115S01010,BE,EQ,2026-02-23,2026-02-24,HALDER,HALDER
INE203Y01012,BE,EQ,2026-02-23,2026-02-24,SILLYMONKS,SILLYMONKS
INE255Z01019,EQ,BE,2026-02-23,2026-02-24,E2E,E2E
INE268H01044,BE,EQ,2026-02-23,2026-02-24,NAVKARURB,NAVKARURB
INE296C01020,EQ,BE,2026-02-23,2026-02-24,FIBERWEB,FIBERWEB
INE306C01019,BE,EQ,2026-02-23,2026-02-24,ENERGYDEV,ENERGYDEV
INE320X01016,BE,EQ,2026-02-23,2026-02-24,HALEOSLABS,HALEOSLABS
INE395N01027,EQ,BE,2026-02-23,2026-02-24,TVSSCS,TVSSCS
INE425B01027,EQ,BE,2026-02-23,2026-02-24,BCG,BCG
INE500X01013,EQ,BE,2026-02-23,2026-02-24,LEXUS,LEXUS
INE550B01022,BE,EQ,2026-02-23,2026-02-24,HBSL,HBSL
INE584F01014,BE,EQ,2026-02-23,2026-02-24,MANGALAM,MANGALAM
INE592B01024,EQ,BE,2026-02-23,2026-02-24,TTL,TTL
INE610B01024,BE,EQ,2026-02-23,2026-02-24,GUJRAFFIA,GUJRAFFIA
INE641C01019,EQ,BE,2026-02-23,2026-02-24,KAVDEFENCE,KAVDEFENCE
INE652Z01017,BE,EQ,2026-02-23,2026-02-24,AVROIND,AVROIND
INE661I01014,EQ,BE,2026-02-23,2026-02-24,BGRENERGY,BGRENERGY
INE696K01024,BE,EQ,2026-02-23,2026-02-24,PRAKASHSTL,PRAKASHSTL
INE697V01011,BE,EQ,2026-02-23,2026-02-24,PANSARI,PANSARI
INE699B01027,BE,EQ,2026-02-23,2026-02-24,SAMBHAAV,SAMBHAAV
INE839M01018,EQ,BE,2026-02-23,2026-02-24,SCHNEIDER,SCHNEIDER
INE844K01012,EQ,BE,2026-02-23,2026-02-24,BEDMUTHA,BEDMUTHA
INE848A01014,EQ,BE,2026-02-23,2026-02-24,IZMO,IZMO
INE863T01013,EQ,BE,2026-02-23,2026-02-24,JITFINFRA,JITFINFRA
INE878A01011,EQ,BE,2026-02-23,2026-02-24,GVPIL,GVPIL
INE878I01022,BE,EQ,2026-02-23,2026-02-24,BAFNAPH,BAFNAPH
INE895W01019,EQ,BE,2026-02-23,2026-02-24,PANACHE,PANACHE
INE912L01015,BE,EQ,2026-02-23,2026-02-24,ONELIFECAP,ONELIFECAP
INE963C01033,EQ,BE,2026-02-23,2026-02-24,FAZE3Q,FAZE3Q
INE966H01019,EQ,BE,2026-02-23,2026-02-24,ZEEMEDIA,ZEEMEDIA
INE979R01011,BE,EQ,2026-02-23,2026-02-24,SHYAMCENT,SHYAMCENT
INE0XUD01014,ST,SM,2026-02-24,2026-02-25,BRANDMAN,BRANDMAN
INE1TY801010,ST,SM,2026-02-24,2026-02-25,GJL,GJL
INE540A01017,EQ,BE,2026-02-24,2026-02-25,GLFL,GLFL
INE791A01024,EQ,BE,2026-02-24,2026-02-25,BLBLIMITED,BLBLIMITED
INE107F01022,EQ,BE,2026-02-25,2026-02-26,WANBURY,WANBURY
INE753W01010,EQ,BE,2026-02-25,2026-02-26,SANGINITA,SANGINITA
INE0XW001014,ST,SM,2026-02-26,2026-02-27,BIOPOL,BIOPOL
INE1TY801010,SM,ST,2026-02-26,2026-02-27,GJL,GJL
INE0L2Y01011,ST,SM,2026-02-27,2026-03-02,ARHAM,ARHAM
INE0O7R01011,ST,SM,2026-02-27,2026-03-02,SYSTANGO,SYSTANGO
INE0STN01015,SM,ST,2026-02-27,2026-03-02,SILKFLEX,SILKFLEX
INE226H01026,EQ,BE,2026-02-27,2026-03-02,SADBHAV,SADBHAV
INE2KCE01013,BE,EQ,2026-02-27,2026-03-02,KWIL,KWIL
INE375Y01018,BE,EQ,2026-02-27,2026-03-02,RELIABLE,RELIABLE
INE451L01014,BE,EQ,2026-02-27,2026-03-02,MAHASTEEL,MAHASTEEL
INE650K01021,BE,EQ,2026-02-27,2026-03-02,SECURKLOUD,SECURKLOUD
INE0OFM01015,BE,EQ,2026-03-02,2026-03-04,DSFCL,DSFCL
INE0OU201013,BE,EQ,2026-03-02,2026-03-04,DCMSIL,DCMSIL
INE835A01029,EQ,BE,2026-03-02,2026-03-04,VARDMNPOLY,VARDMNPOLY
INE040M01013,EQ,BE,2026-03-05,2026-03-06,TREEHOUSE,TREEHOUSE
INE0N0Y01013,EQ,BE,2026-03-05,2026-03-06,USK,USK
INE0R7R01018,SM,ST,2026-03-05,2026-03-06,ITALIANE,ITALIANE
INE0X7G01013,ST,SM,2026-03-05,2026-03-06,MARUSHIKA,MARUSHIKA
INE1GYP01013,SM,ST,2026-03-05,2026-03-06,AAKAAR,AAKAAR
INE584F01014,EQ,BE,2026-03-05,2026-03-06,MANGALAM,MANGALAM
INE619I01012,EQ,BE,2026-03-05,2026-03-06,A2ZINFRA,A2ZINFRA
INE707C01018,EQ,BE,2026-03-05,2026-03-06,CAPTRUST,CAPTRUST
INE749Y01014,SM,ST,2026-03-05,2026-03-11,PARAMPARA,PARAMPARA
INE916Y01027,EQ,BE,2026-03-05,2026-03-06,AFIL,AFIL
INE924H01018,EQ,BE,2026-03-05,2026-03-06,TARMAT,TARMAT
INE00CA01015,BE,EQ,2026-03-06,2026-03-09,TREJHARA,TREJHARA
INE098201036,BE,EQ,2026-03-06,2026-03-09,VCL,VCL
INE0T0L01014,SM,ST,2026-03-06,2026-03-09,KALANA,KALANA
INE0T8T01010,ST,SM,2026-03-06,2026-03-09,ACCPL,ACCPL
INE0XUS01012,ST,SM,2026-03-06,2026-03-10,PSRAJ,PSRAJ
INE236G01019,BE,EQ,2026-03-06,2026-03-09,TVSELECT,TVSELECT
INE291W01037,BE,EQ,2026-03-06,2026-03-09,GLOBAL,GLOBAL
INE377E01024,BE,EQ,2026-03-06,2026-03-09,COASTCORP,COASTCORP
INE405Y01021,SM,ST,2026-03-06,2026-03-09,GOLDSTAR,GOLDSTAR
INE411B01019,BE,EQ,2026-03-06,2026-03-09,VENUSREM,VENUSREM
INE639X01027,ST,SM,2026-03-06,2026-03-09,BEACON,BEACON
INE784W01015,BE,EQ,2026-03-06,2026-03-09,MANOMAY,MANOMAY
INE980Y01015,BE,EQ,2026-03-06,2026-03-09,SOUTHWEST,SOUTHWEST
INE982V01025,BE,EQ,2026-03-06,2026-03-09,JETFREIGHT,JETFREIGHT
INE0V9N01017,SM,ST,2026-03-09,2026-03-10,PRIZOR,PRIZOR
INE087Z01024,EQ,BE,2026-03-10,2026-03-11,AAKASH,AAKASH
INE0L4K01016,SM,EQ,2026-03-10,2026-03-11,VITAL,VITAL
INE938A01021,BE,EQ,2026-03-10,2026-03-11,LCCINFOTEC,LCCINFOTEC
INE06XZ01023,EQ,BE,2026-03-11,2026-03-12,GEMAROMA,GEMAROMA
INE0J0B01017,SM,EQ,2026-03-11,2026-03-12,KOTYARK,KOTYARK
INE938A01021,EQ,BE,2026-03-12,2026-03-13,LCCINFOTEC,LCCINFOTEC
INE022C01012,BE,EQ,2026-03-13,2026-03-16,EUROTEXIND,EUROTEXIND
INE0P8B01020,BE,EQ,2026-03-13,2026-03-16,GAUDIUMIVF,GAUDIUMIVF
INE0SCO01019,ST,SM,2026-03-13,2026-03-16,DPEL,DPEL
INE1ERK01013,ST,SM,2026-03-13,2026-03-16,MANILAM,MANILAM
INE19GK01015,BE,EQ,2026-03-16,2026-03-17,SRTL,SRTL
INE1YNB01019,ST,SM,2026-03-16,2026-03-17,MOBILISE,MOBILISE
INE891B01012,EQ,BE,2026-03-16,2026-03-17,DCMFINSERV,DCMFINSERV
INE451L01014,EQ,BE,2026-03-17,2026-03-18,MAHASTEEL,MAHASTEEL
INE0U0J01015,ST,SM,2026-03-18,2026-03-19,YAAP,YAAP
INE159N01027,EQ,BE,2026-03-18,2026-03-19,VIJIFIN,VIJIFIN
INE201M01029,EQ,BE,2026-03-18,2026-03-19,CLEDUCATE,CLEDUCATE
INE240C01028,EQ,BE,2026-03-18,2026-03-19,UMESLTD,UMESLTD
INE613B01010,EQ,BE,2026-03-18,2026-03-19,ICDSLTD,ICDSLTD
INE792X01016,ST,SM,2026-03-18,2026-03-23,TRANSWIND,TRANSWIND
INE961Y01015,SM,ST,2026-03-18,2026-03-19,MAHICKRA,MAHICKRA
INE0OU201013,EQ,BE,2026-03-19,2026-03-20,DCMSIL,DCMSIL
INE1XWN01017,ST,SM,2026-03-19,2026-03-20,STRIDERS,STRIDERS
INE01Z401013,ST,SM,2026-03-20,2026-03-24,SHUBHLAXMI,SHUBHLAXMI
INE087A01019,BE,EQ,2026-03-20,2026-03-23,KESORAMIND,KESORAMIND
INE0BSN01013,ST,SM,2026-03-20,2026-03-23,SATECH,SATECH
INE0U2N01013,ST,SM,2026-03-20,2026-03-23,SUNLITE,SUNLITE
INE14W901010,SM,ST,2026-03-20,2026-03-23,RTL,RTL
INE1ARD01016,ST,SM,2026-03-20,2026-03-23,SACHEEROME,SACHEEROME
INE1J6M01010,ST,SM,2026-03-20,2026-03-23,ACETEC,ACETEC
INE274V01019,EQ,BE,2026-03-20,2026-03-23,SHANKARA,SHANKARA
INE449G01018,BE,EQ,2026-03-20,2026-03-23,AGRITECH,AGRITECH
INE871L01013,BE,EQ,2026-03-20,2026-03-23,TVVISION,TVVISION
INE925Y01036,BE,EQ,2026-03-20,2026-03-23,AURIGROW,AURIGROW
INE947T01022,BE,EQ,2026-03-20,2026-03-23,GICL,GICL
INE1H7V01011,SM,ST,2026-03-23,2026-03-24,PARTH,PARTH
INE319Y01024,EQ,BE,2026-03-23,2026-03-24,TIRUPATIFL,TIRUPATIFL
INE933B01012,EQ,BE,2026-03-24,2026-03-25,SIGMAADV,SIGMAADV
INE0MTP01013,ST,SM,2026-03-25,2026-04-15,AMIABLE,AMIABLE
INE0TPJ01019,ST,SM,2026-03-25,2026-03-30,SPCON,SPCON
INE985P01012,SM,ST,2026-03-25,2026-04-06,GRETEX,GRETEX
INE006Z01016,BE,EQ,2026-03-27,2026-03-30,ARVEE,ARVEE
INE0O4M01019,ST,SM,2026-03-27,2026-03-30,MCON,MCON
INE0P1P01017,ST,SM,2026-03-27,2026-04-06,MARINETRAN,MARINETRAN
INE199P01028,BE,EQ,2026-03-27,2026-03-30,GCSL,GCSL
INE215I01027,BE,EQ,2026-03-27,2026-03-30,MAANALU,MAANALU
INE308E01029,BE,EQ,2026-03-27,2026-03-30,SVPGLOB,SVPGLOB
INE518X01015,ST,SM,2026-03-27,2026-03-30,CBAZAAR,CBAZAAR
INE658G01014,BE,EQ,2026-03-27,2026-03-30,SALSTEEL,SALSTEEL
INE911B01018,BE,EQ,2026-03-27,2026-03-30,TCIFINANCE,TCIFINANCE
INE01ZJ01015,SM,ST,2026-03-30,2026-04-01,SURANI,SURANI
INE309M01020,EQ,BE,2026-04-01,2026-04-02,PREMIERPOL,PREMIERPOL
INE02EZ01022,BE,EQ,2026-04-02,2026-04-06,AXITA,AXITA
INE0GMR01016,ST,SM,2026-04-02,2026-04-06,SWARAJ,SWARAJ
INE0OO201011,ST,SM,2026-04-02,2026-04-06,WOL3D,WOL3D
INE0PTR01012,ST,SM,2026-04-02,2026-04-06,ROCKINGDCE,ROCKINGDCE
INE0QBU01012,ST,SM,2026-04-02,2026-04-06,CPS,CPS
INE0VG001016,ST,SM,2026-04-02,2026-04-06,AMCL,AMCL
INE0Z7N01017,ST,SM,2026-04-02,2026-04-06,TANKUP,TANKUP
INE1OOJ01011,ST,SM,2026-04-02,2026-04-06,APSISAERO,APSISAERO
INE617I01024,ST,SM,2026-04-02,2026-04-06,ASLIND,ASLIND
INE719F01016,EQ,BE,2026-04-02,2026-04-06,SHIVAUM,SHIVAUM
INE866K01023,BE,EQ,2026-04-02,2026-04-06,WAAREEINDO,WAAREEINDO
INE336H01023,BZ,BE,2026-04-06,2026-04-09,GAYAPROJ,GAYAPROJ
INE0A1101019,EQ,BE,2026-04-08,2026-04-09,DCI,DCI
INE878E01021,EQ,BE,2026-04-08,2026-04-09,SETCO,SETCO
INE915K01010,BE,EQ,2026-04-08,2026-04-09,AHLWEST,AHLWEST
INE0SQH01013,ST,SM,2026-04-09,2026-04-13,BIKEWO,BIKEWO
INE1M3T01017,SM,ST,2026-04-09,2026-04-10,JYOTIGLOBL,JYOTIGLOBL
INE454M01024,EQ,BZ,2026-04-09,2026-04-10,NAGAFERT,NAGAFERT
INE060901027,EQ,BE,2026-04-10,2026-04-13,LIKHITHA,LIKHITHA
INE084Q01012,EQ,BE,2026-04-10,2026-04-13,RACE,RACE
INE0B9A01018,BE,EQ,2026-04-10,2026-04-13,BONLON,BONLON
INE0S6S01017,ST,SM,2026-04-10,2026-04-13,HOACFOODS,HOACFOODS
INE0SMY01017,SM,ST,2026-04-10,2026-04-13,JAYBEE,JAYBEE
INE0TD101011,SM,ST,2026-04-10,2026-04-13,IDENTICAL,IDENTICAL
INE0TD401015,SM,ST,2026-04-10,2026-04-13,MARC,MARC
INE19I001020,ST,SM,2026-04-10,2026-04-13,EXIMROUTES,EXIMROUTES
INE369C01017,BE,EQ,2026-04-10,2026-04-13,NORBTEAEXP,NORBTEAEXP
INE540A01017,BE,EQ,2026-04-10,2026-04-13,GLFL,GLFL
INE626Z01029,BE,EQ,2026-04-10,2026-04-13,HARDWYN,HARDWYN
INE705X01026,BE,EQ,2026-04-10,2026-04-13,GOYALALUM,GOYALALUM
INE741L01018,EQ,BE,2026-04-10,2026-04-13,DUCON,DUCON
INE933B01012,BE,EQ,2026-04-10,2026-04-13,SIGMAADV,SIGMAADV
INE00ER01015,SM,ST,2026-04-13,2026-04-15,ONDOOR,ONDOOR
INE0O3O01017,SM,ST,2026-04-13,2026-04-15,SEL,SEL
INE0RQZ01017,SM,ST,2026-04-13,2026-04-15,ESCONET,ESCONET
INE17VO01028,SM,ST,2026-04-13,2026-04-15,STUDIOLSD,STUDIOLSD
INE02CV01017,ST,SM,2026-04-15,2026-06-09,DRSDILIP,DRSDILIP
INE0DTQ01028,SM,ST,2026-04-15,2026-04-16,LLOYDS,LLOYDS
INE0I3401014,EQ,BE,2026-04-15,2026-04-16,DBOL,DBOL
INE0ITO01014,SM,ST,2026-04-15,2026-04-16,ESFL,ESFL
INE0R9I01021,SM,ST,2026-04-15,2026-04-16,ENSER,ENSER
INE00KV01022,EQ,BE,2026-04-16,2026-04-17,RAJMET,RAJMET
INE018401013,EQ,BE,2026-04-16,2026-04-17,SUVIDHAA,SUVIDHAA
INE03HW01020,EQ,BE,2026-04-16,2026-04-17,VLEGOV,VLEGOV
INE043A01012,EQ,BE,2026-04-16,2026-04-17,GTL,GTL
INE054301028,EQ,BE,2026-04-16,2026-04-17,ODIGMA,ODIGMA
INE087B01017,EQ,BE,2026-04-16,2026-04-17,ANIKINDS,ANIKINDS
INE0BSN01013,SM,ST,2026-04-16,2026-04-17,SATECH,SATECH
INE0BTI01037,EQ,BE,2026-04-16,2026-04-17,KAMOPAINTS,KAMOPAINTS
INE0BTM01013,EQ,BE,2026-04-16,2026-04-17,SECMARK,SECMARK
INE0DGC01025,SM,ST,2026-04-16,2026-04-17,SWASTIK,SWASTIK
INE0GIU01018,EQ,BE,2026-04-16,2026-04-17,UMAEXPORTS,UMAEXPORTS
INE0L4K01016,EQ,BE,2026-04-16,2026-04-17,VITAL,VITAL
INE0LCW01025,SM,ST,2026-04-16,2026-04-17,ISHAN,ISHAN
INE0PW501021,SM,ST,2026-04-16,2026-04-17,NEWJAISA,NEWJAISA
INE0Q1W01012,SM,ST,2026-04-16,2026-04-17,EFORCE,EFORCE
INE0Q6H01012,SM,ST,2026-04-16,2026-04-17,SONAMAC,SONAMAC
INE0QYI01019,SM,ST,2026-04-16,2026-04-17,DIVYADHAN,DIVYADHAN
INE0ZI101018,SM,ST,2026-04-16,2026-04-17,GANGABATH,GANGABATH
INE161L01027,EQ,BE,2026-04-16,2026-04-17,VIKASLIFE,VIKASLIFE
INE165B01029,EQ,BE,2026-04-16,2026-04-17,RSSOFTWARE,RSSOFTWARE
INE185E01021,EQ,BE,2026-04-16,2026-04-17,FILATFASH,FILATFASH
INE190H01024,EQ,BE,2026-04-16,2026-04-17,SAKUMA,SAKUMA
INE197J01017,EQ,BE,2026-04-16,2026-04-17,LPDC,LPDC
INE268B01013,EQ,BE,2026-04-16,2026-04-17,KREBSBIO,KREBSBIO
INE293B01029,EQ,BE,2026-04-16,2026-04-17,HAVISHA,HAVISHA
INE319B01014,EQ,BE,2026-04-16,2026-04-17,BYKE,BYKE
INE364Z01019,EQ,BE,2026-04-16,2026-04-17,REPL,REPL
INE376Y01016,ST,SM,2026-04-16,2026-05-07,MILTON,MILTON
INE378D01032,EQ,BE,2026-04-16,2026-04-17,MADHUCON,MADHUCON
INE387I01016,EQ,BE,2026-04-16,2026-04-17,MAGNUM,MAGNUM
INE392B01011,EQ,BE,2026-04-16,2026-04-17,PNC,PNC
INE430N01022,EQ,BE,2026-04-16,2026-04-17,VISHWARAJ,VISHWARAJ
INE512B01022,EQ,BE,2026-04-16,2026-04-17,FCSSOFT,FCSSOFT
INE523B01011,EQ,BE,2026-04-16,2026-04-17,AKSHOPTFBR,AKSHOPTFBR
INE526G01021,EQ,BE,2026-04-16,2026-04-17,VIVIMEDLAB,VIVIMEDLAB
INE539B01017,EQ,BE,2026-04-16,2026-04-17,VIRINCHI,VIRINCHI
INE544H01014,EQ,BE,2026-04-16,2026-04-17,JHS,JHS
INE568Z01015,EQ,BE,2026-04-16,2026-04-17,URAVIDEF,URAVIDEF
INE627H01017,EQ,BE,2026-04-16,2026-04-17,CTE,CTE
INE642Y01029,EQ,BE,2026-04-16,2026-04-17,HINDCON,HINDCON
INE646X01014,EQ,BE,2026-04-16,2026-04-17,ASTRON,ASTRON
INE648Z01023,EQ,BE,2026-04-16,2026-04-17,ACCURACY,ACCURACY
INE650K01021,EQ,BE,2026-04-16,2026-04-17,SECURKLOUD,SECURKLOUD
INE650L01011,EQ,BE,2026-04-16,2026-04-17,BROOKS,BROOKS
INE670X01014,EQ,BE,2026-04-16,2026-04-17,LASA,LASA
INE692Z01013,EQ,BE,2026-04-16,2026-04-17,AFFORDABLE,AFFORDABLE
INE699B01027,EQ,BE,2026-04-16,2026-04-17,SAMBHAAV,SAMBHAAV
INE728Z01015,EQ,BE,2026-04-16,2026-04-17,SOFTTECH,SOFTTECH
INE738V01013,EQ,BE,2026-04-16,2026-04-17,ARTNIRMAN,ARTNIRMAN
INE757T01025,EQ,BE,2026-04-16,2026-04-17,AEPL,AEPL
INE806A01020,EQ,BE,2026-04-16,2026-04-17,VIKASECO,VIKASECO
INE862Y01015,EQ,BE,2026-04-16,2026-04-17,BANKA,BANKA
INE871H01011,EQ,BE,2026-04-16,2026-04-17,GSS,GSS
INE878I01022,EQ,BE,2026-04-16,2026-04-17,BAFNAPH,BAFNAPH
INE912H01013,EQ,BE,2026-04-16,2026-04-17,MBLINFRA,MBLINFRA
INE919I01024,EQ,BE,2026-04-16,2026-04-17,RADIOCITY,RADIOCITY
INE933A01014,EQ,BE,2026-04-16,2026-04-17,LYKALABS,LYKALABS
INE942G01012,EQ,BE,2026-04-16,2026-04-17,MCLEODRUSS,MCLEODRUSS
INE974Z01015,EQ,BE,2026-04-16,2026-04-17,PRITI,PRITI
INE04VX01019,ST,SM,2026-04-17,2026-04-20,SHEETAL,SHEETAL
INE07S101038,EQ,BE,2026-04-17,2026-04-20,PAVNAIND,PAVNAIND
INE09A801015,ST,SM,2026-04-17,2026-04-20,GML,GML
INE0O1S01012,SM,ST,2026-04-17,2026-04-20,MAGSON,MAGSON
INE314C01013,BE,EQ,2026-04-17,2026-04-20,SOMATEX,SOMATEX
INE927A01040,BE,EQ,2026-04-17,2026-04-20,ROLLT,ROLLT
INE0PDJ01013,SM,ST,2026-04-20,2026-04-21,ROXHITECH,ROXHITECH
INE0RCG01017,SM,ST,2026-04-20,2026-04-21,KCEIL,KCEIL
INE1FF001016,EQ,BE,2026-04-20,2026-04-21,JKIPL,JKIPL
INE1KU201016,SM,ST,2026-04-20,2026-04-21,AVANA,AVANA
INE1OIC01018,SM,ST,2026-04-20,2026-04-21,SNEHAA,SNEHAA
INE243D01012,BZ,EQ,2026-04-20,2026-04-21,BFUTILITIE,BFUTILITIE
INE540A01017,EQ,BE,2026-04-20,2026-04-21,GLFL,GLFL
INE561H01026,EQ,BE,2026-04-20,2026-04-21,PARSVNATH,PARSVNATH
INE618N01022,EQ,BE,2026-04-20,2026-04-21,BALAXI,BALAXI
INE00RL01028,EQ,BE,2026-04-21,2026-04-22,HILINFRA,HILINFRA
INE0KTW01013,SM,ST,2026-04-21,2026-04-22,VEEKAYEM,VEEKAYEM
INE0QEI01011,SM,ST,2026-04-21,2026-04-22,KONSTELEC,KONSTELEC
INE0TVT01024,SM,ST,2026-04-21,2026-04-22,GANESHIN,GANESHIN
INE0VZS01015,SM,ST,2026-04-21,2026-04-22,LAKSHYA,LAKSHYA
INE0XRN01019,SM,ST,2026-04-21,2026-04-22,DELTIC,DELTIC
INE113X01015,SM,ST,2026-04-21,2026-04-22,ACCORD,ACCORD
INE134B01017,EQ,BE,2026-04-21,2026-04-22,KECL,KECL
INE1OOJ01011,SM,ST,2026-04-21,2026-04-22,APSISAERO,APSISAERO
INE24H301028,ST,SM,2026-04-21,2026-04-22,VIVIDEL,VIVIDEL
INE448V01019,SM,ST,2026-04-21,2026-04-22,ALCODIS,ALCODIS
INE748Z01013,EQ,BE,2026-04-21,2026-04-22,SUMIT,SUMIT
INE836F01026,EQ,BE,2026-04-21,2026-04-22,DISHTV,DISHTV
INE932C01012,EQ,BE,2026-04-21,2026-04-22,TOKYOPLAST,TOKYOPLAST
INE0MLA01012,SM,ST,2026-04-22,2026-04-23,AGARWALFT,AGARWALFT
INE0NDX01019,SM,ST,2026-04-22,2026-04-23,INSPIRE,INSPIRE
INE0OUW01013,SM,ST,2026-04-22,2026-04-23,DURLAX,DURLAX
INE0PKD01011,EQ,BE,2026-04-22,2026-04-23,MEIL,MEIL
INE0R6C01012,SM,ST,2026-04-22,2026-04-23,PURVFLEXI,PURVFLEXI
INE0RJH01010,SM,ST,2026-04-22,2026-04-23,RBS,RBS
INE0V0Q01019,SM,ST,2026-04-22,2026-04-23,ATCENERGY,ATCENERGY
INE0YAL01017,SM,ST,2026-04-22,2026-04-23,PPSL,PPSL
INE290A01027,EQ,BE,2026-04-22,2026-04-23,NAHARSPING,NAHARSPING
INE349W01017,EQ,BE,2026-04-22,2026-04-23,AVADHSUGAR,AVADHSUGAR
INE397H01017,EQ,BE,2026-04-22,2026-04-23,LOKESHMACH,LOKESHMACH
INE798K01010,EQ,BE,2026-04-22,2026-04-23,KRITINUT,KRITINUT
INE844A01013,EQ,BE,2026-04-22,2026-04-23,PEARLPOLY,PEARLPOLY
INE915K01010,EQ,BE,2026-04-22,2026-04-23,AHLWEST,AHLWEST
INE027T01023,EQ,BE,2026-04-23,2026-04-24,RUDRA,RUDRA
INE0OL001018,SM,ST,2026-04-23,2026-04-24,SPECTSTM,SPECTSTM
INE0QHG01026,SM,ST,2026-04-23,2026-04-24,SUPREMEPWR,SUPREMEPWR
INE0V3U01015,EQ,BE,2026-04-23,2026-04-24,GLOBECIVIL,GLOBECIVIL
INE0XUD01014,SM,ST,2026-04-23,2026-04-24,BRANDMAN,BRANDMAN
INE138A01028,EQ,BE,2026-04-23,2026-04-24,PENINLAND,PENINLAND
INE142A01012,EQ,BE,2026-04-23,2026-04-24,OSWALAGRO,OSWALAGRO
INE324X01026,EQ,BE,2026-04-23,2026-04-24,SARVESHWAR,SARVESHWAR
INE866K01023,EQ,BE,2026-04-23,2026-04-24,WAAREEINDO,WAAREEINDO
INE888C01040,EQ,BE,2026-04-23,2026-04-24,SADHNANIQ,SADHNANIQ
INE972X01022,EQ,BE,2026-04-23,2026-04-24,VAISHALI,VAISHALI
INE052T01021,BE,EQ,2026-04-24,2026-04-27,BESTAGRO,BESTAGRO
INE0HPK01020,SM,ST,2026-04-24,2026-04-27,DUGLOBAL,DUGLOBAL
INE0M3I01029,SM,ST,2026-04-24,2026-04-27,AMBEY,AMBEY
INE0O4R01018,ST,SM,2026-04-24,2026-04-27,KDL,KDL
INE0PC901019,SM,ST,2026-04-24,2026-05-06,BIRDYS,BIRDYS
INE0S3H01017,SM,ST,2026-04-24,2026-04-27,POSITRON,POSITRON
INE1V4601019,SM,ST,2026-04-24,2026-04-27,SHRIKANHA,SHRIKANHA
INE218C01016,BE,EQ,2026-04-24,2026-04-27,AUSOMENT,AUSOMENT
INE245I01016,EQ,BE,2026-04-24,2026-04-27,NAGREEKCAP,NAGREEKCAP
INE268L01046,EQ,BE,2026-04-24,2026-04-27,SHEKHAWATI,SHEKHAWATI
INE395U01014,EQ,BE,2026-04-24,2026-04-27,NINSYS,NINSYS
INE635A01023,EQ,BE,2026-04-24,2026-04-27,SHYAMTEL,SHYAMTEL
INE745B01028,EQ,BE,2026-04-24,2026-04-27,KHAICHEM,KHAICHEM
INE824Q01011,EQ,BE,2026-04-24,2026-04-27,MANAKSTEEL,MANAKSTEEL
INE859Q01017,BE,EQ,2026-04-24,2026-04-27,MANAKALUCO,MANAKALUCO
INE955I01044,EQ,BE,2026-04-24,2026-04-27,SEJALLTD,SEJALLTD
INE0CAJ01017,SM,ST,2026-04-27,2026-05-05,AILIMITED,AILIMITED
INE0CTB01014,SM,ST,2026-04-27,2026-04-28,SOCL,SOCL
INE0D0K01022,EQ,BE,2026-04-27,2026-04-28,SIGACHI,SIGACHI
INE0P8B01020,EQ,BE,2026-04-27,2026-04-28,GAUDIUMIVF,GAUDIUMIVF
INE0QXL01015,SM,ST,2026-04-27,2026-04-28,VLINFRA,VLINFRA
INE1YNB01019,SM,ST,2026-04-27,2026-04-28,MOBILISE,MOBILISE
INE550B01022,EQ,BE,2026-04-27,2026-04-28,HBSL,HBSL
INE933B01012,EQ,BE,2026-04-27,2026-04-28,SIGMAADV,SIGMAADV
INE0MRA01019,SM,ST,2026-04-28,2026-04-29,RITEZONE,RITEZONE
INE338Y01016,SM,ST,2026-04-28,2026-04-29,OMFURN,OMFURN
INE731C01018,EQ,BE,2026-04-28,2026-04-29,KHAITANLTD,KHAITANLTD
INE761Y01019,EQ,BE,2026-04-28,2026-04-29,ZODIAC,ZODIAC
INE081G01019,EQ,BE,2026-04-29,2026-04-30,KANCHI,KANCHI
INE090Y01013,SM,ST,2026-04-29,2026-04-30,CADSYS,CADSYS
INE0JWS01017,EQ,BE,2026-04-29,2026-04-30,VALIANTLAB,VALIANTLAB
INE0NB801022,SM,ST,2026-04-29,2026-04-30,SATKARTAR,SATKARTAR
INE0P7201019,SM,ST,2026-04-29,2026-04-30,DRONE,DRONE
INE0U0201016,SM,ST,2026-04-29,2026-05-04,BALCO,BALCO
INE0U0J01015,SM,ST,2026-04-29,2026-04-30,YAAP,YAAP
INE0U2N01013,SM,ST,2026-04-29,2026-04-30,SUNLITE,SUNLITE
INE0URU01010,EQ,BE,2026-04-29,2026-04-30,GLOBALE,GLOBALE
INE0X3M01010,SM,ST,2026-04-29,2026-04-30,BLUEWATER,BLUEWATER
INE0YDV01010,SM,ST,2026-04-29,2026-04-30,ARCIIL,ARCIIL
INE0Z4F01028,EQ,BE,2026-04-29,2026-04-30,ATLANTAELE,ATLANTAELE
INE198H01019,EQ,BE,2026-04-29,2026-04-30,AAREYDRUGS,AAREYDRUGS
INE218G01033,EQ,BE,2026-04-29,2026-04-30,PALREDTEC,PALREDTEC
INE437B01014,EQ,BE,2026-04-29,2026-04-30,KAKATCEM,KAKATCEM
INE458B01036,EQ,BE,2026-04-29,2026-04-30,BHAGYANGR,BHAGYANGR
INE472B01011,EQ,BE,2026-04-29,2026-04-30,BLUECOAST,BLUECOAST
INE481Z01011,EQ,BE,2026-04-29,2026-04-30,UNIINFO,UNIINFO
INE505Y01010,EQ,BE,2026-04-29,2026-04-30,VINEETLAB,VINEETLAB
INE507F01023,EQ,BE,2026-04-29,2026-04-30,EMPOWER,EMPOWER
INE546Y01022,EQ,BE,2026-04-29,2026-04-30,PRAXIS,PRAXIS
INE591A01010,EQ,BE,2026-04-29,2026-04-30,OILCOUNTUB,OILCOUNTUB
INE637H01024,EQ,BE,2026-04-29,2026-04-30,SHIVAMAUTO,SHIVAMAUTO
INE778K01012,EQ,BE,2026-04-29,2026-04-30,EMAMIREAL,EMAMIREAL
INE800A01015,EQ,BE,2026-04-29,2026-04-30,BIRLACABLE,BIRLACABLE
INE885F01015,EQ,BE,2026-04-29,2026-04-30,MASKINVEST,MASKINVEST
INE927C01020,EQ,BE,2026-04-29,2026-04-30,DIGISPICE,DIGISPICE
INE0AE001013,EQ,BE,2026-04-30,2026-05-04,VPRPL,VPRPL
INE0P4T01013,SM,ST,2026-04-30,2026-05-04,ARVINDPORT,ARVINDPORT
INE0TLP01015,SM,ST,2026-04-30,2026-05-04,WHITEFORCE,WHITEFORCE
INE0XJ501010,SM,ST,2026-04-30,2026-05-04,INVICTA,INVICTA
INE16SF01016,BE,EQ,2026-04-30,2026-05-04,BORANA,BORANA
INE25E901019,BE,EQ,2026-04-30,2026-05-04,OMPOWER,OMPOWER
INE542Z01028,BE,EQ,2026-04-30,2026-05-04,KAPSTON,KAPSTON
INE658G01014,EQ,BE,2026-04-30,2026-05-04,SALSTEEL,SALSTEEL
INE069I01010,BE,EQ,2026-05-04,2026-05-06,EMBDL,EMBDL
INE0SJA01013,EQ,BE,2026-05-04,2026-05-05,VMSTMT,VMSTMT
INE0T8T01010,SM,ST,2026-05-04,2026-05-05,ACCPL,ACCPL
INE1KEC01023,SM,ST,2026-05-04,2026-05-06,EPWINDIA,EPWINDIA
INE365O01028,EQ,BE,2026-05-04,2026-05-05,ABANSENT,ABANSENT
INE550H01011,BZ,EQ,2026-05-04,2026-05-05,SUPREMEINF,SUPREMEINF
INE893I01013,EQ,BE,2026-05-04,2026-05-05,VASCONEQ,VASCONEQ
INE06IR01021,EQ,BE,2026-05-05,2026-05-06,OSIAHYPER,OSIAHYPER
INE0NZW01014,SM,ST,2026-05-05,2026-06-09,PATTECH,PATTECH
INE0DZ101013,ST,SM,2026-05-06,2026-05-20,SABAR,SABAR
INE0OPS01011,SM,ST,2026-05-06,2026-05-07,OLIL,OLIL
INE0PCY01014,SM,ST,2026-05-06,2026-05-07,AKANKSHA,AKANKSHA
INE0QD201012,SM,ST,2026-05-06,2026-05-07,TECHLABS,TECHLABS
INE0SYV01018,SM,ST,2026-05-06,2026-05-07,TROM,TROM
INE0UQ601012,SM,ST,2026-05-06,2026-05-07,CLASSICEIL,CLASSICEIL
INE227G01018,EQ,BE,2026-05-06,2026-05-07,INDOWIND,INDOWIND
INE521J01018,EQ,BE,2026-05-06,2026-05-07,CPCAP,CPCAP
INE617I01024,SM,ST,2026-05-06,2026-05-08,AVATAR,AVATAR
INE090B01011,EQ,BE,2026-05-07,2026-05-08,OMAXAUTO,OMAXAUTO
INE0LR101013,SM,ST,2026-05-07,2026-05-08,ANLON,ANLON
INE1MTV01019,SM,ST,2026-05-07,2026-05-08,KRMAYURVED,KRMAYURVED
INE479D01038,EQ,BE,2026-05-07,2026-05-08,KRITI,KRITI
INE506Z01015,EQ,BE,2026-05-07,2026-05-08,DHRUV,DHRUV
INE636A01039,EQ,BE,2026-05-07,2026-05-08,MAWANASUG,MAWANASUG
INE927A01040,EQ,BE,2026-05-07,2026-05-08,ROLLT,ROLLT
INE00C501018,ST,SM,2026-05-08,2026-05-26,AMBANIORGO,AMBANIORGO
INE0I3H01019,SM,ST,2026-05-08,2026-06-25,VELS,VELS
INE0INJ01017,EQ,BE,2026-05-08,2026-05-11,PLAZACABLE,PLAZACABLE
INE0S1D01010,SM,ST,2026-05-08,2026-05-11,INNOMET,INNOMET
INE0YRN01025,ST,SM,2026-05-08,2026-05-11,DHARIWAL,DHARIWAL
INE0Z4F01028,BE,EQ,2026-05-08,2026-05-11,ATLANTAELE,ATLANTAELE
INE1CCX01012,SM,ST,2026-05-08,2026-05-11,GURUNANAK,GURUNANAK
INE1K8Y01018,SM,ST,2026-05-08,2026-05-11,MUNISH,MUNISH
INE526B01014,EQ,BE,2026-05-08,2026-05-11,CALSOFT,CALSOFT
INE657B01025,BE,EQ,2026-05-08,2026-05-11,BLUECHIP,BLUECHIP
INE938A01021,BE,EQ,2026-05-08,2026-05-11,LCCINFOTEC,LCCINFOTEC
INE023H01027,EQ,BE,2026-05-11,2026-05-12,NECLIFE,NECLIFE
INE06WU01026,EQ,BE,2026-05-11,2026-05-12,LAXMIINDIA,LAXMIINDIA
INE0OMO01025,SM,ST,2026-05-11,2026-05-12,CELLECOR,CELLECOR
INE0TGX01019,EQ,BE,2026-05-11,2026-05-12,CHEMBONDCH,CHEMBONDCH
INE1CEJ01017,SM,ST,2026-05-11,2026-05-12,E2ERAIL,E2ERAIL
INE308E01029,EQ,BE,2026-05-11,2026-05-12,SVPGLOB,SVPGLOB
INE597Z01014,SM,ST,2026-05-11,2026-05-12,COMMITTED,COMMITTED
INE995D01025,EQ,BE,2026-05-11,2026-05-12,CHEMBOND,CHEMBOND
INE05DH01017,SM,ST,2026-05-12,2026-05-13,ATMASTCO,ATMASTCO
INE082W01014,EQ,BE,2026-05-12,2026-05-13,WEWIN,WEWIN
INE0MHO01029,EQ,BE,2026-05-12,2026-05-13,REGAAL,REGAAL
INE0T4V01015,SM,ST,2026-05-12,2026-05-13,APEXECO,APEXECO
INE0U1T01012,SM,ST,2026-05-12,2026-05-13,CHETANA,CHETANA
INE367G01038,EQ,BE,2026-05-12,2026-05-13,PFOCUS,PFOCUS
INE754A01055,EQ,BE,2026-05-12,2026-05-13,SUBEXLTD,SUBEXLTD
INE906O01029,EQ,BE,2026-05-12,2026-05-13,TIGERLOGS,TIGERLOGS
INE938A01021,EQ,BE,2026-05-12,2026-05-13,LCCINFOTEC,LCCINFOTEC
INE082101010,SM,ST,2026-05-13,2026-05-21,ARISTO,ARISTO
INE089C01029,EQ,BE,2026-05-13,2026-05-14,STLTECH,STLTECH
INE0XM301010,SM,ST,2026-05-13,2026-05-18,MMEL,MMEL
INE10A501018,SM,ST,2026-05-13,2026-05-14,MAXVOLT,MAXVOLT
INE17GV01016,SM,ST,2026-05-13,2026-05-14,PATILAUTOM,PATILAUTOM
INE278G01037,EQ,BE,2026-05-13,2026-05-14,CYBERMEDIA,CYBERMEDIA
INE286H01012,EQ,BE,2026-05-13,2026-05-14,VISASTEEL,VISASTEEL
INE385O01018,SM,ST,2026-05-13,2026-05-14,FROG,FROG
INE474E01029,EQ,BE,2026-05-13,2026-05-14,BHANDARI,BHANDARI
INE518E01015,EQ,BE,2026-05-13,2026-05-14,ZIMLAB,ZIMLAB
INE882A01013,EQ,BE,2026-05-13,2026-05-14,MARALOVER,MARALOVER
INE032Z01020,EQ,BE,2026-05-14,2026-05-15,BSHSL,BSHSL
INE0CQA01020,SM,ST,2026-05-14,2026-05-15,PRIMECAB,PRIMECAB
INE0UOY01019,ST,SM,2026-05-14,2026-05-18,MEDISTEP,MEDISTEP
INE20PL01012,ST,SM,2026-05-14,2026-05-15,ADISOFT,ADISOFT
INE262Z01023,EQ,BE,2026-05-14,2026-05-15,LATTEYS,LATTEYS
INE368I01016,EQ,BE,2026-05-14,2026-05-15,NIRAJ,NIRAJ
INE783X01023,EQ,BE,2026-05-14,2026-05-15,CHEMFAB,CHEMFAB
INE076C01018,EQ,BE,2026-05-15,2026-05-18,IFBAGRO,IFBAGRO
INE087A01019,EQ,BE,2026-05-15,2026-05-18,KESORAMIND,KESORAMIND
INE0JWV01011,ST,SM,2026-05-15,2026-05-18,DENEERS,DENEERS
INE0LVM01018,SM,ST,2026-05-15,2026-05-18,GRCL,GRCL
INE0POU01017,ST,SM,2026-05-15,2026-05-21,GRAPHISAD,GRAPHISAD
INE0TTG01017,SM,ST,2026-05-15,2026-05-18,ARUNAYA,ARUNAYA
INE156901014,ST,SM,2026-05-15,2026-05-18,NEPTUNE,NEPTUNE
INE283A01014,BE,EQ,2026-05-15,2026-05-18,PRECOT,PRECOT
INE450G01024,EQ,BE,2026-05-15,2026-05-18,VIPCLOTHNG,VIPCLOTHNG
INE617A01013,EQ,BE,2026-05-15,2026-05-18,SEMAC,SEMAC
INE00HZ01011,EQ,BE,2026-05-18,2026-05-19,BNAGROCHEM,BNAGROCHEM
INE00KV01022,BE,EQ,2026-05-18,2026-05-19,RAJMET,RAJMET
INE012Q01039,BE,EQ,2026-05-18,2026-05-19,RNBDENIMS,RNBDENIMS
INE018401013,BE,EQ,2026-05-18,2026-05-19,SUVIDHAA,SUVIDHAA
INE01FR01028,EQ,BE,2026-05-18,2026-05-19,STYLEBAAZA,STYLEBAAZA
INE020G01017,BE,EQ,2026-05-18,2026-05-19,INSPIRISYS,INSPIRISYS
INE025A01027,BE,EQ,2026-05-18,2026-05-19,CONSOFINVT,CONSOFINVT
INE040M01013,BE,EQ,2026-05-18,2026-05-19,TREEHOUSE,TREEHOUSE
INE043A01012,BE,EQ,2026-05-18,2026-05-19,GTL,GTL
INE054301028,BE,EQ,2026-05-18,2026-05-19,ODIGMA,ODIGMA
INE08KP01019,EQ,BE,2026-05-18,2026-05-19,DCMNVL,DCMNVL
INE091G01026,EQ,BE,2026-05-18,2026-05-19,JAIBALAJI,JAIBALAJI
INE09FA01019,ST,SM,2026-05-18,2026-05-19,YUDIZ,YUDIZ
INE0B1K01014,BE,EQ,2026-05-18,2026-05-19,DJML,DJML
INE0BSN01013,ST,SM,2026-05-18,2026-05-19,SATECH,SATECH
INE0BTI01037,BE,EQ,2026-05-18,2026-05-19,KAMOPAINTS,KAMOPAINTS
INE0BTM01013,BE,EQ,2026-05-18,2026-05-19,SECMARK,SECMARK
INE0GIU01018,BE,EQ,2026-05-18,2026-05-19,UMAEXPORTS,UMAEXPORTS
INE0LCW01025,ST,SM,2026-05-18,2026-05-19,ISHAN,ISHAN
INE0MM001019,SM,ST,2026-05-18,2026-05-19,SHERA,SHERA
INE0N0Y01013,BE,EQ,2026-05-18,2026-05-19,USK,USK
INE0P1Q01015,ST,SM,2026-05-18,2026-05-21,SERVICE,SERVICE
INE0PS501019,SM,ST,2026-05-18,2026-05-19,GLOBALPET,GLOBALPET
INE0Q1W01012,ST,SM,2026-05-18,2026-05-19,EFORCE,EFORCE
INE0Q3J01015,EQ,BE,2026-05-18,2026-05-19,KRN,KRN
INE0RBQ01018,SM,ST,2026-05-18,2026-05-19,SAHASRA,SAHASRA
INE0SII01026,EQ,BE,2026-05-18,2026-05-19,QPOWER,QPOWER
INE0TG801013,SM,ST,2026-05-18,2026-05-20,PARAMOUNT,PARAMOUNT
INE0ZI101018,ST,SM,2026-05-18,2026-05-19,GANGABATH,GANGABATH
INE126M01010,EQ,BE,2026-05-18,2026-05-19,IBULLSLTD,IBULLSLTD
INE138C01024,EQ,BE,2026-05-18,2026-05-19,KANORICHEM,KANORICHEM
INE161L01027,BE,EQ,2026-05-18,2026-05-19,VIKASLIFE,VIKASLIFE
INE162C01024,BE,EQ,2026-05-18,2026-05-19,PARASPETRO,PARASPETRO
INE178C01020,EQ,BE,2026-05-18,2026-05-19,SMARTLINK,SMARTLINK
INE197J01017,BE,EQ,2026-05-18,2026-05-19,LPDC,LPDC
INE1GYP01013,ST,SM,2026-05-18,2026-05-19,AAKAAR,AAKAAR
INE1VXE01018,EQ,BE,2026-05-18,2026-05-19,STLNETWORK,STLNETWORK
INE200D01020,EQ,BE,2026-05-18,2026-05-19,MMWL,MMWL
INE201M01029,BE,EQ,2026-05-18,2026-05-19,CLEDUCATE,CLEDUCATE
INE218C01016,EQ,BE,2026-05-18,2026-05-19,AUSOMENT,AUSOMENT
INE236Y01012,EQ,BE,2026-05-18,2026-05-19,NGIL,NGIL
INE24H301028,SM,ST,2026-05-18,2026-05-19,VIVIDEL,VIVIDEL
INE251C01025,BE,EQ,2026-05-18,2026-05-19,ABMINTLLTD,ABMINTLLTD
INE255Z01019,BE,EQ,2026-05-18,2026-05-19,E2E,E2E
INE268B01013,BE,EQ,2026-05-18,2026-05-19,KREBSBIO,KREBSBIO
INE293601014,ST,SM,2026-05-18,2026-05-19,AMBAAUTO,AMBAAUTO
INE293B01029,BE,EQ,2026-05-18,2026-05-19,HAVISHA,HAVISHA
INE296C01020,BE,EQ,2026-05-18,2026-05-19,FIBERWEB,FIBERWEB
INE319B01014,BE,EQ,2026-05-18,2026-05-19,BYKE,BYKE
INE326T01011,BE,EQ,2026-05-18,2026-05-19,NIRAJISPAT,NIRAJISPAT
INE332H01014,EQ,BE,2026-05-18,2026-05-19,INDOTECH,INDOTECH
INE349Y01013,EQ,BE,2026-05-18,2026-05-19,IDEAFORGE,IDEAFORGE
INE364Z01019,BE,EQ,2026-05-18,2026-05-19,REPL,REPL
INE370D01013,EQ,BE,2026-05-18,2026-05-19,MANORG,MANORG
INE378D01032,BE,EQ,2026-05-18,2026-05-19,MADHUCON,MADHUCON
INE387I01016,BE,EQ,2026-05-18,2026-05-19,MAGNUM,MAGNUM
INE392B01011,BE,EQ,2026-05-18,2026-05-19,PNC,PNC
INE395N01027,BE,EQ,2026-05-18,2026-05-19,TVSSCS,TVSSCS
INE418N01035,EQ,BE,2026-05-18,2026-05-19,ESSENTIA,ESSENTIA
INE425B01027,BE,EQ,2026-05-18,2026-05-19,BCG,BCG
INE430N01022,BE,EQ,2026-05-18,2026-05-19,VISHWARAJ,VISHWARAJ
INE500X01013,BE,EQ,2026-05-18,2026-05-19,LEXUS,LEXUS
INE539B01017,BE,EQ,2026-05-18,2026-05-19,VIRINCHI,VIRINCHI
INE544H01014,BE,EQ,2026-05-18,2026-05-19,JHS,JHS
INE568Z01015,BE,EQ,2026-05-18,2026-05-19,URAVIDEF,URAVIDEF
INE572G01025,BE,EQ,2026-05-18,2026-05-19,LANCORHOL,LANCORHOL
INE592B01024,BE,EQ,2026-05-18,2026-05-19,TTL,TTL
INE600A01035,EQ,BE,2026-05-18,2026-05-19,PILITA,PILITA
INE613B01010,BE,EQ,2026-05-18,2026-05-19,ICDSLTD,ICDSLTD
INE619I01012,BE,EQ,2026-05-18,2026-05-19,A2ZINFRA,A2ZINFRA
INE627H01017,BE,EQ,2026-05-18,2026-05-19,CTE,CTE
INE639X01027,SM,ST,2026-05-18,2026-05-19,BEACON,BEACON
INE641C01019,BE,EQ,2026-05-18,2026-05-19,KAVDEFENCE,KAVDEFENCE
INE644Y01017,EQ,BE,2026-05-18,2026-05-19,SHIVAMILLS,SHIVAMILLS
INE648Z01023,BE,EQ,2026-05-18,2026-05-19,ACCURACY,ACCURACY
INE650K01021,BE,EQ,2026-05-18,2026-05-19,SECURKLOUD,SECURKLOUD
INE670X01014,BE,EQ,2026-05-18,2026-05-19,LASA,LASA
INE699B01027,BE,EQ,2026-05-18,2026-05-19,SAMBHAAV,SAMBHAAV
INE719F01016,BE,EQ,2026-05-18,2026-05-19,SHIVAUM,SHIVAUM
INE738V01013,BE,EQ,2026-05-18,2026-05-19,ARTNIRMAN,ARTNIRMAN
INE757T01025,BE,EQ,2026-05-18,2026-05-19,AEPL,AEPL
INE806A01020,BE,EQ,2026-05-18,2026-05-19,VIKASECO,VIKASECO
INE831A01028,EQ,BE,2026-05-18,2026-05-19,MIRCELECTR,MIRCELECTR
INE839M01018,BE,EQ,2026-05-18,2026-05-19,SCHNEIDER,SCHNEIDER
INE841L01016,EQ,BE,2026-05-18,2026-05-19,DEEDEV,DEEDEV
INE844K01012,BE,EQ,2026-05-18,2026-05-19,BEDMUTHA,BEDMUTHA
INE848A01014,BE,EQ,2026-05-18,2026-05-19,IZMO,IZMO
INE878A01011,BE,EQ,2026-05-18,2026-05-19,GVPIL,GVPIL
INE878I01022,BE,EQ,2026-05-18,2026-05-19,BAFNAPH,BAFNAPH
INE879I01012,EQ,BE,2026-05-18,2026-05-19,DBREALTY,DBREALTY
INE895W01019,BE,EQ,2026-05-18,2026-05-19,PANACHE,PANACHE
INE912H01013,BE,EQ,2026-05-18,2026-05-19,MBLINFRA,MBLINFRA
INE919I01024,BE,EQ,2026-05-18,2026-05-19,RADIOCITY,RADIOCITY
INE924H01018,BE,EQ,2026-05-18,2026-05-19,TARMAT,TARMAT
INE933A01014,BE,EQ,2026-05-18,2026-05-19,LYKALABS,LYKALABS
INE946H01037,BE,EQ,2026-05-18,2026-05-19,VIPULLTD,VIPULLTD
INE963C01033,BE,EQ,2026-05-18,2026-05-19,FAZE3Q,FAZE3Q
INE966H01019,BE,EQ,2026-05-18,2026-05-19,ZEEMEDIA,ZEEMEDIA
INE974Z01015,BE,EQ,2026-05-18,2026-05-19,PRITI,PRITI
INE360C01024,EQ,BE,2026-05-19,2026-05-20,DPSCLTD,DPSCLTD
INE702Y01013,ST,SM,2026-05-19,2026-06-02,SMVD,SMVD
INE0G1D01014,ST,SM,2026-05-21,2026-05-25,MEGAFLEX,MEGAFLEX
INE0SGZ01016,SM,ST,2026-05-21,2026-05-22,SUNTECH,SUNTECH
INE361K01017,BE,EQ,2026-05-21,2026-05-22,GRADIENTE,GRADIENTE
INE718H01014,EQ,BE,2026-05-21,2026-05-22,AUTOIND,AUTOIND
INE788H01017,EQ,BE,2026-05-21,2026-05-22,HILTON,HILTON
INE912L01015,EQ,BE,2026-05-21,2026-05-22,ONELIFECAP,ONELIFECAP
INE0OK701014,ST,SM,2026-05-22,2026-05-25,NIRMAN,NIRMAN
INE0R1601012,ST,SM,2026-05-22,2026-05-25,PRESSTONIC,PRESSTONIC
INE0SAK01011,ST,SM,2026-05-22,2026-05-25,BLUEPEBBLE,BLUEPEBBLE
INE0SFW01015,ST,SM,2026-05-22,2026-05-25,FRESHARA,FRESHARA
INE0SUN01013,SM,ST,2026-05-22,2026-05-25,NEPHROCARE,NEPHROCARE
INE0SVO01019,ST,SM,2026-05-22,2026-05-25,SIDDHICOTS,SIDDHICOTS
INE0TNW01017,ST,SM,2026-05-22,2026-05-25,QUESTLAB,QUESTLAB
INE0TQE01026,EQ,BE,2026-05-22,2026-05-25,GLOTTIS,GLOTTIS
INE1E7Y01018,ST,SM,2026-05-22,2026-05-25,VALUE360,VALUE360
INE360L01017,EQ,BE,2026-05-22,2026-05-25,FMNL,FMNL
INE368U01029,EQ,BE,2026-05-22,2026-05-25,UNITEDPOLY,UNITEDPOLY
INE749B01020,BE,EQ,2026-05-22,2026-05-25,ORTINGLOBE,ORTINGLOBE
INE781B01015,EQ,BE,2026-05-22,2026-05-25,NOIDATOLL,NOIDATOLL
INE801V01019,BE,EQ,2026-05-22,2026-05-25,LAXMICOT,LAXMICOT
INE933B01012,BE,EQ,2026-05-22,2026-05-25,SIGMAADV,SIGMAADV
INE0OO201011,SM,ST,2026-05-25,2026-05-26,WOL3D,WOL3D
INE0QRV01016,SM,ST,2026-05-25,2026-05-26,ABSMARINE,ABSMARINE
INE0Y5H01014,SM,ST,2026-05-25,2026-05-26,TECHD,TECHD
INE1FL101016,SM,ST,2026-05-25,2026-05-26,SHETHJI,SHETHJI
INE338D01028,EQ,BE,2026-05-25,2026-05-26,BODALCHEM,BODALCHEM
INE537F01012,EQ,BE,2026-05-25,2026-05-26,MODINATUR,MODINATUR
INE020G01017,EQ,BE,2026-05-27,2026-05-29,INSPIRISYS,INSPIRISYS
INE0F8901022,SM,ST,2026-05-27,2026-05-29,VICTORYEV,VICTORYEV
INE0M2X01012,SM,ST,2026-05-27,2026-05-29,ALLETEC,ALLETEC
INE0WL201014,SM,ST,2026-05-27,2026-05-29,CUDML,CUDML
INE188Y01031,EQ,BE,2026-05-27,2026-05-29,VERTOZ,VERTOZ
INE1CW901027,SM,ST,2026-05-27,2026-05-29,SPEB,SPEB
INE201M01029,EQ,BE,2026-05-27,2026-05-29,CLEDUCATE,CLEDUCATE
INE21UM01018,SM,ST,2026-05-27,2026-05-29,NEOCHEM,NEOCHEM
INE389K01018,EQ,BE,2026-05-27,2026-05-29,WELINV,WELINV
INE875B01015,EQ,BE,2026-05-27,2026-05-29,NIMBSPROJ,NIMBSPROJ
INE06HJ01020,EQ,BE,2026-05-29,2026-06-01,ECOSMOBLTY,ECOSMOBLTY
INE082A01010,EQ,BE,2026-05-29,2026-06-01,KOPRAN,KOPRAN
INE0Q7P01013,ST,SM,2026-05-29,2026-06-01,KODYTECH,KODYTECH
INE0SMX01019,ST,SM,2026-05-29,2026-06-01,CKKRETAIL,CKKRETAIL
INE104101014,SM,ST,2026-05-29,2026-06-01,NRVANDANA,NRVANDANA
INE104Y01012,ST,SM,2026-05-29,2026-06-01,MANAV,MANAV
INE107F01022,BE,EQ,2026-05-29,2026-06-01,WANBURY,WANBURY
INE1K4J01018,ST,SM,2026-05-29,2026-06-01,SIMCA,SIMCA
INE226H01026,BE,EQ,2026-05-29,2026-06-01,SADBHAV,SADBHAV
INE440L01017,BE,EQ,2026-05-29,2026-06-01,TIJARIA,TIJARIA
INE737D01021,EQ,BE,2026-05-29,2026-06-01,MODISONLTD,MODISONLTD
INE791A01024,BE,EQ,2026-05-29,2026-06-01,BLBLIMITED,BLBLIMITED
INE792I01017,EQ,BE,2026-05-29,2026-06-01,CORDSCABLE,CORDSCABLE
INE813V01022,BE,EQ,2026-05-29,2026-06-01,MCL,MCL
INE863T01013,BE,EQ,2026-05-29,2026-06-01,JITFINFRA,JITFINFRA
INE866K01023,BE,EQ,2026-05-29,2026-06-01,WAAREEINDO,WAAREEINDO
INE0MEG01014,SM,BE,2026-06-01,2026-06-02,VIVIANA,VIVIANA
INE0OPA01019,EQ,BE,2026-06-01,2026-06-02,DBEIL,DBEIL
INE0S7E01015,SM,ST,2026-06-01,2026-06-02,GPECO,GPECO
INE120D01012,EQ,BE,2026-06-01,2026-06-02,HITECHCORP,HITECHCORP
INE749Y01014,ST,SM,2026-06-01,2026-06-15,PARAMPARA,PARAMPARA
INE773I01017,EQ,BE,2026-06-01,2026-06-02,ALKALI,ALKALI
INE839G01010,EQ,BE,2026-06-01,2026-06-02,JOCIL,JOCIL
INE0V2V01015,ST,SM,2026-06-02,2026-06-03,RFBL,RFBL
INE0Z7N01017,SM,ST,2026-06-02,2026-06-03,TANKUP,TANKUP
INE788J01021,EQ,BE,2026-06-02,2026-06-03,SHIVALIK,SHIVALIK
INE861B01023,EQ,BE,2026-06-02,2026-06-03,MOTOGENFIN,MOTOGENFIN
INE0JFJ01011,SM,ST,2026-06-03,2026-06-04,BAWEJA,BAWEJA
INE0SMR01011,SM,ST,2026-06-03,2026-06-04,UHTL,UHTL
INE0Z4F01028,EQ,BE,2026-06-03,2026-06-04,ATLANTAELE,ATLANTAELE
INE306L01010,EQ,BE,2026-06-03,2026-06-04,QUICKHEAL,QUICKHEAL
INE933B01012,EQ,BE,2026-06-03,2026-06-04,SIGMAADV,SIGMAADV
INE06IJ01010,SM,ST,2026-06-04,2026-06-05,UTSSAV,UTSSAV
INE077P01034,EQ,BE,2026-06-04,2026-06-05,THACKER,THACKER
INE0APB01032,EQ,BE,2026-06-04,2026-06-05,MGEL,MGEL
INE0YSH01017,SM,ST,2026-06-04,2026-06-15,INTEGRITY,INTEGRITY
INE301D01026,EQ,BE,2026-06-04,2026-06-05,RUBYMILLS,RUBYMILLS
INE335K01011,EQ,BE,2026-06-04,2026-06-05,COFFEEDAY,COFFEEDAY
INE524L01026,EQ,BE,2026-06-04,2026-06-05,KRIDHANINF,KRIDHANINF
INE828O01033,EQ,BE,2026-06-04,2026-06-05,MITCON,MITCON
INE0K6601012,ST,SM,2026-06-05,2026-06-08,TGL,TGL
INE0R7R01018,ST,SM,2026-06-05,2026-06-08,ITALIANE,ITALIANE
INE0T0L01014,ST,SM,2026-06-05,2026-06-08,KALANA,KALANA
INE0U9101019,SM,ST,2026-06-05,2026-06-08,EFFWA,EFFWA
INE117B01020,BE,EQ,2026-06-05,2026-06-08,CURAA,CURAA
INE1DM601016,SM,ST,2026-06-05,2026-06-08,VIGOR,VIGOR
INE263W01010,EQ,BE,2026-06-05,2026-06-08,MAHESHWARI,MAHESHWARI
INE405Y01021,ST,SM,2026-06-05,2026-06-08,GOLDSTAR,GOLDSTAR
INE551Q01028,SM,ST,2026-06-05,2026-06-11,VSCL,VSCL
INE584F01014,BE,EQ,2026-06-05,2026-06-08,MANGALAM,MANGALAM
INE657B01025,EQ,BE,2026-06-05,2026-06-08,BLUECHIP,BLUECHIP
INE802W01023,BE,EQ,2026-06-05,2026-06-08,BOHRAIND,BOHRAIND
INE835A01029,BE,EQ,2026-06-05,2026-06-08,VARDMNPOLY,VARDMNPOLY
INE938A01021,BE,EQ,2026-06-05,2026-06-08,LCCINFOTEC,LCCINFOTEC
INE0DM401012,SM,ST,2026-06-08,2026-06-09,SHRIAHIMSA,SHRIAHIMSA
INE0GIU01018,EQ,BE,2026-06-08,2026-06-09,UMAEXPORTS,UMAEXPORTS
INE0S6S01017,SM,ST,2026-06-08,2026-06-09,HOACFOODS,HOACFOODS
INE0T1501010,ST,SM,2026-06-08,2026-06-09,NFPSAMPOOR,NFPSAMPOOR
INE0XUS01012,SM,ST,2026-06-08,2026-06-11,PSRAJ,PSRAJ
INE586X01012,EQ,BE,2026-06-08,2026-06-09,GTECJAINX,GTECJAINX
INE961D01019,EQ,BE,2026-06-08,2026-06-09,UNIDT,UNIDT
INE974Z01015,EQ,BE,2026-06-08,2026-06-09,PRITI,PRITI
INE0J1P01015,SM,ST,2026-06-09,2026-06-10,RICHA,RICHA
INE0ON201012,SM,ST,2026-06-09,2026-06-10,SSFL,SSFL
INE2OL601013,ST,SM,2026-06-09,2026-06-10,TEAMTECH,TEAMTECH
INE565L01011,EQ,BE,2026-06-09,2026-06-10,ZEELEARN,ZEELEARN
INE586G01017,EQ,BE,2026-06-09,2026-06-10,GULFPETRO,GULFPETRO
INE878I01022,EQ,BE,2026-06-09,2026-06-10,BAFNAPH,BAFNAPH
INE00CE01017,EQ,BE,2026-06-10,2026-06-11,SVLL,SVLL
INE024D01016,EQ,BE,2026-06-10,2026-06-11,PRUDMOULI,PRUDMOULI
INE0PK601023,EQ,BE,2026-06-10,2026-06-11,OCCLLTD,OCCLLTD
INE0WVU01018,SM,ST,2026-06-10,2026-06-12,ONYX,ONYX
INE12UR01024,EQ,BE,2026-06-10,2026-06-11,UTLSOLAR,UTLSOLAR
INE449G01018,EQ,BE,2026-06-10,2026-06-11,AGRITECH,AGRITECH
INE575Z01010,SM,ST,2026-06-10,2026-06-11,MDL,MDL
INE749B01020,EQ,BE,2026-06-10,2026-06-11,ORTINGLOBE,ORTINGLOBE
INE818B01023,EQ,BE,2026-06-10,2026-06-11,PASUPTAC,PASUPTAC
INE912H01013,EQ,BE,2026-06-10,2026-06-11,MBLINFRA,MBLINFRA
INE02H701025,EQ,BE,2026-06-11,2026-06-12,NOVAAGRI,NOVAAGRI
INE0HS001028,SM,ST,2026-06-11,2026-06-12,COOLCAPS,COOLCAPS
INE1BKA01015,ST,SM,2026-06-11,2026-06-12,BMLL,BMLL
INE1G2W01011,ST,SM,2026-06-11,2026-06-12,QLINE,QLINE
INE570D01018,EQ,BE,2026-06-11,2026-06-12,ARROWGREEN,ARROWGREEN
INE764L01010,EQ,BE,2026-06-11,2026-06-12,SADBHIN,SADBHIN
INE867A01022,EQ,BE,2026-06-11,2026-06-12,MANUGRAPH,MANUGRAPH
INE911B01018,EQ,BE,2026-06-11,2026-06-12,TCIFINANCE,TCIFINANCE
INE022C01012,EQ,BE,2026-06-12,2026-06-15,EUROTEXIND,EUROTEXIND
INE03KJ01013,ST,SM,2026-06-12,2026-06-15,SHIGAN,SHIGAN
INE06XZ01023,BE,EQ,2026-06-12,2026-06-15,GEMAROMA,GEMAROMA
INE087Z01024,BE,EQ,2026-06-12,2026-06-15,AAKASH,AAKASH
INE1SPP01016,BE,EQ,2026-06-12,2026-06-15,KSR,KSR
INE411B01019,EQ,BE,2026-06-12,2026-06-15,VENUSREM,VENUSREM
INE498A01018,EQ,BE,2026-06-12,2026-06-15,DCM,DCM
INE501Y01019,BE,EQ,2026-06-12,2026-06-15,SCPL,SCPL
INE517M01028,ST,SM,2026-06-12,2026-06-15,POLYSIL,POLYSIL
INE614Z01017,ST,SM,2026-06-12,2026-06-15,GIRIRAJ,GIRIRAJ
INE060J01017,EQ,BE,2026-06-16,2026-06-17,FLEXITUFF,FLEXITUFF
INE084K01015,EQ,BE,2026-06-16,2026-06-17,AMANTA,AMANTA
INE0SQH01013,SM,ST,2026-06-16,2026-06-17,BIKEWO,BIKEWO
INE0FMW01018,SM,EQ,2026-06-17,2026-06-18,QMSMEDI,QMSMEDI
INE0JM501013,EQ,BE,2026-06-17,2026-06-18,NRL,NRL
INE0LWY01029,SM,ST,2026-06-17,2026-06-18,TRIDHYA,TRIDHYA
INE0N7S01028,SM,ST,2026-06-17,2026-06-18,MOS,MOS
INE266F01018,EQ,BE,2026-06-17,2026-06-18,APTECHT,APTECHT
INE268H01044,EQ,BE,2026-06-17,2026-06-18,NAVKARURB,NAVKARURB
INE319B01014,EQ,BE,2026-06-17,2026-06-18,BYKE,BYKE
INE349X01015,SM,ST,2026-06-17,2026-06-25,JALAN,JALAN
INE356B01024,EQ,BE,2026-06-17,2026-06-18,SYSTMTXC,SYSTMTXC
INE364Z01019,EQ,BE,2026-06-17,2026-06-18,REPL,REPL
INE611A01016,EQ,BE,2026-06-17,2026-06-18,RSWM,RSWM
INE662A01027,EQ,BE,2026-06-17,2026-06-18,SUPERSPIN,SUPERSPIN
INE834I01025,EQ,BE,2026-06-17,2026-06-18,KHADIM,KHADIM
INE08NZ01012,SM,ST,2026-06-18,2026-06-19,NAMOEWASTE,NAMOEWASTE
INE0DZ701010,SM,ST,2026-06-18,2026-06-19,DYNAMIC,DYNAMIC
INE0OFM01015,EQ,BE,2026-06-18,2026-06-19,DSFCL,DSFCL
INE0R8M01017,SM,ST,2026-06-18,2026-06-19,OWAIS,OWAIS
INE0RPM01017,SM,ST,2026-06-18,2026-06-19,SATIPOLY,SATIPOLY
INE0RXB01022,SM,ST,2026-06-18,2026-06-22,JEYYAM,JEYYAM
INE0U4H01011,SM,ST,2026-06-18,2026-06-19,MPEL,MPEL
INE0VBS01016,SM,ST,2026-06-18,2026-06-19,ECOLINE,ECOLINE
INE354C01027,EQ,BE,2026-06-18,2026-06-19,BHAGERIA,BHAGERIA
INE390H01020,EQ,BE,2026-06-18,2026-06-19,KAMDHENU,KAMDHENU
INE757B01015,EQ,BE,2026-06-18,2026-06-19,TRANSWORLD,TRANSWORLD
INE855F01042,EQ,BE,2026-06-18,2026-06-19,ASMS,ASMS
INE918N01018,EQ,BE,2026-06-18,2026-06-19,VETO,VETO
INE0BHK01012,ST,SM,2026-06-19,2026-08-21,VISAMAN,VISAMAN
INE0DEZ01013,SM,ST,2026-06-19,2026-06-22,K2INFRA,K2INFRA
INE0Z4F01028,BE,EQ,2026-06-19,2026-06-22,ATLANTAELE,ATLANTAELE
INE12UR01024,BE,EQ,2026-06-19,2026-06-22,UTLSOLAR,UTLSOLAR
INE14GK01016,SM,ST,2026-06-19,2026-06-22,SMARTEN,SMARTEN
INE14W901010,ST,SM,2026-06-19,2026-06-22,RTL,RTL
INE1CRP01016,SM,ST,2026-06-19,2026-06-22,SHYAMDHANI,SHYAMDHANI
INE378D01032,EQ,BE,2026-06-19,2026-06-22,MADHUCON,MADHUCON
INE451L01014,BE,EQ,2026-06-19,2026-06-22,MAHASTEEL,MAHASTEEL
INE529D01014,EQ,BE,2026-06-19,2026-06-22,PATINTLOG,PATINTLOG
INE565V01010,EQ,BE,2026-06-19,2026-06-22,VALIANTORG,VALIANTORG
INE655V01019,BE,EQ,2026-06-19,2026-06-22,RMC,RMC
INE902B01017,BE,EQ,2026-06-19,2026-06-22,S&SPOWER,S&SPOWER
INE961Y01015,ST,SM,2026-06-19,2026-06-22,MAHICKRA,MAHICKRA
INE00Y701026,ST,SZ,2026-06-22,2026-06-29,SECL,SECL
INE546V01010,EQ,BE,2026-06-22,2026-06-23,EIFFL,EIFFL
INE583R01029,EQ,BE,2026-06-22,2026-06-23,PRITIKAUTO,PRITIKAUTO
INE073D01013,EQ,BE,2026-06-23,2026-06-24,SUNDRMBRAK,SUNDRMBRAK
INE078V01014,EQ,BE,2026-06-23,2026-06-24,VIKRAMSOLR,VIKRAMSOLR
INE0J0B01017,EQ,BE,2026-06-23,2026-06-24,KOTYARK,KOTYARK
INE0PLX01017,SM,ST,2026-06-23,2026-06-24,GREENLEAF,GREENLEAF
INE0S2E01016,SM,ST,2026-06-23,2026-06-24,VISHWAS,VISHWAS
INE0YJV01017,SM,ST,2026-06-23,2026-06-24,SHEEL,SHEEL
INE363M01019,EQ,BE,2026-06-23,2026-06-24,SHEMAROO,SHEMAROO
INE374B01019,EQ,BE,2026-06-23,2026-06-24,MUKTAARTS,MUKTAARTS
INE506D01020,EQ,BE,2026-06-23,2026-06-24,HALDYNGL,HALDYNGL
INE632Q01018,SM,ST,2026-06-23,2026-06-24,MRIL,MRIL
INE965B01022,EQ,BE,2026-06-23,2026-06-24,HYBRIDFIN,HYBRIDFIN
INE054301028,EQ,BE,2026-06-24,2026-06-25,ODIGMA,ODIGMA
INE0JZA01018,SM,ST,2026-06-24,2026-06-25,SONUINFRA,SONUINFRA
INE0RDE01010,SM,ST,2026-06-24,2026-06-25,SIGNORIA,SIGNORIA
INE0SHE01019,SM,ST,2026-06-24,2026-06-25,THESL,THESL
INE12E301017,SM,ST,2026-06-24,2026-06-25,GCHOTELS,GCHOTELS
INE864I01014,EQ,BE,2026-06-24,2026-06-25,MTARTECH,MTARTECH
INE928C01010,EQ,BE,2026-06-24,2026-06-25,DAICHI,DAICHI
INE03YM01018,EQ,BE,2026-06-25,2026-06-29,CHEMCON,CHEMCON
INE071D01033,EQ,BE,2026-06-25,2026-06-29,MENONBE,MENONBE
INE0JUI01012,BE,EQ,2026-06-25,2026-06-29,HEXAGON,HEXAGON
INE0OSJ01014,SM,ST,2026-06-25,2026-06-29,VINSYS,VINSYS
INE0P5R01014,SM,ST,2026-06-25,2026-06-29,PURPLEUTED,PURPLEUTED
INE1W0N01014,ST,SM,2026-06-25,2026-06-29,GENXAI,GENXAI
INE230R01035,EQ,BE,2026-06-25,2026-06-29,RAMASTEEL,RAMASTEEL
INE231G01010,EQ,BE,2026-06-25,2026-06-29,ORBTEXP,ORBTEXP
INE240C01028,BE,EQ,2026-06-25,2026-06-29,UMESLTD,UMESLTD
INE319Y01024,BE,EQ,2026-06-25,2026-06-29,TIRUPATIFL,TIRUPATIFL
INE334A01023,EQ,BE,2026-06-25,2026-06-29,STERTOOLS,STERTOOLS
INE586O01011,SM,ST,2026-06-25,2026-06-29,DEEM,DEEM
INE760F01028,EQ,BE,2026-06-25,2026-06-29,INDOAMIN,INDOAMIN
INE761G01016,EQ,BE,2026-06-25,2026-06-29,BLACKROSE,BLACKROSE
INE075B01020,BE,EQ,2026-06-29,2026-07-01,SICALLOG,SICALLOG
INE0SMA01017,SM,ST,2026-06-29,2026-06-30,SLONE,SLONE
INE1CDF01017,BE,EQ,2026-06-29,2026-06-30,VAML,VAML
INE1CLE01013,BE,EQ,2026-06-29,2026-06-30,VISL,VISL
INE214A01019,EQ,BE,2026-06-29,2026-06-30,CYBERTECH,CYBERTECH
INE430U01019,SM,ST,2026-06-29,2026-06-30,RADIOWALLA,RADIOWALLA
INE694L01019,BE,EQ,2026-06-29,2026-06-30,VEDPOWER,VEDPOWER
INE704J01044,BE,EQ,2026-06-29,2026-06-30,VOGL,VOGL
INE535F01024,EQ,BE,2026-06-30,2026-07-01,RAJOOENG,RAJOOENG
INE770A01010,EQ,BE,2026-06-30,2026-07-01,PRADPME,PRADPME
INE050001010,EQ,BE,2026-07-01,2026-07-02,PPL,PPL
INE078V01014,BE,EQ,2026-07-01,2026-07-02,VIKRAMSOLR,VIKRAMSOLR
INE0PSK01027,SM,ST,2026-07-01,2026-07-02,SAAKSHI,SAAKSHI
INE11J101017,SM,ST,2026-07-01,2026-07-02,CEDAAR,CEDAAR
INE186H01022,EQ,BE,2026-07-01,2026-07-02,BASML,BASML
INE1V1R01014,ST,SM,2026-07-01,2026-07-02,UTKAL,UTKAL
INE295A01018,EQ,BE,2026-07-01,2026-07-02,EVERESTIND,EVERESTIND
INE542B01011,EQ,BE,2026-07-01,2026-07-02,AKSHARCHEM,AKSHARCHEM
INE562X01013,EQ,BE,2026-07-01,2026-07-02,UNIVASTU,UNIVASTU
INE593W01028,EQ,BE,2026-07-01,2026-07-02,FOCUS,FOCUS
INE648Z01023,EQ,BE,2026-07-01,2026-07-02,ACCURACY,ACCURACY
INE805A01014,EQ,BE,2026-07-01,2026-07-02,GOLDTECH,GOLDTECH
INE844O01030,EQ,BE,2026-07-01,2026-07-02,GUJENERGY,GUJENERGY
INE864J01012,EQ,BE,2026-07-01,2026-07-02,TAMBOLIIN,TAMBOLIIN
INE864X01013,EQ,BE,2026-07-01,2026-07-02,DPWIRES,DPWIRES
INE933A01014,EQ,BE,2026-07-01,2026-07-02,LYKALABS,LYKALABS
INE0BTR01012,SM,ST,2026-07-02,2026-07-03,SYNOPTICS,SYNOPTICS
INE0TZX01019,SM,ST,2026-07-02,2026-07-03,ARMOUR,ARMOUR
INE0ZRC01017,SM,ST,2026-07-02,2026-07-03,BHADORA,BHADORA
INE116G01013,EQ,BE,2026-07-02,2026-07-03,VARDHACRLC,VARDHACRLC
INE1BZC01019,EQ,BE,2026-07-02,2026-07-03,OMFREIGHT,OMFREIGHT
INE232E01013,EQ,BE,2026-07-02,2026-07-03,VELJAN,VELJAN
INE287C01037,EQ,BE,2026-07-02,2026-07-03,MICEL,MICEL
INE2HJL01019,SM,ST,2026-07-02,2026-07-03,DHARARAIL,DHARARAIL
INE416D01022,EQ,BE,2026-07-02,2026-07-03,BLISSGVS,BLISSGVS
INE553C01016,EQ,BE,2026-07-02,2026-07-03,NECCLTD,NECCLTD
INE568Z01015,EQ,BE,2026-07-02,2026-07-03,URAVIDEF,URAVIDEF
INE645H01027,EQ,BE,2026-07-02,2026-07-03,SUTLEJTEX,SUTLEJTEX
INE726L01027,EQ,BE,2026-07-02,2026-07-03,DELPHIFX,DELPHIFX
INE729D01010,EQ,BE,2026-07-02,2026-07-03,KILITCH,KILITCH
INE753K01015,EQ,BE,2026-07-02,2026-07-03,EMMBI,EMMBI
INE916G01016,EQ,BE,2026-07-02,2026-07-03,GEECEE,GEECEE
INE979R01011,EQ,BE,2026-07-02,2026-07-03,SHYAMCENT,SHYAMCENT
INE985P01012,ST,SM,2026-07-02,2026-07-08,GRETEX,GRETEX
INE01ZJ01015,ST,SM,2026-07-03,2026-07-06,SURANI,SURANI
INE0DNW01011,EQ,BE,2026-07-03,2026-07-06,FAIRCHEMOR,FAIRCHEMOR
INE309M01020,BE,EQ,2026-07-03,2026-07-06,PREMIERPOL,PREMIERPOL
INE680Z01018,EQ,BE,2026-07-03,2026-07-06,AVG,AVG
INE933B01012,BE,EQ,2026-07-03,2026-07-06,SIGMAADV,SIGMAADV
INE970D01010,BE,EQ,2026-07-03,2026-07-06,LOYALTEX,LOYALTEX
INE124101010,SM,ST,2026-07-06,2026-07-07,SAMAY,SAMAY
INE561C01019,EQ,BE,2026-07-06,2026-07-07,BHARATGEAR,BHARATGEAR
INE809I01019,EQ,BE,2026-07-06,2026-07-07,ONMOBILE,ONMOBILE
INE0R0201012,SM,ST,2026-07-07,2026-07-08,LAMOSAIC,LAMOSAIC
INE497D01022,EQ,BE,2026-07-07,2026-07-08,DAMODARIND,DAMODARIND
INE946H01037,EQ,BE,2026-07-07,2026-07-08,VIPULLTD,VIPULLTD
INE043C01018,EQ,BE,2026-07-08,2026-07-09,IVP,IVP
INE0NPI01014,SM,ST,2026-07-08,2026-07-09,SRIVASAVI,SRIVASAVI
INE0P6701019,SM,ST,2026-07-08,2026-07-09,MADHUSUDAN,MADHUSUDAN
INE1QGM01024,ST,SM,2026-07-08,2026-07-09,CLAYCRAFT,CLAYCRAFT
INE234I01028,EQ,BE,2026-07-08,2026-07-09,KAUSHALYA,KAUSHALYA
INE274K01012,EQ,BE,2026-07-08,2026-07-09,BTTL,BTTL
INE361K01017,EQ,BE,2026-07-08,2026-07-09,GRADIENTE,GRADIENTE
INE424C01010,EQ,BE,2026-07-08,2026-07-09,GINNIFILA,GINNIFILA
INE518X01015,SM,ST,2026-07-08,2026-07-09,CBAZAAR,CBAZAAR
INE691Z01023,EQ,BE,2026-07-08,2026-07-09,GANGAFORGE,GANGAFORGE
INE885E01042,EQ,BE,2026-07-08,2026-07-09,MAZDA,MAZDA
INE01C001026,EQ,BE,2026-07-09,2026-07-10,AARTECH,AARTECH
INE0V2V01015,SM,ST,2026-07-09,2026-07-10,RFBL,RFBL
INE0V9I01017,ST,SM,2026-07-09,2026-07-10,AVIENCE,AVIENCE
INE921B01025,EQ,BE,2026-07-09,2026-07-10,DBSTOCKBRO,DBSTOCKBRO
INE060901027,BE,EQ,2026-07-10,2026-07-13,LIKHITHA,LIKHITHA
INE084Q01012,BE,EQ,2026-07-10,2026-07-13,RACE,RACE
INE0A1101019,BE,EQ,2026-07-10,2026-07-13,DCI,DCI
INE0L4V01013,ST,SM,2026-07-10,2026-07-13,VILINBIO,VILINBIO
INE0PRF01011,ST,SM,2026-07-10,2026-07-13,UNIHEALTH,UNIHEALTH
INE0SMY01017,ST,SM,2026-07-10,2026-07-13,JAYBEE,JAYBEE
INE0TD101011,ST,SM,2026-07-10,2026-07-13,IDENTICAL,IDENTICAL
INE0WL901019,ST,SM,2026-07-10,2026-07-13,VIJAYPD,VIJAYPD
INE1M3T01017,ST,SM,2026-07-10,2026-07-13,JYOTIGLOBL,JYOTIGLOBL
INE274V01019,BE,EQ,2026-07-10,2026-07-13,SHANKARA,SHANKARA
INE707C01018,BE,EQ,2026-07-10,2026-07-13,CAPTRUST,CAPTRUST
INE741L01018,BE,EQ,2026-07-10,2026-07-13,DUCON,DUCON
INE860T01019,BE,EQ,2026-07-13,2026-07-14,SABEVENTS,SABEVENTS
INE095I01015,EQ,BE,2026-07-14,2026-07-15,PPAP,PPAP
INE0K3301012,ST,SM,2026-07-14,2026-07-15,SHREEDHAR,SHREEDHAR
INE1SJO01012,BE,EQ,2026-07-14,2026-07-15,RAMBHAJO,RAMBHAJO
INE0JUI01012,EQ,BE,2026-07-15,2026-07-16,HEXAGON,HEXAGON
INE0MLA01012,ST,SM,2026-07-15,2026-07-29,AGARWALFT,AGARWALFT
INE0ZK601013,BE,EQ,2026-07-15,2026-07-16,CSM,CSM
INE367G01038,BE,EQ,2026-07-15,2026-07-16,PFOCUS,PFOCUS
INE844O01030,BE,EQ,2026-07-15,2026-07-16,GUJENERGY,GUJENERGY
INE895W01019,EQ,BE,2026-07-15,2026-07-16,PANACHE,PANACHE
INE037B01020,EQ,BE,2026-07-16,2026-07-17,SHARDUL,SHARDUL
INE0JR301013,SM,ST,2026-07-16,2026-07-17,MADHAVBAUG,MADHAVBAUG
INE1YPB01014,BE,EQ,2026-07-16,2026-07-17,AGL,AGL
INE933B01012,EQ,BE,2026-07-16,2026-07-17,SIGMAADV,SIGMAADV
INE00ER01015,ST,SM,2026-07-17,2026-07-20,ONDOOR,ONDOOR
INE00WS01056,ST,SM,2026-07-17,2026-07-20,GSTL,GSTL
INE07S101038,BE,EQ,2026-07-17,2026-07-20,PAVNAIND,PAVNAIND
INE0I3401014,BE,EQ,2026-07-17,2026-07-20,DBOL,DBOL
INE0ITO01014,ST,SM,2026-07-17,2026-07-20,ESFL,ESFL
INE0O1S01012,ST,SM,2026-07-17,2026-07-20,MAGSON,MAGSON
INE0O3O01017,ST,SM,2026-07-17,2026-07-20,SEL,SEL
INE0Q6H01012,ST,SM,2026-07-17,2026-07-21,SONAMAC,SONAMAC
INE0R9I01021,ST,SM,2026-07-17,2026-07-20,ENSER,ENSER
INE0RQZ01017,ST,SM,2026-07-17,2026-07-20,ESCONET,ESCONET
INE0TD401015,ST,SM,2026-07-17,2026-07-20,MARC,MARC
INE142I01023,BE,EQ,2026-07-17,2026-07-20,TAKE,TAKE
INE17VO01028,ST,SM,2026-07-17,2026-07-20,STUDIOLSD,STUDIOLSD
INE1H7V01011,ST,SM,2026-07-17,2026-07-20,PARTH,PARTH
INE2FMX01012,BE,EQ,2026-07-17,2026-07-20,AASTHA,AASTHA
INE871H01011,BE,EQ,2026-07-17,2026-07-20,GSS,GSS
INE916Y01027,BE,EQ,2026-07-17,2026-07-20,AFIL,AFIL
INE00MT01022,SM,ST,2026-07-20,2026-07-21,SAJHOTELS,SAJHOTELS
INE0R1301019,ST,SM,2026-07-20,2026-07-21,TEJA,TEJA
INE27V201011,ST,SM,2026-07-20,2026-07-21,VMOBILE,VMOBILE
INE256C01024,EQ,BE,2026-07-21,2026-07-22,TRIVENI,TRIVENI
INE489D01011,EQ,BE,2026-07-21,2026-07-22,BNALTD,BNALTD
INE025A01027,EQ,BE,2026-07-22,2026-07-23,CONSOFINVT,CONSOFINVT
INE0K6601012,SM,ST,2026-07-22,2026-07-23,TGL,TGL
INE2OL601013,SM,ST,2026-07-22,2026-07-23,TEAMTECH,TEAMTECH
INE0XE501015,ST,SM,2026-07-23,2026-07-24,ICELCO,ICELCO
INE0XUD01014,ST,SM,2026-07-23,2026-07-27,BRANDMAN,BRANDMAN
INE1OIC01018,ST,SM,2026-07-23,2026-07-27,SNEHAA,SNEHAA
INE319Y01024,EQ,BE,2026-07-23,2026-07-24,TIRUPATIFL,TIRUPATIFL
INE388G01026,EQ,BE,2026-07-23,2026-07-24,TICL,TICL
INE448V01019,ST,SM,2026-07-23,2026-07-28,ALCODIS,ALCODIS
INE00RL01028,BE,EQ,2026-07-24,2026-07-27,HILINFRA,HILINFRA
INE027T01023,BE,EQ,2026-07-24,2026-07-27,RUDRA,RUDRA
INE087B01017,BE,EQ,2026-07-24,2026-07-27,ANIKINDS,ANIKINDS
INE0HPK01020,ST,SM,2026-07-24,2026-07-27,DUGLOBAL,DUGLOBAL
INE0KTW01013,ST,SM,2026-07-24,2026-07-27,VEEKAYEM,VEEKAYEM
INE0M3I01029,ST,SM,2026-07-24,2026-07-27,DHANSA,DHANSA
INE0OL001018,ST,SM,2026-07-24,2026-07-27,SPECTSTM,SPECTSTM
INE0OUW01013,ST,SM,2026-07-24,2026-07-27,DURLAX,DURLAX
INE0PDJ01013,ST,SM,2026-07-24,2026-07-27,ROXHITECH,ROXHITECH
INE0PKD01011,BE,EQ,2026-07-24,2026-07-27,MEIL,MEIL
INE0QHG01026,ST,SM,2026-07-24,2026-07-27,SUPREMEPWR,SUPREMEPWR
INE0R6C01012,ST,SM,2026-07-24,2026-07-27,PURVFLEXI,PURVFLEXI
INE0RCG01017,ST,SM,2026-07-24,2026-07-27,KCEIL,KCEIL
INE0RJH01010,ST,SM,2026-07-24,2026-07-27,RBS,RBS
INE0S3H01017,ST,SM,2026-07-24,2026-07-27,POSITRON,POSITRON
INE0U2501017,SM,ST,2026-07-24,2026-07-27,FORCAS,FORCAS
INE0V3U01015,BE,EQ,2026-07-24,2026-07-27,GLOBECIVIL,GLOBECIVIL
INE0VZS01015,ST,SM,2026-07-24,2026-07-27,LAKSHYA,LAKSHYA
INE0XRN01019,ST,SM,2026-07-24,2026-07-27,DELTIC,DELTIC
INE0YAL01017,ST,SM,2026-07-24,2026-07-27,PPSL,PPSL
INE134B01017,BE,EQ,2026-07-24,2026-07-27,KECL,KECL
INE142A01012,BE,EQ,2026-07-24,2026-07-27,OSWALAGRO,OSWALAGRO
INE155E01016,EQ,BE,2026-07-24,2026-07-27,INVPRECQ,INVPRECQ
INE190H01024,BE,EQ,2026-07-24,2026-07-27,SAKUMA,SAKUMA
INE1V4601019,ST,SM,2026-07-24,2026-07-28,SHRIKANHA,SHRIKANHA
INE245I01016,BE,EQ,2026-07-24,2026-07-27,NAGREEKCAP,NAGREEKCAP
INE268L01046,BE,EQ,2026-07-24,2026-07-27,SHEKHAWATI,SHEKHAWATI
INE324X01026,BE,EQ,2026-07-24,2026-07-27,SARVESHWAR,SARVESHWAR
INE349W01017,BE,EQ,2026-07-24,2026-07-27,AVADHSUGAR,AVADHSUGAR
INE512B01022,BE,EQ,2026-07-24,2026-07-27,FCSSOFT,FCSSOFT
INE618N01022,BE,EQ,2026-07-24,2026-07-27,BALAXI,BALAXI
INE642Y01029,BE,EQ,2026-07-24,2026-07-27,HINDCON,HINDCON
INE745B01028,BE,EQ,2026-07-24,2026-07-27,KHAICHEM,KHAICHEM
INE763M01028,BE,EQ,2026-07-24,2026-07-27,MERCURYEV,MERCURYEV
INE798K01010,BE,EQ,2026-07-24,2026-07-27,KRITINUT,KRITINUT
INE824Q01011,BE,EQ,2026-07-24,2026-07-27,MANAKSTEEL,MANAKSTEEL
INE830C01026,EQ,BE,2026-07-24,2026-07-27,EMAMIPAP,EMAMIPAP
INE891B01012,BE,EQ,2026-07-24,2026-07-27,DCMFINSERV,DCMFINSERV
INE972X01022,BE,EQ,2026-07-24,2026-07-27,VAISHALI,VAISHALI
INE746D01014,EQ,BE,2026-07-27,2026-07-28,PIONRINV,PIONRINV
INE0PC901019,ST,SM,2026-07-28,2026-08-19,BIRDYS,BIRDYS
INE219Y01026,EQ,BE,2026-07-28,2026-07-29,RMDRIP,RMDRIP
INE0HKW01018,SM,ST,2026-07-29,2026-07-30,PRECISION,PRECISION
INE0SFW01015,SM,ST,2026-07-29,2026-07-30,FRESHARA,FRESHARA
INE1GFG01011,ST,SM,2026-07-29,2026-07-30,HAPPY,HAPPY
INE609C01024,EQ,BE,2026-07-29,2026-07-30,ORIENTLTD,ORIENTLTD
INE0N6D01014,ST,SM,2026-07-30,2026-08-04,MOXSH,MOXSH
INE15B101011,SM,ST,2026-07-30,2026-07-31,OPTIVALUE,OPTIVALUE
INE228I01012,EQ,BE,2026-07-30,2026-07-31,ASAHISONG,ASAHISONG
INE388A01029,EQ,BE,2026-07-30,2026-07-31,GANESHBE,GANESHBE
INE510W01014,EQ,BE,2026-07-30,2026-07-31,INOXGREEN,INOXGREEN
INE075B01020,EQ,BE,2026-07-31,2026-08-03,SICALLOG,SICALLOG
INE099G01011,EQ,BE,2026-07-31,2026-08-03,SCANSTL,SCANSTL
INE0CAJ01017,ST,SM,2026-07-31,2026-08-05,AILIMITED,AILIMITED
INE0CTB01014,ST,SM,2026-07-31,2026-08-03,SOCL,SOCL
INE0MRA01019,ST,SM,2026-07-31,2026-08-04,RITEZONE,RITEZONE
INE0NB801022,ST,SM,2026-07-31,2026-08-03,SATKARTAR,SATKARTAR
INE0P4T01013,ST,SM,2026-07-31,2026-08-03,ARVINDPORT,ARVINDPORT
INE0P7201019,ST,SM,2026-07-31,2026-08-03,DRONE,DRONE
INE0QXL01015,ST,SM,2026-07-31,2026-08-03,VLINFRA,VLINFRA
INE0TLP01015,ST,SM,2026-07-31,2026-08-03,WHITEFORCE,WHITEFORCE
INE0U0J01015,ST,SM,2026-07-31,2026-08-03,YAAP,YAAP
INE0U2N01013,ST,SM,2026-07-31,2026-08-03,SUNLITE,SUNLITE
INE0XJ501010,ST,SM,2026-07-31,2026-08-03,INVICTA,INVICTA
INE0YDV01010,ST,SM,2026-07-31,2026-08-03,ARCIIL,ARCIIL
INE290A01027,BE,EQ,2026-07-31,2026-08-03,NAHARSPING,NAHARSPING
INE546Y01022,BE,EQ,2026-07-31,2026-08-03,PRAXIS,PRAXIS
INE550B01022,BE,EQ,2026-07-31,2026-08-03,HBSL,HBSL
INE658G01014,BE,EQ,2026-07-31,2026-08-03,SALSTEEL,SALSTEEL
INE731C01018,BE,EQ,2026-07-31,2026-08-03,KHAITANLTD,KHAITANLTD
INE748Z01013,BE,EQ,2026-07-31,2026-08-03,SUMIT,SUMIT
INE761Y01019,BE,EQ,2026-07-31,2026-08-03,ZODIAC,ZODIAC
INE1JCQ01037,BE,EQ,2026-08-03,2026-08-04,ALPINETEX,ALPINETEX
INE224E01036,EQ,BE,2026-08-03,2026-08-04,GATECHDVR,GATECHDVR
INE989C01038,EQ,BE,2026-08-03,2026-08-04,DIACABS,DIACABS
INE256C01024,BE,EQ,2026-08-04,2026-08-05,TRIVENI,TRIVENI
INE871L01013,EQ,BE,2026-08-04,2026-08-05,TVVISION,TVVISION
INE082101010,ST,SM,2026-08-05,2026-08-13,ARISTO,ARISTO
INE0K3301012,SM,ST,2026-08-05,2026-08-06,SHREEDHAR,SHREEDHAR
INE224E01028,EQ,BE,2026-08-05,2026-08-06,GATECH,GATECH
INE616F01022,EQ,BE,2026-08-05,2026-08-06,RSDFIN,RSDFIN
INE849C01026,EQ,BE,2026-08-05,2026-08-06,SHALPAINTS,SHALPAINTS
INE0NDX01019,ST,SM,2026-08-06,2026-08-13,INSPIRE,INSPIRE
INE16VK01010,SM,ST,2026-08-06,2026-08-07,TSC,TSC
INE201B01022,EQ,BE,2026-08-06,2026-08-07,MAJESAUT,MAJESAUT
INE707C01018,EQ,BE,2026-08-06,2026-08-07,CAPTRUST,CAPTRUST
INE871K01015,EQ,BE,2026-08-06,2026-08-07,HMVL,HMVL
INE090B01011,BE,EQ,2026-08-07,2026-08-10,OMAXAUTO,OMAXAUTO
INE0AE001013,BE,EQ,2026-08-07,2026-08-10,VPRPL,VPRPL
INE0LR101013,ST,SM,2026-08-07,2026-08-10,ANLON,ANLON
INE0OPS01011,ST,SM,2026-08-07,2026-08-10,OLIL,OLIL
INE0QD201012,ST,SM,2026-08-07,2026-08-10,TECHLABS,TECHLABS
INE0SJA01013,BE,EQ,2026-08-07,2026-08-10,VMSTMT,VMSTMT
INE0STN01015,ST,SM,2026-08-07,2026-08-10,SILKFLEX,SILKFLEX
INE0SYV01018,ST,SM,2026-08-07,2026-08-10,TROM,TROM
INE0UQ601012,ST,SM,2026-08-07,2026-08-10,CLASSICEIL,CLASSICEIL
INE1CCX01012,ST,SM,2026-08-07,2026-08-10,GURUNANAK,GURUNANAK
INE1K8Y01018,ST,SM,2026-08-07,2026-08-10,MUNISH,MUNISH
INE1MTV01019,ST,SM,2026-08-07,2026-08-10,KRMAYURVED,KRMAYURVED
INE227G01018,BE,EQ,2026-08-07,2026-08-10,INDOWIND,INDOWIND
INE338Y01016,ST,SM,2026-08-07,2026-08-10,OMFURN,OMFURN
INE479D01038,BE,EQ,2026-08-07,2026-08-10,KRITI,KRITI
INE506Z01015,BE,EQ,2026-08-07,2026-08-10,DHRUV,DHRUV
INE521J01018,BE,EQ,2026-08-07,2026-08-10,CPCAP,CPCAP
INE636A01039,BE,EQ,2026-08-07,2026-08-10,MAWANASUG,MAWANASUG
INE646X01014,BE,BZ,2026-08-07,2026-08-10,ASTRON,ASTRON
INE657B01025,BE,EQ,2026-08-07,2026-08-10,BLUECHIP,BLUECHIP
INE862Y01015,BE,EQ,2026-08-07,2026-08-10,BANKA,BANKA
INE893I01013,BE,EQ,2026-08-07,2026-08-10,VASCONEQ,VASCONEQ
INE00HZ01011,BE,EQ,2026-08-10,2026-08-11,BNAGROCHEM,BNAGROCHEM
INE013801027,BE,EQ,2026-08-10,2026-08-11,KSHITIJPOL,KSHITIJPOL
INE01EO01010,EQ,BE,2026-08-10,2026-08-11,SPECTRUM,SPECTRUM
INE01FR01028,BE,EQ,2026-08-10,2026-08-11,STYLEBAAZA,STYLEBAAZA
INE054301028,BE,EQ,2026-08-10,2026-08-11,ODIGMA,ODIGMA
INE081G01019,BE,EQ,2026-08-10,2026-08-11,KANCHI,KANCHI
INE08KP01019,BE,EQ,2026-08-10,2026-08-11,DCMNVL,DCMNVL
INE091G01026,BE,EQ,2026-08-10,2026-08-11,JAIBALAJI,JAIBALAJI
INE094B01013,EQ,BE,2026-08-10,2026-08-11,ASHIKAG,ASHIKAG
INE0DSF01015,EQ,BE,2026-08-10,2026-08-11,NURECA,NURECA
INE0DTQ01028,ST,SM,2026-08-10,2026-08-12,LLOYDS,LLOYDS
INE0INJ01017,BE,EQ,2026-08-10,2026-08-11,PLAZACABLE,PLAZACABLE
INE0J1E01027,SM,ST,2026-08-10,2026-08-11,KCK,KCK
INE0JWS01017,BE,EQ,2026-08-10,2026-08-11,VALIANTLAB,VALIANTLAB
INE0PCY01014,ST,SM,2026-08-10,2026-08-11,AKANKSHA,AKANKSHA
INE0Q3J01015,BE,EQ,2026-08-10,2026-08-11,KRN,KRN
INE0Q7P01013,SM,ST,2026-08-10,2026-08-11,KODYTECH,KODYTECH
INE0RYC01010,EQ,BE,2026-08-10,2026-08-11,STALLION,STALLION
INE0SII01026,BE,EQ,2026-08-10,2026-08-11,QPOWER,QPOWER
INE0SOY01013,SM,ST,2026-08-10,2026-08-11,TAC,TAC
INE0TG801013,ST,SM,2026-08-10,2026-08-12,PARAMOUNT,PARAMOUNT
INE0URU01010,BE,EQ,2026-08-10,2026-08-11,GLOBALE,GLOBALE
INE0V9Q01010,EQ,BE,2026-08-10,2026-08-11,LOTUSDEV,LOTUSDEV
INE112X01025,EQ,BE,2026-08-10,2026-08-11,SIKKO,SIKKO
INE126M01010,BE,EQ,2026-08-10,2026-08-11,IBULLSLTD,IBULLSLTD
INE152C01025,EQ,BE,2026-08-10,2026-08-11,UYFINCORP,UYFINCORP
INE165B01029,BE,EQ,2026-08-10,2026-08-11,RSSOFTWARE,RSSOFTWARE
INE185E01021,BE,EQ,2026-08-10,2026-08-11,FILATFASH,FILATFASH
INE1FF001016,BE,EQ,2026-08-10,2026-08-11,JKIPL,JKIPL
INE1II801013,ST,SM,2026-08-10,2026-08-11,METALIC,METALIC
INE1VXE01018,BE,EQ,2026-08-10,2026-08-11,STLNETWORK,STLNETWORK
INE200D01020,BE,EQ,2026-08-10,2026-08-11,MMWL,MMWL
INE218C01016,BE,EQ,2026-08-10,2026-08-11,AUSOMENT,AUSOMENT
INE255Z01027,EQ,BE,2026-08-10,2026-08-11,E2E,E2E
INE332H01014,BE,EQ,2026-08-10,2026-08-11,INDOTECH,INDOTECH
INE349Y01013,BE,EQ,2026-08-10,2026-08-11,IDEAFORGE,IDEAFORGE
INE361K01017,BE,EQ,2026-08-10,2026-08-11,GRADIENTE,GRADIENTE
INE365O01028,BE,EQ,2026-08-10,2026-08-11,ABANSENT,ABANSENT
INE370D01013,BE,EQ,2026-08-10,2026-08-11,MANORG,MANORG
INE395U01014,BE,EQ,2026-08-10,2026-08-11,NINSYS,NINSYS
INE418N01035,BE,EQ,2026-08-10,2026-08-11,ESSENTIA,ESSENTIA
INE437B01014,BE,EQ,2026-08-10,2026-08-11,KAKATCEM,KAKATCEM
INE449G01018,BE,EQ,2026-08-10,2026-08-11,AGRITECH,AGRITECH
INE451L01014,EQ,BE,2026-08-10,2026-08-11,MAHASTEEL,MAHASTEEL
INE458B01036,BE,EQ,2026-08-10,2026-08-11,BHAGYANGR,BHAGYANGR
INE481Z01011,BE,EQ,2026-08-10,2026-08-11,UNIINFO,UNIINFO
INE505Y01010,BE,EQ,2026-08-10,2026-08-11,VINEETLAB,VINEETLAB
INE540A01017,BE,EQ,2026-08-10,2026-08-11,GLFL,GLFL
INE551Q01028,ST,SM,2026-08-10,2026-08-11,VSCL,VSCL
INE600A01035,BE,EQ,2026-08-10,2026-08-11,PILITA,PILITA
INE639X01027,ST,SM,2026-08-10,2026-08-11,BEACON,BEACON
INE644Y01017,BE,EQ,2026-08-10,2026-08-11,SHIVAMILLS,SHIVAMILLS
INE687A01016,EQ,BE,2026-08-10,2026-08-11,TRANSPEK,TRANSPEK
INE691Z01023,BE,EQ,2026-08-10,2026-08-11,GANGAFORGE,GANGAFORGE
INE695B01025,EQ,BE,2026-08-10,2026-08-11,COUNCODOS,COUNCODOS
INE728Z01015,BE,EQ,2026-08-10,2026-08-11,SOFTTECH,SOFTTECH
INE749B01020,BE,EQ,2026-08-10,2026-08-11,ORTINGLOBE,ORTINGLOBE
INE760W01023,EQ,BE,2026-08-10,2026-08-11,RPPL,RPPL
INE778K01012,BE,EQ,2026-08-10,2026-08-11,EMAMIREAL,EMAMIREAL
INE790B01024,EQ,BE,2026-08-10,2026-08-11,KCPSUGIND,KCPSUGIND
INE806C01018,EQ,BE,2026-08-10,2026-08-11,TIL,TIL
INE818W01011,EQ,BE,2026-08-10,2026-08-11,ESAFSFB,ESAFSFB
INE831A01028,BE,EQ,2026-08-10,2026-08-11,ONIDA,ONIDA
INE835B01035,EQ,BE,2026-08-10,2026-08-11,MOLDTECH,MOLDTECH
INE836F01026,BE,EQ,2026-08-10,2026-08-11,DISHTV,DISHTV
INE841L01016,BE,EQ,2026-08-10,2026-08-11,DEEDEV,DEEDEV
INE844A01013,BE,EQ,2026-08-10,2026-08-11,PEARLPOLY,PEARLPOLY
INE875B01015,BE,EQ,2026-08-10,2026-08-11,NIMBSPROJ,NIMBSPROJ
INE879I01012,BE,EQ,2026-08-10,2026-08-11,DBREALTY,DBREALTY
INE885F01015,BE,EQ,2026-08-10,2026-08-11,MASKINVEST,MASKINVEST
INE912H01013,BE,EQ,2026-08-10,2026-08-11,MBLINFRA,MBLINFRA
INE927C01020,BE,EQ,2026-08-10,2026-08-11,DIGISPICE,DIGISPICE
INE928C01010,BE,EQ,2026-08-10,2026-08-11,DAICHI,DAICHI
INE932C01012,BE,EQ,2026-08-10,2026-08-11,TOKYOPLAST,TOKYOPLAST
INE942G01012,BE,EQ,2026-08-10,2026-08-11,MCLEODRUSS,MCLEODRUSS
INE955I01044,BE,EQ,2026-08-10,2026-08-11,SEJALLTD,SEJALLTD
INE0MGM01017,SM,EQ,2026-08-11,2026-08-12,ANNAPURNA,ANNAPURNA
INE382M01027,EQ,BE,2026-08-11,2026-08-12,UFBL,UFBL
INE00NH01017,SM,ST,2026-08-12,2026-08-13,CLSL,CLSL
INE0GMR01016,SM,EQ,2026-08-12,2026-08-13,SWARAJ,SWARAJ
INE0NG701011,BE,EQ,2026-08-12,2026-08-13,XTRANET,XTRANET
INE0U0201016,ST,SM,2026-08-13,2026-08-17,BALCO,BALCO
INE247M01014,EQ,BE,2026-08-13,2026-08-14,SPECIALITY,SPECIALITY
INE510W01014,BE,EQ,2026-08-13,2026-08-14,INOXGREEN,INOXGREEN
INE748C01038,EQ,BE,2026-08-13,2026-08-14,3IINFOLTD,3IINFOLTD
INE023H01027,BE,EQ,2026-08-14,2026-08-17,NECLIFE,NECLIFE
INE032Z01020,BE,EQ,2026-08-14,2026-08-17,BSHSL,BSHSL
INE05DH01017,ST,SM,2026-08-14,2026-08-17,ATMASTCO,ATMASTCO
INE06WU01026,BE,EQ,2026-08-14,2026-08-17,LAXMIINDIA,LAXMIINDIA
INE076C01018,BE,EQ,2026-08-14,2026-08-17,IFBAGRO,IFBAGRO
INE082W01014,BE,EQ,2026-08-14,2026-08-17,WEWIN,WEWIN
INE09EO01013,EQ,BE,2026-08-14,2026-08-17,AARTISURF,AARTISURF
INE0D0K01022,BE,EQ,2026-08-14,2026-08-17,SIGACHI,SIGACHI
INE0IA701014,SM,ST,2026-08-14,2026-08-17,VIVO,VIVO
INE0LVM01018,ST,SM,2026-08-14,2026-08-19,GRCL,GRCL
INE0MHO01029,BE,EQ,2026-08-14,2026-08-17,REGAAL,REGAAL
INE0OMO01025,ST,SM,2026-08-14,2026-08-17,CELLECOR,CELLECOR
INE0OU201013,BE,EQ,2026-08-14,2026-08-17,DCMSIL,DCMSIL
INE0PMR01017,ST,SM,2026-08-14,2026-08-17,AKIKO,AKIKO
INE0TTG01017,ST,SM,2026-08-14,2026-08-17,ARUNAYA,ARUNAYA
INE0U1T01012,ST,SM,2026-08-14,2026-08-17,CHETANA,CHETANA
INE0XM301010,ST,SM,2026-08-14,2026-08-17,MMEL,MMEL
INE10A501018,ST,SM,2026-08-14,2026-08-17,MAXVOLT,MAXVOLT
INE17GV01016,ST,SM,2026-08-14,2026-08-17,PATILAUTOM,PATILAUTOM
INE198H01019,BE,EQ,2026-08-14,2026-08-17,AAREYDRUGS,AAREYDRUGS
INE1CEJ01017,ST,SM,2026-08-14,2026-08-17,E2ERAIL,E2ERAIL
INE1FFX01018,ST,SM,2026-08-14,2026-08-17,PROPSHOP,PROPSHOP
INE1YNB01019,ST,SM,2026-08-14,2026-08-18,MOBILISE,MOBILISE
INE262Z01023,BE,EQ,2026-08-14,2026-08-17,LATTEYS,LATTEYS
INE268L01046,EQ,BE,2026-08-14,2026-08-17,SHEKHAWATI,SHEKHAWATI
INE278G01037,BE,EQ,2026-08-14,2026-08-17,CYBERMEDIA,CYBERMEDIA
INE286H01012,BE,EQ,2026-08-14,2026-08-17,VISACHROME,VISACHROME
INE308E01029,BE,EQ,2026-08-14,2026-08-17,SVPGLOB,SVPGLOB
INE368I01016,BE,EQ,2026-08-14,2026-08-17,NIRAJ,NIRAJ
INE450G01024,BE,EQ,2026-08-14,2026-08-17,VIPCLOTHNG,VIPCLOTHNG
INE474E01029,BE,EQ,2026-08-14,2026-08-17,BHANDARI,BHANDARI
INE507F01023,BE,EQ,2026-08-14,2026-08-17,EMPOWER,EMPOWER
INE518E01015,BE,EQ,2026-08-14,2026-08-17,ZIMLAB,ZIMLAB
INE526B01014,BE,EQ,2026-08-14,2026-08-17,CALSOFT,CALSOFT
INE597Z01014,ST,SM,2026-08-14,2026-08-17,COMMITTED,COMMITTED
INE617A01013,BE,EQ,2026-08-14,2026-08-17,SEMAC,SEMAC
INE635A01023,BE,EQ,2026-08-14,2026-08-17,SHYAMTEL,SHYAMTEL
INE754A01055,BE,EQ,2026-08-14,2026-08-17,SUBEXLTD,SUBEXLTD
INE783X01023,BE,EQ,2026-08-14,2026-08-17,CHEMFAB,CHEMFAB
INE882A01013,BE,EQ,2026-08-14,2026-08-17,MARALOVER,MARALOVER
INE906O01029,BE,EQ,2026-08-14,2026-08-17,TIGERLOGS,TIGERLOGS
INE933B01012,BE,EQ,2026-08-14,2026-08-17,SIGMAADV,SIGMAADV
INE995D01025,BE,EQ,2026-08-14,2026-08-17,CHEMBOND,CHEMBOND
INE0FMW01018,EQ,BE,2026-08-17,2026-08-18,QMSMEDI,QMSMEDI
INE112D01035,EQ,BE,2026-08-17,2026-08-18,MHLXMIRU,MHLXMIRU
INE251C01025,EQ,BE,2026-08-17,2026-08-18,ABMINTLLTD,ABMINTLLTD
INE08KD01015,ST,SM,2026-08-19,2026-08-27,ASCOM,ASCOM
INE098201036,EQ,BE,2026-08-19,2026-08-20,VCL,VCL
INE0P1P01017,SM,ST,2026-08-19,2026-09-15,MARINETRAN,MARINETRAN
INE137C01018,EQ,BE,2026-08-19,2026-08-20,ALPHAGEO,ALPHAGEO
INE139B01016,EQ,BE,2026-08-19,2026-08-20,UCAL,UCAL
INE986A01012,EQ,BE,2026-08-19,2026-08-20,BI,BI
INE432A01017,EQ,BE,2026-08-20,2026-08-21,AMBALALSA,AMBALALSA
INE750R01016,EQ,BE,2026-08-20,2026-08-21,AARNAV,AARNAV
INE00YB01025,EQ,BE,2026-08-21,2026-08-24,ABINFRA,ABINFRA
INE065J01024,EQ,BE,2026-08-21,2026-08-24,TPHQ,TPHQ
INE0MM001019,ST,SM,2026-08-21,2026-08-24,SHERA,SHERA
INE0SGZ01016,ST,SM,2026-08-21,2026-08-24,SUNTECH,SUNTECH
INE0SUN01013,ST,SM,2026-08-21,2026-08-24,NEPHROCARE,NEPHROCARE
INE0TQE01026,BE,EQ,2026-08-21,2026-08-24,GLOTTIS,GLOTTIS
INE1J5V01013,ST,SM,2026-08-21,2026-08-24,ANAWIL,ANAWIL
INE236Y01012,BE,EQ,2026-08-21,2026-08-24,NGIL,NGIL
INE24H301028,ST,SM,2026-08-21,2026-08-24,VIVIDEL,VIVIDEL
INE260R01016,EQ,BE,2026-08-21,2026-08-24,DHABRIYA,DHABRIYA
INE360L01017,BE,EQ,2026-08-21,2026-08-24,FMNL,FMNL
INE368U01029,BE,EQ,2026-08-21,2026-08-24,UNITEDPOLY,UNITEDPOLY
INE501Y01019,EQ,BE,2026-08-21,2026-08-24,SCPL,SCPL
INE718H01014,BE,EQ,2026-08-21,2026-08-24,AUTOIND,AUTOIND
INE781B01015,BE,EQ,2026-08-21,2026-08-24,NOIDATOLL,NOIDATOLL
INE788H01017,BE,EQ,2026-08-21,2026-08-24,HILTON,HILTON
INE0SZ301012,SM,ST,2026-08-24,2026-08-25,BULKCORP,BULKCORP
INE1II801013,SM,ST,2026-08-24,2026-08-25,METALIC,METALIC
INE529F01035,EQ,BE,2026-08-24,2026-08-25,SIGIND,SIGIND
INE587G01015,EQ,BE,2026-08-24,2026-08-25,KAYA,KAYA
INE741A01011,EQ,BE,2026-08-24,2026-08-25,MYSORPETRO,MYSORPETRO
INE817H01022,BE,EQ,2026-08-24,2026-08-25,BURNPUR,BURNPUR
INE097E01028,EQ,BE,2026-08-25,2026-08-26,MINALIND,MINALIND
INE0ATZ01017,EQ,BE,2026-08-25,2026-08-26,KRONOX,KRONOX
INE0GMR01016,EQ,BE,2026-08-25,2026-08-26,SWARAJ,SWARAJ
INE366C01021,EQ,BE,2026-08-25,2026-08-26,ACSTECH,ACSTECH
INE627H01017,EQ,BE,2026-08-25,2026-08-26,CTE,CTE
INE716D01033,EQ,BE,2026-08-25,2026-08-26,CRSL,CRSL
INE1K4J01018,SM,ST,2026-08-26,2026-08-27,SIMCA,SIMCA
INE419A01022,EQ,BE,2026-08-26,2026-08-27,KOTARISUG,KOTARISUG
INE460D01038,EQ,BE,2026-08-26,2026-08-27,SUPTANERY,SUPTANERY
INE493H01014,EQ,BE,2026-08-26,2026-08-27,MPDL,MPDL
INE0DZ101013,SM,ST,2026-08-27,2026-08-28,SABAR,SABAR
INE0JWS01017,EQ,BE,2026-08-27,2026-08-28,VALIANTLAB,VALIANTLAB
INE0OO201011,ST,SM,2026-08-27,2026-09-01,WOL3D,WOL3D
INE0Q9601016,SM,ST,2026-08-27,2026-08-28,WOMANCART,WOMANCART
INE0XWS01018,SM,ST,2026-08-27,2026-08-28,TAURIAN,TAURIAN
INE1CW901027,ST,SM,2026-08-27,2026-08-31,SPEB,SPEB
INE1JZB01022,ST,SM,2026-08-27,2026-08-28,OPTIMYSTIX,OPTIMYSTIX
INE933B01012,EQ,BE,2026-08-27,2026-08-28,SIGMAADV,SIGMAADV
INE020G01017,BE,EQ,2026-08-28,2026-08-31,INSPIRISYS,INSPIRISYS
INE06HJ01020,BE,EQ,2026-08-28,2026-08-31,ECOSMOBLTY,ECOSMOBLTY
INE082A01010,BE,EQ,2026-08-28,2026-08-31,KOPRAN,KOPRAN
INE0F8901022,ST,SM,2026-08-28,2026-09-01,VICTORYEV,VICTORYEV
INE0L4K01016,BE,EQ,2026-08-28,2026-08-31,VITAL,VITAL
INE0M2X01012,ST,SM,2026-08-28,2026-08-31,ALLETEC,ALLETEC
INE0QRV01016,ST,SM,2026-08-28,2026-08-31,ABSMARINE,ABSMARINE
INE0WL201014,ST,SM,2026-08-28,2026-08-31,CUDML,CUDML
INE0Y5H01014,ST,SM,2026-08-28,2026-08-31,TECHD,TECHD
INE104101014,ST,SM,2026-08-28,2026-08-31,NRVANDANA,NRVANDANA
INE11HF01010,SM,ST,2026-08-28,2026-08-31,EEPL,EEPL
INE188Y01031,BE,EQ,2026-08-28,2026-08-31,VERTOZ,VERTOZ
INE1FL101016,ST,SM,2026-08-28,2026-08-31,SHETHJI,SHETHJI
INE21UM01018,ST,SM,2026-08-28,2026-08-31,NEOCHEM,NEOCHEM
INE336H01023,BE,EQ,2026-08-28,2026-08-31,GAYAPROJ,GAYAPROJ
INE338D01028,BE,EQ,2026-08-28,2026-08-31,BODALCHEM,BODALCHEM
INE397H01017,BE,EQ,2026-08-28,2026-08-31,LOKESHMACH,LOKESHMACH
INE537F01012,BE,EQ,2026-08-28,2026-08-31,MODINATUR,MODINATUR
INE637H01024,BE,EQ,2026-08-28,2026-08-31,SHIVAMAUTO,SHIVAMAUTO
INE692Z01013,BE,EQ,2026-08-28,2026-08-31,AFFORDABLE,AFFORDABLE
INE737D01021,BE,EQ,2026-08-28,2026-08-31,MODISONLTD,MODISONLTD
INE792I01017,BE,EQ,2026-08-28,2026-08-31,CORDSCABLE,CORDSCABLE
INE0RRU01016,SM,ST,2026-08-31,2026-09-01,IEML,IEML
INE657B01025,EQ,BE,2026-08-31,2026-09-01,BLUECHIP,BLUECHIP
INE2JG601017,ST,SM,2026-09-01,2026-09-02,PRAMODINI,PRAMODINI
INE560A01023,EQ,BE,2026-09-01,2026-09-02,INDIAGLYCO,INDIAGLYCO
INE00LM01029,EQ,BE,2026-09-02,2026-09-03,SONAMLTD,SONAMLTD
INE010C01025,EQ,BE,2026-09-02,2026-09-03,SWISSMLTRY,SWISSMLTRY
INE1KPX01025,ST,SM,2026-09-02,2026-09-03,CREDENT,CREDENT
INE247C01023,EQ,BE,2026-09-02,2026-09-03,VIRTUALG,VIRTUALG
INE314G01014,EQ,BE,2026-09-02,2026-09-03,KALYANIFRG,KALYANIFRG
INE326T01011,EQ,BE,2026-09-02,2026-09-03,NIRAJISPAT,NIRAJISPAT
INE341R01014,EQ,BE,2026-09-02,2026-09-03,DTIL,DTIL
INE382T01030,EQ,BE,2026-09-02,2026-09-03,GVPTECH,GVPTECH
INE432F01032,EQ,BE,2026-09-02,2026-09-03,EBIX,EBIX
INE526B01014,EQ,BE,2026-09-02,2026-09-03,CALSOFT,CALSOFT
INE548A01028,EQ,BE,2026-09-02,2026-09-03,HFCL,HFCL
INE640C01011,EQ,BE,2026-09-02,2026-09-03,SHAHALLOYS,SHAHALLOYS
INE791B01014,EQ,BE,2026-09-02,2026-09-03,LEENEE,LEENEE
INE936B01015,EQ,BE,2026-09-02,2026-09-03,NATCAPSUQ,NATCAPSUQ
INE04LG01015,EQ,BE,2026-09-03,2026-09-04,PAR,PAR
INE0VFE01017,ST,SM,2026-09-03,2026-09-04,SKYTECH,SKYTECH
INE440L01017,EQ,BE,2026-09-03,2026-09-04,TIJARIA,TIJARIA
INE518X01015,ST,SM,2026-09-03,2026-09-16,CBAZAAR,CBAZAAR
INE575Z01010,ST,SM,2026-09-03,2026-09-15,MDL,MDL
INE012Q01039,EQ,BE,2026-09-04,2026-09-07,RNBDENIMS,RNBDENIMS
INE03HW01020,BE,EQ,2026-09-04,2026-09-07,VLEGOV,VLEGOV
INE06IJ01010,ST,SM,2026-09-04,2026-09-07,UTSSAV,UTSSAV
INE077P01034,BE,EQ,2026-09-04,2026-09-07,THACKER,THACKER
INE0APB01032,BE,EQ,2026-09-04,2026-09-07,MGEL,MGEL
INE0JFJ01011,ST,SM,2026-09-04,2026-09-07,BAWEJA,BAWEJA
INE0MEG01014,BE,EQ,2026-09-04,2026-09-07,VIVIANA,VIVIANA
INE0OPA01027,BE,EQ,2026-09-04,2026-09-07,DBEIL,DBEIL
INE0PS501019,ST,SM,2026-09-04,2026-09-07,GLOBALPET,GLOBALPET
INE0RBQ01018,ST,SM,2026-09-04,2026-09-07,SAHASRA,SAHASRA
INE0RQZ01017,SM,ST,2026-09-04,2026-09-07,ESCONET,ESCONET
INE0S7E01015,ST,SM,2026-09-04,2026-09-07,GPECO,GPECO
INE0U9101019,ST,SM,2026-09-04,2026-09-07,EFFWA,EFFWA
INE0YSH01017,ST,SM,2026-09-04,2026-09-17,INTEGRITY,INTEGRITY
INE138A01028,BE,EQ,2026-09-04,2026-09-07,PENINLAND,PENINLAND
INE1DM601016,ST,SM,2026-09-04,2026-09-07,VIGOR,VIGOR
INE1Q2D01019,ST,SM,2026-09-04,2026-09-07,FASCINATE,FASCINATE
INE201M01029,BE,EQ,2026-09-04,2026-09-07,CLEDUCATE,CLEDUCATE
INE218G01033,BE,EQ,2026-09-04,2026-09-07,PALREDTEC,PALREDTEC
INE301D01026,BE,EQ,2026-09-04,2026-09-07,RUBYMILLS,RUBYMILLS
INE306L01010,BE,EQ,2026-09-04,2026-09-07,QUICKHEAL,QUICKHEAL
INE335K01011,BE,EQ,2026-09-04,2026-09-07,COFFEEDAY,COFFEEDAY
INE472B01011,BE,EQ,2026-09-04,2026-09-07,BLUECOAST,BLUECOAST
INE524L01026,BE,EQ,2026-09-04,2026-09-07,KRIDHANINF,KRIDHANINF
INE545A01024,EQ,BE,2026-09-04,2026-09-07,HEG,HEG
INE650L01011,BE,EQ,2026-09-04,2026-09-07,BROOKS,BROOKS
INE773I01017,BE,EQ,2026-09-04,2026-09-07,ALKALI,ALKALI
INE788J01021,BE,EQ,2026-09-04,2026-09-07,SHIVALIK,SHIVALIK
INE800A01015,BE,EQ,2026-09-04,2026-09-07,BIRLACABLE,BIRLACABLE
INE824Q01011,EQ,BE,2026-09-04,2026-09-07,MANAKSTEEL,MANAKSTEEL
INE828O01033,BE,EQ,2026-09-04,2026-09-07,MITCON,MITCON
INE839G01010,BE,EQ,2026-09-04,2026-09-07,JOCIL,JOCIL
INE861B01023,BE,EQ,2026-09-04,2026-09-07,MOTOGENFIN,MOTOGENFIN
INE928C01010,EQ,BE,2026-09-04,2026-09-07,DAICHI,DAICHI
INE009C01019,EQ,BE,2026-09-07,2026-09-08,SRIKPRIND,SRIKPRIND
INE0PEQ01016,EQ,BE,2026-09-07,2026-09-08,RBZJEWEL,RBZJEWEL
INE298I01015,EQ,BE,2026-09-07,2026-09-08,ARIES,ARIES
INE534A01028,BE,EQ,2026-09-07,2026-09-08,GFSTEELS,GFSTEELS
INE278G01037,EQ,BE,2026-09-08,2026-09-09,CYBERMEDIA,CYBERMEDIA
INE372E01025,EQ,BE,2026-09-08,2026-09-09,BIRLAPREC,BIRLAPREC
INE572G01025,EQ,BE,2026-09-08,2026-09-09,LANCORHOL,LANCORHOL
INE613B01010,EQ,BE,2026-09-08,2026-09-09,ICDSLTD,ICDSLTD
INE642Z01026,EQ,BE,2026-09-08,2026-09-09,AKI,AKI
INE817H01022,EQ,BE,2026-09-08,2026-09-09,BURNPUR,BURNPUR
INE0J6801010,SM,ST,2026-09-09,2026-09-10,KORE,KORE
INE105I01020,EQ,BE,2026-09-09,2026-09-15,SELMC,SELMC
INE252A01019,EQ,BE,2026-09-09,2026-09-15,SPELS,SPELS
INE336X01012,EQ,BE,2026-09-09,2026-09-10,TOTAL,TOTAL
INE650G01029,EQ,BE,2026-09-09,2026-09-10,MENNPIS,MENNPIS
INE670X01014,EQ,BE,2026-09-09,2026-09-15,LASA,LASA
INE0JHH01011,SM,EQ,2026-09-10,2026-09-11,DOLLEX,DOLLEX
INE0ORS01017,SM,ST,2026-09-10,2026-09-11,PENTAGON,PENTAGON
INE0XIL01012,SM,ST,2026-09-10,2026-09-11,JAINIK,JAINIK
INE124401014,SM,ST,2026-09-10,2026-09-11,AARADHYA,AARADHYA
INE1BZN01016,SM,ST,2026-09-10,2026-09-11,CURIS,CURIS
INE737D01021,EQ,BE,2026-09-10,2026-09-11,MODISONLTD,MODISONLTD
INE947T01022,EQ,BE,2026-09-10,2026-09-11,GICL,GICL
INE00CE01017,BE,EQ,2026-09-11,2026-09-15,SVLL,SVLL
INE02H701025,BE,EQ,2026-09-11,2026-09-15,NOVAAGRI,NOVAAGRI
INE090Y01013,ST,SM,2026-09-11,2026-09-16,CADSYS,CADSYS
INE099F01013,EQ,BE,2026-09-11,2026-09-15,SREEL,SREEL
INE0DM401012,ST,SM,2026-09-11,2026-09-15,SHRIAHIMSA,SHRIAHIMSA
INE0HS001028,ST,SM,2026-09-11,2026-09-15,COOLCAPS,COOLCAPS
INE0NLB01018,SM,ST,2026-09-11,2026-09-15,VERTEXPLUS,VERTEXPLUS
INE0P8B01020,BE,EQ,2026-09-11,2026-09-15,GAUDIUMIVF,GAUDIUMIVF
INE0XUS01020,ST,SM,2026-09-11,2026-09-15,PSRAJ,PSRAJ
INE263W01010,BE,EQ,2026-09-11,2026-09-15,MAHESHWARI,MAHESHWARI
INE385O01018,ST,SM,2026-09-11,2026-09-15,FROG,FROG
INE498A01018,BE,EQ,2026-09-11,2026-09-15,DCM,DCM
INE565L01011,BE,EQ,2026-09-11,2026-09-15,ZEELEARN,ZEELEARN
INE570D01018,BE,EQ,2026-09-11,2026-09-15,ARROWGREEN,ARROWGREEN
INE586X01012,BE,EQ,2026-09-11,2026-09-15,GTECJAINX,GTECJAINX
INE764L01010,BE,EQ,2026-09-11,2026-09-15,SADBHIN,SADBHIN
INE818B01023,BE,EQ,2026-09-11,2026-09-15,PASUPTAC,PASUPTAC
INE867A01022,BE,EQ,2026-09-11,2026-09-15,MANUGRAPH,MANUGRAPH
INE911B01018,BE,EQ,2026-09-11,2026-09-15,TCIFINANCE,TCIFINANCE
INE961D01019,BE,EQ,2026-09-11,2026-09-15,UNIDT,UNIDT
INE974Z01015,BE,EQ,2026-09-11,2026-09-15,PRITI,PRITI
INE0LEG01024,BE,EQ,2026-09-15,2026-09-16,HTEL,HTEL
INE0S8401018,SM,ST,2026-09-15,2026-09-16,DCG,DCG
INE1P5601010,ST,SM,2026-09-15,2026-09-16,MADHURKNIT,MADHURKNIT
INE1R2M01019,ST,SM,2026-09-15,2026-09-16,ABH,ABH
INE361K01017,EQ,BE,2026-09-15,2026-09-16,GRADIENTE,GRADIENTE
INE534A01028,EQ,BE,2026-09-15,2026-09-16,GFSTEELS,GFSTEELS
INE583V01021,EQ,BE,2026-09-15,2026-09-16,RADHIKAJWE,RADHIKAJWE
INE731U01028,EQ,BE,2026-09-15,2026-09-16,DIGJAMLMTD,DIGJAMLMTD
INE00C401011,SM,ST,2026-09-16,2026-09-17,MAL,MAL
INE02AR01019,EQ,BE,2026-09-16,2026-09-17,ANMOL,ANMOL
INE0CG401037,EQ,BE,2026-09-16,2026-09-17,MUKKA,MUKKA
INE0M3I01029,SM,ST,2026-09-16,2026-09-17,DHANSA,DHANSA
INE0QNI01012,SM,ST,2026-09-16,2026-09-17,BOSS,BOSS
INE103001017,BE,EQ,2026-09-16,2026-09-17,ANNU,ANNU
INE11Z001019,ST,SM,2026-09-16,2026-09-17,SUMAX,SUMAX
INE214F01026,EQ,BE,2026-09-16,2026-09-17,GRAVISSHO,GRAVISSHO
INE519D01015,EQ,BE,2026-09-16,2026-09-17,LADDERUP,LADDERUP
INE560A01023,BE,EQ,2026-09-16,2026-09-17,INDIAGLYCO,INDIAGLYCO
INE700F01024,EQ,BE,2026-09-16,2026-09-17,CFEL,CFEL
INE005I01014,EQ,BE,2026-09-17,2026-09-18,AMDIND,AMDIND
INE0GOJ01027,SM,ST,2026-09-17,2026-09-18,QUADPRO,QUADPRO
INE0L4V01013,SM,ST,2026-09-17,2026-09-18,VILINBIO,VILINBIO
INE0SAK01011,SM,ST,2026-09-17,2026-09-18,BLUEPEBBLE,BLUEPEBBLE
INE117B01020,EQ,BE,2026-09-17,2026-09-18,CURAA,CURAA
INE1SPP01016,EQ,BE,2026-09-17,2026-09-18,KSR,KSR
INE431F01018,EQ,BE,2026-09-17,2026-09-18,PKTEA,PKTEA
INE442D01010,EQ,BE,2026-09-17,2026-09-18,MEDICAPQ,MEDICAPQ
INE641C01019,EQ,BE,2026-09-17,2026-09-18,KAVDEFENCE,KAVDEFENCE
INE646B01010,EQ,BE,2026-09-17,2026-09-18,MEDICAMEQ,MEDICAMEQ
