date,file,rows,blank_isin_rows,valid_isin_rows,invalid_isin_rows,distinct_valid_isin,distinct_symbols,symbol_series_duplicate_rows,rows_symbol_RE_prefix,rows_symbol_RE_dash_or_space,rows_symbol_EXACT_RE
2016-09-20,cm20SEP2016bhav.csv.zip,1692,0,1671,21,1669,1601,0,27,0,0
2016-09-21,cm21SEP2016bhav.csv.zip,1706,0,1686,20,1686,1616,0,26,0,0
2016-09-22,cm22SEP2016bhav.csv.zip,1702,0,1683,19,1683,1613,0,26,0,0
2016-09-23,cm23SEP2016bhav.csv.zip,1694,0,1675,19,1675,1612,0,26,0,0
2016-09-26,cm26SEP2016bhav.csv.zip,1684,0,1664,20,1662,1602,0,25,0,0
2016-09-27,cm27SEP2016bhav.csv.zip,1693,0,1676,17,1676,1616,0,26,0,0
2016-09-28,cm28SEP2016bhav.csv.zip,1700,0,1679,21,1678,1616,0,28,0,0
2016-09-29,cm29SEP2016bhav.csv.zip,1705,0,1686,19,1686,1615,0,27,0,0
2016-09-30,cm30SEP2016bhav.csv.zip,1683,0,1663,20,1661,1605,0,27,0,0
2016-10-03,cm03OCT2016bhav.csv.zip,1708,0,1687,21,1687,1612,0,35,0,0
2016-10-04,cm04OCT2016bhav.csv.zip,1695,0,1674,21,1674,1611,0,27,0,0
2016-10-05,cm05OCT2016bhav.csv.zip,1698,0,1678,20,1678,1616,0,29,0,0
2016-10-06,cm06OCT2016bhav.csv.zip,1701,0,1684,17,1683,1618,0,27,0,0
2016-10-07,cm07OCT2016bhav.csv.zip,1697,0,1677,20,1676,1613,0,29,0,0
2016-10-10,cm10OCT2016bhav.csv.zip,1699,0,1679,20,1679,1616,0,32,0,0
2016-10-13,cm13OCT2016bhav.csv.zip,1697,0,1676,21,1675,1618,0,25,0,0
2016-10-14,cm14OCT2016bhav.csv.zip,1694,0,1673,21,1672,1608,0,33,0,0
2016-10-17,cm17OCT2016bhav.csv.zip,1728,0,1707,21,1706,1634,0,32,0,0
2016-10-18,cm18OCT2016bhav.csv.zip,1714,0,1696,18,1696,1621,0,29,0,0
2016-10-19,cm19OCT2016bhav.csv.zip,1725,0,1704,21,1704,1633,0,30,0,0
2016-10-20,cm20OCT2016bhav.csv.zip,1718,0,1698,20,1698,1633,0,32,0,0
2016-10-21,cm21OCT2016bhav.csv.zip,1718,0,1701,17,1699,1624,0,27,0,0
2016-10-24,cm24OCT2016bhav.csv.zip,1713,0,1696,17,1696,1629,0,27,0,0
2016-10-25,cm25OCT2016bhav.csv.zip,1704,0,1684,20,1684,1621,0,25,0,0
2016-10-26,cm26OCT2016bhav.csv.zip,1709,0,1690,19,1689,1628,0,28,0,0
2016-10-27,cm27OCT2016bhav.csv.zip,1690,0,1672,18,1671,1616,0,27,0,0
2016-10-28,cm28OCT2016bhav.csv.zip,1708,0,1689,19,1689,1628,0,30,0,0
2016-11-02,cm02NOV2016bhav.csv.zip,1702,0,1683,19,1683,1611,0,25,0,0
2016-11-03,cm03NOV2016bhav.csv.zip,1710,0,1690,20,1690,1620,0,27,0,0
2016-11-04,cm04NOV2016bhav.csv.zip,1700,0,1683,17,1682,1610,0,26,0,0
2016-11-07,cm07NOV2016bhav.csv.zip,1704,0,1687,17,1687,1615,0,27,0,0
2016-11-08,cm08NOV2016bhav.csv.zip,1692,0,1674,18,1674,1610,0,25,0,0
2016-11-09,cm09NOV2016bhav.csv.zip,1682,0,1666,16,1666,1603,0,25,0,0
2016-11-10,cm10NOV2016bhav.csv.zip,1688,0,1670,18,1670,1614,0,24,0,0
2016-11-11,cm11NOV2016bhav.csv.zip,1683,0,1666,17,1665,1603,0,27,0,0
2016-11-15,cm15NOV2016bhav.csv.zip,1714,0,1696,18,1695,1616,0,28,0,0
2016-11-16,cm16NOV2016bhav.csv.zip,1681,0,1664,17,1663,1598,0,26,0,0
2016-11-17,cm17NOV2016bhav.csv.zip,1680,0,1663,17,1663,1595,0,26,0,0
2016-11-18,cm18NOV2016bhav.csv.zip,1671,0,1654,17,1654,1588,0,30,0,0
2016-11-21,cm21NOV2016bhav.csv.zip,1708,0,1689,19,1689,1607,0,33,0,0
2016-11-22,cm22NOV2016bhav.csv.zip,1688,0,1672,16,1672,1598,0,26,0,0
2016-11-23,cm23NOV2016bhav.csv.zip,1674,0,1657,17,1657,1593,0,27,0,0
2016-11-24,cm24NOV2016bhav.csv.zip,1665,0,1648,17,1648,1590,0,23,0,0
2016-11-25,cm25NOV2016bhav.csv.zip,1691,0,1672,19,1671,1598,0,27,0,0
2016-11-28,cm28NOV2016bhav.csv.zip,1692,0,1673,19,1673,1609,0,29,0,0
2016-11-29,cm29NOV2016bhav.csv.zip,1678,0,1660,18,1659,1595,0,27,0,0
2016-11-30,cm30NOV2016bhav.csv.zip,1660,0,1643,17,1642,1593,0,24,0,0
2016-12-01,cm01DEC2016bhav.csv.zip,1669,0,1652,17,1652,1590,0,26,0,0
2016-12-02,cm02DEC2016bhav.csv.zip,1680,0,1664,16,1663,1591,0,22,0,0
2016-12-05,cm05DEC2016bhav.csv.zip,1690,0,1674,16,1674,1599,0,26,0,0
2016-12-06,cm06DEC2016bhav.csv.zip,1694,0,1677,17,1674,1602,0,28,0,0
2016-12-07,cm07DEC2016bhav.csv.zip,1679,0,1660,19,1659,1600,0,29,0,0
2016-12-08,cm08DEC2016bhav.csv.zip,1681,0,1664,17,1664,1600,0,27,0,0
2016-12-09,cm09DEC2016bhav.csv.zip,1703,0,1685,18,1684,1613,0,28,0,0
2016-12-12,cm12DEC2016bhav.csv.zip,1663,0,1643,20,1642,1599,0,24,0,0
2016-12-13,cm13DEC2016bhav.csv.zip,1692,0,1673,19,1672,1612,0,27,0,0
2016-12-14,cm14DEC2016bhav.csv.zip,1673,0,1653,20,1652,1604,0,27,0,0
2016-12-15,cm15DEC2016bhav.csv.zip,1674,0,1655,19,1654,1598,0,27,0,0
2016-12-16,cm16DEC2016bhav.csv.zip,1671,0,1654,17,1654,1597,0,25,0,0
2016-12-19,cm19DEC2016bhav.csv.zip,1690,0,1674,16,1674,1606,0,27,0,0
2016-12-20,cm20DEC2016bhav.csv.zip,1685,0,1666,19,1665,1608,0,27,0,0
2016-12-21,cm21DEC2016bhav.csv.zip,1676,0,1657,19,1656,1600,0,26,0,0
2016-12-22,cm22DEC2016bhav.csv.zip,1677,0,1662,15,1661,1597,0,22,0,0
2016-12-23,cm23DEC2016bhav.csv.zip,1688,0,1670,18,1669,1610,0,24,0,0
2016-12-26,cm26DEC2016bhav.csv.zip,1694,0,1674,20,1673,1610,0,26,0,0
2016-12-27,cm27DEC2016bhav.csv.zip,1682,0,1667,15,1667,1596,0,24,0,0
2016-12-28,cm28DEC2016bhav.csv.zip,1672,0,1657,15,1657,1599,0,25,0,0
2016-12-29,cm29DEC2016bhav.csv.zip,1671,0,1655,16,1654,1593,0,26,0,0
2016-12-30,cm30DEC2016bhav.csv.zip,1681,0,1663,18,1663,1614,0,25,0,0
2017-01-02,cm02JAN2017bhav.csv.zip,1692,0,1676,16,1676,1612,0,25,0,0
2017-01-03,cm03JAN2017bhav.csv.zip,1700,0,1681,19,1681,1619,0,26,0,0
2017-01-04,cm04JAN2017bhav.csv.zip,1684,0,1668,16,1668,1601,0,24,0,0
2017-01-05,cm05JAN2017bhav.csv.zip,1703,0,1684,19,1682,1608,0,25,0,0
2017-01-06,cm06JAN2017bhav.csv.zip,1689,0,1672,17,1670,1606,0,21,0,0
2017-01-09,cm09JAN2017bhav.csv.zip,1715,0,1697,18,1697,1629,0,25,0,0
2017-01-10,cm10JAN2017bhav.csv.zip,1698,0,1681,17,1680,1609,0,25,0,0
2017-01-11,cm11JAN2017bhav.csv.zip,1713,0,1694,19,1693,1622,0,24,0,0
2017-01-12,cm12JAN2017bhav.csv.zip,1718,0,1702,16,1700,1625,0,25,0,0
2017-01-13,cm13JAN2017bhav.csv.zip,1699,0,1681,18,1680,1616,0,30,0,0
2017-01-16,cm16JAN2017bhav.csv.zip,1726,0,1706,20,1705,1640,0,29,0,0
2017-01-17,cm17JAN2017bhav.csv.zip,1721,0,1703,18,1701,1631,0,26,0,0
2017-01-18,cm18JAN2017bhav.csv.zip,1706,0,1687,19,1686,1622,0,27,0,0
2017-01-19,cm19JAN2017bhav.csv.zip,1707,0,1689,18,1689,1627,0,26,0,0
2017-01-20,cm20JAN2017bhav.csv.zip,1709,0,1690,19,1690,1620,0,29,0,0
2017-01-23,cm23JAN2017bhav.csv.zip,1725,0,1707,18,1707,1636,0,28,0,0
2017-01-24,cm24JAN2017bhav.csv.zip,1706,0,1690,16,1688,1623,0,25,0,0
2017-01-25,cm25JAN2017bhav.csv.zip,1712,0,1692,20,1689,1627,0,28,0,0
2017-01-27,cm27JAN2017bhav.csv.zip,1722,0,1701,21,1701,1643,0,27,0,0
2017-01-30,cm30JAN2017bhav.csv.zip,1736,0,1716,20,1716,1650,0,27,0,0
2017-01-31,cm31JAN2017bhav.csv.zip,1715,0,1696,19,1696,1632,0,27,0,0
2017-02-01,cm01FEB2017bhav.csv.zip,1704,0,1686,18,1686,1622,0,26,0,0
2017-02-02,cm02FEB2017bhav.csv.zip,1712,0,1693,19,1693,1625,0,26,0,0
2017-02-03,cm03FEB2017bhav.csv.zip,1710,0,1691,19,1690,1626,0,27,0,0
2017-02-06,cm06FEB2017bhav.csv.zip,1739,0,1718,21,1717,1648,0,26,0,0
2017-02-07,cm07FEB2017bhav.csv.zip,1730,0,1710,20,1708,1642,0,27,0,0
2017-02-08,cm08FEB2017bhav.csv.zip,1712,0,1693,19,1693,1632,0,27,0,0
2017-02-09,cm09FEB2017bhav.csv.zip,1729,0,1709,20,1708,1638,0,27,0,0
2017-02-10,cm10FEB2017bhav.csv.zip,1733,0,1712,21,1712,1642,0,26,0,0
2017-02-13,cm13FEB2017bhav.csv.zip,1737,0,1718,19,1718,1650,0,28,0,0
2017-02-14,cm14FEB2017bhav.csv.zip,1724,0,1705,19,1704,1634,0,28,0,0
2017-02-15,cm15FEB2017bhav.csv.zip,1722,0,1700,22,1700,1629,0,27,0,0
2017-02-16,cm16FEB2017bhav.csv.zip,1716,0,1697,19,1695,1633,0,25,0,0
2017-02-17,cm17FEB2017bhav.csv.zip,1715,0,1697,18,1696,1632,0,28,0,0
2017-02-20,cm20FEB2017bhav.csv.zip,1726,0,1705,21,1703,1638,0,25,0,0
2017-02-21,cm21FEB2017bhav.csv.zip,1707,0,1687,20,1687,1626,0,26,0,0
2017-02-22,cm22FEB2017bhav.csv.zip,1713,0,1696,17,1695,1628,0,27,0,0
2017-02-23,cm23FEB2017bhav.csv.zip,1714,0,1695,19,1692,1628,0,23,0,0
2017-02-27,cm27FEB2017bhav.csv.zip,1747,0,1726,21,1725,1649,0,27,0,0
2017-02-28,cm28FEB2017bhav.csv.zip,1727,0,1706,21,1703,1634,0,28,0,0
2017-03-01,cm01MAR2017bhav.csv.zip,1734,0,1713,21,1713,1647,0,27,0,0
2017-03-02,cm02MAR2017bhav.csv.zip,1731,0,1711,20,1711,1637,0,26,0,0
2017-03-03,cm03MAR2017bhav.csv.zip,1729,0,1708,21,1707,1642,0,24,0,0
2017-03-06,cm06MAR2017bhav.csv.zip,1755,0,1735,20,1735,1651,0,23,0,0
2017-03-07,cm07MAR2017bhav.csv.zip,1731,0,1711,20,1711,1638,0,24,0,0
2017-03-08,cm08MAR2017bhav.csv.zip,1725,0,1703,22,1701,1636,0,24,0,0
2017-03-09,cm09MAR2017bhav.csv.zip,1729,0,1711,18,1708,1637,0,28,0,0
2017-03-10,cm10MAR2017bhav.csv.zip,1726,0,1706,20,1705,1642,0,25,0,0
2017-03-14,cm14MAR2017bhav.csv.zip,1756,0,1735,21,1734,1656,0,29,0,0
2017-03-15,cm15MAR2017bhav.csv.zip,1747,0,1724,23,1721,1642,0,30,0,0
2017-03-16,cm16MAR2017bhav.csv.zip,1746,0,1728,18,1727,1644,0,29,0,0
2017-03-17,cm17MAR2017bhav.csv.zip,1751,0,1729,22,1726,1642,0,30,0,0
2017-03-20,cm20MAR2017bhav.csv.zip,1757,0,1738,19,1736,1651,0,29,0,0
2017-03-21,cm21MAR2017bhav.csv.zip,1744,0,1722,22,1719,1644,0,28,0,0
2017-03-22,cm22MAR2017bhav.csv.zip,1746,0,1726,20,1722,1641,0,25,0,0
2017-03-23,cm23MAR2017bhav.csv.zip,1739,0,1720,19,1715,1639,0,27,0,0
2017-03-24,cm24MAR2017bhav.csv.zip,1732,0,1714,18,1705,1631,0,23,0,0
2017-03-27,cm27MAR2017bhav.csv.zip,1759,0,1738,21,1727,1651,0,28,0,0
2017-03-28,cm28MAR2017bhav.csv.zip,1745,0,1726,19,1710,1639,0,23,0,0
2017-03-29,cm29MAR2017bhav.csv.zip,1764,0,1746,18,1727,1646,0,23,0,0
2017-03-30,cm30MAR2017bhav.csv.zip,1719,0,1702,17,1689,1633,0,21,0,0
2017-03-31,cm31MAR2017bhav.csv.zip,1737,0,1714,23,1706,1643,0,23,0,0
2017-04-03,cm03APR2017bhav.csv.zip,1763,0,1743,20,1742,1648,0,28,0,0
2017-04-05,cm05APR2017bhav.csv.zip,1766,0,1746,20,1745,1650,0,25,0,0
2017-04-06,cm06APR2017bhav.csv.zip,1750,0,1731,19,1731,1652,0,29,0,0
2017-04-07,cm07APR2017bhav.csv.zip,1771,0,1751,20,1751,1654,0,26,0,0
2017-04-10,cm10APR2017bhav.csv.zip,1774,0,1752,22,1752,1671,0,27,0,0
2017-04-11,cm11APR2017bhav.csv.zip,1762,0,1741,21,1741,1655,0,25,0,0
2017-04-12,cm12APR2017bhav.csv.zip,1738,0,1719,19,1717,1641,0,22,0,0
2017-04-13,cm13APR2017bhav.csv.zip,1747,0,1726,21,1724,1649,0,25,0,0
2017-04-17,cm17APR2017bhav.csv.zip,1796,0,1774,22,1774,1673,0,27,0,0
2017-04-18,cm18APR2017bhav.csv.zip,1776,0,1755,21,1754,1663,0,23,0,0
2017-04-19,cm19APR2017bhav.csv.zip,1760,0,1740,20,1740,1652,0,27,0,0
2017-04-20,cm20APR2017bhav.csv.zip,1747,0,1727,20,1727,1657,0,25,0,0
2017-04-21,cm21APR2017bhav.csv.zip,1775,0,1754,21,1754,1670,0,26,0,0
2017-04-24,cm24APR2017bhav.csv.zip,1780,0,1761,19,1760,1671,0,24,0,0
2017-04-25,cm25APR2017bhav.csv.zip,1773,0,1750,23,1750,1667,0,25,0,0
2017-04-26,cm26APR2017bhav.csv.zip,1768,0,1745,23,1744,1663,0,26,0,0
2017-04-27,cm27APR2017bhav.csv.zip,1756,0,1734,22,1734,1662,0,27,0,0
2017-04-28,cm28APR2017bhav.csv.zip,1750,0,1732,18,1732,1656,0,26,0,0
2017-05-02,cm02MAY2017bhav.csv.zip,1793,0,1773,20,1772,1679,0,29,0,0
2017-05-03,cm03MAY2017bhav.csv.zip,1769,0,1750,19,1750,1663,0,29,0,0
2017-05-04,cm04MAY2017bhav.csv.zip,1766,0,1747,19,1746,1658,0,25,0,0
2017-05-05,cm05MAY2017bhav.csv.zip,1763,0,1743,20,1743,1658,0,26,0,0
2017-05-08,cm08MAY2017bhav.csv.zip,1767,0,1748,19,1748,1662,0,26,0,0
2017-05-09,cm09MAY2017bhav.csv.zip,1759,0,1743,16,1743,1661,0,26,0,0
2017-05-10,cm10MAY2017bhav.csv.zip,1749,0,1729,20,1728,1657,0,26,0,0
2017-05-11,cm11MAY2017bhav.csv.zip,1750,0,1731,19,1731,1656,0,23,0,0
2017-05-12,cm12MAY2017bhav.csv.zip,1770,0,1749,21,1748,1669,0,29,0,0
2017-05-15,cm15MAY2017bhav.csv.zip,1771,0,1751,20,1750,1670,0,25,0,0
2017-05-16,cm16MAY2017bhav.csv.zip,1758,0,1741,17,1741,1662,0,25,0,0
2017-05-17,cm17MAY2017bhav.csv.zip,1752,0,1734,18,1733,1656,0,24,0,0
2017-05-18,cm18MAY2017bhav.csv.zip,1757,0,1739,18,1738,1660,0,26,0,0
2017-05-19,cm19MAY2017bhav.csv.zip,1762,0,1741,21,1740,1661,0,23,0,0
2017-05-22,cm22MAY2017bhav.csv.zip,1764,0,1743,21,1743,1660,0,26,0,0
2017-05-23,cm23MAY2017bhav.csv.zip,1738,0,1718,20,1717,1646,0,25,0,0
2017-05-24,cm24MAY2017bhav.csv.zip,1737,0,1717,20,1717,1639,0,23,0,0
2017-05-25,cm25MAY2017bhav.csv.zip,1740,0,1719,21,1718,1646,0,23,0,0
2017-05-26,cm26MAY2017bhav.csv.zip,1752,0,1733,19,1732,1647,0,25,0,0
2017-05-29,cm29MAY2017bhav.csv.zip,1758,0,1735,23,1734,1655,0,24,0,0
2017-05-30,cm30MAY2017bhav.csv.zip,1746,0,1726,20,1726,1651,0,25,0,0
2017-05-31,cm31MAY2017bhav.csv.zip,1741,0,1721,20,1721,1649,0,23,0,0
2017-06-01,cm01JUN2017bhav.csv.zip,1747,0,1726,21,1725,1642,0,28,0,0
2017-06-02,cm02JUN2017bhav.csv.zip,1764,0,1745,19,1744,1651,0,30,0,0
2017-06-05,cm05JUN2017bhav.csv.zip,1788,0,1766,22,1764,1675,0,24,0,0
2017-06-06,cm06JUN2017bhav.csv.zip,1740,0,1720,20,1720,1650,0,23,0,0
2017-06-07,cm07JUN2017bhav.csv.zip,1757,0,1739,18,1737,1645,0,27,0,0
2017-06-08,cm08JUN2017bhav.csv.zip,1748,0,1728,20,1728,1650,0,23,0,0
2017-06-09,cm09JUN2017bhav.csv.zip,1746,0,1723,23,1723,1651,0,27,0,0
2017-06-12,cm12JUN2017bhav.csv.zip,1753,0,1732,21,1731,1661,0,25,0,0
2017-06-13,cm13JUN2017bhav.csv.zip,1762,0,1743,19,1743,1652,0,29,0,0
2017-06-14,cm14JUN2017bhav.csv.zip,1751,0,1732,19,1731,1647,0,26,0,0
2017-06-15,cm15JUN2017bhav.csv.zip,1755,0,1735,20,1734,1653,0,27,0,0
2017-06-16,cm16JUN2017bhav.csv.zip,1766,0,1747,19,1746,1660,0,27,0,0
2017-06-19,cm19JUN2017bhav.csv.zip,1771,0,1750,21,1749,1661,0,24,0,0
2017-06-20,cm20JUN2017bhav.csv.zip,1759,0,1739,20,1738,1652,0,26,0,0
2017-06-21,cm21JUN2017bhav.csv.zip,1761,0,1741,20,1739,1650,0,28,0,0
2017-06-22,cm22JUN2017bhav.csv.zip,1758,0,1739,19,1738,1653,0,28,0,0
2017-06-23,cm23JUN2017bhav.csv.zip,1769,0,1750,19,1748,1648,0,26,0,0
2017-06-27,cm27JUN2017bhav.csv.zip,1758,0,1737,21,1736,1656,0,28,0,0
2017-06-28,cm28JUN2017bhav.csv.zip,1738,0,1718,20,1716,1632,0,25,0,0
2017-06-29,cm29JUN2017bhav.csv.zip,1742,0,1723,19,1723,1644,0,26,0,0
2017-06-30,cm30JUN2017bhav.csv.zip,1733,0,1713,20,1713,1640,0,23,0,0
2017-07-03,cm03JUL2017bhav.csv.zip,1764,0,1745,19,1745,1653,0,28,0,0
2017-07-04,cm04JUL2017bhav.csv.zip,1749,0,1732,17,1732,1647,0,24,0,0
2017-07-05,cm05JUL2017bhav.csv.zip,1775,0,1756,19,1753,1660,0,26,0,0
2017-07-06,cm06JUL2017bhav.csv.zip,1781,0,1764,17,1762,1659,0,25,0,0
2017-07-07,cm07JUL2017bhav.csv.zip,1759,0,1739,20,1739,1659,0,25,0,0
2017-07-10,cm10JUL2017bhav.csv.zip,1683,0,1665,18,1665,1618,0,21,0,0
2017-07-11,cm11JUL2017bhav.csv.zip,1767,0,1746,21,1745,1659,0,27,0,0
2017-07-12,cm12JUL2017bhav.csv.zip,1779,0,1760,19,1755,1667,0,25,0,0
2017-07-13,cm13JUL2017bhav.csv.zip,1764,0,1745,19,1744,1667,0,24,0,0
2017-07-14,cm14JUL2017bhav.csv.zip,1786,0,1767,19,1765,1664,0,32,0,0
2017-07-17,cm17JUL2017bhav.csv.zip,1787,0,1768,19,1765,1664,0,27,0,0
2017-07-18,cm18JUL2017bhav.csv.zip,1777,0,1757,20,1756,1662,0,30,0,0
2017-07-19,cm19JUL2017bhav.csv.zip,1757,0,1740,17,1739,1662,0,27,0,0
2017-07-20,cm20JUL2017bhav.csv.zip,1759,0,1739,20,1739,1658,0,26,0,0
2017-07-21,cm21JUL2017bhav.csv.zip,1750,0,1728,22,1726,1665,0,27,0,0
2017-07-24,cm24JUL2017bhav.csv.zip,1769,0,1748,21,1747,1673,0,26,0,0
2017-07-25,cm25JUL2017bhav.csv.zip,1779,0,1759,20,1757,1664,0,27,0,0
2017-07-26,cm26JUL2017bhav.csv.zip,1758,0,1740,18,1738,1661,0,26,0,0
2017-07-27,cm27JUL2017bhav.csv.zip,1755,0,1737,18,1736,1663,0,27,0,0
2017-07-28,cm28JUL2017bhav.csv.zip,1747,0,1726,21,1725,1665,0,25,0,0
2017-07-31,cm31JUL2017bhav.csv.zip,1785,0,1761,24,1760,1686,0,24,0,0
2017-08-01,cm01AUG2017bhav.csv.zip,1771,0,1749,22,1749,1668,0,29,0,0
2017-08-02,cm02AUG2017bhav.csv.zip,1776,0,1756,20,1755,1668,0,27,0,0
2017-08-03,cm03AUG2017bhav.csv.zip,1749,0,1728,21,1728,1661,0,27,0,0
2017-08-04,cm04AUG2017bhav.csv.zip,1752,0,1732,20,1729,1655,0,24,0,0
2017-08-07,cm07AUG2017bhav.csv.zip,1772,0,1752,20,1752,1672,0,29,0,0
2017-08-08,cm08AUG2017bhav.csv.zip,1735,0,1715,20,1714,1640,0,26,0,0
2017-08-09,cm09AUG2017bhav.csv.zip,1745,0,1725,20,1725,1641,0,29,0,0
2017-08-10,cm10AUG2017bhav.csv.zip,1752,0,1730,22,1729,1645,0,27,0,0
2017-08-11,cm11AUG2017bhav.csv.zip,1766,0,1745,21,1743,1648,0,26,0,0
2017-08-14,cm14AUG2017bhav.csv.zip,1767,0,1743,24,1742,1654,0,28,0,0
2017-08-16,cm16AUG2017bhav.csv.zip,1754,0,1733,21,1733,1648,0,27,0,0
2017-08-17,cm17AUG2017bhav.csv.zip,1736,0,1715,21,1715,1645,0,23,0,0
2017-08-18,cm18AUG2017bhav.csv.zip,1752,0,1732,20,1732,1637,0,26,0,0
2017-08-21,cm21AUG2017bhav.csv.zip,1781,0,1760,21,1759,1656,0,27,0,0
2017-08-22,cm22AUG2017bhav.csv.zip,1747,0,1729,18,1729,1637,0,26,0,0
2017-08-23,cm23AUG2017bhav.csv.zip,1758,0,1739,19,1738,1640,0,26,0,0
2017-08-24,cm24AUG2017bhav.csv.zip,1750,0,1730,20,1730,1644,0,26,0,0
2017-08-28,cm28AUG2017bhav.csv.zip,1757,0,1737,20,1735,1649,0,24,0,0
2017-08-29,cm29AUG2017bhav.csv.zip,1748,0,1726,22,1726,1646,0,28,0,0
2017-08-30,cm30AUG2017bhav.csv.zip,1735,0,1716,19,1714,1637,0,26,0,0
2017-08-31,cm31AUG2017bhav.csv.zip,1762,0,1741,21,1740,1656,0,27,0,0
2017-09-01,cm01SEP2017bhav.csv.zip,1748,0,1727,21,1726,1651,0,29,0,0
2017-09-04,cm04SEP2017bhav.csv.zip,1781,0,1759,22,1758,1678,0,27,0,0
2017-09-05,cm05SEP2017bhav.csv.zip,1760,0,1741,19,1741,1648,0,25,0,0
2017-09-06,cm06SEP2017bhav.csv.zip,1758,0,1737,21,1737,1652,0,30,0,0
2017-09-07,cm07SEP2017bhav.csv.zip,1771,0,1750,21,1749,1660,0,28,0,0
2017-09-08,cm08SEP2017bhav.csv.zip,1757,0,1732,25,1731,1659,0,27,0,0
2017-09-11,cm11SEP2017bhav.csv.zip,1777,0,1756,21,1755,1659,0,26,0,0
2017-09-12,cm12SEP2017bhav.csv.zip,1775,0,1755,20,1754,1660,0,28,0,0
2017-09-13,cm13SEP2017bhav.csv.zip,1762,0,1740,22,1738,1651,0,26,0,0
2017-09-14,cm14SEP2017bhav.csv.zip,1749,0,1730,19,1730,1647,0,25,0,0
2017-09-15,cm15SEP2017bhav.csv.zip,1758,0,1735,23,1735,1654,0,22,0,0
2017-09-18,cm18SEP2017bhav.csv.zip,1784,0,1760,24,1760,1673,0,26,0,0
2017-09-19,cm19SEP2017bhav.csv.zip,1769,0,1747,22,1745,1654,0,25,0,0
2017-09-20,cm20SEP2017bhav.csv.zip,1763,0,1743,20,1742,1659,0,29,0,0
2017-09-21,cm21SEP2017bhav.csv.zip,1764,0,1742,22,1740,1658,0,28,0,0
2017-09-22,cm22SEP2017bhav.csv.zip,1763,0,1741,22,1740,1659,0,28,0,0
2017-09-25,cm25SEP2017bhav.csv.zip,1782,0,1762,20,1761,1663,0,29,0,0
2017-09-26,cm26SEP2017bhav.csv.zip,1756,0,1735,21,1735,1648,0,26,0,0
2017-09-27,cm27SEP2017bhav.csv.zip,1754,0,1733,21,1732,1659,0,24,0,0
2017-09-28,cm28SEP2017bhav.csv.zip,1750,0,1732,18,1731,1656,0,24,0,0
2017-09-29,cm29SEP2017bhav.csv.zip,1759,0,1740,19,1737,1662,0,24,0,0
2017-10-03,cm03OCT2017bhav.csv.zip,1786,0,1765,21,1764,1683,0,26,0,0
2017-10-04,cm04OCT2017bhav.csv.zip,1765,0,1746,19,1744,1655,0,24,0,0
2017-10-05,cm05OCT2017bhav.csv.zip,1767,0,1743,24,1742,1667,0,26,0,0
2017-10-06,cm06OCT2017bhav.csv.zip,1780,0,1758,22,1757,1675,0,21,0,0
2017-10-09,cm09OCT2017bhav.csv.zip,1808,0,1786,22,1786,1693,0,28,0,0
2017-10-10,cm10OCT2017bhav.csv.zip,1804,0,1783,21,1782,1687,0,24,0,0
2017-10-11,cm11OCT2017bhav.csv.zip,1789,0,1769,20,1769,1678,0,27,0,0
2017-10-12,cm12OCT2017bhav.csv.zip,1781,0,1763,18,1763,1682,0,27,0,0
2017-10-13,cm13OCT2017bhav.csv.zip,1800,0,1779,21,1778,1686,0,30,0,0
2017-10-16,cm16OCT2017bhav.csv.zip,1809,0,1786,23,1786,1707,0,26,0,0
2017-10-17,cm17OCT2017bhav.csv.zip,1797,0,1775,22,1773,1695,0,24,0,0
2017-10-18,cm18OCT2017bhav.csv.zip,1780,0,1762,18,1761,1686,0,24,0,0
2017-10-23,cm23OCT2017bhav.csv.zip,1817,0,1795,22,1793,1707,0,30,0,0
2017-10-24,cm24OCT2017bhav.csv.zip,1803,0,1785,18,1784,1692,0,28,0,0
2017-10-25,cm25OCT2017bhav.csv.zip,1793,0,1772,21,1772,1692,0,28,0,0
2017-10-26,cm26OCT2017bhav.csv.zip,1786,0,1766,20,1763,1682,0,26,0,0
2017-10-27,cm27OCT2017bhav.csv.zip,1813,0,1792,21,1791,1702,0,27,0,0
2017-10-30,cm30OCT2017bhav.csv.zip,1817,0,1796,21,1796,1704,0,27,0,0
2017-10-31,cm31OCT2017bhav.csv.zip,1811,0,1792,19,1792,1707,0,26,0,0
2017-11-01,cm01NOV2017bhav.csv.zip,1823,0,1803,20,1803,1712,0,30,0,0
2017-11-02,cm02NOV2017bhav.csv.zip,1801,0,1779,22,1779,1702,0,27,0,0
2017-11-03,cm03NOV2017bhav.csv.zip,1802,0,1780,22,1780,1700,0,25,0,0
2017-11-06,cm06NOV2017bhav.csv.zip,1817,0,1796,21,1794,1711,0,26,0,0
2017-11-07,cm07NOV2017bhav.csv.zip,1805,0,1782,23,1778,1702,0,27,0,0
2017-11-08,cm08NOV2017bhav.csv.zip,1797,0,1777,20,1775,1693,0,28,0,0
2017-11-09,cm09NOV2017bhav.csv.zip,1798,0,1776,22,1775,1692,0,25,0,0
2017-11-10,cm10NOV2017bhav.csv.zip,1780,0,1757,23,1755,1696,0,25,0,0
2017-11-13,cm13NOV2017bhav.csv.zip,1795,0,1772,23,1770,1706,0,24,0,0
2017-11-14,cm14NOV2017bhav.csv.zip,1806,0,1785,21,1783,1709,0,24,0,0
2017-11-15,cm15NOV2017bhav.csv.zip,1821,0,1800,21,1799,1713,0,26,0,0
2017-11-16,cm16NOV2017bhav.csv.zip,1795,0,1774,21,1773,1699,0,26,0,0
2017-11-17,cm17NOV2017bhav.csv.zip,1817,0,1797,20,1796,1708,0,25,0,0
2017-11-20,cm20NOV2017bhav.csv.zip,1827,0,1806,21,1806,1721,0,27,0,0
2017-11-21,cm21NOV2017bhav.csv.zip,1814,0,1794,20,1793,1703,0,27,0,0
2017-11-22,cm22NOV2017bhav.csv.zip,1819,0,1800,19,1800,1712,0,26,0,0
2017-11-23,cm23NOV2017bhav.csv.zip,1798,0,1777,21,1777,1703,0,27,0,0
2017-11-24,cm24NOV2017bhav.csv.zip,1830,0,1805,25,1805,1723,0,28,0,0
2017-11-27,cm27NOV2017bhav.csv.zip,1830,0,1807,23,1807,1733,0,27,0,0
2017-11-28,cm28NOV2017bhav.csv.zip,1827,0,1805,22,1805,1723,0,26,0,0
2017-11-29,cm29NOV2017bhav.csv.zip,1813,0,1794,19,1794,1713,0,29,0,0
2017-11-30,cm30NOV2017bhav.csv.zip,1797,0,1778,19,1777,1699,0,24,0,0
2017-12-01,cm01DEC2017bhav.csv.zip,1813,0,1793,20,1793,1715,0,29,0,0
2017-12-04,cm04DEC2017bhav.csv.zip,1824,0,1803,21,1803,1727,0,24,0,0
2017-12-05,cm05DEC2017bhav.csv.zip,1821,0,1800,21,1800,1718,0,29,0,0
2017-12-06,cm06DEC2017bhav.csv.zip,1822,0,1801,21,1801,1712,0,28,0,0
2017-12-07,cm07DEC2017bhav.csv.zip,1807,0,1786,21,1785,1708,0,28,0,0
2017-12-08,cm08DEC2017bhav.csv.zip,1825,0,1803,22,1803,1717,0,26,0,0
2017-12-11,cm11DEC2017bhav.csv.zip,1829,0,1807,22,1806,1726,0,25,0,0
2017-12-12,cm12DEC2017bhav.csv.zip,1828,0,1806,22,1806,1718,0,26,0,0
2017-12-13,cm13DEC2017bhav.csv.zip,1810,0,1788,22,1787,1715,0,25,0,0
2017-12-14,cm14DEC2017bhav.csv.zip,1814,0,1793,21,1793,1710,0,25,0,0
2017-12-15,cm15DEC2017bhav.csv.zip,1808,0,1787,21,1786,1711,0,25,0,0
2017-12-18,cm18DEC2017bhav.csv.zip,1817,0,1796,21,1796,1712,0,27,0,0
2017-12-19,cm19DEC2017bhav.csv.zip,1827,0,1806,21,1806,1719,0,28,0,0
2017-12-20,cm20DEC2017bhav.csv.zip,1818,0,1795,23,1795,1720,0,26,0,0
2017-12-21,cm21DEC2017bhav.csv.zip,1826,0,1806,20,1805,1725,0,27,0,0
2017-12-22,cm22DEC2017bhav.csv.zip,1836,0,1814,22,1814,1729,0,27,0,0
2017-12-26,cm26DEC2017bhav.csv.zip,1860,0,1837,23,1837,1749,0,27,0,0
2017-12-27,cm27DEC2017bhav.csv.zip,1846,0,1825,21,1825,1749,0,26,0,0
2017-12-28,cm28DEC2017bhav.csv.zip,1818,0,1797,21,1797,1726,0,25,0,0
2017-12-29,cm29DEC2017bhav.csv.zip,1850,0,1827,23,1827,1746,0,25,0,0
2018-01-01,cm01JAN2018bhav.csv.zip,1872,0,1849,23,1849,1767,0,24,0,0
2018-01-02,cm02JAN2018bhav.csv.zip,1856,0,1833,23,1832,1743,0,25,0,0
2018-01-03,cm03JAN2018bhav.csv.zip,1852,0,1831,21,1830,1745,0,26,0,0
2018-01-04,cm04JAN2018bhav.csv.zip,1842,0,1823,19,1823,1740,0,27,0,0
2018-01-05,cm05JAN2018bhav.csv.zip,1852,0,1830,22,1828,1743,0,26,0,0
2018-01-08,cm08JAN2018bhav.csv.zip,1891,0,1869,22,1868,1778,0,27,0,0
2018-01-09,cm09JAN2018bhav.csv.zip,1860,0,1838,22,1837,1758,0,26,0,0
2018-01-10,cm10JAN2018bhav.csv.zip,1850,0,1826,24,1825,1755,0,26,0,0
2018-01-11,cm11JAN2018bhav.csv.zip,1850,0,1826,24,1823,1748,0,26,0,0
2018-01-12,cm12JAN2018bhav.csv.zip,1857,0,1837,20,1837,1755,0,27,0,0
2018-01-15,cm15JAN2018bhav.csv.zip,1856,0,1834,22,1831,1762,0,24,0,0
2018-01-16,cm16JAN2018bhav.csv.zip,1872,0,1847,25,1846,1771,0,28,0,0
2018-01-17,cm17JAN2018bhav.csv.zip,1855,0,1833,22,1833,1755,0,23,0,0
2018-01-18,cm18JAN2018bhav.csv.zip,1876,0,1853,23,1852,1755,0,26,0,0
2018-01-19,cm19JAN2018bhav.csv.zip,1848,0,1826,22,1826,1753,0,24,0,0
2018-01-22,cm22JAN2018bhav.csv.zip,1854,0,1831,23,1829,1760,0,24,0,0
2018-01-23,cm23JAN2018bhav.csv.zip,1847,0,1826,21,1826,1743,0,24,0,0
2018-01-24,cm24JAN2018bhav.csv.zip,1856,0,1834,22,1834,1748,0,28,0,0
2018-01-25,cm25JAN2018bhav.csv.zip,1858,0,1837,21,1836,1755,0,26,0,0
2018-01-29,cm29JAN2018bhav.csv.zip,1864,0,1840,24,1840,1762,0,26,0,0
2018-01-30,cm30JAN2018bhav.csv.zip,1854,0,1827,27,1827,1749,0,26,0,0
2018-01-31,cm31JAN2018bhav.csv.zip,1870,0,1845,25,1845,1752,0,25,0,0
2018-02-01,cm01FEB2018bhav.csv.zip,1853,0,1831,22,1831,1745,0,26,0,0
2018-02-02,cm02FEB2018bhav.csv.zip,1882,0,1859,23,1859,1760,0,29,0,0
2018-02-05,cm05FEB2018bhav.csv.zip,1893,0,1869,24,1869,1774,0,27,0,0
2018-02-06,cm06FEB2018bhav.csv.zip,1882,0,1859,23,1858,1762,0,25,0,0
2018-02-07,cm07FEB2018bhav.csv.zip,1838,0,1817,21,1816,1750,0,26,0,0
2018-02-08,cm08FEB2018bhav.csv.zip,1850,0,1828,22,1828,1749,0,27,0,0
2018-02-09,cm09FEB2018bhav.csv.zip,1856,0,1833,23,1832,1742,0,28,0,0
2018-02-12,cm12FEB2018bhav.csv.zip,1861,0,1840,21,1840,1767,0,28,0,0
2018-02-14,cm14FEB2018bhav.csv.zip,1857,0,1836,21,1835,1744,0,29,0,0
2018-02-15,cm15FEB2018bhav.csv.zip,1840,0,1815,25,1815,1748,0,27,0,0
2018-02-16,cm16FEB2018bhav.csv.zip,1831,0,1810,21,1810,1734,0,25,0,0
2018-02-19,cm19FEB2018bhav.csv.zip,1860,0,1838,22,1837,1762,0,23,0,0
2018-02-20,cm20FEB2018bhav.csv.zip,1832,0,1811,21,1811,1740,0,24,0,0
2018-02-21,cm21FEB2018bhav.csv.zip,1848,0,1827,21,1827,1741,0,26,0,0
2018-02-22,cm22FEB2018bhav.csv.zip,1838,0,1818,20,1818,1736,0,27,0,0
2018-02-23,cm23FEB2018bhav.csv.zip,1847,0,1822,25,1822,1751,0,23,0,0
2018-02-26,cm26FEB2018bhav.csv.zip,1874,0,1850,24,1849,1764,0,28,0,0
2018-02-27,cm27FEB2018bhav.csv.zip,1854,0,1828,26,1828,1751,0,27,0,0
2018-02-28,cm28FEB2018bhav.csv.zip,1844,0,1820,24,1820,1751,0,27,0,0
2018-03-01,cm01MAR2018bhav.csv.zip,1840,0,1820,20,1820,1747,0,27,0,0
2018-03-05,cm05MAR2018bhav.csv.zip,1875,0,1853,22,1852,1770,0,24,0,0
2018-03-06,cm06MAR2018bhav.csv.zip,1858,0,1837,21,1836,1753,0,29,0,0
2018-03-07,cm07MAR2018bhav.csv.zip,1866,0,1846,20,1846,1758,0,31,0,0
2018-03-08,cm08MAR2018bhav.csv.zip,1852,0,1832,20,1831,1752,0,28,0,0
2018-03-09,cm09MAR2018bhav.csv.zip,1843,0,1820,23,1819,1745,0,25,0,0
2018-03-12,cm12MAR2018bhav.csv.zip,1874,0,1853,21,1852,1767,0,26,0,0
2018-03-13,cm13MAR2018bhav.csv.zip,1870,0,1846,24,1845,1765,0,25,0,0
2018-03-14,cm14MAR2018bhav.csv.zip,1840,0,1819,21,1819,1749,0,25,0,0
2018-03-15,cm15MAR2018bhav.csv.zip,1854,0,1834,20,1831,1751,0,26,0,0
2018-03-16,cm16MAR2018bhav.csv.zip,1867,0,1847,20,1847,1762,0,26,0,0
2018-03-19,cm19MAR2018bhav.csv.zip,1884,0,1860,24,1859,1776,0,25,0,0
2018-03-20,cm20MAR2018bhav.csv.zip,1866,0,1844,22,1844,1761,0,26,0,0
2018-03-21,cm21MAR2018bhav.csv.zip,1863,0,1836,27,1834,1757,0,27,0,0
2018-03-22,cm22MAR2018bhav.csv.zip,1875,0,1852,23,1850,1777,0,25,0,0
2018-03-23,cm23MAR2018bhav.csv.zip,1881,0,1857,24,1855,1780,0,27,0,0
2018-03-26,cm26MAR2018bhav.csv.zip,1906,0,1881,25,1878,1787,0,27,0,0
2018-03-27,cm27MAR2018bhav.csv.zip,1855,0,1833,22,1833,1757,0,30,0,0
2018-03-28,cm28MAR2018bhav.csv.zip,1872,0,1849,23,1847,1770,0,26,0,0
2018-04-02,cm02APR2018bhav.csv.zip,1861,0,1836,25,1835,1746,0,27,0,0
2018-04-03,cm03APR2018bhav.csv.zip,1865,0,1840,25,1840,1746,0,29,0,0
2018-04-04,cm04APR2018bhav.csv.zip,1862,0,1839,23,1838,1760,0,23,0,0
2018-04-05,cm05APR2018bhav.csv.zip,1868,0,1843,25,1842,1766,0,27,0,0
2018-04-06,cm06APR2018bhav.csv.zip,1869,0,1845,24,1844,1763,0,27,0,0
2018-04-09,cm09APR2018bhav.csv.zip,1880,0,1857,23,1856,1777,0,27,0,0
2018-04-10,cm10APR2018bhav.csv.zip,1869,0,1848,21,1847,1766,0,24,0,0
2018-04-11,cm11APR2018bhav.csv.zip,1858,0,1835,23,1832,1761,0,24,0,0
2018-04-12,cm12APR2018bhav.csv.zip,1862,0,1839,23,1838,1765,0,24,0,0
2018-04-13,cm13APR2018bhav.csv.zip,1888,0,1864,24,1864,1784,0,25,0,0
2018-04-16,cm16APR2018bhav.csv.zip,1898,0,1874,24,1874,1785,0,23,0,0
2018-04-17,cm17APR2018bhav.csv.zip,1881,0,1857,24,1857,1772,0,26,0,0
2018-04-18,cm18APR2018bhav.csv.zip,1879,0,1854,25,1852,1767,0,23,0,0
2018-04-19,cm19APR2018bhav.csv.zip,1880,0,1855,25,1855,1770,0,25,0,0
2018-04-20,cm20APR2018bhav.csv.zip,1870,0,1844,26,1843,1771,0,24,0,0
2018-04-23,cm23APR2018bhav.csv.zip,1883,0,1859,24,1859,1783,0,26,0,0
2018-04-24,cm24APR2018bhav.csv.zip,1875,0,1850,25,1849,1764,0,27,0,0
2018-04-25,cm25APR2018bhav.csv.zip,1882,0,1857,25,1856,1778,0,24,0,0
2018-04-26,cm26APR2018bhav.csv.zip,1856,0,1834,22,1832,1769,0,25,0,0
2018-04-27,cm27APR2018bhav.csv.zip,1879,0,1852,27,1851,1782,0,25,0,0
2018-04-30,cm30APR2018bhav.csv.zip,1890,0,1865,25,1865,1783,0,25,0,0
2018-05-02,cm02MAY2018bhav.csv.zip,1902,0,1878,24,1877,1784,0,24,0,0
2018-05-03,cm03MAY2018bhav.csv.zip,1877,0,1850,27,1850,1781,0,22,0,0
2018-05-04,cm04MAY2018bhav.csv.zip,1884,0,1861,23,1861,1792,0,25,0,0
2018-05-07,cm07MAY2018bhav.csv.zip,1891,0,1868,23,1867,1789,0,23,0,0
2018-05-08,cm08MAY2018bhav.csv.zip,1858,0,1835,23,1834,1771,0,22,0,0
2018-05-09,cm09MAY2018bhav.csv.zip,1860,0,1836,24,1835,1773,0,25,0,0
2018-05-10,cm10MAY2018bhav.csv.zip,1863,0,1839,24,1839,1771,0,25,0,0
2018-05-11,cm11MAY2018bhav.csv.zip,1864,0,1840,24,1839,1769,0,23,0,0
2018-05-14,cm14MAY2018bhav.csv.zip,1877,0,1852,25,1851,1781,0,24,0,0
2018-05-15,cm15MAY2018bhav.csv.zip,1866,0,1841,25,1840,1773,0,26,0,0
2018-05-16,cm16MAY2018bhav.csv.zip,1862,0,1835,27,1834,1766,0,24,0,0
2018-05-17,cm17MAY2018bhav.csv.zip,1861,0,1835,26,1835,1770,0,23,0,0
2018-05-18,cm18MAY2018bhav.csv.zip,1872,0,1848,24,1847,1769,0,25,0,0
2018-05-21,cm21MAY2018bhav.csv.zip,1885,0,1860,25,1859,1780,0,27,0,0
2018-05-22,cm22MAY2018bhav.csv.zip,1868,0,1845,23,1845,1770,0,25,0,0
2018-05-23,cm23MAY2018bhav.csv.zip,1881,0,1856,25,1856,1774,0,27,0,0
2018-05-24,cm24MAY2018bhav.csv.zip,1868,0,1843,25,1843,1767,0,26,0,0
2018-05-25,cm25MAY2018bhav.csv.zip,1865,0,1840,25,1840,1774,0,26,0,0
2018-05-28,cm28MAY2018bhav.csv.zip,1870,0,1842,28,1842,1777,0,24,0,0
2018-05-29,cm29MAY2018bhav.csv.zip,1869,0,1843,26,1843,1772,0,27,0,0
2018-05-30,cm30MAY2018bhav.csv.zip,1863,0,1839,24,1838,1772,0,25,0,0
2018-05-31,cm31MAY2018bhav.csv.zip,1852,0,1827,25,1826,1762,0,24,0,0
2018-06-01,cm01JUN2018bhav.csv.zip,1893,0,1867,26,1866,1792,0,28,0,0
2018-06-04,cm04JUN2018bhav.csv.zip,1889,0,1862,27,1861,1794,0,22,0,0
2018-06-05,cm05JUN2018bhav.csv.zip,1891,0,1865,26,1865,1795,0,26,0,0
2018-06-06,cm06JUN2018bhav.csv.zip,1871,0,1844,27,1843,1771,0,28,0,0
2018-06-07,cm07JUN2018bhav.csv.zip,1878,0,1854,24,1854,1783,0,23,0,0
2018-06-08,cm08JUN2018bhav.csv.zip,1873,0,1845,28,1845,1762,0,24,0,0
2018-06-11,cm11JUN2018bhav.csv.zip,1890,0,1864,26,1864,1790,0,25,0,0
2018-06-12,cm12JUN2018bhav.csv.zip,1879,0,1852,27,1852,1779,0,22,0,0
2018-06-13,cm13JUN2018bhav.csv.zip,1877,0,1851,26,1851,1778,0,25,0,0
2018-06-14,cm14JUN2018bhav.csv.zip,1863,0,1836,27,1835,1759,0,26,0,0
2018-06-15,cm15JUN2018bhav.csv.zip,1871,0,1844,27,1844,1775,0,22,0,0
2018-06-18,cm18JUN2018bhav.csv.zip,1878,0,1851,27,1849,1778,0,27,0,0
2018-06-19,cm19JUN2018bhav.csv.zip,1880,0,1852,28,1852,1780,0,24,0,0
2018-06-20,cm20JUN2018bhav.csv.zip,1868,0,1839,29,1839,1769,0,25,0,0
2018-06-21,cm21JUN2018bhav.csv.zip,1864,0,1836,28,1836,1760,0,26,0,0
2018-06-22,cm22JUN2018bhav.csv.zip,1867,0,1838,29,1837,1765,0,27,0,0
2018-06-25,cm25JUN2018bhav.csv.zip,1874,0,1846,28,1845,1769,0,28,0,0
2018-06-26,cm26JUN2018bhav.csv.zip,1874,0,1847,27,1847,1766,0,25,0,0
2018-06-27,cm27JUN2018bhav.csv.zip,1894,0,1862,32,1860,1778,0,26,0,0
2018-06-28,cm28JUN2018bhav.csv.zip,1863,0,1833,30,1833,1764,0,23,0,0
2018-06-29,cm29JUN2018bhav.csv.zip,1881,0,1854,27,1854,1777,0,29,0,0
2018-07-02,cm02JUL2018bhav.csv.zip,1881,0,1853,28,1853,1777,0,25,0,0
2018-07-03,cm03JUL2018bhav.csv.zip,1867,0,1840,27,1840,1771,0,27,0,0
2018-07-04,cm04JUL2018bhav.csv.zip,1876,0,1850,26,1850,1771,0,25,0,0
2018-07-05,cm05JUL2018bhav.csv.zip,1875,0,1849,26,1849,1768,0,25,0,0
2018-07-06,cm06JUL2018bhav.csv.zip,1872,0,1846,26,1846,1771,0,24,0,0
2018-07-09,cm09JUL2018bhav.csv.zip,1891,0,1865,26,1865,1785,0,26,0,0
2018-07-10,cm10JUL2018bhav.csv.zip,1866,0,1839,27,1839,1773,0,21,0,0
2018-07-11,cm11JUL2018bhav.csv.zip,1881,0,1855,26,1855,1785,0,25,0,0
2018-07-12,cm12JUL2018bhav.csv.zip,1885,0,1858,27,1858,1784,0,23,0,0
2018-07-13,cm13JUL2018bhav.csv.zip,1884,0,1857,27,1857,1786,0,24,0,0
2018-07-16,cm16JUL2018bhav.csv.zip,1898,0,1870,28,1870,1790,0,25,0,0
2018-07-17,cm17JUL2018bhav.csv.zip,1899,0,1872,27,1872,1777,0,24,0,0
2018-07-18,cm18JUL2018bhav.csv.zip,1877,0,1847,30,1847,1779,0,27,0,0
2018-07-19,cm19JUL2018bhav.csv.zip,1896,0,1868,28,1868,1775,0,25,0,0
2018-07-20,cm20JUL2018bhav.csv.zip,1872,0,1844,28,1844,1762,0,28,0,0
2018-07-23,cm23JUL2018bhav.csv.zip,1867,0,1840,27,1840,1771,0,27,0,0
2018-07-24,cm24JUL2018bhav.csv.zip,1891,0,1863,28,1863,1787,0,24,0,0
2018-07-25,cm25JUL2018bhav.csv.zip,1894,0,1867,27,1867,1791,0,28,0,0
2018-07-26,cm26JUL2018bhav.csv.zip,1895,0,1869,26,1869,1778,0,30,0,0
2018-07-27,cm27JUL2018bhav.csv.zip,1869,0,1842,27,1842,1776,0,24,0,0
2018-07-30,cm30JUL2018bhav.csv.zip,1888,0,1860,28,1860,1786,0,27,0,0
2018-07-31,cm31JUL2018bhav.csv.zip,1867,0,1838,29,1837,1770,0,26,0,0
2018-08-01,cm01AUG2018bhav.csv.zip,1887,0,1860,27,1859,1776,0,28,0,0
2018-08-02,cm02AUG2018bhav.csv.zip,1915,0,1885,30,1884,1792,0,27,0,0
2018-08-03,cm03AUG2018bhav.csv.zip,1906,0,1877,29,1876,1786,0,27,0,0
2018-08-06,cm06AUG2018bhav.csv.zip,1936,0,1907,29,1906,1801,0,28,0,0
2018-08-07,cm07AUG2018bhav.csv.zip,1898,0,1868,30,1866,1788,0,28,0,0
2018-08-08,cm08AUG2018bhav.csv.zip,1887,0,1860,27,1859,1777,0,24,0,0
2018-08-09,cm09AUG2018bhav.csv.zip,1891,0,1858,33,1858,1783,0,25,0,0
2018-08-10,cm10AUG2018bhav.csv.zip,1894,0,1861,33,1860,1778,0,29,0,0
2018-08-13,cm13AUG2018bhav.csv.zip,1895,0,1860,35,1859,1781,0,28,0,0
2018-08-14,cm14AUG2018bhav.csv.zip,1914,0,1878,36,1876,1785,0,26,0,0
2018-08-16,cm16AUG2018bhav.csv.zip,1894,0,1860,34,1859,1782,0,24,0,0
2018-08-17,cm17AUG2018bhav.csv.zip,1880,0,1845,35,1844,1780,0,26,0,0
2018-08-20,cm20AUG2018bhav.csv.zip,1915,0,1880,35,1880,1792,0,25,0,0
2018-08-21,cm21AUG2018bhav.csv.zip,1908,0,1872,36,1867,1793,0,25,0,0
2018-08-23,cm23AUG2018bhav.csv.zip,1918,0,1881,37,1880,1791,0,28,0,0
2018-08-24,cm24AUG2018bhav.csv.zip,1903,0,1869,34,1868,1786,0,24,0,0
2018-08-27,cm27AUG2018bhav.csv.zip,1912,0,1879,33,1879,1797,0,26,0,0
2018-08-28,cm28AUG2018bhav.csv.zip,1896,0,1860,36,1859,1790,0,27,0,0
2018-08-29,cm29AUG2018bhav.csv.zip,1892,0,1859,33,1858,1783,0,27,0,0
2018-08-30,cm30AUG2018bhav.csv.zip,1901,0,1864,37,1863,1785,0,26,0,0
2018-08-31,cm31AUG2018bhav.csv.zip,1903,0,1867,36,1866,1789,0,25,0,0
2018-09-03,cm03SEP2018bhav.csv.zip,1936,0,1898,38,1898,1808,0,24,0,0
2018-09-04,cm04SEP2018bhav.csv.zip,1914,0,1878,36,1878,1798,0,27,0,0
2018-09-05,cm05SEP2018bhav.csv.zip,1904,0,1866,38,1866,1796,0,28,0,0
2018-09-06,cm06SEP2018bhav.csv.zip,1885,0,1850,35,1849,1778,0,26,0,0
2018-09-07,cm07SEP2018bhav.csv.zip,1917,0,1882,35,1882,1798,0,29,0,0
2018-09-10,cm10SEP2018bhav.csv.zip,1912,0,1874,38,1873,1798,0,27,0,0
2018-09-11,cm11SEP2018bhav.csv.zip,1921,0,1885,36,1885,1798,0,26,0,0
2018-09-12,cm12SEP2018bhav.csv.zip,1890,0,1851,39,1850,1788,0,25,0,0
2018-09-14,cm14SEP2018bhav.csv.zip,1899,0,1860,39,1859,1784,0,23,0,0
2018-09-17,cm17SEP2018bhav.csv.zip,1919,0,1883,36,1881,1794,0,24,0,0
2018-09-18,cm18SEP2018bhav.csv.zip,1907,0,1870,37,1870,1787,0,26,0,0
2018-09-19,cm19SEP2018bhav.csv.zip,1896,0,1859,37,1856,1786,0,26,0,0
2018-09-21,cm21SEP2018bhav.csv.zip,1967,0,1926,41,1926,1815,0,27,0,0
2018-09-24,cm24SEP2018bhav.csv.zip,1971,0,1930,41,1930,1820,0,25,0,0
2018-09-25,cm25SEP2018bhav.csv.zip,1920,0,1883,37,1882,1791,0,27,0,0
2018-09-26,cm26SEP2018bhav.csv.zip,1926,0,1890,36,1890,1804,0,26,0,0
2018-09-27,cm27SEP2018bhav.csv.zip,1935,0,1898,37,1898,1793,0,30,0,0
2018-09-28,cm28SEP2018bhav.csv.zip,1959,0,1919,40,1911,1813,0,24,0,0
2018-10-01,cm01OCT2018bhav.csv.zip,1951,0,1910,41,1909,1813,0,27,0,0
2018-10-03,cm03OCT2018bhav.csv.zip,1932,0,1893,39,1893,1796,0,28,0,0
2018-10-04,cm04OCT2018bhav.csv.zip,1932,0,1893,39,1893,1797,0,29,0,0
2018-10-05,cm05OCT2018bhav.csv.zip,1947,0,1907,40,1907,1807,0,25,0,0
2018-10-08,cm08OCT2018bhav.csv.zip,1956,0,1913,43,1912,1817,0,27,0,0
2018-10-09,cm09OCT2018bhav.csv.zip,1936,0,1893,43,1893,1801,0,25,0,0
2018-10-10,cm10OCT2018bhav.csv.zip,1934,0,1891,43,1891,1813,0,26,0,0
2018-10-11,cm11OCT2018bhav.csv.zip,1910,0,1871,39,1871,1797,0,27,0,0
2018-10-12,cm12OCT2018bhav.csv.zip,1935,0,1889,46,1889,1809,0,29,0,0
2018-10-15,cm15OCT2018bhav.csv.zip,1919,0,1876,43,1876,1795,0,27,0,0
2018-10-16,cm16OCT2018bhav.csv.zip,1915,0,1868,47,1867,1797,0,26,0,0
2018-10-17,cm17OCT2018bhav.csv.zip,1911,0,1862,49,1862,1794,0,25,0,0
2018-10-19,cm19OCT2018bhav.csv.zip,1909,0,1864,45,1864,1778,0,26,0,0
2018-10-22,cm22OCT2018bhav.csv.zip,1932,0,1885,47,1884,1800,0,27,0,0
2018-10-23,cm23OCT2018bhav.csv.zip,1914,0,1867,47,1867,1787,0,24,0,0
2018-10-24,cm24OCT2018bhav.csv.zip,1913,0,1869,44,1869,1785,0,25,0,0
2018-10-25,cm25OCT2018bhav.csv.zip,1882,0,1841,41,1841,1774,0,31,0,0
2018-10-26,cm26OCT2018bhav.csv.zip,1889,0,1848,41,1848,1776,0,25,0,0
2018-10-29,cm29OCT2018bhav.csv.zip,1914,0,1872,42,1872,1788,0,24,0,0
2018-10-30,cm30OCT2018bhav.csv.zip,1881,0,1842,39,1842,1769,0,26,0,0
2018-10-31,cm31OCT2018bhav.csv.zip,1899,0,1855,44,1855,1780,0,25,0,0
2018-11-01,cm01NOV2018bhav.csv.zip,1870,0,1831,39,1831,1768,0,23,0,0
2018-11-02,cm02NOV2018bhav.csv.zip,1916,0,1875,41,1875,1791,0,25,0,0
2018-11-05,cm05NOV2018bhav.csv.zip,1907,0,1864,43,1864,1794,0,25,0,0
2018-11-06,cm06NOV2018bhav.csv.zip,1881,0,1847,34,1847,1776,0,26,0,0
2018-11-09,cm09NOV2018bhav.csv.zip,1870,0,1831,39,1831,1768,0,25,0,0
2018-11-12,cm12NOV2018bhav.csv.zip,1899,0,1859,40,1859,1784,0,26,0,0
2018-11-13,cm13NOV2018bhav.csv.zip,1890,0,1847,43,1847,1777,0,26,0,0
2018-11-14,cm14NOV2018bhav.csv.zip,1884,0,1844,40,1844,1777,0,25,0,0
2018-11-15,cm15NOV2018bhav.csv.zip,1900,0,1863,37,1862,1779,0,27,0,0
2018-11-16,cm16NOV2018bhav.csv.zip,1904,0,1858,46,1858,1781,0,28,0,0
2018-11-19,cm19NOV2018bhav.csv.zip,1899,0,1860,39,1860,1789,0,25,0,0
2018-11-20,cm20NOV2018bhav.csv.zip,1896,0,1850,46,1850,1789,0,25,0,0
2018-11-21,cm21NOV2018bhav.csv.zip,1863,0,1822,41,1822,1765,0,23,0,0
2018-11-22,cm22NOV2018bhav.csv.zip,1880,0,1836,44,1836,1774,0,26,0,0
2018-11-26,cm26NOV2018bhav.csv.zip,1897,0,1854,43,1854,1785,0,26,0,0
2018-11-27,cm27NOV2018bhav.csv.zip,1898,0,1857,41,1856,1787,0,26,0,0
2018-11-28,cm28NOV2018bhav.csv.zip,1884,0,1847,37,1847,1773,0,22,0,0
2018-11-29,cm29NOV2018bhav.csv.zip,1900,0,1857,43,1857,1791,0,25,0,0
2018-11-30,cm30NOV2018bhav.csv.zip,1894,0,1852,42,1852,1789,0,27,0,0
2018-12-03,cm03DEC2018bhav.csv.zip,1916,0,1873,43,1873,1794,0,26,0,0
2018-12-04,cm04DEC2018bhav.csv.zip,1888,0,1847,41,1847,1769,0,29,0,0
2018-12-05,cm05DEC2018bhav.csv.zip,1875,0,1830,45,1830,1775,0,27,0,0
2018-12-06,cm06DEC2018bhav.csv.zip,1880,0,1839,41,1839,1760,0,27,0,0
2018-12-07,cm07DEC2018bhav.csv.zip,1876,0,1838,38,1838,1769,0,22,0,0
2018-12-10,cm10DEC2018bhav.csv.zip,1877,0,1834,43,1834,1761,0,25,0,0
2018-12-11,cm11DEC2018bhav.csv.zip,1845,0,1808,37,1808,1740,0,24,0,0
2018-12-12,cm12DEC2018bhav.csv.zip,1871,0,1832,39,1832,1764,0,24,0,0
2018-12-13,cm13DEC2018bhav.csv.zip,1857,0,1814,43,1813,1761,0,27,0,0
2018-12-14,cm14DEC2018bhav.csv.zip,1876,0,1835,41,1835,1763,0,24,0,0
2018-12-17,cm17DEC2018bhav.csv.zip,1892,0,1854,38,1854,1781,0,22,0,0
2018-12-18,cm18DEC2018bhav.csv.zip,1892,0,1850,42,1850,1776,0,25,0,0
2018-12-19,cm19DEC2018bhav.csv.zip,1876,0,1834,42,1834,1772,0,23,0,0
2018-12-20,cm20DEC2018bhav.csv.zip,1891,0,1850,41,1850,1788,0,25,0,0
2018-12-21,cm21DEC2018bhav.csv.zip,1868,0,1827,41,1827,1760,0,28,0,0
2018-12-24,cm24DEC2018bhav.csv.zip,1879,0,1840,39,1840,1772,0,29,0,0
2018-12-26,cm26DEC2018bhav.csv.zip,1864,0,1829,35,1829,1762,0,23,0,0
2018-12-27,cm27DEC2018bhav.csv.zip,1872,0,1832,40,1832,1763,0,24,0,0
2018-12-28,cm28DEC2018bhav.csv.zip,1897,0,1854,43,1854,1786,0,26,0,0
2018-12-31,cm31DEC2018bhav.csv.zip,1919,0,1876,43,1876,1803,0,23,0,0
2019-01-01,cm01JAN2019bhav.csv.zip,1835,0,1795,40,1795,1743,0,24,0,0
2019-01-02,cm02JAN2019bhav.csv.zip,1874,0,1835,39,1835,1766,0,25,0,0
2019-01-03,cm03JAN2019bhav.csv.zip,1878,0,1838,40,1838,1769,0,25,0,0
2019-01-04,cm04JAN2019bhav.csv.zip,1889,0,1850,39,1850,1772,0,27,0,0
2019-01-07,cm07JAN2019bhav.csv.zip,1928,0,1882,46,1882,1795,0,27,0,0
2019-01-08,cm08JAN2019bhav.csv.zip,1892,0,1840,52,1840,1770,0,26,0,0
2019-01-09,cm09JAN2019bhav.csv.zip,1913,0,1864,49,1864,1794,0,28,0,0
2019-01-10,cm10JAN2019bhav.csv.zip,1883,0,1830,53,1830,1775,0,23,0,0
2019-01-11,cm11JAN2019bhav.csv.zip,1879,0,1831,48,1831,1755,0,27,0,0
2019-01-14,cm14JAN2019bhav.csv.zip,1894,0,1849,45,1849,1777,0,26,0,0
2019-01-15,cm15JAN2019bhav.csv.zip,1892,0,1846,46,1845,1779,0,26,0,0
2019-01-16,cm16JAN2019bhav.csv.zip,1876,0,1832,44,1832,1766,0,25,0,0
2019-01-17,cm17JAN2019bhav.csv.zip,1877,0,1831,46,1831,1769,0,24,0,0
2019-01-18,cm18JAN2019bhav.csv.zip,1875,0,1828,47,1828,1772,0,26,0,0
2019-01-21,cm21JAN2019bhav.csv.zip,1898,0,1852,46,1852,1787,0,24,0,0
2019-01-22,cm22JAN2019bhav.csv.zip,1882,0,1836,46,1836,1780,0,24,0,0
2019-01-23,cm23JAN2019bhav.csv.zip,1862,0,1817,45,1817,1764,0,24,0,0
2019-01-24,cm24JAN2019bhav.csv.zip,1872,0,1828,44,1828,1761,0,23,0,0
2019-01-25,cm25JAN2019bhav.csv.zip,1896,0,1847,49,1847,1779,0,27,0,0
2019-01-28,cm28JAN2019bhav.csv.zip,1904,0,1855,49,1855,1790,0,25,0,0
2019-01-29,cm29JAN2019bhav.csv.zip,1891,0,1842,49,1842,1770,0,24,0,0
2019-01-30,cm30JAN2019bhav.csv.zip,1902,0,1856,46,1854,1764,0,27,0,0
2019-01-31,cm31JAN2019bhav.csv.zip,1894,0,1848,46,1848,1763,0,27,0,0
2019-02-01,cm01FEB2019bhav.csv.zip,1882,0,1836,46,1836,1764,0,24,0,0
2019-02-04,cm04FEB2019bhav.csv.zip,1946,0,1899,47,1897,1805,0,27,0,0
2019-02-05,cm05FEB2019bhav.csv.zip,1910,0,1859,51,1859,1777,0,26,0,0
2019-02-06,cm06FEB2019bhav.csv.zip,1890,0,1839,51,1839,1771,0,26,0,0
2019-02-07,cm07FEB2019bhav.csv.zip,1896,0,1846,50,1846,1761,0,25,0,0
2019-02-08,cm08FEB2019bhav.csv.zip,1914,0,1863,51,1863,1781,0,27,0,0
2019-02-11,cm11FEB2019bhav.csv.zip,1932,0,1887,45,1883,1800,0,28,0,0
2019-02-12,cm12FEB2019bhav.csv.zip,1901,0,1856,45,1856,1775,0,28,0,0
2019-02-13,cm13FEB2019bhav.csv.zip,1889,0,1841,48,1841,1767,0,24,0,0
2019-02-14,cm14FEB2019bhav.csv.zip,1889,0,1844,45,1844,1770,0,25,0,0
2019-02-15,cm15FEB2019bhav.csv.zip,1904,0,1855,49,1855,1779,0,25,0,0
2019-02-18,cm18FEB2019bhav.csv.zip,1906,0,1861,45,1850,1783,0,26,0,0
2019-02-19,cm19FEB2019bhav.csv.zip,1878,0,1834,44,1834,1759,0,28,0,0
2019-02-20,cm20FEB2019bhav.csv.zip,1900,0,1846,54,1846,1776,0,25,0,0
2019-02-21,cm21FEB2019bhav.csv.zip,1886,0,1836,50,1836,1767,0,27,0,0
2019-02-22,cm22FEB2019bhav.csv.zip,1902,0,1855,47,1855,1781,0,29,0,0
2019-02-25,cm25FEB2019bhav.csv.zip,1932,0,1888,44,1867,1791,0,26,0,0
2019-02-26,cm26FEB2019bhav.csv.zip,1886,0,1836,50,1836,1778,0,27,0,0
2019-02-27,cm27FEB2019bhav.csv.zip,1894,0,1845,49,1845,1763,0,25,0,0
2019-02-28,cm28FEB2019bhav.csv.zip,1871,0,1822,49,1821,1758,0,22,0,0
2019-03-01,cm01MAR2019bhav.csv.zip,1895,0,1848,47,1848,1772,0,28,0,0
2019-03-05,cm05MAR2019bhav.csv.zip,1949,0,1896,53,1896,1818,0,26,0,0
2019-03-06,cm06MAR2019bhav.csv.zip,1938,0,1883,55,1883,1801,0,28,0,0
2019-03-07,cm07MAR2019bhav.csv.zip,1908,0,1862,46,1862,1778,0,31,0,0
2019-03-08,cm08MAR2019bhav.csv.zip,1916,0,1872,44,1871,1792,0,30,0,0
2019-03-11,cm11MAR2019bhav.csv.zip,1938,0,1892,46,1891,1808,0,28,0,0
2019-03-12,cm12MAR2019bhav.csv.zip,1933,0,1880,53,1880,1806,0,26,0,0
2019-03-13,cm13MAR2019bhav.csv.zip,1931,0,1882,49,1882,1798,0,27,0,0
2019-03-14,cm14MAR2019bhav.csv.zip,1918,0,1868,50,1867,1785,0,30,0,0
2019-03-15,cm15MAR2019bhav.csv.zip,1947,0,1896,51,1896,1811,0,26,0,0
2019-03-18,cm18MAR2019bhav.csv.zip,1956,0,1906,50,1904,1818,0,28,0,0
2019-03-19,cm19MAR2019bhav.csv.zip,1952,0,1899,53,1898,1816,0,27,0,0
2019-03-20,cm20MAR2019bhav.csv.zip,1948,0,1895,53,1895,1810,0,23,0,0
2019-03-22,cm22MAR2019bhav.csv.zip,1961,0,1907,54,1885,1800,0,30,0,0
2019-03-25,cm25MAR2019bhav.csv.zip,1966,0,1915,51,1899,1826,0,27,0,0
2019-03-26,cm26MAR2019bhav.csv.zip,1962,0,1909,53,1907,1822,0,27,0,0
2019-03-27,cm27MAR2019bhav.csv.zip,1950,0,1894,56,1894,1824,0,24,0,0
2019-03-28,cm28MAR2019bhav.csv.zip,1928,0,1876,52,1876,1806,0,26,0,0
2019-03-29,cm29MAR2019bhav.csv.zip,1932,0,1879,53,1878,1799,0,28,0,0
2019-04-01,cm01APR2019bhav.csv.zip,1948,0,1888,60,1888,1809,0,27,0,0
2019-04-02,cm02APR2019bhav.csv.zip,1906,0,1851,55,1851,1776,0,25,0,0
2019-04-03,cm03APR2019bhav.csv.zip,1933,0,1878,55,1878,1788,0,28,0,0
2019-04-04,cm04APR2019bhav.csv.zip,1916,0,1866,50,1866,1775,0,25,0,0
2019-04-05,cm05APR2019bhav.csv.zip,1910,0,1855,55,1855,1775,0,24,0,0
2019-04-08,cm08APR2019bhav.csv.zip,1922,0,1869,53,1868,1792,0,25,0,0
2019-04-09,cm09APR2019bhav.csv.zip,1912,0,1857,55,1857,1781,0,29,0,0
2019-04-10,cm10APR2019bhav.csv.zip,1909,0,1857,52,1857,1789,0,28,0,0
2019-04-11,cm11APR2019bhav.csv.zip,1895,0,1845,50,1845,1771,0,23,0,0
2019-04-12,cm12APR2019bhav.csv.zip,1913,0,1865,48,1865,1780,0,27,0,0
2019-04-15,cm15APR2019bhav.csv.zip,1917,0,1869,48,1869,1795,0,26,0,0
2019-04-16,cm16APR2019bhav.csv.zip,1920,0,1865,55,1864,1801,0,27,0,0
2019-04-18,cm18APR2019bhav.csv.zip,1943,0,1888,55,1888,1796,0,25,0,0
2019-04-22,cm22APR2019bhav.csv.zip,1949,0,1891,58,1891,1806,0,26,0,0
2019-04-23,cm23APR2019bhav.csv.zip,1930,0,1877,53,1877,1796,0,28,0,0
2019-04-24,cm24APR2019bhav.csv.zip,1911,0,1861,50,1861,1780,0,26,0,0
2019-04-25,cm25APR2019bhav.csv.zip,1913,0,1860,53,1860,1782,0,27,0,0
2019-04-26,cm26APR2019bhav.csv.zip,1910,0,1858,52,1858,1782,0,29,0,0
2019-04-30,cm30APR2019bhav.csv.zip,1958,0,1901,57,1901,1810,0,27,0,0
2019-05-02,cm02MAY2019bhav.csv.zip,1939,0,1881,58,1881,1795,0,25,0,0
2019-05-03,cm03MAY2019bhav.csv.zip,1927,0,1870,57,1870,1799,0,25,0,0
2019-05-06,cm06MAY2019bhav.csv.zip,1923,0,1866,57,1866,1794,0,24,0,0
2019-05-07,cm07MAY2019bhav.csv.zip,1938,0,1882,56,1882,1799,0,28,0,0
2019-05-08,cm08MAY2019bhav.csv.zip,1913,0,1853,60,1853,1778,0,26,0,0
2019-05-09,cm09MAY2019bhav.csv.zip,1906,0,1850,56,1850,1772,0,26,0,0
2019-05-10,cm10MAY2019bhav.csv.zip,1895,0,1843,52,1843,1772,0,27,0,0
2019-05-13,cm13MAY2019bhav.csv.zip,1922,0,1866,56,1866,1786,0,26,0,0
2019-05-14,cm14MAY2019bhav.csv.zip,1917,0,1860,57,1860,1780,0,30,0,0
2019-05-15,cm15MAY2019bhav.csv.zip,1911,0,1856,55,1856,1783,0,24,0,0
2019-05-16,cm16MAY2019bhav.csv.zip,1896,0,1843,53,1843,1758,0,27,0,0
2019-05-17,cm17MAY2019bhav.csv.zip,1908,0,1853,55,1852,1776,0,27,0,0
2019-05-20,cm20MAY2019bhav.csv.zip,1935,0,1879,56,1879,1780,0,28,0,0
2019-05-21,cm21MAY2019bhav.csv.zip,1886,0,1832,54,1832,1764,0,28,0,0
2019-05-22,cm22MAY2019bhav.csv.zip,1915,0,1860,55,1860,1785,0,25,0,0
2019-05-23,cm23MAY2019bhav.csv.zip,1899,0,1846,53,1846,1781,0,22,0,0
2019-05-24,cm24MAY2019bhav.csv.zip,1918,0,1864,54,1864,1787,0,25,0,0
2019-05-27,cm27MAY2019bhav.csv.zip,1942,0,1887,55,1887,1803,0,26,0,0
2019-05-28,cm28MAY2019bhav.csv.zip,1917,0,1863,54,1863,1782,0,26,0,0
2019-05-29,cm29MAY2019bhav.csv.zip,1902,0,1855,47,1855,1774,0,25,0,0
2019-05-30,cm30MAY2019bhav.csv.zip,1924,0,1872,52,1872,1788,0,25,0,0
2019-05-31,cm31MAY2019bhav.csv.zip,1939,0,1882,57,1882,1801,0,25,0,0
2019-06-03,cm03JUN2019bhav.csv.zip,1947,0,1895,52,1894,1811,0,25,0,0
2019-06-04,cm04JUN2019bhav.csv.zip,1951,0,1898,53,1898,1792,0,27,0,0
2019-06-06,cm06JUN2019bhav.csv.zip,1949,0,1899,50,1899,1802,0,27,0,0
2019-06-07,cm07JUN2019bhav.csv.zip,1935,0,1881,54,1881,1779,0,25,0,0
2019-06-10,cm10JUN2019bhav.csv.zip,1942,0,1885,57,1885,1806,0,25,0,0
2019-06-11,cm11JUN2019bhav.csv.zip,1933,0,1881,52,1881,1786,0,23,0,0
2019-06-12,cm12JUN2019bhav.csv.zip,1917,0,1856,61,1856,1778,0,26,0,0
2019-06-13,cm13JUN2019bhav.csv.zip,1916,0,1865,51,1865,1767,0,25,0,0
2019-06-14,cm14JUN2019bhav.csv.zip,1928,0,1877,51,1877,1786,0,26,0,0
2019-06-17,cm17JUN2019bhav.csv.zip,1945,0,1894,51,1894,1811,0,23,0,0
2019-06-18,cm18JUN2019bhav.csv.zip,1931,0,1870,61,1870,1793,0,28,0,0
2019-06-19,cm19JUN2019bhav.csv.zip,1934,0,1875,59,1875,1790,0,28,0,0
2019-06-20,cm20JUN2019bhav.csv.zip,1930,0,1875,55,1875,1783,0,28,0,0
2019-06-21,cm21JUN2019bhav.csv.zip,1932,0,1875,57,1874,1783,0,28,0,0
2019-06-24,cm24JUN2019bhav.csv.zip,1918,0,1869,49,1869,1777,0,27,0,0
2019-06-25,cm25JUN2019bhav.csv.zip,1898,0,1849,49,1849,1771,0,28,0,0
2019-06-26,cm26JUN2019bhav.csv.zip,1907,0,1850,57,1850,1775,0,26,0,0
2019-06-27,cm27JUN2019bhav.csv.zip,1910,0,1854,56,1853,1770,0,24,0,0
2019-06-28,cm28JUN2019bhav.csv.zip,1902,0,1850,52,1850,1766,0,26,0,0
2019-07-01,cm01JUL2019bhav.csv.zip,1927,0,1871,56,1871,1787,0,25,0,0
2019-07-02,cm02JUL2019bhav.csv.zip,1896,0,1845,51,1845,1773,0,24,0,0
2019-07-03,cm03JUL2019bhav.csv.zip,1890,0,1840,50,1840,1764,0,25,0,0
2019-07-04,cm04JUL2019bhav.csv.zip,1910,0,1857,53,1857,1777,0,26,0,0
2019-07-05,cm05JUL2019bhav.csv.zip,1886,0,1836,50,1835,1765,0,29,0,0
2019-07-08,cm08JUL2019bhav.csv.zip,1937,0,1883,54,1883,1799,0,24,0,0
2019-07-09,cm09JUL2019bhav.csv.zip,1902,0,1855,47,1855,1767,0,23,0,0
2019-07-10,cm10JUL2019bhav.csv.zip,1908,0,1853,55,1853,1764,0,28,0,0
2019-07-11,cm11JUL2019bhav.csv.zip,1892,0,1844,48,1844,1775,0,22,0,0
2019-07-12,cm12JUL2019bhav.csv.zip,1901,0,1851,50,1851,1778,0,25,0,0
2019-07-15,cm15JUL2019bhav.csv.zip,1936,0,1890,46,1890,1787,0,25,0,0
2019-07-16,cm16JUL2019bhav.csv.zip,1937,0,1885,52,1885,1791,0,25,0,0
2019-07-17,cm17JUL2019bhav.csv.zip,1933,0,1878,55,1878,1777,0,25,0,0
2019-07-18,cm18JUL2019bhav.csv.zip,1923,0,1869,54,1869,1784,0,26,0,0
2019-07-19,cm19JUL2019bhav.csv.zip,1932,0,1874,58,1874,1796,0,27,0,0
2019-07-22,cm22JUL2019bhav.csv.zip,1927,0,1872,55,1872,1794,0,26,0,0
2019-07-23,cm23JUL2019bhav.csv.zip,1948,0,1890,58,1890,1789,0,29,0,0
2019-07-24,cm24JUL2019bhav.csv.zip,1928,0,1875,53,1875,1789,0,25,0,0
2019-07-25,cm25JUL2019bhav.csv.zip,1940,0,1888,52,1888,1788,0,27,0,0
2019-07-26,cm26JUL2019bhav.csv.zip,1918,0,1863,55,1863,1774,0,26,0,0
2019-07-29,cm29JUL2019bhav.csv.zip,1941,0,1881,60,1880,1809,0,25,0,0
2019-07-30,cm30JUL2019bhav.csv.zip,1937,0,1884,53,1884,1777,0,28,0,0
2019-07-31,cm31JUL2019bhav.csv.zip,1955,0,1900,55,1900,1799,0,26,0,0
2019-08-01,cm01AUG2019bhav.csv.zip,1922,0,1866,56,1866,1781,0,29,0,0
2019-08-02,cm02AUG2019bhav.csv.zip,1916,0,1862,54,1862,1778,0,25,0,0
2019-08-05,cm05AUG2019bhav.csv.zip,1944,0,1887,57,1887,1802,0,27,0,0
2019-08-06,cm06AUG2019bhav.csv.zip,1930,0,1875,55,1875,1784,0,29,0,0
2019-08-07,cm07AUG2019bhav.csv.zip,1937,0,1882,55,1882,1791,0,28,0,0
2019-08-08,cm08AUG2019bhav.csv.zip,1919,0,1860,59,1860,1778,0,26,0,0
2019-08-09,cm09AUG2019bhav.csv.zip,1922,0,1863,59,1863,1787,0,23,0,0
2019-08-13,cm13AUG2019bhav.csv.zip,1934,0,1875,59,1875,1797,0,26,0,0
2019-08-14,cm14AUG2019bhav.csv.zip,1924,0,1868,56,1868,1777,0,24,0,0
2019-08-16,cm16AUG2019bhav.csv.zip,1930,0,1872,58,1872,1778,0,26,0,0
2019-08-19,cm19AUG2019bhav.csv.zip,1965,0,1905,60,1905,1818,0,26,0,0
2019-08-20,cm20AUG2019bhav.csv.zip,1940,0,1885,55,1884,1794,0,27,0,0
2019-08-21,cm21AUG2019bhav.csv.zip,1940,0,1882,58,1881,1793,0,25,0,0
2019-08-22,cm22AUG2019bhav.csv.zip,1951,0,1892,59,1891,1796,0,26,0,0
2019-08-23,cm23AUG2019bhav.csv.zip,1940,0,1879,61,1879,1793,0,24,0,0
2019-08-26,cm26AUG2019bhav.csv.zip,1951,0,1899,52,1899,1810,0,28,0,0
2019-08-27,cm27AUG2019bhav.csv.zip,1933,0,1879,54,1878,1794,0,26,0,0
2019-08-28,cm28AUG2019bhav.csv.zip,1938,0,1883,55,1883,1798,0,22,0,0
2019-08-29,cm29AUG2019bhav.csv.zip,1934,0,1876,58,1876,1792,0,25,0,0
2019-08-30,cm30AUG2019bhav.csv.zip,1928,0,1870,58,1869,1793,0,27,0,0
2019-09-03,cm03SEP2019bhav.csv.zip,1927,0,1878,49,1878,1795,0,25,0,0
2019-09-04,cm04SEP2019bhav.csv.zip,1901,0,1847,54,1847,1776,0,25,0,0
2019-09-05,cm05SEP2019bhav.csv.zip,1912,0,1856,56,1856,1785,0,22,0,0
2019-09-06,cm06SEP2019bhav.csv.zip,1923,0,1868,55,1868,1797,0,26,0,0
2019-09-09,cm09SEP2019bhav.csv.zip,1939,0,1883,56,1883,1805,0,25,0,0
2019-09-11,cm11SEP2019bhav.csv.zip,1964,0,1903,61,1903,1815,0,25,0,0
2019-09-12,cm12SEP2019bhav.csv.zip,1955,0,1893,62,1891,1799,0,27,0,0
2019-09-13,cm13SEP2019bhav.csv.zip,1955,0,1896,59,1896,1799,0,24,0,0
2019-09-16,cm16SEP2019bhav.csv.zip,1955,0,1898,57,1897,1819,0,23,0,0
2019-09-17,cm17SEP2019bhav.csv.zip,1949,0,1891,58,1891,1798,0,27,0,0
2019-09-18,cm18SEP2019bhav.csv.zip,1950,0,1890,60,1889,1798,0,25,0,0
2019-09-19,cm19SEP2019bhav.csv.zip,1930,0,1877,53,1877,1796,0,25,0,0
2019-09-20,cm20SEP2019bhav.csv.zip,1981,0,1920,61,1920,1811,0,29,0,0
2019-09-23,cm23SEP2019bhav.csv.zip,1981,0,1924,57,1923,1831,0,32,0,0
2019-09-24,cm24SEP2019bhav.csv.zip,1948,0,1889,59,1889,1813,0,29,0,0
2019-09-25,cm25SEP2019bhav.csv.zip,1942,0,1887,55,1880,1794,0,25,0,0
2019-09-26,cm26SEP2019bhav.csv.zip,1938,0,1876,62,1876,1802,0,24,0,0
2019-09-27,cm27SEP2019bhav.csv.zip,1947,0,1886,61,1885,1802,0,26,0,0
2019-09-30,cm30SEP2019bhav.csv.zip,1975,0,1914,61,1913,1832,0,26,0,0
2019-10-01,cm01OCT2019bhav.csv.zip,1950,0,1892,58,1892,1796,0,26,0,0
2019-10-03,cm03OCT2019bhav.csv.zip,1958,0,1899,59,1899,1791,0,25,0,0
2019-10-04,cm04OCT2019bhav.csv.zip,1949,0,1885,64,1885,1800,0,27,0,0
2019-10-07,cm07OCT2019bhav.csv.zip,1972,0,1909,63,1909,1822,0,28,0,0
2019-10-09,cm09OCT2019bhav.csv.zip,1950,0,1888,62,1887,1804,0,26,0,0
2019-10-10,cm10OCT2019bhav.csv.zip,1945,0,1881,64,1881,1802,0,27,0,0
2019-10-11,cm11OCT2019bhav.csv.zip,1944,0,1882,62,1882,1799,0,24,0,0
2019-10-14,cm14OCT2019bhav.csv.zip,1939,0,1882,57,1882,1802,0,26,0,0
2019-10-15,cm15OCT2019bhav.csv.zip,1938,0,1879,59,1879,1794,0,27,0,0
2019-10-16,cm16OCT2019bhav.csv.zip,1945,0,1880,65,1880,1798,0,25,0,0
2019-10-17,cm17OCT2019bhav.csv.zip,1960,0,1894,66,1894,1802,0,28,0,0
2019-10-18,cm18OCT2019bhav.csv.zip,1957,0,1895,62,1895,1798,0,29,0,0
2019-10-22,cm22OCT2019bhav.csv.zip,1983,0,1920,63,1920,1826,0,24,0,0
2019-10-23,cm23OCT2019bhav.csv.zip,1951,0,1890,61,1890,1797,0,24,0,0
2019-10-24,cm24OCT2019bhav.csv.zip,1929,0,1871,58,1871,1783,0,23,0,0
2019-10-25,cm25OCT2019bhav.csv.zip,1943,0,1877,66,1877,1804,0,23,0,0
2019-10-29,cm29OCT2019bhav.csv.zip,1952,0,1892,60,1892,1806,0,28,0,0
2019-10-30,cm30OCT2019bhav.csv.zip,1952,0,1891,61,1891,1806,0,26,0,0
2019-10-31,cm31OCT2019bhav.csv.zip,1952,0,1887,65,1887,1809,0,22,0,0
2019-11-01,cm01NOV2019bhav.csv.zip,1967,0,1907,60,1906,1804,0,24,0,0
2019-11-04,cm04NOV2019bhav.csv.zip,1976,0,1917,59,1917,1816,0,20,0,0
2019-11-05,cm05NOV2019bhav.csv.zip,1951,0,1884,67,1884,1808,0,25,0,0
2019-11-06,cm06NOV2019bhav.csv.zip,1949,0,1884,65,1883,1798,0,22,0,0
2019-11-07,cm07NOV2019bhav.csv.zip,1932,0,1874,58,1874,1787,0,22,0,0
2019-11-08,cm08NOV2019bhav.csv.zip,1940,0,1882,58,1882,1798,0,24,0,0
2019-11-11,cm11NOV2019bhav.csv.zip,1960,0,1899,61,1899,1814,0,20,0,0
2019-11-13,cm13NOV2019bhav.csv.zip,1961,0,1902,59,1902,1806,0,22,0,0
2019-11-14,cm14NOV2019bhav.csv.zip,1938,0,1879,59,1879,1795,0,23,0,0
2019-11-15,cm15NOV2019bhav.csv.zip,1984,0,1922,62,1922,1817,0,22,0,0
2019-11-18,cm18NOV2019bhav.csv.zip,1974,0,1916,58,1916,1821,0,22,0,0
2019-11-19,cm19NOV2019bhav.csv.zip,1959,0,1897,62,1897,1798,0,23,0,0
2019-11-20,cm20NOV2019bhav.csv.zip,1969,0,1909,60,1908,1806,0,21,0,0
2019-11-21,cm21NOV2019bhav.csv.zip,1965,0,1904,61,1903,1792,0,26,0,0
2019-11-22,cm22NOV2019bhav.csv.zip,1953,0,1896,57,1896,1796,0,25,0,0
2019-11-25,cm25NOV2019bhav.csv.zip,1996,0,1934,62,1934,1828,0,22,0,0
2019-11-26,cm26NOV2019bhav.csv.zip,1968,0,1908,60,1907,1806,0,21,0,0
2019-11-27,cm27NOV2019bhav.csv.zip,1956,0,1895,61,1895,1811,0,20,0,0
2019-11-28,cm28NOV2019bhav.csv.zip,1958,0,1895,63,1894,1808,0,20,0,0
2019-11-29,cm29NOV2019bhav.csv.zip,1951,0,1891,60,1891,1808,0,22,0,0
2019-12-02,cm02DEC2019bhav.csv.zip,1973,0,1911,62,1911,1821,0,21,0,0
2019-12-03,cm03DEC2019bhav.csv.zip,1956,0,1896,60,1895,1788,0,25,0,0
2019-12-04,cm04DEC2019bhav.csv.zip,1960,0,1894,66,1893,1800,0,21,0,0
2019-12-05,cm05DEC2019bhav.csv.zip,1957,0,1896,61,1896,1801,0,23,0,0
2019-12-06,cm06DEC2019bhav.csv.zip,1954,0,1893,61,1893,1803,0,25,0,0
2019-12-09,cm09DEC2019bhav.csv.zip,1972,0,1914,58,1914,1820,0,20,0,0
2019-12-10,cm10DEC2019bhav.csv.zip,1958,0,1893,65,1893,1803,0,24,0,0
2019-12-11,cm11DEC2019bhav.csv.zip,1937,0,1880,57,1880,1785,0,21,0,0
2019-12-12,cm12DEC2019bhav.csv.zip,1960,0,1901,59,1901,1811,0,22,0,0
2019-12-13,cm13DEC2019bhav.csv.zip,1957,0,1898,59,1898,1798,0,22,0,0
2019-12-16,cm16DEC2019bhav.csv.zip,1975,0,1916,59,1916,1819,0,20,0,0
2019-12-17,cm17DEC2019bhav.csv.zip,1963,0,1901,62,1900,1805,0,21,0,0
2019-12-18,cm18DEC2019bhav.csv.zip,1956,0,1897,59,1897,1815,0,21,0,0
2019-12-19,cm19DEC2019bhav.csv.zip,1926,0,1865,61,1865,1796,0,20,0,0
2019-12-20,cm20DEC2019bhav.csv.zip,1967,0,1904,63,1904,1814,0,21,0,0
2019-12-23,cm23DEC2019bhav.csv.zip,1971,0,1909,62,1908,1825,0,21,0,0
2019-12-24,cm24DEC2019bhav.csv.zip,1970,0,1909,61,1909,1804,0,22,0,0
2019-12-26,cm26DEC2019bhav.csv.zip,1965,0,1905,60,1905,1812,0,23,0,0
2019-12-27,cm27DEC2019bhav.csv.zip,1963,0,1899,64,1899,1813,0,21,0,0
2019-12-30,cm30DEC2019bhav.csv.zip,1980,0,1923,57,1921,1814,0,22,0,0
2019-12-31,cm31DEC2019bhav.csv.zip,1958,0,1895,63,1895,1816,0,18,0,0
2020-01-01,cm01JAN2020bhav.csv.zip,1910,0,1856,54,1856,1773,0,17,0,0
2020-01-02,cm02JAN2020bhav.csv.zip,1956,0,1900,56,1900,1801,0,19,0,0
2020-01-03,cm03JAN2020bhav.csv.zip,1968,0,1910,58,1910,1804,0,22,0,0
2020-01-06,cm06JAN2020bhav.csv.zip,1977,0,1914,63,1914,1821,0,18,0,0
2020-01-07,cm07JAN2020bhav.csv.zip,1971,0,1909,62,1909,1805,0,20,0,0
2020-01-08,cm08JAN2020bhav.csv.zip,1962,0,1904,58,1904,1808,0,20,0,0
2020-01-09,cm09JAN2020bhav.csv.zip,1965,0,1910,55,1909,1808,0,21,0,0
2020-01-10,cm10JAN2020bhav.csv.zip,1970,0,1907,63,1907,1806,0,20,0,0
2020-01-13,cm13JAN2020bhav.csv.zip,1998,0,1934,64,1934,1829,0,20,0,0
2020-01-14,cm14JAN2020bhav.csv.zip,1962,0,1898,64,1898,1807,0,20,0,0
2020-01-15,cm15JAN2020bhav.csv.zip,1964,0,1902,62,1902,1801,0,23,0,0
2020-01-16,cm16JAN2020bhav.csv.zip,1960,0,1901,59,1901,1807,0,23,0,0
2020-01-17,cm17JAN2020bhav.csv.zip,1955,0,1890,65,1890,1797,0,21,0,0
2020-01-20,cm20JAN2020bhav.csv.zip,1983,0,1922,61,1922,1832,0,22,0,0
2020-01-21,cm21JAN2020bhav.csv.zip,1959,0,1895,64,1895,1803,0,18,0,0
2020-01-22,cm22JAN2020bhav.csv.zip,1973,0,1907,66,1907,1813,0,23,0,0
2020-01-23,cm23JAN2020bhav.csv.zip,1971,0,1899,72,1899,1818,0,20,0,0
2020-01-24,cm24JAN2020bhav.csv.zip,1958,0,1895,63,1895,1800,0,19,0,0
2020-01-27,cm27JAN2020bhav.csv.zip,1982,0,1925,57,1925,1819,0,23,0,0
2020-01-28,cm28JAN2020bhav.csv.zip,1962,0,1907,55,1907,1800,0,23,0,0
2020-01-29,cm29JAN2020bhav.csv.zip,1977,0,1912,65,1912,1814,0,19,0,0
2020-01-30,cm30JAN2020bhav.csv.zip,1959,0,1896,63,1896,1806,0,21,0,0
2020-01-31,cm31JAN2020bhav.csv.zip,1930,0,1865,65,1865,1798,0,16,0,0
2020-02-03,cm03FEB2020bhav.csv.zip,1977,0,1915,62,1915,1820,0,20,0,0
2020-02-04,cm04FEB2020bhav.csv.zip,1952,0,1891,61,1890,1797,0,19,0,0
2020-02-05,cm05FEB2020bhav.csv.zip,1952,0,1888,64,1888,1802,0,18,0,0
2020-02-06,cm06FEB2020bhav.csv.zip,1953,0,1890,63,1890,1802,0,21,0,0
2020-02-07,cm07FEB2020bhav.csv.zip,1938,0,1877,61,1877,1793,0,20,0,0
2020-02-10,cm10FEB2020bhav.csv.zip,1990,0,1928,62,1928,1834,0,22,0,0
2020-02-11,cm11FEB2020bhav.csv.zip,1957,0,1897,60,1896,1809,0,20,0,0
2020-02-12,cm12FEB2020bhav.csv.zip,1955,0,1890,65,1890,1805,0,21,0,0
2020-02-13,cm13FEB2020bhav.csv.zip,1942,0,1880,62,1880,1799,0,20,0,0
2020-02-14,cm14FEB2020bhav.csv.zip,1960,0,1898,62,1898,1816,0,20,0,0
2020-02-17,cm17FEB2020bhav.csv.zip,1989,0,1931,58,1931,1837,0,19,0,0
2020-02-18,cm18FEB2020bhav.csv.zip,1983,0,1918,65,1917,1825,0,22,0,0
2020-02-19,cm19FEB2020bhav.csv.zip,1954,0,1896,58,1896,1803,0,21,0,0
2020-02-20,cm20FEB2020bhav.csv.zip,1982,0,1917,65,1917,1825,0,20,0,0
2020-02-24,cm24FEB2020bhav.csv.zip,1997,0,1934,63,1932,1834,0,23,0,0
2020-02-25,cm25FEB2020bhav.csv.zip,1970,0,1904,66,1904,1823,0,19,0,0
2020-02-26,cm26FEB2020bhav.csv.zip,1960,0,1900,60,1900,1814,0,19,0,0
2020-02-27,cm27FEB2020bhav.csv.zip,1966,0,1907,59,1905,1801,0,20,0,0
2020-02-28,cm28FEB2020bhav.csv.zip,1986,0,1921,65,1919,1820,0,19,0,0
2020-03-02,cm02MAR2020bhav.csv.zip,2004,0,1939,65,1938,1842,0,22,0,0
2020-03-03,cm03MAR2020bhav.csv.zip,1974,0,1913,61,1912,1818,0,21,0,0
2020-03-04,cm04MAR2020bhav.csv.zip,1983,0,1923,60,1923,1812,0,23,0,0
2020-03-05,cm05MAR2020bhav.csv.zip,1968,0,1904,64,1904,1807,0,22,0,0
2020-03-06,cm06MAR2020bhav.csv.zip,2002,0,1938,64,1937,1835,0,25,0,0
2020-03-09,cm09MAR2020bhav.csv.zip,2055,0,1984,71,1984,1862,0,25,0,0
2020-03-11,cm11MAR2020bhav.csv.zip,2012,0,1948,64,1948,1835,0,19,0,0
2020-03-12,cm12MAR2020bhav.csv.zip,2059,0,1992,67,1992,1848,0,25,0,0
2020-03-13,cm13MAR2020bhav.csv.zip,2001,0,1930,71,1930,1826,0,21,0,0
2020-03-16,cm16MAR2020bhav.csv.zip,2043,0,1972,71,1972,1849,0,25,0,0
2020-03-17,cm17MAR2020bhav.csv.zip,2006,0,1940,66,1939,1823,0,23,0,0
2020-03-18,cm18MAR2020bhav.csv.zip,2026,0,1953,73,1953,1833,0,24,0,0
2020-03-19,cm19MAR2020bhav.csv.zip,2040,0,1968,72,1968,1840,0,23,0,0
2020-03-20,cm20MAR2020bhav.csv.zip,1993,0,1924,69,1924,1814,0,26,0,0
2020-03-23,cm23MAR2020bhav.csv.zip,1965,0,1894,71,1893,1783,0,26,0,0
2020-03-24,cm24MAR2020bhav.csv.zip,1941,0,1875,66,1875,1781,0,22,0,0
2020-03-25,cm25MAR2020bhav.csv.zip,1918,0,1858,60,1858,1776,0,24,0,0
2020-03-26,cm26MAR2020bhav.csv.zip,1940,0,1877,63,1876,1795,0,23,0,0
2020-03-27,cm27MAR2020bhav.csv.zip,1961,0,1896,65,1896,1802,0,22,0,0
2020-03-30,cm30MAR2020bhav.csv.zip,1966,0,1904,62,1903,1807,0,20,0,0
2020-03-31,cm31MAR2020bhav.csv.zip,1952,0,1888,64,1883,1800,0,22,0,0
2020-04-01,cm01APR2020bhav.csv.zip,1906,0,1843,63,1843,1781,0,21,0,0
2020-04-03,cm03APR2020bhav.csv.zip,1941,0,1885,56,1885,1783,0,24,0,0
2020-04-07,cm07APR2020bhav.csv.zip,1998,0,1935,63,1935,1823,0,24,0,0
2020-04-08,cm08APR2020bhav.csv.zip,1964,0,1900,64,1900,1801,0,18,0,0
2020-04-09,cm09APR2020bhav.csv.zip,1950,0,1894,56,1894,1791,0,22,0,0
2020-04-13,cm13APR2020bhav.csv.zip,1957,0,1900,57,1900,1806,0,22,0,0
2020-04-15,cm15APR2020bhav.csv.zip,1968,0,1913,55,1913,1803,0,24,0,0
2020-04-16,cm16APR2020bhav.csv.zip,1953,0,1895,58,1895,1800,0,20,0,0
2020-04-17,cm17APR2020bhav.csv.zip,1964,0,1907,57,1907,1802,0,22,0,0
2020-04-20,cm20APR2020bhav.csv.zip,1986,0,1924,62,1924,1818,0,23,0,0
2020-04-21,cm21APR2020bhav.csv.zip,1941,0,1879,62,1879,1792,0,20,0,0
2020-04-22,cm22APR2020bhav.csv.zip,1944,0,1885,59,1885,1799,0,22,0,0
2020-04-23,cm23APR2020bhav.csv.zip,1950,0,1890,60,1890,1801,0,19,0,0
2020-04-24,cm24APR2020bhav.csv.zip,1962,0,1899,63,1899,1796,0,23,0,0
2020-04-27,cm27APR2020bhav.csv.zip,1979,0,1920,59,1920,1812,0,21,0,0
2020-04-28,cm28APR2020bhav.csv.zip,1945,0,1890,55,1890,1790,0,25,0,0
2020-04-29,cm29APR2020bhav.csv.zip,1963,0,1906,57,1906,1793,0,23,0,0
2020-04-30,cm30APR2020bhav.csv.zip,1949,0,1891,58,1891,1790,0,19,0,0
2020-05-04,cm04MAY2020bhav.csv.zip,1979,0,1922,57,1922,1806,0,21,0,0
2020-05-05,cm05MAY2020bhav.csv.zip,1939,0,1879,60,1879,1781,0,19,0,0
2020-05-06,cm06MAY2020bhav.csv.zip,1933,0,1874,59,1874,1784,0,23,0,0
2020-05-07,cm07MAY2020bhav.csv.zip,1919,0,1857,62,1857,1779,0,22,0,0
2020-05-08,cm08MAY2020bhav.csv.zip,1934,0,1875,59,1875,1771,0,20,0,0
2020-05-11,cm11MAY2020bhav.csv.zip,1970,0,1908,62,1908,1809,0,19,0,0
2020-05-12,cm12MAY2020bhav.csv.zip,1911,0,1851,60,1851,1763,0,20,0,0
2020-05-13,cm13MAY2020bhav.csv.zip,1923,0,1865,58,1865,1786,0,19,0,0
2020-05-14,cm14MAY2020bhav.csv.zip,1912,0,1853,59,1853,1775,0,18,0,0
2020-05-15,cm15MAY2020bhav.csv.zip,1912,0,1855,57,1855,1781,0,21,0,0
2020-05-18,cm18MAY2020bhav.csv.zip,1956,0,1897,59,1896,1809,0,19,0,0
2020-05-19,cm19MAY2020bhav.csv.zip,1913,0,1856,57,1856,1779,0,20,0,0
2020-05-20,cm20MAY2020bhav.csv.zip,1910,0,1850,60,1850,1776,0,21,0,0
2020-05-21,cm21MAY2020bhav.csv.zip,1898,0,1841,57,1841,1776,0,21,0,0
2020-05-22,cm22MAY2020bhav.csv.zip,1894,0,1836,58,1836,1771,0,18,0,0
2020-05-26,cm26MAY2020bhav.csv.zip,1963,0,1903,60,1903,1813,0,22,0,0
2020-05-27,cm27MAY2020bhav.csv.zip,1916,0,1856,60,1856,1781,0,20,0,0
2020-05-28,cm28MAY2020bhav.csv.zip,1936,0,1880,56,1880,1788,0,23,0,0
2020-05-29,cm29MAY2020bhav.csv.zip,1927,0,1867,60,1867,1783,0,20,0,0
2020-06-01,cm01JUN2020bhav.csv.zip,1981,0,1916,65,1916,1826,0,24,0,0
2020-06-02,cm02JUN2020bhav.csv.zip,1943,0,1881,62,1881,1795,0,22,0,0
2020-06-03,cm03JUN2020bhav.csv.zip,1961,0,1898,63,1898,1815,0,22,0,0
2020-06-04,cm04JUN2020bhav.csv.zip,1929,0,1870,59,1870,1798,0,20,0,0
2020-06-05,cm05JUN2020bhav.csv.zip,1972,0,1908,64,1908,1813,0,19,0,0
2020-06-08,cm08JUN2020bhav.csv.zip,1995,0,1936,59,1936,1843,0,21,0,0
2020-06-09,cm09JUN2020bhav.csv.zip,1992,0,1930,62,1930,1837,0,21,0,0
2020-06-10,cm10JUN2020bhav.csv.zip,1982,0,1919,63,1919,1822,0,19,0,0
2020-06-11,cm11JUN2020bhav.csv.zip,1945,0,1883,62,1883,1807,0,20,0,0
2020-06-12,cm12JUN2020bhav.csv.zip,1941,0,1876,65,1876,1807,0,18,0,0
2020-06-15,cm15JUN2020bhav.csv.zip,1973,0,1906,67,1906,1822,0,23,0,0
2020-06-16,cm16JUN2020bhav.csv.zip,1955,0,1890,65,1888,1814,0,22,0,0
2020-06-17,cm17JUN2020bhav.csv.zip,1950,0,1891,59,1889,1805,0,21,0,0
2020-06-18,cm18JUN2020bhav.csv.zip,1943,0,1884,59,1884,1802,0,22,0,0
2020-06-19,cm19JUN2020bhav.csv.zip,1942,0,1875,67,1875,1799,0,22,0,0
2020-06-22,cm22JUN2020bhav.csv.zip,2020,0,1956,64,1955,1844,0,26,0,0
2020-06-23,cm23JUN2020bhav.csv.zip,1971,0,1902,69,1902,1824,0,24,0,0
2020-06-24,cm24JUN2020bhav.csv.zip,1975,0,1911,64,1911,1823,0,23,0,0
2020-06-25,cm25JUN2020bhav.csv.zip,1956,0,1890,66,1890,1805,0,23,0,0
2020-06-26,cm26JUN2020bhav.csv.zip,1962,0,1897,65,1897,1810,0,22,0,0
2020-06-29,cm29JUN2020bhav.csv.zip,1985,0,1925,60,1925,1841,0,22,0,0
2020-06-30,cm30JUN2020bhav.csv.zip,1953,0,1889,64,1889,1807,0,20,0,0
2020-07-01,cm01JUL2020bhav.csv.zip,1982,0,1917,65,1917,1817,0,24,0,0
2020-07-02,cm02JUL2020bhav.csv.zip,1965,0,1906,59,1905,1821,0,23,0,0
2020-07-03,cm03JUL2020bhav.csv.zip,1980,0,1914,66,1914,1819,0,25,0,0
2020-07-06,cm06JUL2020bhav.csv.zip,2026,0,1958,68,1958,1865,0,21,0,0
2020-07-07,cm07JUL2020bhav.csv.zip,1996,0,1928,68,1928,1837,0,20,0,0
2020-07-08,cm08JUL2020bhav.csv.zip,1985,0,1919,66,1919,1828,0,23,0,0
2020-07-09,cm09JUL2020bhav.csv.zip,1967,0,1905,62,1905,1816,0,21,0,0
2020-07-10,cm10JUL2020bhav.csv.zip,1962,0,1897,65,1897,1808,0,20,0,0
2020-07-13,cm13JUL2020bhav.csv.zip,2001,0,1932,69,1932,1844,0,24,0,0
2020-07-14,cm14JUL2020bhav.csv.zip,1968,0,1900,68,1899,1822,0,20,0,0
2020-07-15,cm15JUL2020bhav.csv.zip,1962,0,1897,65,1897,1813,0,20,0,0
2020-07-16,cm16JUL2020bhav.csv.zip,1963,0,1895,68,1895,1812,0,24,0,0
2020-07-17,cm17JUL2020bhav.csv.zip,1955,0,1893,62,1893,1806,0,21,0,0
2020-07-20,cm20JUL2020bhav.csv.zip,2023,0,1956,67,1956,1848,0,23,0,0
2020-07-21,cm21JUL2020bhav.csv.zip,1981,0,1909,72,1909,1821,0,21,0,0
2020-07-22,cm22JUL2020bhav.csv.zip,1976,0,1911,65,1910,1820,0,22,0,0
2020-07-23,cm23JUL2020bhav.csv.zip,1967,0,1901,66,1901,1815,0,22,0,0
2020-07-24,cm24JUL2020bhav.csv.zip,1973,0,1907,66,1907,1822,0,20,0,0
2020-07-27,cm27JUL2020bhav.csv.zip,1984,0,1916,68,1915,1837,0,20,0,0
2020-07-28,cm28JUL2020bhav.csv.zip,1981,0,1912,69,1912,1821,0,23,0,0
2020-07-29,cm29JUL2020bhav.csv.zip,1976,0,1905,71,1905,1823,0,22,0,0
2020-07-30,cm30JUL2020bhav.csv.zip,1984,0,1915,69,1915,1830,0,24,0,0
2020-07-31,cm31JUL2020bhav.csv.zip,1932,0,1860,72,1860,1809,0,20,0,0
2020-08-03,cm03AUG2020bhav.csv.zip,1972,0,1903,69,1903,1831,0,22,0,0
2020-08-04,cm04AUG2020bhav.csv.zip,1961,0,1888,73,1888,1820,0,23,0,0
2020-08-05,cm05AUG2020bhav.csv.zip,1980,0,1905,75,1905,1837,0,23,0,0
2020-08-06,cm06AUG2020bhav.csv.zip,1967,0,1890,77,1890,1824,0,20,0,0
2020-08-07,cm07AUG2020bhav.csv.zip,1976,0,1900,76,1900,1831,0,21,0,0
2020-08-10,cm10AUG2020bhav.csv.zip,2011,0,1939,72,1939,1865,0,21,0,0
2020-08-11,cm11AUG2020bhav.csv.zip,1989,0,1921,68,1921,1840,0,25,0,0
2020-08-12,cm12AUG2020bhav.csv.zip,1992,0,1921,71,1921,1840,0,21,0,0
2020-08-13,cm13AUG2020bhav.csv.zip,1985,0,1915,70,1914,1832,0,23,0,0
2020-08-14,cm14AUG2020bhav.csv.zip,1991,0,1920,71,1920,1840,0,21,0,0
2020-08-17,cm17AUG2020bhav.csv.zip,1991,0,1922,69,1922,1847,0,21,0,0
2020-08-18,cm18AUG2020bhav.csv.zip,1981,0,1903,78,1903,1847,0,20,0,0
2020-08-19,cm19AUG2020bhav.csv.zip,1986,0,1911,75,1907,1841,0,18,0,0
2020-08-20,cm20AUG2020bhav.csv.zip,1985,0,1913,72,1912,1841,0,22,0,0
2020-08-21,cm21AUG2020bhav.csv.zip,1986,0,1911,75,1911,1852,0,23,0,0
2020-08-24,cm24AUG2020bhav.csv.zip,2028,0,1951,77,1951,1863,0,23,0,0
2020-08-25,cm25AUG2020bhav.csv.zip,2001,0,1930,71,1930,1852,0,20,0,0
2020-08-26,cm26AUG2020bhav.csv.zip,2004,0,1929,75,1929,1845,0,23,0,0
2020-08-27,cm27AUG2020bhav.csv.zip,1990,0,1914,76,1913,1844,0,21,0,0
2020-08-28,cm28AUG2020bhav.csv.zip,2001,0,1927,74,1927,1846,0,20,0,0
2020-08-31,cm31AUG2020bhav.csv.zip,2024,0,1942,82,1942,1875,0,21,0,0
2020-09-01,cm01SEP2020bhav.csv.zip,1957,0,1887,70,1887,1819,0,23,0,0
2020-09-02,cm02SEP2020bhav.csv.zip,1980,0,1910,70,1910,1840,0,22,0,0
2020-09-03,cm03SEP2020bhav.csv.zip,1959,0,1890,69,1890,1822,0,23,0,0
2020-09-04,cm04SEP2020bhav.csv.zip,1981,0,1909,72,1908,1832,0,23,0,0
2020-09-07,cm07SEP2020bhav.csv.zip,1977,0,1902,75,1901,1837,0,21,0,0
2020-09-08,cm08SEP2020bhav.csv.zip,1964,0,1890,74,1889,1825,0,23,0,0
2020-09-09,cm09SEP2020bhav.csv.zip,1969,0,1895,74,1895,1823,0,23,0,0
2020-09-10,cm10SEP2020bhav.csv.zip,1958,0,1885,73,1885,1825,0,21,0,0
2020-09-11,cm11SEP2020bhav.csv.zip,1953,0,1880,73,1879,1824,0,19,0,0
2020-09-14,cm14SEP2020bhav.csv.zip,1992,0,1915,77,1914,1843,0,23,0,0
2020-09-15,cm15SEP2020bhav.csv.zip,1972,0,1897,75,1896,1831,0,22,0,0
2020-09-16,cm16SEP2020bhav.csv.zip,1963,0,1890,73,1890,1835,0,19,0,0
2020-09-17,cm17SEP2020bhav.csv.zip,1962,0,1888,74,1888,1839,0,22,0,0
2020-09-18,cm18SEP2020bhav.csv.zip,1964,0,1894,70,1894,1836,0,22,0,0
2020-09-21,cm21SEP2020bhav.csv.zip,2012,0,1939,73,1939,1854,0,23,0,0
2020-09-22,cm22SEP2020bhav.csv.zip,1976,0,1901,75,1900,1831,0,21,0,0
2020-09-23,cm23SEP2020bhav.csv.zip,1981,0,1908,73,1907,1834,0,24,0,0
2020-09-24,cm24SEP2020bhav.csv.zip,1967,0,1894,73,1894,1832,0,21,0,0
2020-09-25,cm25SEP2020bhav.csv.zip,1975,0,1900,75,1900,1838,0,21,0,0
2020-09-28,cm28SEP2020bhav.csv.zip,2003,0,1924,79,1923,1856,0,22,0,0
2020-09-29,cm29SEP2020bhav.csv.zip,1970,0,1897,73,1897,1826,0,21,0,0
2020-09-30,cm30SEP2020bhav.csv.zip,1957,0,1884,73,1884,1828,0,21,0,0
2020-10-01,cm01OCT2020bhav.csv.zip,1971,0,1902,69,1902,1835,0,20,0,0
2020-10-05,cm05OCT2020bhav.csv.zip,2019,0,1942,77,1942,1868,0,20,0,0
2020-10-06,cm06OCT2020bhav.csv.zip,2009,0,1933,76,1933,1857,0,20,0,0
2020-10-07,cm07OCT2020bhav.csv.zip,2018,0,1942,76,1942,1866,0,21,0,0
2020-10-08,cm08OCT2020bhav.csv.zip,2001,0,1923,78,1923,1860,0,22,0,0
2020-10-09,cm09OCT2020bhav.csv.zip,1992,0,1915,77,1915,1839,0,23,0,0
2020-10-12,cm12OCT2020bhav.csv.zip,1997,0,1924,73,1924,1859,0,22,0,0
2020-10-13,cm13OCT2020bhav.csv.zip,1994,0,1916,78,1916,1850,0,21,0,0
2020-10-14,cm14OCT2020bhav.csv.zip,1984,0,1910,74,1910,1847,0,20,0,0
2020-10-15,cm15OCT2020bhav.csv.zip,2009,0,1933,76,1933,1854,0,23,0,0
2020-10-16,cm16OCT2020bhav.csv.zip,2003,0,1926,77,1926,1847,0,21,0,0
2020-10-19,cm19OCT2020bhav.csv.zip,1989,0,1912,77,1912,1854,0,20,0,0
2020-10-20,cm20OCT2020bhav.csv.zip,1991,0,1913,78,1912,1846,0,22,0,0
2020-10-21,cm21OCT2020bhav.csv.zip,1996,0,1920,76,1919,1842,0,20,0,0
2020-10-22,cm22OCT2020bhav.csv.zip,1977,0,1901,76,1901,1836,0,22,0,0
2020-10-23,cm23OCT2020bhav.csv.zip,1998,0,1912,86,1912,1852,0,19,0,0
2020-10-26,cm26OCT2020bhav.csv.zip,2022,0,1939,83,1939,1869,0,24,0,0
2020-10-27,cm27OCT2020bhav.csv.zip,1978,0,1901,77,1901,1840,0,19,0,0
2020-10-28,cm28OCT2020bhav.csv.zip,1979,0,1902,77,1902,1844,0,22,0,0
2020-10-29,cm29OCT2020bhav.csv.zip,1996,0,1914,82,1914,1852,0,23,0,0
2020-10-30,cm30OCT2020bhav.csv.zip,1978,0,1901,77,1901,1843,0,23,0,0
2020-11-02,cm02NOV2020bhav.csv.zip,1984,0,1906,78,1906,1850,0,20,0,0
2020-11-03,cm03NOV2020bhav.csv.zip,1971,0,1892,79,1892,1843,0,22,0,0
2020-11-04,cm04NOV2020bhav.csv.zip,1980,0,1902,78,1900,1847,0,23,0,0
2020-11-05,cm05NOV2020bhav.csv.zip,1995,0,1918,77,1918,1859,0,19,0,0
2020-11-06,cm06NOV2020bhav.csv.zip,1995,0,1915,80,1915,1866,0,20,0,0
2020-11-09,cm09NOV2020bhav.csv.zip,2016,0,1935,81,1935,1871,0,22,0,0
2020-11-10,cm10NOV2020bhav.csv.zip,2018,0,1937,81,1937,1863,0,23,0,0
2020-11-11,cm11NOV2020bhav.csv.zip,1989,0,1912,77,1912,1854,0,19,0,0
2020-11-12,cm12NOV2020bhav.csv.zip,2009,0,1936,73,1935,1867,0,22,0,0
2020-11-13,cm13NOV2020bhav.csv.zip,1994,0,1913,81,1912,1857,0,22,0,0
2020-11-17,cm17NOV2020bhav.csv.zip,2027,0,1941,86,1941,1881,0,19,0,0
2020-11-18,cm18NOV2020bhav.csv.zip,2017,0,1936,81,1935,1861,0,24,0,0
2020-11-19,cm19NOV2020bhav.csv.zip,2012,0,1929,83,1929,1873,0,23,0,0
2020-11-20,cm20NOV2020bhav.csv.zip,2000,0,1918,82,1917,1864,0,19,0,0
2020-11-23,cm23NOV2020bhav.csv.zip,2043,0,1957,86,1957,1895,0,23,0,0
2020-11-24,cm24NOV2020bhav.csv.zip,2025,0,1943,82,1943,1878,0,20,0,0
2020-11-25,cm25NOV2020bhav.csv.zip,2018,0,1938,80,1937,1877,0,22,0,0
2020-11-26,cm26NOV2020bhav.csv.zip,2018,0,1934,84,1934,1865,0,24,0,0
2020-11-27,cm27NOV2020bhav.csv.zip,2031,0,1946,85,1946,1879,0,23,0,0
2020-12-01,cm01DEC2020bhav.csv.zip,2051,0,1967,84,1967,1899,0,24,0,0
2020-12-02,cm02DEC2020bhav.csv.zip,2020,0,1933,87,1933,1880,0,23,0,0
2020-12-03,cm03DEC2020bhav.csv.zip,2049,0,1966,83,1965,1890,0,24,0,0
2020-12-04,cm04DEC2020bhav.csv.zip,2035,0,1952,83,1951,1880,0,26,0,0
2020-12-07,cm07DEC2020bhav.csv.zip,2034,0,1951,83,1950,1892,0,23,0,0
2020-12-08,cm08DEC2020bhav.csv.zip,2036,0,1951,85,1949,1885,0,24,0,0
2020-12-09,cm09DEC2020bhav.csv.zip,2043,0,1956,87,1955,1892,0,21,0,0
2020-12-10,cm10DEC2020bhav.csv.zip,2035,0,1947,88,1947,1891,0,22,0,0
2020-12-11,cm11DEC2020bhav.csv.zip,2016,0,1934,82,1934,1876,0,21,0,0
2020-12-14,cm14DEC2020bhav.csv.zip,2033,0,1948,85,1947,1908,0,22,0,0
2020-12-15,cm15DEC2020bhav.csv.zip,2030,0,1944,86,1943,1885,0,21,0,0
2020-12-16,cm16DEC2020bhav.csv.zip,2035,0,1956,79,1954,1887,0,22,0,0
2020-12-17,cm17DEC2020bhav.csv.zip,2035,0,1949,86,1948,1892,0,23,0,0
2020-12-18,cm18DEC2020bhav.csv.zip,2034,0,1947,87,1946,1891,0,26,0,0
2020-12-21,cm21DEC2020bhav.csv.zip,2048,0,1958,90,1956,1898,0,22,0,0
2020-12-22,cm22DEC2020bhav.csv.zip,2016,0,1931,85,1931,1882,0,25,0,0
2020-12-23,cm23DEC2020bhav.csv.zip,2012,0,1924,88,1924,1880,0,23,0,0
2020-12-24,cm24DEC2020bhav.csv.zip,2028,0,1948,80,1948,1882,0,20,0,0
2020-12-28,cm28DEC2020bhav.csv.zip,2051,0,1968,83,1968,1904,0,23,0,0
2020-12-29,cm29DEC2020bhav.csv.zip,2046,0,1957,89,1957,1893,0,21,0,0
2020-12-30,cm30DEC2020bhav.csv.zip,2016,0,1938,78,1937,1879,0,20,0,0
2020-12-31,cm31DEC2020bhav.csv.zip,2017,0,1929,88,1929,1882,0,20,0,0
2021-01-01,cm01JAN2021bhav.csv.zip,2008,0,1922,86,1922,1895,0,17,0,0
2021-01-04,cm04JAN2021bhav.csv.zip,2074,0,1985,89,1985,1921,0,25,0,0
2021-01-05,cm05JAN2021bhav.csv.zip,2069,0,1979,90,1979,1905,0,25,0,0
2021-01-06,cm06JAN2021bhav.csv.zip,2057,0,1961,96,1961,1898,0,24,0,0
2021-01-07,cm07JAN2021bhav.csv.zip,2034,0,1944,90,1944,1885,0,20,0,0
2021-01-08,cm08JAN2021bhav.csv.zip,2059,0,1967,92,1967,1894,0,20,0,0
2021-01-11,cm11JAN2021bhav.csv.zip,2066,0,1979,87,1979,1910,0,19,0,0
2021-01-12,cm12JAN2021bhav.csv.zip,2028,0,1945,83,1945,1881,0,18,0,0
2021-01-13,cm13JAN2021bhav.csv.zip,2056,0,1969,87,1969,1891,0,22,0,0
2021-01-14,cm14JAN2021bhav.csv.zip,2025,0,1934,91,1934,1878,0,24,0,0
2021-01-15,cm15JAN2021bhav.csv.zip,2041,0,1950,91,1950,1887,0,24,0,0
2021-01-18,cm18JAN2021bhav.csv.zip,2077,0,1991,86,1991,1902,0,23,0,0
2021-01-19,cm19JAN2021bhav.csv.zip,2035,0,1943,92,1943,1872,0,22,0,0
2021-01-20,cm20JAN2021bhav.csv.zip,2030,0,1941,89,1940,1872,0,22,0,0
2021-01-21,cm21JAN2021bhav.csv.zip,2040,0,1955,85,1955,1877,0,22,0,0
2021-01-22,cm22JAN2021bhav.csv.zip,2034,0,1946,88,1946,1878,0,21,0,0
2021-01-25,cm25JAN2021bhav.csv.zip,2034,0,1949,85,1949,1883,0,21,0,0
2021-01-27,cm27JAN2021bhav.csv.zip,2012,0,1928,84,1927,1867,0,21,0,0
2021-01-28,cm28JAN2021bhav.csv.zip,1999,0,1919,80,1919,1855,0,21,0,0
2021-01-29,cm29JAN2021bhav.csv.zip,1996,0,1909,87,1909,1854,0,23,0,0
2021-02-01,cm01FEB2021bhav.csv.zip,2034,0,1950,84,1950,1891,0,20,0,0
2021-02-02,cm02FEB2021bhav.csv.zip,2031,0,1944,87,1944,1862,0,23,0,0
2021-02-03,cm03FEB2021bhav.csv.zip,2018,0,1931,87,1931,1870,0,21,0,0
2021-02-04,cm04FEB2021bhav.csv.zip,2010,0,1923,87,1923,1863,0,21,0,0
2021-02-05,cm05FEB2021bhav.csv.zip,2010,0,1921,89,1920,1866,0,21,0,0
2021-02-08,cm08FEB2021bhav.csv.zip,2066,0,1981,85,1980,1906,0,23,0,0
2021-02-09,cm09FEB2021bhav.csv.zip,2045,0,1953,92,1953,1888,0,21,0,0
2021-02-10,cm10FEB2021bhav.csv.zip,2024,0,1932,92,1932,1881,0,20,0,0
2021-02-11,cm11FEB2021bhav.csv.zip,2044,0,1956,88,1956,1890,0,20,0,0
2021-02-12,cm12FEB2021bhav.csv.zip,2011,0,1925,86,1924,1869,0,20,0,0
2021-02-15,cm15FEB2021bhav.csv.zip,2055,0,1966,89,1965,1900,0,22,0,0
2021-02-16,cm16FEB2021bhav.csv.zip,2026,0,1935,91,1934,1871,0,20,0,0
2021-02-17,cm17FEB2021bhav.csv.zip,2022,0,1938,84,1938,1872,0,23,0,0
2021-02-18,cm18FEB2021bhav.csv.zip,2022,0,1929,93,1929,1879,0,23,0,0
2021-02-19,cm19FEB2021bhav.csv.zip,2014,0,1925,89,1924,1876,0,20,0,0
2021-02-22,cm22FEB2021bhav.csv.zip,2038,0,1950,88,1950,1889,0,21,0,0
2021-02-23,cm23FEB2021bhav.csv.zip,2011,0,1921,90,1921,1876,0,22,0,0
2021-02-24,cm24FEB2021bhav.csv.zip,1922,0,1842,80,1842,1840,0,20,0,0
2021-02-25,cm25FEB2021bhav.csv.zip,2026,0,1939,87,1939,1880,0,20,0,0
2021-02-26,cm26FEB2021bhav.csv.zip,2039,0,1946,93,1946,1889,0,25,0,0
2021-03-01,cm01MAR2021bhav.csv.zip,2077,0,1992,85,1992,1925,0,23,0,0
2021-03-02,cm02MAR2021bhav.csv.zip,2011,0,1920,91,1920,1885,0,20,0,0
2021-03-03,cm03MAR2021bhav.csv.zip,2033,0,1935,98,1934,1890,0,22,0,0
2021-03-04,cm04MAR2021bhav.csv.zip,2033,0,1939,94,1939,1898,0,24,0,0
2021-03-05,cm05MAR2021bhav.csv.zip,2038,0,1945,93,1945,1893,0,22,0,0
2021-03-08,cm08MAR2021bhav.csv.zip,2079,0,1985,94,1984,1940,0,23,0,0
2021-03-09,cm09MAR2021bhav.csv.zip,2032,0,1938,94,1938,1902,0,21,0,0
2021-03-10,cm10MAR2021bhav.csv.zip,2038,0,1944,94,1944,1898,0,22,0,0
2021-03-12,cm12MAR2021bhav.csv.zip,2045,0,1951,94,1951,1907,0,19,0,0
2021-03-15,cm15MAR2021bhav.csv.zip,2084,0,1990,94,1990,1941,0,21,0,0
2021-03-16,cm16MAR2021bhav.csv.zip,2038,0,1947,91,1946,1895,0,21,0,0
2021-03-17,cm17MAR2021bhav.csv.zip,2030,0,1940,90,1940,1889,0,20,0,0
2021-03-18,cm18MAR2021bhav.csv.zip,2053,0,1957,96,1956,1894,0,20,0,0
2021-03-19,cm19MAR2021bhav.csv.zip,2021,0,1927,94,1927,1879,0,22,0,0
2021-03-22,cm22MAR2021bhav.csv.zip,2075,0,1981,94,1981,1929,0,23,0,0
2021-03-23,cm23MAR2021bhav.csv.zip,2033,0,1933,100,1933,1883,0,21,0,0
2021-03-24,cm24MAR2021bhav.csv.zip,2014,0,1920,94,1919,1874,0,23,0,0
2021-03-25,cm25MAR2021bhav.csv.zip,2040,0,1938,102,1937,1897,0,19,0,0
2021-03-26,cm26MAR2021bhav.csv.zip,2025,0,1928,97,1928,1895,0,21,0,0
2021-03-30,cm30MAR2021bhav.csv.zip,2067,0,1972,95,1972,1934,0,22,0,0
2021-03-31,cm31MAR2021bhav.csv.zip,2019,0,1924,95,1924,1896,0,20,0,0
2021-04-01,cm01APR2021bhav.csv.zip,2012,0,1918,94,1918,1884,0,20,0,0
2021-04-05,cm05APR2021bhav.csv.zip,2085,0,1982,103,1982,1930,0,26,0,0
2021-04-06,cm06APR2021bhav.csv.zip,2014,0,1909,105,1909,1885,0,19,0,0
2021-04-07,cm07APR2021bhav.csv.zip,2034,0,1928,106,1927,1891,0,21,0,0
2021-04-08,cm08APR2021bhav.csv.zip,2052,0,1949,103,1936,1899,0,25,0,0
2021-04-09,cm09APR2021bhav.csv.zip,2023,0,1918,105,1917,1887,0,19,0,0
2021-04-12,cm12APR2021bhav.csv.zip,2077,0,1971,106,1971,1935,0,23,0,0
2021-04-13,cm13APR2021bhav.csv.zip,2005,0,1904,101,1900,1882,0,19,0,0
2021-04-15,cm15APR2021bhav.csv.zip,2015,0,1915,100,1915,1888,0,24,0,0
2021-04-16,cm16APR2021bhav.csv.zip,2008,0,1908,100,1908,1883,0,23,0,0
2021-04-19,cm19APR2021bhav.csv.zip,2054,0,1951,103,1951,1927,0,22,0,0
2021-04-20,cm20APR2021bhav.csv.zip,2023,0,1915,108,1914,1896,0,21,0,0
2021-04-22,cm22APR2021bhav.csv.zip,2021,0,1919,102,1919,1890,0,21,0,0
2021-04-23,cm23APR2021bhav.csv.zip,2010,0,1912,98,1912,1883,0,21,0,0
2021-04-26,cm26APR2021bhav.csv.zip,2052,0,1951,101,1950,1941,0,21,0,0
2021-04-27,cm27APR2021bhav.csv.zip,2011,0,1908,103,1908,1897,0,21,0,0
2021-04-28,cm28APR2021bhav.csv.zip,2025,0,1921,104,1921,1891,0,23,0,0
2021-04-29,cm29APR2021bhav.csv.zip,2019,0,1920,99,1920,1893,0,21,0,0
2021-04-30,cm30APR2021bhav.csv.zip,2000,0,1900,100,1900,1882,0,22,0,0
2021-05-03,cm03MAY2021bhav.csv.zip,2069,0,1971,98,1970,1937,0,19,0,0
2021-05-04,cm04MAY2021bhav.csv.zip,2022,0,1922,100,1922,1885,0,24,0,0
2021-05-05,cm05MAY2021bhav.csv.zip,2003,0,1901,102,1901,1890,0,19,0,0
2021-05-06,cm06MAY2021bhav.csv.zip,2001,0,1899,102,1899,1881,0,22,0,0
2021-05-07,cm07MAY2021bhav.csv.zip,2034,0,1934,100,1933,1892,0,20,0,0
2021-05-10,cm10MAY2021bhav.csv.zip,2095,0,1993,102,1991,1950,0,23,0,0
2021-05-11,cm11MAY2021bhav.csv.zip,2039,0,1941,98,1941,1894,0,22,0,0
2021-05-12,cm12MAY2021bhav.csv.zip,2048,0,1943,105,1943,1909,0,22,0,0
2021-05-14,cm14MAY2021bhav.csv.zip,2067,0,1961,106,1961,1919,0,21,0,0
2021-05-17,cm17MAY2021bhav.csv.zip,2095,0,1990,105,1990,1956,0,22,0,0
2021-05-18,cm18MAY2021bhav.csv.zip,2043,0,1938,105,1938,1907,0,22,0,0
2021-05-19,cm19MAY2021bhav.csv.zip,2038,0,1935,103,1935,1909,0,19,0,0
2021-05-20,cm20MAY2021bhav.csv.zip,2035,0,1934,101,1934,1901,0,19,0,0
2021-05-21,cm21MAY2021bhav.csv.zip,2050,0,1946,104,1945,1907,0,18,0,0
2021-05-24,cm24MAY2021bhav.csv.zip,2093,0,1993,100,1993,1953,0,21,0,0
2021-05-25,cm25MAY2021bhav.csv.zip,2057,0,1951,106,1951,1914,0,20,0,0
2021-05-26,cm26MAY2021bhav.csv.zip,2056,0,1948,108,1948,1915,0,17,0,0
2021-05-27,cm27MAY2021bhav.csv.zip,2040,0,1934,106,1933,1908,0,19,0,0
2021-05-28,cm28MAY2021bhav.csv.zip,2052,0,1941,111,1941,1916,0,21,0,0
2021-05-31,cm31MAY2021bhav.csv.zip,2097,0,1987,110,1987,1959,0,20,0,0
2021-06-01,cm01JUN2021bhav.csv.zip,2043,0,1934,109,1934,1913,0,21,0,0
2021-06-02,cm02JUN2021bhav.csv.zip,2033,0,1925,108,1925,1905,0,22,0,0
2021-06-03,cm03JUN2021bhav.csv.zip,2056,0,1949,107,1949,1928,0,20,0,0
2021-06-04,cm04JUN2021bhav.csv.zip,2070,0,1961,109,1961,1922,0,24,0,0
2021-06-07,cm07JUN2021bhav.csv.zip,2131,0,2019,112,2018,1972,0,22,0,0
2021-06-08,cm08JUN2021bhav.csv.zip,2044,0,1940,104,1940,1911,0,22,0,0
2021-06-09,cm09JUN2021bhav.csv.zip,2053,0,1941,112,1940,1921,0,19,0,0
2021-06-10,cm10JUN2021bhav.csv.zip,2074,0,1963,111,1963,1922,0,19,0,0
2021-06-11,cm11JUN2021bhav.csv.zip,2064,0,1951,113,1949,1917,0,23,0,0
2021-06-14,cm14JUN2021bhav.csv.zip,2108,0,1997,111,1995,1962,0,23,0,0
2021-06-15,cm15JUN2021bhav.csv.zip,2072,0,1965,107,1964,1927,0,19,0,0
2021-06-16,cm16JUN2021bhav.csv.zip,2075,0,1962,113,1962,1926,0,21,0,0
2021-06-17,cm17JUN2021bhav.csv.zip,2068,0,1956,112,1955,1930,0,22,0,0
2021-06-18,cm18JUN2021bhav.csv.zip,2070,0,1958,112,1957,1933,0,22,0,0
2021-06-21,cm21JUN2021bhav.csv.zip,2096,0,1982,114,1981,1959,0,23,0,0
2021-06-22,cm22JUN2021bhav.csv.zip,2068,0,1952,116,1951,1927,0,23,0,0
2021-06-23,cm23JUN2021bhav.csv.zip,2052,0,1940,112,1937,1917,0,21,0,0
2021-06-24,cm24JUN2021bhav.csv.zip,2035,0,1923,112,1922,1911,0,24,0,0
2021-06-25,cm25JUN2021bhav.csv.zip,2045,0,1936,109,1936,1914,0,22,0,0
2021-06-28,cm28JUN2021bhav.csv.zip,2089,0,1975,114,1972,1961,0,21,0,0
2021-06-29,cm29JUN2021bhav.csv.zip,2057,0,1948,109,1947,1917,0,21,0,0
2021-06-30,cm30JUN2021bhav.csv.zip,2055,0,1944,111,1944,1924,0,23,0,0
2021-07-01,cm01JUL2021bhav.csv.zip,2053,0,1944,109,1944,1920,0,23,0,0
2021-07-02,cm02JUL2021bhav.csv.zip,2034,0,1927,107,1926,1911,0,21,0,0
2021-07-05,cm05JUL2021bhav.csv.zip,2112,0,2002,110,2002,1967,0,22,0,0
2021-07-06,cm06JUL2021bhav.csv.zip,2050,0,1943,107,1943,1916,0,20,0,0
2021-07-07,cm07JUL2021bhav.csv.zip,2051,0,1941,110,1941,1920,0,20,0,0
2021-07-08,cm08JUL2021bhav.csv.zip,2048,0,1935,113,1935,1922,0,19,0,0
2021-07-09,cm09JUL2021bhav.csv.zip,2033,0,1923,110,1923,1906,0,20,0,0
2021-07-12,cm12JUL2021bhav.csv.zip,2103,0,1991,112,1991,1964,0,24,0,0
2021-07-13,cm13JUL2021bhav.csv.zip,2056,0,1941,115,1941,1919,0,20,0,0
2021-07-14,cm14JUL2021bhav.csv.zip,2058,0,1942,116,1942,1933,0,22,0,0
2021-07-15,cm15JUL2021bhav.csv.zip,2069,0,1961,108,1961,1923,0,23,0,0
2021-07-16,cm16JUL2021bhav.csv.zip,2054,0,1946,108,1946,1908,0,23,0,0
2021-07-19,cm19JUL2021bhav.csv.zip,2109,0,1997,112,1996,1965,0,23,0,0
2021-07-20,cm20JUL2021bhav.csv.zip,2065,0,1959,106,1949,1916,0,25,0,0
2021-07-22,cm22JUL2021bhav.csv.zip,2064,0,1954,110,1954,1923,0,22,0,0
2021-07-23,cm23JUL2021bhav.csv.zip,2074,0,1961,113,1950,1936,0,26,0,0
2021-07-26,cm26JUL2021bhav.csv.zip,2112,0,1996,116,1996,1979,0,21,0,0
2021-07-27,cm27JUL2021bhav.csv.zip,2084,0,1973,111,1963,1938,0,24,0,0
2021-07-28,cm28JUL2021bhav.csv.zip,2045,0,1937,108,1937,1919,0,21,0,0
2021-07-29,cm29JUL2021bhav.csv.zip,2057,0,1942,115,1942,1927,0,24,0,0
2021-07-30,cm30JUL2021bhav.csv.zip,2039,0,1926,113,1926,1924,0,20,0,0
2021-08-02,cm02AUG2021bhav.csv.zip,2114,0,2004,110,2003,1986,0,22,0,0
2021-08-03,cm03AUG2021bhav.csv.zip,2081,0,1968,113,1968,1938,0,24,0,0
2021-08-04,cm04AUG2021bhav.csv.zip,2057,0,1944,113,1944,1928,0,21,0,0
2021-08-05,cm05AUG2021bhav.csv.zip,2072,0,1963,109,1963,1932,0,21,0,0
2021-08-06,cm06AUG2021bhav.csv.zip,2052,0,1941,111,1941,1921,0,19,0,0
2021-08-09,cm09AUG2021bhav.csv.zip,2113,0,1999,114,1998,1980,0,22,0,0
2021-08-10,cm10AUG2021bhav.csv.zip,2069,0,1953,116,1952,1939,0,22,0,0
2021-08-11,cm11AUG2021bhav.csv.zip,2065,0,1951,114,1949,1942,0,23,0,0
2021-08-12,cm12AUG2021bhav.csv.zip,2062,0,1953,109,1952,1937,0,21,0,0
2021-08-13,cm13AUG2021bhav.csv.zip,2053,0,1938,115,1938,1936,0,20,0,0
2021-08-16,cm16AUG2021bhav.csv.zip,2091,0,1977,114,1977,1970,0,19,0,0
2021-08-17,cm17AUG2021bhav.csv.zip,2054,0,1939,115,1939,1934,0,20,0,0
2021-08-18,cm18AUG2021bhav.csv.zip,2068,0,1951,117,1951,1930,0,22,0,0
2021-08-20,cm20AUG2021bhav.csv.zip,2076,0,1961,115,1961,1935,0,26,0,0
2021-08-23,cm23AUG2021bhav.csv.zip,2129,0,2010,119,2010,1975,0,28,0,0
2021-08-24,cm24AUG2021bhav.csv.zip,2059,0,1942,117,1942,1932,0,23,0,0
2021-08-25,cm25AUG2021bhav.csv.zip,2061,0,1949,112,1948,1939,0,23,0,0
2021-08-26,cm26AUG2021bhav.csv.zip,2074,0,1963,111,1960,1944,0,23,0,0
2021-08-27,cm27AUG2021bhav.csv.zip,2078,0,1960,118,1960,1947,0,22,0,0
2021-08-30,cm30AUG2021bhav.csv.zip,2128,0,2012,116,2012,1990,0,25,0,0
2021-08-31,cm31AUG2021bhav.csv.zip,2083,0,1967,116,1967,1946,0,24,0,0
2021-09-01,cm01SEP2021bhav.csv.zip,2068,0,1955,113,1955,1935,0,25,0,0
2021-09-02,cm02SEP2021bhav.csv.zip,2076,0,1964,112,1964,1948,0,24,0,0
2021-09-03,cm03SEP2021bhav.csv.zip,2067,0,1952,115,1952,1952,0,23,0,0
2021-09-06,cm06SEP2021bhav.csv.zip,2130,0,2011,119,2011,1995,0,27,0,0
2021-09-07,cm07SEP2021bhav.csv.zip,2076,0,1958,118,1957,1947,0,24,0,0
2021-09-08,cm08SEP2021bhav.csv.zip,2083,0,1966,117,1966,1952,0,23,0,0
2021-09-09,cm09SEP2021bhav.csv.zip,2082,0,1963,119,1963,1966,0,22,0,0
2021-09-13,cm13SEP2021bhav.csv.zip,2129,0,2013,116,2013,1984,0,24,0,0
2021-09-14,cm14SEP2021bhav.csv.zip,2098,0,1979,119,1979,1970,0,24,0,0
2021-09-15,cm15SEP2021bhav.csv.zip,2101,0,1983,118,1983,1978,0,24,0,0
2021-09-16,cm16SEP2021bhav.csv.zip,2093,0,1979,114,1978,1972,0,23,0,0
2021-09-17,cm17SEP2021bhav.csv.zip,2090,0,1978,112,1977,1972,0,23,0,0
2021-09-20,cm20SEP2021bhav.csv.zip,2139,0,2023,116,2023,2011,0,26,0,0
2021-09-21,cm21SEP2021bhav.csv.zip,2096,0,1979,117,1979,1974,0,22,0,0
2021-09-22,cm22SEP2021bhav.csv.zip,2090,0,1975,115,1974,1977,0,23,0,0
2021-09-23,cm23SEP2021bhav.csv.zip,2114,0,2000,114,1999,1976,0,24,0,0
2021-09-24,cm24SEP2021bhav.csv.zip,2115,0,1997,118,1997,1984,0,22,0,0
2021-09-27,cm27SEP2021bhav.csv.zip,2140,0,2026,114,2024,2008,0,26,0,0
2021-09-28,cm28SEP2021bhav.csv.zip,2118,0,2002,116,2001,1987,0,23,0,0
2021-09-29,cm29SEP2021bhav.csv.zip,2116,0,1997,119,1997,1973,0,21,0,0
2021-09-30,cm30SEP2021bhav.csv.zip,2120,0,2006,114,2006,1979,0,21,0,0
2021-10-01,cm01OCT2021bhav.csv.zip,2115,0,2001,114,2000,1985,0,24,0,0
2021-10-04,cm04OCT2021bhav.csv.zip,2245,0,2128,117,2033,1993,0,27,0,0
2021-10-05,cm05OCT2021bhav.csv.zip,2138,0,2017,121,2011,1982,0,23,0,0
2021-10-06,cm06OCT2021bhav.csv.zip,2126,0,2007,119,2007,1979,0,21,0,0
2021-10-07,cm07OCT2021bhav.csv.zip,2114,0,1999,115,1999,1980,0,25,0,0
2021-10-08,cm08OCT2021bhav.csv.zip,2134,0,2015,119,2015,1988,0,22,0,0
2021-10-11,cm11OCT2021bhav.csv.zip,2163,0,2051,112,2051,2008,0,22,0,0
2021-10-12,cm12OCT2021bhav.csv.zip,2131,0,2015,116,2015,1993,0,21,0,0
2021-10-13,cm13OCT2021bhav.csv.zip,2147,0,2028,119,2028,1997,0,24,0,0
2021-10-14,cm14OCT2021bhav.csv.zip,2133,0,2015,118,2014,1997,0,23,0,0
2021-10-18,cm18OCT2021bhav.csv.zip,2172,0,2049,123,2049,2006,0,24,0,0
2021-10-19,cm19OCT2021bhav.csv.zip,2138,0,2016,122,2016,1997,0,25,0,0
2021-10-20,cm20OCT2021bhav.csv.zip,2120,0,2004,116,2004,1984,0,26,0,0
2021-10-21,cm21OCT2021bhav.csv.zip,2117,0,2001,116,2001,1975,0,23,0,0
2021-10-22,cm22OCT2021bhav.csv.zip,2113,0,1996,117,1996,1985,0,24,0,0
2021-10-25,cm25OCT2021bhav.csv.zip,2137,0,2029,108,2029,2001,0,25,0,0
2021-10-26,cm26OCT2021bhav.csv.zip,2118,0,1998,120,1998,1984,0,21,0,0
2021-10-27,cm27OCT2021bhav.csv.zip,2112,0,1993,119,1993,1983,0,24,0,0
2021-10-28,cm28OCT2021bhav.csv.zip,2110,0,1990,120,1990,1978,0,21,0,0
2021-10-29,cm29OCT2021bhav.csv.zip,2096,0,1983,113,1983,1974,0,20,0,0
2021-11-01,cm01NOV2021bhav.csv.zip,2127,0,2011,116,2011,1991,0,22,0,0
2021-11-02,cm02NOV2021bhav.csv.zip,2123,0,2003,120,2003,1985,0,23,0,0
2021-11-03,cm03NOV2021bhav.csv.zip,2105,0,1988,117,1988,1974,0,23,0,0
2021-11-08,cm08NOV2021bhav.csv.zip,2175,0,2055,120,2055,2009,0,25,0,0
2021-11-09,cm09NOV2021bhav.csv.zip,2129,0,2008,121,2008,1996,0,20,0,0
2021-11-10,cm10NOV2021bhav.csv.zip,2103,0,1989,114,1988,1984,0,23,0,0
2021-11-11,cm11NOV2021bhav.csv.zip,2142,0,2025,117,2025,1995,0,22,0,0
2021-11-12,cm12NOV2021bhav.csv.zip,2121,0,2000,121,2000,1987,0,21,0,0
2021-11-15,cm15NOV2021bhav.csv.zip,2168,0,2039,129,2039,2029,0,21,0,0
2021-11-16,cm16NOV2021bhav.csv.zip,2155,0,2024,131,2024,2006,0,23,0,0
2021-11-17,cm17NOV2021bhav.csv.zip,2123,0,1998,125,1998,2007,0,21,0,0
2021-11-18,cm18NOV2021bhav.csv.zip,2130,0,2005,125,2004,1999,0,21,0,0
2021-11-22,cm22NOV2021bhav.csv.zip,2176,0,2054,122,2053,2024,0,23,0,0
2021-11-23,cm23NOV2021bhav.csv.zip,2122,0,1994,128,1994,1998,0,20,0,0
2021-11-24,cm24NOV2021bhav.csv.zip,2110,0,1984,126,1984,1993,0,19,0,0
2021-11-25,cm25NOV2021bhav.csv.zip,2115,0,1989,126,1989,1995,0,23,0,0
2021-11-26,cm26NOV2021bhav.csv.zip,2140,0,2006,134,2006,2014,0,22,0,0
2021-11-29,cm29NOV2021bhav.csv.zip,2169,0,2041,128,2041,2035,0,23,0,0
2021-11-30,cm30NOV2021bhav.csv.zip,2140,0,2010,130,2010,2012,0,22,0,0
2021-12-01,cm01DEC2021bhav.csv.zip,2136,0,2017,119,2017,2007,0,22,0,0
2021-12-02,cm02DEC2021bhav.csv.zip,2141,0,2017,124,2017,2000,0,25,0,0
2021-12-03,cm03DEC2021bhav.csv.zip,2141,0,2017,124,2017,2004,0,25,0,0
2021-12-06,cm06DEC2021bhav.csv.zip,2184,0,2058,126,2058,2036,0,23,0,0
2021-12-07,cm07DEC2021bhav.csv.zip,2138,0,2016,122,2016,2000,0,21,0,0
2021-12-08,cm08DEC2021bhav.csv.zip,2151,0,2025,126,2025,2008,0,23,0,0
2021-12-09,cm09DEC2021bhav.csv.zip,2136,0,2010,126,2009,1996,0,20,0,0
2021-12-10,cm10DEC2021bhav.csv.zip,2129,0,2007,122,2007,1997,0,24,0,0
2021-12-13,cm13DEC2021bhav.csv.zip,2190,0,2060,130,2060,2049,0,22,0,0
2021-12-14,cm14DEC2021bhav.csv.zip,2148,0,2024,124,2024,2008,0,20,0,0
2021-12-15,cm15DEC2021bhav.csv.zip,2149,0,2024,125,2024,2011,0,23,0,0
2021-12-16,cm16DEC2021bhav.csv.zip,2128,0,2002,126,2000,2002,0,23,0,0
2021-12-17,cm17DEC2021bhav.csv.zip,2157,0,2031,126,2030,2015,0,22,0,0
2021-12-20,cm20DEC2021bhav.csv.zip,2200,0,2069,131,2069,2051,0,25,0,0
2021-12-21,cm21DEC2021bhav.csv.zip,2150,0,2023,127,2022,2015,0,23,0,0
2021-12-22,cm22DEC2021bhav.csv.zip,2140,0,2011,129,2011,2008,0,24,0,0
2021-12-23,cm23DEC2021bhav.csv.zip,2152,0,2023,129,2023,2015,0,20,0,0
2021-12-24,cm24DEC2021bhav.csv.zip,2150,0,2019,131,2018,2017,0,22,0,0
2021-12-27,cm27DEC2021bhav.csv.zip,2188,0,2063,125,2062,2054,0,25,0,0
2021-12-28,cm28DEC2021bhav.csv.zip,2145,0,2015,130,2014,2021,0,22,0,0
2021-12-29,cm29DEC2021bhav.csv.zip,2153,0,2023,130,2023,2020,0,22,0,0
2021-12-30,cm30DEC2021bhav.csv.zip,2159,0,2023,136,2023,2028,0,24,0,0
2021-12-31,cm31DEC2021bhav.csv.zip,2175,0,2039,136,2039,2034,0,24,0,0
2022-01-03,cm03JAN2022bhav.csv.zip,2227,0,2094,133,2094,2082,0,24,0,0
2022-01-04,cm04JAN2022bhav.csv.zip,2183,0,2051,132,2051,2032,0,24,0,0
2022-01-05,cm05JAN2022bhav.csv.zip,2187,0,2054,133,2054,2025,0,26,0,0
2022-01-06,cm06JAN2022bhav.csv.zip,2181,0,2045,136,2045,2034,0,25,0,0
2022-01-07,cm07JAN2022bhav.csv.zip,2172,0,2038,134,2038,2030,0,23,0,0
2022-01-10,cm10JAN2022bhav.csv.zip,2225,0,2089,136,2089,2085,0,24,0,0
2022-01-11,cm11JAN2022bhav.csv.zip,2197,0,2060,137,2059,2046,0,23,0,0
2022-01-12,cm12JAN2022bhav.csv.zip,2170,0,2030,140,2030,2032,0,22,0,0
2022-01-13,cm13JAN2022bhav.csv.zip,2168,0,2036,132,2036,2032,0,23,0,0
2022-01-14,cm14JAN2022bhav.csv.zip,2146,0,2012,134,2012,2029,0,18,0,0
2022-01-17,cm17JAN2022bhav.csv.zip,2235,0,2096,139,2096,2093,0,24,0,0
2022-01-18,cm18JAN2022bhav.csv.zip,2191,0,2052,139,2052,2048,0,23,0,0
2022-01-19,cm19JAN2022bhav.csv.zip,2174,0,2038,136,2038,2030,0,21,0,0
2022-01-20,cm20JAN2022bhav.csv.zip,2170,0,2034,136,2033,2037,0,23,0,0
2022-01-21,cm21JAN2022bhav.csv.zip,2184,0,2046,138,2046,2041,0,23,0,0
2022-01-24,cm24JAN2022bhav.csv.zip,2239,0,2103,136,2103,2087,0,23,0,0
2022-01-25,cm25JAN2022bhav.csv.zip,2177,0,2037,140,2037,2034,0,25,0,0
2022-01-27,cm27JAN2022bhav.csv.zip,2184,0,2043,141,2043,2032,0,22,0,0
2022-01-28,cm28JAN2022bhav.csv.zip,2181,0,2043,138,2042,2033,0,22,0,0
2022-01-31,cm31JAN2022bhav.csv.zip,2227,0,2089,138,2089,2088,0,28,0,0
2022-02-01,cm01FEB2022bhav.csv.zip,2171,0,2035,136,2034,2027,0,26,0,0
2022-02-02,cm02FEB2022bhav.csv.zip,2203,0,2061,142,2061,2042,0,25,0,0
2022-02-03,cm03FEB2022bhav.csv.zip,2190,0,2052,138,2052,2042,0,23,0,0
2022-02-04,cm04FEB2022bhav.csv.zip,2177,0,2046,131,2046,2040,0,24,0,0
2022-02-07,cm07FEB2022bhav.csv.zip,2220,0,2076,144,2076,2089,0,22,0,0
2022-02-08,cm08FEB2022bhav.csv.zip,2177,0,2041,136,2041,2033,0,24,0,0
2022-02-09,cm09FEB2022bhav.csv.zip,2183,0,2045,138,2045,2035,0,23,0,0
2022-02-10,cm10FEB2022bhav.csv.zip,2157,0,2019,138,2019,2024,0,22,0,0
2022-02-11,cm11FEB2022bhav.csv.zip,2158,0,2026,132,2026,2030,0,22,0,0
2022-02-14,cm14FEB2022bhav.csv.zip,2211,0,2070,141,2069,2082,0,23,0,0
2022-02-15,cm15FEB2022bhav.csv.zip,2189,0,2051,138,2049,2041,0,23,0,0
2022-02-16,cm16FEB2022bhav.csv.zip,2178,0,2040,138,2040,2047,0,21,0,0
2022-02-17,cm17FEB2022bhav.csv.zip,2164,0,2029,135,2029,2032,0,22,0,0
2022-02-18,cm18FEB2022bhav.csv.zip,2179,0,2040,139,2040,2043,0,23,0,0
2022-02-21,cm21FEB2022bhav.csv.zip,2230,0,2091,139,2091,2080,0,24,0,0
2022-02-22,cm22FEB2022bhav.csv.zip,2190,0,2052,138,2052,2044,0,23,0,0
2022-02-23,cm23FEB2022bhav.csv.zip,2180,0,2043,137,2043,2049,0,19,0,0
2022-02-24,cm24FEB2022bhav.csv.zip,2226,0,2079,147,2079,2060,0,21,0,0
2022-02-25,cm25FEB2022bhav.csv.zip,2168,0,2034,134,2034,2042,0,22,0,0
2022-02-28,cm28FEB2022bhav.csv.zip,2192,0,2056,136,2056,2070,0,23,0,0
2022-03-02,cm02MAR2022bhav.csv.zip,2198,0,2059,139,2059,2046,0,22,0,0
2022-03-03,cm03MAR2022bhav.csv.zip,2172,0,2033,139,2033,2042,0,20,0,0
2022-03-04,cm04MAR2022bhav.csv.zip,2186,0,2045,141,2045,2045,0,22,0,0
2022-03-07,cm07MAR2022bhav.csv.zip,2243,0,2108,135,2107,2086,0,21,0,0
2022-03-08,cm08MAR2022bhav.csv.zip,2188,0,2048,140,2048,2048,0,22,0,0
2022-03-09,cm09MAR2022bhav.csv.zip,2191,0,2052,139,2051,2060,0,22,0,0
2022-03-10,cm10MAR2022bhav.csv.zip,2194,0,2056,138,2055,2047,0,24,0,0
2022-03-11,cm11MAR2022bhav.csv.zip,2175,0,2033,142,2032,2053,0,19,0,0
2022-03-14,cm14MAR2022bhav.csv.zip,2194,0,2054,140,2054,2076,0,24,0,0
2022-03-15,cm15MAR2022bhav.csv.zip,2175,0,2039,136,2036,2045,0,23,0,0
2022-03-16,cm16MAR2022bhav.csv.zip,2179,0,2039,140,2039,2055,0,21,0,0
2022-03-17,cm17MAR2022bhav.csv.zip,2204,0,2065,139,2063,2069,0,24,0,0
2022-03-21,cm21MAR2022bhav.csv.zip,2232,0,2095,137,2093,2091,0,24,0,0
2022-03-22,cm22MAR2022bhav.csv.zip,2190,0,2051,139,2051,2068,0,21,0,0
2022-03-23,cm23MAR2022bhav.csv.zip,2174,0,2036,138,2035,2056,0,21,0,0
2022-03-24,cm24MAR2022bhav.csv.zip,2192,0,2055,137,2055,2061,0,23,0,0
2022-03-25,cm25MAR2022bhav.csv.zip,2192,0,2052,140,2051,2065,0,25,0,0
2022-03-28,cm28MAR2022bhav.csv.zip,2236,0,2096,140,2096,2109,0,20,0,0
2022-03-29,cm29MAR2022bhav.csv.zip,2226,0,2081,145,2080,2082,0,25,0,0
2022-03-30,cm30MAR2022bhav.csv.zip,2188,0,2045,143,2045,2066,0,22,0,0
2022-03-31,cm31MAR2022bhav.csv.zip,2172,0,2034,138,2034,2061,0,21,0,0
2022-04-01,cm01APR2022bhav.csv.zip,2187,0,2045,142,2045,2069,0,20,0,0
2022-04-04,cm04APR2022bhav.csv.zip,2224,0,2083,141,2083,2095,0,23,0,0
2022-04-05,cm05APR2022bhav.csv.zip,2198,0,2055,143,2055,2068,0,24,0,0
2022-04-06,cm06APR2022bhav.csv.zip,2210,0,2066,144,2065,2073,0,21,0,0
2022-04-07,cm07APR2022bhav.csv.zip,2206,0,2065,141,2065,2074,0,22,0,0
2022-04-08,cm08APR2022bhav.csv.zip,2212,0,2070,142,2070,2072,0,25,0,0
2022-04-11,cm11APR2022bhav.csv.zip,2252,0,2105,147,2105,2112,0,21,0,0
2022-04-12,cm12APR2022bhav.csv.zip,2216,0,2065,151,2065,2083,0,22,0,0
2022-04-13,cm13APR2022bhav.csv.zip,2214,0,2064,150,2064,2084,0,24,0,0
2022-04-18,cm18APR2022bhav.csv.zip,2279,0,2127,152,2127,2133,0,27,0,0
2022-04-19,cm19APR2022bhav.csv.zip,2209,0,2057,152,2057,2090,0,21,0,0
2022-04-20,cm20APR2022bhav.csv.zip,2242,0,2093,149,2093,2087,0,20,0,0
2022-04-21,cm21APR2022bhav.csv.zip,2194,0,2047,147,2046,2079,0,22,0,0
2022-04-22,cm22APR2022bhav.csv.zip,2208,0,2061,147,2061,2087,0,24,0,0
2022-04-25,cm25APR2022bhav.csv.zip,2230,0,2087,143,2087,2110,0,23,0,0
2022-04-26,cm26APR2022bhav.csv.zip,2210,0,2063,147,2063,2087,0,21,0,0
2022-04-27,cm27APR2022bhav.csv.zip,2202,0,2058,144,2058,2088,0,19,0,0
2022-04-28,cm28APR2022bhav.csv.zip,2208,0,2059,149,2059,2092,0,22,0,0
2022-04-29,cm29APR2022bhav.csv.zip,2186,0,2045,141,2045,2077,0,22,0,0
2022-05-02,cm02MAY2022bhav.csv.zip,2233,0,2083,150,2083,2109,0,22,0,0
2022-05-04,cm04MAY2022bhav.csv.zip,2233,0,2083,150,2082,2095,0,25,0,0
2022-05-05,cm05MAY2022bhav.csv.zip,2218,0,2070,148,2070,2092,0,27,0,0
2022-05-06,cm06MAY2022bhav.csv.zip,2203,0,2056,147,2056,2068,0,20,0,0
2022-05-09,cm09MAY2022bhav.csv.zip,2231,0,2081,150,2081,2111,0,22,0,0
2022-05-10,cm10MAY2022bhav.csv.zip,2213,0,2065,148,2065,2090,0,21,0,0
2022-05-11,cm11MAY2022bhav.csv.zip,2215,0,2066,149,2066,2091,0,24,0,0
2022-05-12,cm12MAY2022bhav.csv.zip,2225,0,2074,151,2074,2087,0,26,0,0
2022-05-13,cm13MAY2022bhav.csv.zip,2193,0,2050,143,2050,2081,0,21,0,0
2022-05-16,cm16MAY2022bhav.csv.zip,2224,0,2084,140,2084,2100,0,21,0,0
2022-05-17,cm17MAY2022bhav.csv.zip,2207,0,2058,149,2058,2088,0,20,0,0
2022-05-18,cm18MAY2022bhav.csv.zip,2210,0,2064,146,2064,2096,0,20,0,0
2022-05-19,cm19MAY2022bhav.csv.zip,2214,0,2065,149,2065,2091,0,20,0,0
2022-05-20,cm20MAY2022bhav.csv.zip,2201,0,2054,147,2053,2091,0,23,0,0
2022-05-23,cm23MAY2022bhav.csv.zip,2242,0,2088,154,2088,2122,0,23,0,0
2022-05-24,cm24MAY2022bhav.csv.zip,2213,0,2063,150,2062,2104,0,22,0,0
2022-05-25,cm25MAY2022bhav.csv.zip,2209,0,2060,149,2060,2104,0,22,0,0
2022-05-26,cm26MAY2022bhav.csv.zip,2207,0,2060,147,2060,2093,0,23,0,0
2022-05-27,cm27MAY2022bhav.csv.zip,2218,0,2065,153,2065,2097,0,23,0,0
2022-05-30,cm30MAY2022bhav.csv.zip,2242,0,2091,151,2091,2124,0,26,0,0
2022-05-31,cm31MAY2022bhav.csv.zip,2204,0,2053,151,2053,2093,0,23,0,0
2022-06-01,cm01JUN2022bhav.csv.zip,2209,0,2058,151,2057,2103,0,23,0,0
2022-06-02,cm02JUN2022bhav.csv.zip,2208,0,2061,147,2060,2092,0,24,0,0
2022-06-03,cm03JUN2022bhav.csv.zip,2216,0,2065,151,2064,2095,0,21,0,0
2022-06-06,cm06JUN2022bhav.csv.zip,2243,0,2089,154,2089,2121,0,23,0,0
2022-06-07,cm07JUN2022bhav.csv.zip,2214,0,2064,150,2063,2088,0,25,0,0
2022-06-08,cm08JUN2022bhav.csv.zip,2213,0,2062,151,2061,2091,0,24,0,0
2022-06-09,cm09JUN2022bhav.csv.zip,2197,0,2054,143,2054,2076,0,22,0,0
2022-06-10,cm10JUN2022bhav.csv.zip,2212,0,2061,151,2060,2091,0,23,0,0
2022-06-13,cm13JUN2022bhav.csv.zip,2235,0,2085,150,2084,2115,0,24,0,0
2022-06-14,cm14JUN2022bhav.csv.zip,2204,0,2052,152,2052,2083,0,22,0,0
2022-06-15,cm15JUN2022bhav.csv.zip,2211,0,2065,146,2064,2086,0,25,0,0
2022-06-16,cm16JUN2022bhav.csv.zip,2222,0,2068,154,2068,2095,0,26,0,0
2022-06-17,cm17JUN2022bhav.csv.zip,2197,0,2048,149,2048,2081,0,22,0,0
2022-06-20,cm20JUN2022bhav.csv.zip,2252,0,2100,152,2100,2124,0,21,0,0
2022-06-21,cm21JUN2022bhav.csv.zip,2232,0,2079,153,2079,2096,0,28,0,0
2022-06-22,cm22JUN2022bhav.csv.zip,2212,0,2066,146,2066,2088,0,25,0,0
2022-06-23,cm23JUN2022bhav.csv.zip,2197,0,2049,148,2048,2082,0,23,0,0
2022-06-24,cm24JUN2022bhav.csv.zip,2199,0,2050,149,2050,2085,0,25,0,0
2022-06-27,cm27JUN2022bhav.csv.zip,2222,0,2072,150,2072,2113,0,23,0,0
2022-06-28,cm28JUN2022bhav.csv.zip,2197,0,2051,146,2051,2085,0,28,0,0
2022-06-29,cm29JUN2022bhav.csv.zip,2190,0,2043,147,2043,2082,0,23,0,0
2022-06-30,cm30JUN2022bhav.csv.zip,2191,0,2042,149,2042,2077,0,25,0,0
2022-07-01,cm01JUL2022bhav.csv.zip,2210,0,2063,147,2063,2091,0,25,0,0
2022-07-04,cm04JUL2022bhav.csv.zip,2251,0,2101,150,2101,2122,0,25,0,0
2022-07-05,cm05JUL2022bhav.csv.zip,2210,0,2059,151,2059,2091,0,25,0,0
2022-07-06,cm06JUL2022bhav.csv.zip,2195,0,2043,152,2043,2079,0,24,0,0
2022-07-07,cm07JUL2022bhav.csv.zip,2194,0,2043,151,2043,2089,0,25,0,0
2022-07-08,cm08JUL2022bhav.csv.zip,2210,0,2062,148,2062,2088,0,26,0,0
2022-07-11,cm11JUL2022bhav.csv.zip,2232,0,2079,153,2079,2108,0,26,0,0
2022-07-12,cm12JUL2022bhav.csv.zip,2210,0,2056,154,2056,2092,0,26,0,0
2022-07-13,cm13JUL2022bhav.csv.zip,2223,0,2071,152,2071,2102,0,27,0,0
2022-07-14,cm14JUL2022bhav.csv.zip,2195,0,2043,152,2043,2087,0,26,0,0
2022-07-15,cm15JUL2022bhav.csv.zip,2209,0,2063,146,2063,2094,0,26,0,0
2022-07-18,cm18JUL2022bhav.csv.zip,2254,0,2095,159,2095,2134,0,24,0,0
2022-07-19,cm19JUL2022bhav.csv.zip,2215,0,2065,150,2065,2101,0,23,0,0
2022-07-20,cm20JUL2022bhav.csv.zip,2235,0,2078,157,2078,2111,0,27,0,0
2022-07-21,cm21JUL2022bhav.csv.zip,2217,0,2059,158,2059,2108,0,28,0,0
2022-07-22,cm22JUL2022bhav.csv.zip,2218,0,2055,163,2055,2116,0,24,0,0
2022-07-25,cm25JUL2022bhav.csv.zip,2366,0,2212,154,2102,2131,0,26,0,0
2022-07-26,cm26JUL2022bhav.csv.zip,2211,0,2057,154,2057,2103,0,23,0,0
2022-07-27,cm27JUL2022bhav.csv.zip,2215,0,2055,160,2055,2107,0,23,0,0
2022-07-28,cm28JUL2022bhav.csv.zip,2222,0,2065,157,2065,2107,0,28,0,0
2022-07-29,cm29JUL2022bhav.csv.zip,2224,0,2063,161,2063,2105,0,25,0,0
2022-08-01,cm01AUG2022bhav.csv.zip,2279,0,2119,160,2119,2148,0,24,0,0
2022-08-02,cm02AUG2022bhav.csv.zip,2220,0,2064,156,2064,2107,0,26,0,0
2022-08-03,cm03AUG2022bhav.csv.zip,2224,0,2067,157,2067,2114,0,27,0,0
2022-08-04,cm04AUG2022bhav.csv.zip,2216,0,2058,158,2058,2103,0,26,0,0
2022-08-05,cm05AUG2022bhav.csv.zip,2216,0,2055,161,2055,2109,0,25,0,0
2022-08-08,cm08AUG2022bhav.csv.zip,2377,0,2215,162,2107,2136,0,26,0,0
2022-08-10,cm10AUG2022bhav.csv.zip,2244,0,2085,159,2085,2117,0,23,0,0
2022-08-11,cm11AUG2022bhav.csv.zip,2227,0,2058,169,2058,2110,0,23,0,0
2022-08-12,cm12AUG2022bhav.csv.zip,2246,0,2084,162,2084,2114,0,24,0,0
2022-08-16,cm16AUG2022bhav.csv.zip,2309,0,2147,162,2147,2163,0,23,0,0
2022-08-17,cm17AUG2022bhav.csv.zip,2259,0,2096,163,2096,2129,0,22,0,0
2022-08-18,cm18AUG2022bhav.csv.zip,2241,0,2082,159,2082,2113,0,28,0,0
2022-08-19,cm19AUG2022bhav.csv.zip,2247,0,2078,169,2078,2127,0,22,0,0
2022-08-22,cm22AUG2022bhav.csv.zip,2280,0,2115,165,2115,2157,0,27,0,0
2022-08-23,cm23AUG2022bhav.csv.zip,2228,0,2069,159,2069,2127,0,24,0,0
2022-08-24,cm24AUG2022bhav.csv.zip,2251,0,2084,167,2084,2129,0,21,0,0
2022-08-25,cm25AUG2022bhav.csv.zip,2240,0,2076,164,2076,2124,0,23,0,0
2022-08-26,cm26AUG2022bhav.csv.zip,2254,0,2082,172,2082,2136,0,22,0,0
2022-08-29,cm29AUG2022bhav.csv.zip,2301,0,2134,167,2134,2162,0,25,0,0
2022-08-30,cm30AUG2022bhav.csv.zip,2273,0,2103,170,2103,2138,0,23,0,0
2022-09-01,cm01SEP2022bhav.csv.zip,2270,0,2100,170,2099,2148,0,24,0,0
2022-09-02,cm02SEP2022bhav.csv.zip,2291,0,2115,176,2115,2157,0,26,0,0
2022-09-05,cm05SEP2022bhav.csv.zip,2311,0,2145,166,2145,2171,0,25,0,0
2022-09-06,cm06SEP2022bhav.csv.zip,2291,0,2118,173,2118,2152,0,27,0,0
2022-09-07,cm07SEP2022bhav.csv.zip,2271,0,2103,168,2103,2148,0,22,0,0
2022-09-08,cm08SEP2022bhav.csv.zip,2287,0,2109,178,2109,2153,0,23,0,0
2022-09-09,cm09SEP2022bhav.csv.zip,2282,0,2114,168,2114,2138,0,22,0,0
2022-09-12,cm12SEP2022bhav.csv.zip,2329,0,2156,173,2156,2188,0,25,0,0
2022-09-13,cm13SEP2022bhav.csv.zip,2283,0,2105,178,2105,2154,0,19,0,0
2022-09-14,cm14SEP2022bhav.csv.zip,2258,0,2083,175,2083,2152,0,20,0,0
2022-09-15,cm15SEP2022bhav.csv.zip,2243,0,2075,168,2075,2140,0,19,0,0
2022-09-16,cm16SEP2022bhav.csv.zip,2269,0,2098,171,2098,2147,0,21,0,0
2022-09-19,cm19SEP2022bhav.csv.zip,2305,0,2134,171,2131,2183,0,24,0,0
2022-09-20,cm20SEP2022bhav.csv.zip,2269,0,2096,173,2096,2152,0,24,0,0
2022-09-21,cm21SEP2022bhav.csv.zip,2265,0,2093,172,2091,2146,0,21,0,0
2022-09-22,cm22SEP2022bhav.csv.zip,2271,0,2095,176,2094,2152,0,23,0,0
2022-09-23,cm23SEP2022bhav.csv.zip,2276,0,2100,176,2100,2142,0,21,0,0
2022-09-26,cm26SEP2022bhav.csv.zip,2320,0,2144,176,2144,2182,0,22,0,0
2022-09-27,cm27SEP2022bhav.csv.zip,2255,0,2085,170,2083,2137,0,22,0,0
2022-09-28,cm28SEP2022bhav.csv.zip,2248,0,2080,168,2080,2135,0,24,0,0
2022-09-29,cm29SEP2022bhav.csv.zip,2259,0,2084,175,2084,2133,0,22,0,0
2022-09-30,cm30SEP2022bhav.csv.zip,2273,0,2099,174,2097,2150,0,22,0,0
2022-10-03,cm03OCT2022bhav.csv.zip,2616,0,2429,187,2120,2183,0,27,0,0
2022-10-04,cm04OCT2022bhav.csv.zip,2281,0,2110,171,2108,2155,0,20,0,0
2022-10-06,cm06OCT2022bhav.csv.zip,2304,0,2126,178,2126,2172,0,25,0,0
2022-10-07,cm07OCT2022bhav.csv.zip,2271,0,2099,172,2099,2154,0,19,0,0
2022-10-10,cm10OCT2022bhav.csv.zip,2323,0,2145,178,2145,2192,0,23,0,0
2022-10-11,cm11OCT2022bhav.csv.zip,2310,0,2137,173,2124,2162,0,23,0,0
2022-10-12,cm12OCT2022bhav.csv.zip,2271,0,2100,171,2100,2157,0,21,0,0
2022-10-13,cm13OCT2022bhav.csv.zip,2294,0,2123,171,2123,2166,0,26,0,0
2022-10-14,cm14OCT2022bhav.csv.zip,2266,0,2094,172,2094,2152,0,23,0,0
2022-10-17,cm17OCT2022bhav.csv.zip,2363,0,2184,179,2150,2198,0,28,0,0
2022-10-18,cm18OCT2022bhav.csv.zip,2282,0,2104,178,2103,2159,0,22,0,0
2022-10-19,cm19OCT2022bhav.csv.zip,2275,0,2100,175,2100,2153,0,26,0,0
2022-10-20,cm20OCT2022bhav.csv.zip,2263,0,2088,175,2088,2153,0,21,0,0
2022-10-21,cm21OCT2022bhav.csv.zip,2279,0,2102,177,2102,2159,0,26,0,0
2022-10-25,cm25OCT2022bhav.csv.zip,2285,0,2114,171,2082,2142,0,23,0,0
2022-10-27,cm27OCT2022bhav.csv.zip,2298,0,2118,180,2118,2166,0,28,0,0
2022-10-28,cm28OCT2022bhav.csv.zip,2292,0,2114,178,2114,2165,0,24,0,0
2022-10-31,cm31OCT2022bhav.csv.zip,2350,0,2170,180,2170,2202,0,26,0,0
2022-11-01,cm01NOV2022bhav.csv.zip,2323,0,2144,179,2144,2184,0,28,0,0
2022-11-02,cm02NOV2022bhav.csv.zip,2301,0,2122,179,2121,2175,0,22,0,0
2022-11-03,cm03NOV2022bhav.csv.zip,2402,0,2226,176,2112,2170,0,20,0,0
2022-11-04,cm04NOV2022bhav.csv.zip,2310,0,2130,180,2130,2179,0,22,0,0
2022-11-07,cm07NOV2022bhav.csv.zip,2343,0,2161,182,2161,2214,0,22,0,0
2022-11-09,cm09NOV2022bhav.csv.zip,2323,0,2144,179,2144,2185,0,23,0,0
2022-11-10,cm10NOV2022bhav.csv.zip,2292,0,2108,184,2108,2177,0,26,0,0
2022-11-11,cm11NOV2022bhav.csv.zip,2290,0,2111,179,2111,2172,0,24,0,0
2022-11-14,cm14NOV2022bhav.csv.zip,2479,0,2287,192,2153,2213,0,21,0,0
2022-11-15,cm15NOV2022bhav.csv.zip,2320,0,2130,190,2130,2198,0,25,0,0
2022-11-16,cm16NOV2022bhav.csv.zip,2304,0,2122,182,2122,2188,0,20,0,0
2022-11-17,cm17NOV2022bhav.csv.zip,2291,0,2107,184,2107,2178,0,21,0,0
2022-11-18,cm18NOV2022bhav.csv.zip,2299,0,2116,183,2115,2178,0,24,0,0
2022-11-21,cm21NOV2022bhav.csv.zip,2338,0,2150,188,2150,2221,0,25,0,0
2022-11-22,cm22NOV2022bhav.csv.zip,2325,0,2136,189,2136,2200,0,26,0,0
2022-11-23,cm23NOV2022bhav.csv.zip,2297,0,2102,195,2102,2179,0,21,0,0
2022-11-24,cm24NOV2022bhav.csv.zip,2302,0,2115,187,2113,2189,0,24,0,0
2022-11-25,cm25NOV2022bhav.csv.zip,2309,0,2116,193,2116,2199,0,23,0,0
2022-11-28,cm28NOV2022bhav.csv.zip,2380,0,2181,199,2181,2240,0,25,0,0
2022-11-29,cm29NOV2022bhav.csv.zip,2315,0,2118,197,2118,2201,0,21,0,0
2022-11-30,cm30NOV2022bhav.csv.zip,2311,0,2112,199,2112,2202,0,22,0,0
2022-12-01,cm01DEC2022bhav.csv.zip,2339,0,2142,197,2142,2218,0,22,0,0
2022-12-02,cm02DEC2022bhav.csv.zip,2338,0,2144,194,2143,2204,0,25,0,0
2022-12-05,cm05DEC2022bhav.csv.zip,2366,0,2170,196,2170,2242,0,26,0,0
2022-12-06,cm06DEC2022bhav.csv.zip,2333,0,2136,197,2136,2205,0,22,0,0
2022-12-07,cm07DEC2022bhav.csv.zip,2328,0,2137,191,2134,2207,0,23,0,0
2022-12-08,cm08DEC2022bhav.csv.zip,2318,0,2125,193,2125,2197,0,24,0,0
2022-12-09,cm09DEC2022bhav.csv.zip,2324,0,2129,195,2129,2207,0,22,0,0
2022-12-12,cm12DEC2022bhav.csv.zip,2335,0,2149,186,2148,2226,0,23,0,0
2022-12-13,cm13DEC2022bhav.csv.zip,2326,0,2128,198,2128,2208,0,20,0,0
2022-12-14,cm14DEC2022bhav.csv.zip,2330,0,2133,197,2133,2211,0,19,0,0
2022-12-15,cm15DEC2022bhav.csv.zip,2313,0,2119,194,2118,2199,0,21,0,0
2022-12-16,cm16DEC2022bhav.csv.zip,2318,0,2122,196,2122,2202,0,22,0,0
2022-12-19,cm19DEC2022bhav.csv.zip,2354,0,2165,189,2163,2237,0,24,0,0
2022-12-20,cm20DEC2022bhav.csv.zip,2348,0,2153,195,2153,2216,0,23,0,0
2022-12-21,cm21DEC2022bhav.csv.zip,2325,0,2128,197,2128,2206,0,25,0,0
2022-12-22,cm22DEC2022bhav.csv.zip,2329,0,2132,197,2131,2215,0,20,0,0
2022-12-23,cm23DEC2022bhav.csv.zip,2360,0,2156,204,2156,2222,0,19,0,0
2022-12-26,cm26DEC2022bhav.csv.zip,2377,0,2177,200,2177,2256,0,22,0,0
2022-12-27,cm27DEC2022bhav.csv.zip,2339,0,2136,203,2135,2208,0,20,0,0
2022-12-28,cm28DEC2022bhav.csv.zip,2316,0,2124,192,2123,2193,0,22,0,0
2022-12-29,cm29DEC2022bhav.csv.zip,2311,0,2111,200,2111,2204,0,21,0,0
2022-12-30,cm30DEC2022bhav.csv.zip,2335,0,2138,197,2137,2217,0,23,0,0
2023-01-02,cm02JAN2023bhav.csv.zip,2383,0,2186,197,2185,2255,0,24,0,0
2023-01-03,cm03JAN2023bhav.csv.zip,2382,0,2175,207,2175,2242,0,27,0,0
2023-01-04,cm04JAN2023bhav.csv.zip,2383,0,2170,213,2170,2245,0,24,0,0
2023-01-05,cm05JAN2023bhav.csv.zip,2350,0,2149,201,2149,2230,0,28,0,0
2023-01-06,cm06JAN2023bhav.csv.zip,2381,0,2165,216,2165,2252,0,26,0,0
2023-01-09,cm09JAN2023bhav.csv.zip,2388,0,2182,206,2182,2267,0,26,0,0
2023-01-10,cm10JAN2023bhav.csv.zip,2354,0,2146,208,2146,2229,0,27,0,0
2023-01-11,cm11JAN2023bhav.csv.zip,2343,0,2134,209,2134,2230,0,21,0,0
2023-01-12,cm12JAN2023bhav.csv.zip,2349,0,2139,210,2138,2221,0,20,0,0
2023-01-13,cm13JAN2023bhav.csv.zip,2335,0,2127,208,2127,2225,0,22,0,0
2023-01-16,cm16JAN2023bhav.csv.zip,2390,0,2173,217,2173,2261,0,25,0,0
2023-01-17,cm17JAN2023bhav.csv.zip,2323,0,2116,207,2115,2218,0,19,0,0
2023-01-18,cm18JAN2023bhav.csv.zip,2341,0,2125,216,2125,2229,0,25,0,0
2023-01-19,cm19JAN2023bhav.csv.zip,2341,0,2135,206,2135,2223,0,23,0,0
2023-01-20,cm20JAN2023bhav.csv.zip,2356,0,2139,217,2139,2241,0,21,0,0
2023-01-23,cm23JAN2023bhav.csv.zip,2393,0,2173,220,2173,2284,0,22,0,0
2023-01-24,cm24JAN2023bhav.csv.zip,2345,0,2131,214,2131,2241,0,21,0,0
2023-01-25,cm25JAN2023bhav.csv.zip,2343,0,2131,212,2131,2239,0,23,0,0
2023-01-27,cm27JAN2023bhav.csv.zip,2360,0,2142,218,2142,2239,0,21,0,0
2023-01-30,cm30JAN2023bhav.csv.zip,2389,0,2172,217,2172,2273,0,24,0,0
2023-01-31,cm31JAN2023bhav.csv.zip,2349,0,2136,213,2135,2236,0,22,0,0
2023-02-01,cm01FEB2023bhav.csv.zip,2335,0,2129,206,2128,2232,0,19,0,0
2023-02-02,cm02FEB2023bhav.csv.zip,2348,0,2136,212,2136,2242,0,23,0,0
2023-02-03,cm03FEB2023bhav.csv.zip,2361,0,2147,214,2147,2240,0,22,0,0
2023-02-06,cm06FEB2023bhav.csv.zip,2377,0,2166,211,2166,2259,0,24,0,0
2023-02-07,cm07FEB2023bhav.csv.zip,2350,0,2143,207,2143,2227,0,21,0,0
2023-02-08,cm08FEB2023bhav.csv.zip,2335,0,2124,211,2124,2227,0,21,0,0
2023-02-09,cm09FEB2023bhav.csv.zip,2346,0,2139,207,2139,2227,0,24,0,0
2023-02-10,cm10FEB2023bhav.csv.zip,2329,0,2121,208,2121,2226,0,20,0,0
2023-02-13,cm13FEB2023bhav.csv.zip,2369,0,2162,207,2161,2257,0,23,0,0
2023-02-14,cm14FEB2023bhav.csv.zip,2336,0,2124,212,2123,2228,0,21,0,0
2023-02-15,cm15FEB2023bhav.csv.zip,2336,0,2133,203,2132,2232,0,20,0,0
2023-02-16,cm16FEB2023bhav.csv.zip,2347,0,2131,216,2131,2243,0,20,0,0
2023-02-17,cm17FEB2023bhav.csv.zip,2344,0,2136,208,2135,2223,0,24,0,0
2023-02-20,cm20FEB2023bhav.csv.zip,2374,0,2159,215,2159,2259,0,21,0,0
2023-02-21,cm21FEB2023bhav.csv.zip,2347,0,2134,213,2134,2227,0,21,0,0
2023-02-22,cm22FEB2023bhav.csv.zip,2358,0,2133,225,2133,2234,0,21,0,0
2023-02-23,cm23FEB2023bhav.csv.zip,2326,0,2117,209,2117,2226,0,20,0,0
2023-02-24,cm24FEB2023bhav.csv.zip,2351,0,2130,221,2130,2233,0,25,0,0
2023-02-27,cm27FEB2023bhav.csv.zip,2408,0,2182,226,2182,2276,0,24,0,0
2023-02-28,cm28FEB2023bhav.csv.zip,2363,0,2143,220,2143,2233,0,21,0,0
2023-03-01,cm01MAR2023bhav.csv.zip,2359,0,2144,215,2143,2250,0,20,0,0
2023-03-02,cm02MAR2023bhav.csv.zip,2364,0,2147,217,2144,2235,0,22,0,0
2023-03-03,cm03MAR2023bhav.csv.zip,2379,0,2158,221,2158,2243,0,22,0,0
2023-03-06,cm06MAR2023bhav.csv.zip,2414,0,2187,227,2186,2279,0,22,0,0
2023-03-08,cm08MAR2023bhav.csv.zip,2378,0,2167,211,2166,2235,0,24,0,0
2023-03-09,cm09MAR2023bhav.csv.zip,2383,0,2160,223,2160,2241,0,25,0,0
2023-03-10,cm10MAR2023bhav.csv.zip,2349,0,2129,220,2129,2244,0,20,0,0
2023-03-13,cm13MAR2023bhav.csv.zip,2407,0,2176,231,2176,2276,0,22,0,0
2023-03-14,cm14MAR2023bhav.csv.zip,2400,0,2177,223,2175,2257,0,24,0,0
2023-03-15,cm15MAR2023bhav.csv.zip,2357,0,2145,212,2144,2229,0,23,0,0
2023-03-16,cm16MAR2023bhav.csv.zip,2388,0,2166,222,2165,2260,0,20,0,0
2023-03-17,cm17MAR2023bhav.csv.zip,2374,0,2152,222,2152,2242,0,21,0,0
2023-03-20,cm20MAR2023bhav.csv.zip,2398,0,2175,223,2175,2275,0,18,0,0
2023-03-21,cm21MAR2023bhav.csv.zip,2372,0,2151,221,2151,2247,0,21,0,0
2023-03-22,cm22MAR2023bhav.csv.zip,2352,0,2128,224,2127,2236,0,22,0,0
2023-03-23,cm23MAR2023bhav.csv.zip,2356,0,2127,229,2127,2246,0,20,0,0
2023-03-24,cm24MAR2023bhav.csv.zip,2407,0,2170,237,2169,2270,0,21,0,0
2023-03-27,cm27MAR2023bhav.csv.zip,2419,0,2190,229,2189,2285,0,23,0,0
2023-03-28,cm28MAR2023bhav.csv.zip,2394,0,2163,231,2162,2269,0,20,0,0
2023-03-29,cm29MAR2023bhav.csv.zip,2387,0,2155,232,2153,2267,0,18,0,0
2023-03-31,cm31MAR2023bhav.csv.zip,2403,0,2160,243,2158,2267,0,24,0,0
2023-04-03,cm03APR2023bhav.csv.zip,2403,0,2164,239,2164,2287,0,23,0,0
2023-04-05,cm05APR2023bhav.csv.zip,2390,0,2161,229,2161,2259,0,24,0,0
2023-04-06,cm06APR2023bhav.csv.zip,2391,0,2160,231,2160,2264,0,23,0,0
2023-04-10,cm10APR2023bhav.csv.zip,2416,0,2188,228,2188,2286,0,24,0,0
2023-04-11,cm11APR2023bhav.csv.zip,2375,0,2139,236,2139,2265,0,18,0,0
2023-04-12,cm12APR2023bhav.csv.zip,2390,0,2156,234,2156,2268,0,23,0,0
2023-04-13,cm13APR2023bhav.csv.zip,2365,0,2136,229,2135,2250,0,23,0,0
2023-04-17,cm17APR2023bhav.csv.zip,2421,0,2177,244,2175,2292,0,23,0,0
2023-04-18,cm18APR2023bhav.csv.zip,2380,0,2155,225,2154,2255,0,21,0,0
2023-04-19,cm19APR2023bhav.csv.zip,2371,0,2136,235,2135,2246,0,21,0,0
2023-04-20,cm20APR2023bhav.csv.zip,2358,0,2129,229,2128,2237,0,23,0,0
2023-04-21,cm21APR2023bhav.csv.zip,2372,0,2144,228,2143,2242,0,22,0,0
2023-04-24,cm24APR2023bhav.csv.zip,2412,0,2170,242,2168,2303,0,21,0,0
2023-04-25,cm25APR2023bhav.csv.zip,2359,0,2126,233,2124,2246,0,22,0,0
2023-04-26,cm26APR2023bhav.csv.zip,2371,0,2143,228,2141,2256,0,24,0,0
2023-04-27,cm27APR2023bhav.csv.zip,2371,0,2138,233,2136,2251,0,22,0,0
2023-04-28,cm28APR2023bhav.csv.zip,2381,0,2144,237,2143,2250,0,25,0,0
2023-05-02,cm02MAY2023bhav.csv.zip,2432,0,2191,241,2190,2309,0,19,0,0
2023-05-03,cm03MAY2023bhav.csv.zip,2378,0,2141,237,2140,2250,0,26,0,0
2023-05-04,cm04MAY2023bhav.csv.zip,2378,0,2144,234,2143,2247,0,24,0,0
2023-05-05,cm05MAY2023bhav.csv.zip,2360,0,2128,232,2127,2245,0,22,0,0
2023-05-08,cm08MAY2023bhav.csv.zip,2433,0,2191,242,2190,2293,0,25,0,0
2023-05-09,cm09MAY2023bhav.csv.zip,2408,0,2165,243,2164,2271,0,23,0,0
2023-05-10,cm10MAY2023bhav.csv.zip,2390,0,2145,245,2144,2272,0,21,0,0
2023-05-11,cm11MAY2023bhav.csv.zip,2364,0,2124,240,2123,2249,0,19,0,0
2023-05-12,cm12MAY2023bhav.csv.zip,2361,0,2128,233,2126,2249,0,24,0,0
2023-05-15,cm15MAY2023bhav.csv.zip,2427,0,2182,245,2181,2306,0,20,0,0
2023-05-16,cm16MAY2023bhav.csv.zip,2371,0,2132,239,2131,2256,0,23,0,0
2023-05-17,cm17MAY2023bhav.csv.zip,2369,0,2137,232,2136,2250,0,21,0,0
2023-05-18,cm18MAY2023bhav.csv.zip,2364,0,2123,241,2122,2251,0,22,0,0
2023-05-19,cm19MAY2023bhav.csv.zip,2376,0,2138,238,2137,2261,0,22,0,0
2023-05-22,cm22MAY2023bhav.csv.zip,2430,0,2194,236,2193,2303,0,26,0,0
2023-05-23,cm23MAY2023bhav.csv.zip,2366,0,2127,239,2126,2258,0,23,0,0
2023-05-24,cm24MAY2023bhav.csv.zip,2377,0,2138,239,2137,2265,0,24,0,0
2023-05-25,cm25MAY2023bhav.csv.zip,2348,0,2120,228,2119,2242,0,22,0,0
2023-05-26,cm26MAY2023bhav.csv.zip,2369,0,2126,243,2125,2259,0,22,0,0
2023-05-29,cm29MAY2023bhav.csv.zip,2436,0,2192,244,2190,2320,0,24,0,0
2023-05-30,cm30MAY2023bhav.csv.zip,2391,0,2147,244,2146,2265,0,25,0,0
2023-05-31,cm31MAY2023bhav.csv.zip,2380,0,2134,246,2133,2267,0,27,0,0
2023-06-01,cm01JUN2023bhav.csv.zip,2435,0,2189,246,2187,2297,0,23,0,0
2023-06-02,cm02JUN2023bhav.csv.zip,2414,0,2168,246,2167,2292,0,24,0,0
2023-06-05,cm05JUN2023bhav.csv.zip,2465,0,2208,257,2207,2334,0,25,0,0
2023-06-06,cm06JUN2023bhav.csv.zip,2417,0,2168,249,2167,2287,0,22,0,0
2023-06-07,cm07JUN2023bhav.csv.zip,2435,0,2185,250,2184,2301,0,27,0,0
2023-06-08,cm08JUN2023bhav.csv.zip,2416,0,2169,247,2168,2296,0,23,0,0
2023-06-09,cm09JUN2023bhav.csv.zip,2408,0,2171,237,2170,2287,0,23,0,0
2023-06-12,cm12JUN2023bhav.csv.zip,2440,0,2198,242,2197,2308,0,23,0,0
2023-06-13,cm13JUN2023bhav.csv.zip,2440,0,2187,253,2185,2303,0,24,0,0
2023-06-14,cm14JUN2023bhav.csv.zip,2446,0,2192,254,2191,2307,0,22,0,0
2023-06-15,cm15JUN2023bhav.csv.zip,2436,0,2192,244,2190,2299,0,22,0,0
2023-06-16,cm16JUN2023bhav.csv.zip,2440,0,2189,251,2186,2298,0,24,0,0
2023-06-19,cm19JUN2023bhav.csv.zip,2475,0,2218,257,2217,2343,0,21,0,0
2023-06-20,cm20JUN2023bhav.csv.zip,2431,0,2183,248,2182,2304,0,22,0,0
2023-06-21,cm21JUN2023bhav.csv.zip,2434,0,2185,249,2183,2299,0,23,0,0
2023-06-22,cm22JUN2023bhav.csv.zip,2432,0,2177,255,2175,2300,0,23,0,0
2023-06-23,cm23JUN2023bhav.csv.zip,2436,0,2184,252,2181,2305,0,23,0,0
2023-06-26,cm26JUN2023bhav.csv.zip,2458,0,2211,247,2209,2321,0,27,0,0
2023-06-27,cm27JUN2023bhav.csv.zip,2408,0,2157,251,2155,2279,0,25,0,0
2023-06-28,cm28JUN2023bhav.csv.zip,2425,0,2183,242,2182,2288,0,23,0,0
2023-06-30,cm30JUN2023bhav.csv.zip,2456,0,2204,252,2200,2311,0,23,0,0
2023-07-03,cm03JUL2023bhav.csv.zip,2492,0,2234,258,2233,2348,0,23,0,0
2023-07-04,cm04JUL2023bhav.csv.zip,2458,0,2202,256,2201,2308,0,25,0,0
2023-07-05,cm05JUL2023bhav.csv.zip,2427,0,2181,246,2181,2285,0,23,0,0
2023-07-06,cm06JUL2023bhav.csv.zip,2455,0,2200,255,2199,2304,0,25,0,0
2023-07-07,cm07JUL2023bhav.csv.zip,2435,0,2178,257,2178,2301,0,23,0,0
2023-07-10,cm10JUL2023bhav.csv.zip,2475,0,2218,257,2218,2345,0,22,0,0
2023-07-11,cm11JUL2023bhav.csv.zip,2433,0,2180,253,2180,2296,0,23,0,0
2023-07-12,cm12JUL2023bhav.csv.zip,2427,0,2175,252,2175,2290,0,21,0,0
2023-07-13,cm13JUL2023bhav.csv.zip,2441,0,2185,256,2185,2296,0,24,0,0
2023-07-14,cm14JUL2023bhav.csv.zip,2398,0,2143,255,2142,2270,0,23,0,0
2023-07-17,cm17JUL2023bhav.csv.zip,2518,0,2257,261,2249,2365,0,23,0,0
2023-07-18,cm18JUL2023bhav.csv.zip,2430,0,2175,255,2173,2288,0,22,0,0
2023-07-19,cm19JUL2023bhav.csv.zip,2409,0,2163,246,2163,2279,0,21,0,0
2023-07-20,cm20JUL2023bhav.csv.zip,2401,0,2148,253,2148,2269,0,23,0,0
2023-07-21,cm21JUL2023bhav.csv.zip,2393,0,2143,250,2143,2257,0,23,0,0
2023-07-24,cm24JUL2023bhav.csv.zip,2491,0,2232,259,2232,2359,0,25,0,0
2023-07-25,cm25JUL2023bhav.csv.zip,2462,0,2212,250,2212,2316,0,22,0,0
2023-07-26,cm26JUL2023bhav.csv.zip,2474,0,2220,254,2219,2321,0,27,0,0
2023-07-27,cm27JUL2023bhav.csv.zip,2436,0,2182,254,2182,2315,0,23,0,0
2023-07-28,cm28JUL2023bhav.csv.zip,2471,0,2215,256,2215,2323,0,22,0,0
2023-07-31,cm31JUL2023bhav.csv.zip,2523,0,2269,254,2268,2364,0,22,0,0
2023-08-01,cm01AUG2023bhav.csv.zip,2474,0,2220,254,2220,2332,0,22,0,0
2023-08-02,cm02AUG2023bhav.csv.zip,2496,0,2243,253,2242,2337,0,21,0,0
2023-08-03,cm03AUG2023bhav.csv.zip,2470,0,2210,260,2210,2324,0,24,0,0
2023-08-04,cm04AUG2023bhav.csv.zip,2472,0,2216,256,2216,2331,0,24,0,0
2023-08-07,cm07AUG2023bhav.csv.zip,2518,0,2258,260,2258,2370,0,23,0,0
2023-08-08,cm08AUG2023bhav.csv.zip,2486,0,2230,256,2230,2339,0,25,0,0
2023-08-09,cm09AUG2023bhav.csv.zip,2479,0,2223,256,2223,2353,0,23,0,0
2023-08-10,cm10AUG2023bhav.csv.zip,2470,0,2211,259,2208,2351,0,23,0,0
2023-08-11,cm11AUG2023bhav.csv.zip,2491,0,2228,263,2228,2349,0,21,0,0
2023-08-14,cm14AUG2023bhav.csv.zip,2493,0,2228,265,2228,2368,0,26,0,0
2023-08-16,cm16AUG2023bhav.csv.zip,2502,0,2238,264,2235,2362,0,24,0,0
2023-08-17,cm17AUG2023bhav.csv.zip,2471,0,2214,257,2213,2336,0,25,0,0
2023-08-18,cm18AUG2023bhav.csv.zip,2482,0,2216,266,2216,2359,0,23,0,0
2023-08-21,cm21AUG2023bhav.csv.zip,2545,0,2276,269,2276,2393,0,25,0,0
2023-08-22,cm22AUG2023bhav.csv.zip,2496,0,2224,272,2223,2354,0,23,0,0
2023-08-23,cm23AUG2023bhav.csv.zip,2471,0,2211,260,2211,2351,0,23,0,0
2023-08-24,cm24AUG2023bhav.csv.zip,2465,0,2201,264,2199,2344,0,22,0,0
2023-08-25,cm25AUG2023bhav.csv.zip,2491,0,2223,268,2221,2356,0,25,0,0
2023-08-28,cm28AUG2023bhav.csv.zip,2532,0,2267,265,2265,2393,0,30,0,0
2023-08-29,cm29AUG2023bhav.csv.zip,2492,0,2228,264,2227,2365,0,24,0,0
2023-08-30,cm30AUG2023bhav.csv.zip,2480,0,2211,269,2210,2351,0,24,0,0
2023-08-31,cm31AUG2023bhav.csv.zip,2462,0,2191,271,2190,2356,0,22,0,0
2023-09-01,cm01SEP2023bhav.csv.zip,2498,0,2225,273,2223,2372,0,26,0,0
2023-09-04,cm04SEP2023bhav.csv.zip,2548,0,2276,272,2275,2402,0,26,0,0
2023-09-05,cm05SEP2023bhav.csv.zip,2535,0,2261,274,2260,2382,0,26,0,0
2023-09-06,cm06SEP2023bhav.csv.zip,2526,0,2248,278,2247,2383,0,23,0,0
2023-09-07,cm07SEP2023bhav.csv.zip,2522,0,2252,270,2251,2374,0,23,0,0
2023-09-08,cm08SEP2023bhav.csv.zip,2517,0,2243,274,2242,2369,0,28,0,0
2023-09-11,cm11SEP2023bhav.csv.zip,2574,0,2296,278,2294,2412,0,25,0,0
2023-09-12,cm12SEP2023bhav.csv.zip,2530,0,2248,282,2247,2386,0,23,0,0
2023-09-13,cm13SEP2023bhav.csv.zip,2514,0,2245,269,2244,2373,0,24,0,0
2023-09-14,cm14SEP2023bhav.csv.zip,2510,0,2229,281,2228,2372,0,21,0,0
2023-09-15,cm15SEP2023bhav.csv.zip,2511,0,2239,272,2237,2367,0,24,0,0
2023-09-18,cm18SEP2023bhav.csv.zip,2554,0,2279,275,2278,2407,0,25,0,0
2023-09-20,cm20SEP2023bhav.csv.zip,2508,0,2236,272,2236,2372,0,27,0,0
2023-09-21,cm21SEP2023bhav.csv.zip,2498,0,2226,272,2226,2367,0,23,0,0
2023-09-22,cm22SEP2023bhav.csv.zip,2496,0,2234,262,2232,2353,0,25,0,0
2023-09-25,cm25SEP2023bhav.csv.zip,2554,0,2271,283,2271,2413,0,24,0,0
2023-09-26,cm26SEP2023bhav.csv.zip,2529,0,2252,277,2251,2384,0,21,0,0
2023-09-27,cm27SEP2023bhav.csv.zip,2500,0,2235,265,2233,2357,0,23,0,0
2023-09-28,cm28SEP2023bhav.csv.zip,2517,0,2249,268,2248,2378,0,21,0,0
2023-09-29,cm29SEP2023bhav.csv.zip,2515,0,2245,270,2244,2371,0,22,0,0
2023-10-03,cm03OCT2023bhav.csv.zip,2589,0,2313,276,2311,2429,0,25,0,0
2023-10-04,cm04OCT2023bhav.csv.zip,2546,0,2266,280,2266,2404,0,20,0,0
2023-10-05,cm05OCT2023bhav.csv.zip,2529,0,2251,278,2249,2392,0,21,0,0
2023-10-06,cm06OCT2023bhav.csv.zip,2554,0,2284,270,2282,2400,0,22,0,0
2023-10-09,cm09OCT2023bhav.csv.zip,2566,0,2295,271,2294,2430,0,21,0,0
2023-10-10,cm10OCT2023bhav.csv.zip,2545,0,2257,288,2256,2412,0,21,0,0
2023-10-11,cm11OCT2023bhav.csv.zip,2550,0,2263,287,2261,2421,0,21,0,0
2023-10-12,cm12OCT2023bhav.csv.zip,2551,0,2258,293,2257,2429,0,20,0,0
2023-10-13,cm13OCT2023bhav.csv.zip,2541,0,2261,280,2260,2407,0,22,0,0
2023-10-16,cm16OCT2023bhav.csv.zip,2583,0,2309,274,2308,2441,0,25,0,0
2023-10-17,cm17OCT2023bhav.csv.zip,2565,0,2286,279,2284,2416,0,23,0,0
2023-10-18,cm18OCT2023bhav.csv.zip,2546,0,2260,286,2258,2420,0,25,0,0
2023-10-19,cm19OCT2023bhav.csv.zip,2522,0,2245,277,2242,2399,0,20,0,0
2023-10-20,cm20OCT2023bhav.csv.zip,2526,0,2256,270,2255,2405,0,23,0,0
2023-10-23,cm23OCT2023bhav.csv.zip,2592,0,2308,284,2308,2449,0,25,0,0
2023-10-25,cm25OCT2023bhav.csv.zip,2539,0,2256,283,2255,2417,0,21,0,0
2023-10-26,cm26OCT2023bhav.csv.zip,2579,0,2287,292,2285,2422,0,23,0,0
2023-10-27,cm27OCT2023bhav.csv.zip,2520,0,2234,286,2232,2395,0,22,0,0
2023-10-30,cm30OCT2023bhav.csv.zip,2578,0,2278,300,2276,2453,0,23,0,0
2023-10-31,cm31OCT2023bhav.csv.zip,2547,0,2251,296,2249,2413,0,23,0,0
2023-11-01,cm01NOV2023bhav.csv.zip,2565,0,2274,291,2272,2429,0,25,0,0
2023-11-02,cm02NOV2023bhav.csv.zip,2558,0,2267,291,2266,2426,0,21,0,0
2023-11-03,cm03NOV2023bhav.csv.zip,2588,0,2277,311,2275,2445,0,23,0,0
2023-11-06,cm06NOV2023bhav.csv.zip,2595,0,2294,301,2293,2465,0,21,0,0
2023-11-07,cm07NOV2023bhav.csv.zip,2555,0,2262,293,2261,2436,0,21,0,0
2023-11-08,cm08NOV2023bhav.csv.zip,2552,0,2258,294,2256,2424,0,23,0,0
2023-11-09,cm09NOV2023bhav.csv.zip,2566,0,2258,308,2256,2441,0,25,0,0
2023-11-10,cm10NOV2023bhav.csv.zip,2560,0,2268,292,2265,2447,0,20,0,0
2023-11-13,cm13NOV2023bhav.csv.zip,2559,0,2271,288,2271,2456,0,21,0,0
2023-11-15,cm15NOV2023bhav.csv.zip,2573,0,2264,309,2264,2458,0,22,0,0
2023-11-16,cm16NOV2023bhav.csv.zip,2602,0,2303,299,2303,2457,0,25,0,0
2023-11-17,cm17NOV2023bhav.csv.zip,2590,0,2288,302,2287,2452,0,22,0,0
2023-11-20,cm20NOV2023bhav.csv.zip,2646,0,2336,310,2335,2487,0,26,0,0
2023-11-21,cm21NOV2023bhav.csv.zip,2605,0,2295,310,2292,2461,0,23,0,0
2023-11-22,cm22NOV2023bhav.csv.zip,2595,0,2293,302,2292,2450,0,24,0,0
2023-11-23,cm23NOV2023bhav.csv.zip,2562,0,2265,297,2264,2436,0,22,0,0
2023-11-24,cm24NOV2023bhav.csv.zip,2560,0,2269,291,2269,2436,0,21,0,0
2023-11-28,cm28NOV2023bhav.csv.zip,2623,0,2325,298,2322,2485,0,24,0,0
2023-11-29,cm29NOV2023bhav.csv.zip,2611,0,2315,296,2315,2463,0,22,0,0
2023-11-30,cm30NOV2023bhav.csv.zip,2608,0,2303,305,2303,2464,0,23,0,0
2023-12-01,cm01DEC2023bhav.csv.zip,2622,0,2313,309,2310,2470,0,23,0,0
2023-12-04,cm04DEC2023bhav.csv.zip,2665,0,2356,309,2356,2512,0,25,0,0
2023-12-05,cm05DEC2023bhav.csv.zip,2628,0,2325,303,2322,2471,0,23,0,0
2023-12-06,cm06DEC2023bhav.csv.zip,2612,0,2315,297,2312,2460,0,24,0,0
2023-12-07,cm07DEC2023bhav.csv.zip,2598,0,2303,295,2302,2457,0,23,0,0
2023-12-08,cm08DEC2023bhav.csv.zip,2618,0,2317,301,2314,2465,0,25,0,0
2023-12-11,cm11DEC2023bhav.csv.zip,2662,0,2348,314,2346,2512,0,22,0,0
2023-12-12,cm12DEC2023bhav.csv.zip,2609,0,2307,302,2306,2460,0,24,0,0
2023-12-13,cm13DEC2023bhav.csv.zip,2602,0,2307,295,2306,2458,0,24,0,0
2023-12-14,cm14DEC2023bhav.csv.zip,2628,0,2317,311,2316,2467,0,24,0,0
2023-12-15,cm15DEC2023bhav.csv.zip,2624,0,2321,303,2319,2472,0,24,0,0
2023-12-18,cm18DEC2023bhav.csv.zip,2681,0,2365,316,2363,2524,0,25,0,0
2023-12-19,cm19DEC2023bhav.csv.zip,2623,0,2316,307,2314,2470,0,23,0,0
2023-12-20,cm20DEC2023bhav.csv.zip,2607,0,2290,317,2287,2477,0,21,0,0
2023-12-21,cm21DEC2023bhav.csv.zip,2611,0,2301,310,2299,2482,0,22,0,0
2023-12-22,cm22DEC2023bhav.csv.zip,2605,0,2296,309,2291,2472,0,23,0,0
2023-12-26,cm26DEC2023bhav.csv.zip,2651,0,2351,300,2350,2502,0,23,0,0
2023-12-27,cm27DEC2023bhav.csv.zip,2618,0,2317,301,2316,2485,0,24,0,0
2023-12-28,cm28DEC2023bhav.csv.zip,2631,0,2325,306,2324,2488,0,22,0,0
2023-12-29,cm29DEC2023bhav.csv.zip,2647,0,2339,308,2337,2481,0,21,0,0
2024-01-01,cm01JAN2024bhav.csv.zip,2683,0,2365,318,2365,2523,0,26,0,0
2024-01-02,cm02JAN2024bhav.csv.zip,2658,0,2339,319,2339,2495,0,23,0,0
2024-01-03,cm03JAN2024bhav.csv.zip,2660,0,2340,320,2340,2503,0,25,0,0
2024-01-04,cm04JAN2024bhav.csv.zip,2668,0,2349,319,2349,2517,0,20,0,0
2024-01-05,cm05JAN2024bhav.csv.zip,2655,0,2340,315,2338,2510,0,22,0,0
2024-01-08,cm08JAN2024bhav.csv.zip,2690,0,2372,318,2372,2549,0,22,0,0
2024-01-09,cm09JAN2024bhav.csv.zip,2664,0,2350,314,2348,2506,0,22,0,0
2024-01-10,cm10JAN2024bhav.csv.zip,2643,0,2322,321,2322,2502,0,22,0,0
2024-01-11,cm11JAN2024bhav.csv.zip,2662,0,2345,317,2344,2513,0,21,0,0
2024-01-12,cm12JAN2024bhav.csv.zip,2652,0,2335,317,2335,2504,0,20,0,0
2024-01-15,cm15JAN2024bhav.csv.zip,2682,0,2366,316,2364,2534,0,21,0,0
2024-01-16,cm16JAN2024bhav.csv.zip,2633,0,2320,313,2319,2502,0,23,0,0
2024-01-17,cm17JAN2024bhav.csv.zip,2637,0,2320,317,2318,2498,0,23,0,0
2024-01-18,cm18JAN2024bhav.csv.zip,2640,0,2314,326,2312,2503,0,22,0,0
2024-01-19,cm19JAN2024bhav.csv.zip,2628,0,2300,328,2300,2507,0,24,0,0
2024-01-23,cm23JAN2024bhav.csv.zip,2683,0,2354,329,2354,2549,0,25,0,0
2024-01-24,cm24JAN2024bhav.csv.zip,2634,0,2313,321,2311,2501,0,23,0,0
2024-01-25,cm25JAN2024bhav.csv.zip,2667,0,2351,316,2288,2488,0,23,0,0
2024-01-29,cm29JAN2024bhav.csv.zip,2686,0,2350,336,2349,2546,0,22,0,0
2024-01-30,cm30JAN2024bhav.csv.zip,2646,0,2319,327,2319,2520,0,21,0,0
2024-01-31,cm31JAN2024bhav.csv.zip,2639,0,2318,321,2317,2513,0,23,0,0
2024-02-01,cm01FEB2024bhav.csv.zip,2661,0,2333,328,2333,2523,0,22,0,0
2024-02-02,cm02FEB2024bhav.csv.zip,2707,0,2381,326,2380,2533,0,22,0,0
2024-02-05,cm05FEB2024bhav.csv.zip,2752,0,2411,341,2411,2589,0,23,0,0
2024-02-06,cm06FEB2024bhav.csv.zip,2673,0,2341,332,2341,2532,0,22,0,0
2024-02-07,cm07FEB2024bhav.csv.zip,2679,0,2356,323,2355,2526,0,22,0,0
2024-02-08,cm08FEB2024bhav.csv.zip,2666,0,2344,322,2342,2527,0,22,0,0
2024-02-09,cm09FEB2024bhav.csv.zip,2661,0,2333,328,2333,2522,0,24,0,0
2024-02-12,cm12FEB2024bhav.csv.zip,2710,0,2375,335,2374,2566,0,21,0,0
2024-02-13,cm13FEB2024bhav.csv.zip,2658,0,2330,328,2330,2521,0,23,0,0
2024-02-14,cm14FEB2024bhav.csv.zip,2651,0,2320,331,2318,2530,0,21,0,0
2024-02-15,cm15FEB2024bhav.csv.zip,2640,0,2323,317,2323,2512,0,21,0,0
2024-02-16,cm16FEB2024bhav.csv.zip,2663,0,2333,330,2333,2528,0,23,0,0
2024-02-19,cm19FEB2024bhav.csv.zip,2705,0,2374,331,2374,2566,0,23,0,0
2024-02-20,cm20FEB2024bhav.csv.zip,2655,0,2334,321,2331,2520,0,21,0,0
2024-02-21,cm21FEB2024bhav.csv.zip,2645,0,2317,328,2315,2527,0,22,0,0
2024-02-22,cm22FEB2024bhav.csv.zip,2654,0,2322,332,2322,2533,0,21,0,0
2024-02-23,cm23FEB2024bhav.csv.zip,2667,0,2330,337,2330,2533,0,24,0,0
2024-02-26,cm26FEB2024bhav.csv.zip,2719,0,2375,344,2375,2582,0,22,0,0
2024-02-27,cm27FEB2024bhav.csv.zip,2665,0,2337,328,2336,2541,0,21,0,0
2024-02-28,cm28FEB2024bhav.csv.zip,2668,0,2329,339,2326,2540,0,23,0,0
2024-02-29,cm29FEB2024bhav.csv.zip,2640,0,2321,319,2320,2520,0,23,0,0
2024-03-01,cm01MAR2024bhav.csv.zip,2694,0,2358,336,2357,2559,0,25,0,0
2024-03-04,cm04MAR2024bhav.csv.zip,2709,0,2377,332,2377,2580,0,21,0,0
2024-03-05,cm05MAR2024bhav.csv.zip,2692,0,2356,336,2355,2556,0,20,0,0
2024-03-06,cm06MAR2024bhav.csv.zip,2691,0,2354,337,2352,2555,0,22,0,0
2024-03-07,cm07MAR2024bhav.csv.zip,2704,0,2362,342,2355,2564,0,23,0,0
2024-03-11,cm11MAR2024bhav.csv.zip,2746,0,2405,341,2405,2594,0,24,0,0
2024-03-12,cm12MAR2024bhav.csv.zip,2712,0,2370,342,2369,2570,0,22,0,0
2024-03-13,cm13MAR2024bhav.csv.zip,2692,0,2345,347,2345,2567,0,20,0,0
2024-03-14,cm14MAR2024bhav.csv.zip,2718,0,2364,354,2363,2584,0,22,0,0
2024-03-15,cm15MAR2024bhav.csv.zip,2681,0,2348,333,2348,2549,0,21,0,0
2024-03-18,cm18MAR2024bhav.csv.zip,2721,0,2376,345,2375,2587,0,22,0,0
2024-03-19,cm19MAR2024bhav.csv.zip,2706,0,2361,345,2360,2568,0,25,0,0
2024-03-20,cm20MAR2024bhav.csv.zip,2694,0,2354,340,2353,2557,0,22,0,0
2024-03-21,cm21MAR2024bhav.csv.zip,2698,0,2369,329,2369,2564,0,23,0,0
2024-03-22,cm22MAR2024bhav.csv.zip,2704,0,2357,347,2353,2569,0,20,0,0
2024-03-26,cm26MAR2024bhav.csv.zip,2744,0,2393,351,2393,2607,0,23,0,0
2024-03-27,cm27MAR2024bhav.csv.zip,2729,0,2368,361,2366,2597,0,21,0,0
2024-03-28,cm28MAR2024bhav.csv.zip,2716,0,2371,345,2355,2578,0,21,0,0
2024-04-01,cm01APR2024bhav.csv.zip,2746,0,2391,355,2391,2614,0,20,0,0
2024-04-02,cm02APR2024bhav.csv.zip,2725,0,2385,340,2383,2591,0,23,0,0
2024-04-03,cm03APR2024bhav.csv.zip,2731,0,2387,344,2385,2581,0,23,0,0
2024-04-04,cm04APR2024bhav.csv.zip,2713,0,2356,357,2355,2584,0,23,0,0
2024-04-05,cm05APR2024bhav.csv.zip,2730,0,2367,363,2367,2592,0,22,0,0
2024-04-08,cm08APR2024bhav.csv.zip,2725,0,2376,349,2375,2599,0,21,0,0
2024-04-09,cm09APR2024bhav.csv.zip,2697,0,2358,339,2352,2559,0,21,0,0
2024-04-10,cm10APR2024bhav.csv.zip,2709,0,2369,340,2369,2576,0,22,0,0
2024-04-12,cm12APR2024bhav.csv.zip,2728,0,2373,355,2373,2588,0,22,0,0
2024-04-15,cm15APR2024bhav.csv.zip,2757,0,2402,355,2402,2624,0,23,0,0
2024-04-16,cm16APR2024bhav.csv.zip,2727,0,2383,344,2383,2593,0,25,0,0
2024-04-18,cm18APR2024bhav.csv.zip,2730,0,2383,347,2383,2585,0,23,0,0
2024-04-19,cm19APR2024bhav.csv.zip,2719,0,2376,343,2375,2580,0,23,0,0
2024-04-22,cm22APR2024bhav.csv.zip,2765,0,2399,366,2399,2639,0,23,0,0
2024-04-23,cm23APR2024bhav.csv.zip,2743,0,2396,347,2376,2595,0,23,0,0
2024-04-24,cm24APR2024bhav.csv.zip,2718,0,2369,349,2368,2589,0,22,0,0
2024-04-25,cm25APR2024bhav.csv.zip,2712,0,2362,350,2362,2590,0,22,0,0
2024-04-26,cm26APR2024bhav.csv.zip,2730,0,2376,354,2374,2588,0,22,0,0
2024-04-29,cm29APR2024bhav.csv.zip,2767,0,2417,350,2417,2634,0,22,0,0
2024-04-30,cm30APR2024bhav.csv.zip,2758,0,2411,347,2411,2609,0,22,0,0
2024-05-02,cm02MAY2024bhav.csv.zip,2769,0,2408,361,2407,2628,0,24,0,0
2024-05-03,cm03MAY2024bhav.csv.zip,2740,0,2384,356,2383,2594,0,23,0,0
2024-05-06,cm06MAY2024bhav.csv.zip,2764,0,2405,359,2405,2753,0,20,0,0
2024-05-07,cm07MAY2024bhav.csv.zip,2733,0,2377,356,2377,2723,0,20,0,0
2024-05-08,cm08MAY2024bhav.csv.zip,2713,0,2359,354,2359,2708,0,18,0,0
2024-05-09,cm09MAY2024bhav.csv.zip,2704,0,2359,345,2359,2697,0,18,0,0
2024-05-10,cm10MAY2024bhav.csv.zip,2710,0,2368,342,2367,2706,0,18,0,0
2024-05-13,cm13MAY2024bhav.csv.zip,2744,0,2390,354,2390,2738,0,18,0,0
2024-05-14,cm14MAY2024bhav.csv.zip,2702,0,2355,347,2355,2698,0,19,0,0
2024-05-15,cm15MAY2024bhav.csv.zip,2706,0,2362,344,2361,2702,0,18,0,0
2024-05-16,cm16MAY2024bhav.csv.zip,2710,0,2356,354,2355,2703,0,19,0,0
2024-05-17,cm17MAY2024bhav.csv.zip,2731,0,2380,351,2379,2724,0,20,0,0
2024-05-21,cm21MAY2024bhav.csv.zip,2793,0,2430,363,2430,2788,0,19,0,0
2024-05-22,cm22MAY2024bhav.csv.zip,2735,0,2379,356,2378,2730,0,19,0,0
2024-05-23,cm23MAY2024bhav.csv.zip,2732,0,2378,354,2376,2724,0,18,0,0
2024-05-24,cm24MAY2024bhav.csv.zip,2749,0,2393,356,2393,2745,0,19,0,0
2024-05-27,cm27MAY2024bhav.csv.zip,2783,0,2428,355,2427,2775,0,20,0,0
2024-05-28,cm28MAY2024bhav.csv.zip,2717,0,2365,352,2365,2713,0,19,0,0
2024-05-29,cm29MAY2024bhav.csv.zip,2719,0,2373,346,2372,2712,0,18,0,0
2024-05-30,cm30MAY2024bhav.csv.zip,2707,0,2350,357,2350,2704,0,20,0,0
2024-05-31,cm31MAY2024bhav.csv.zip,2736,0,2383,353,2383,2730,0,20,0,0
2024-06-03,cm03JUN2024bhav.csv.zip,2806,0,2443,363,2442,2802,0,20,0,0
2024-06-04,cm04JUN2024bhav.csv.zip,2757,0,2393,364,2392,2751,0,19,0,0
2024-06-05,cm05JUN2024bhav.csv.zip,2774,0,2411,363,2411,2771,0,19,0,0
2024-06-06,cm06JUN2024bhav.csv.zip,2743,0,2389,354,2388,2737,0,18,0,0
2024-06-07,cm07JUN2024bhav.csv.zip,2755,0,2411,344,2411,2752,0,19,0,0
2024-06-10,cm10JUN2024bhav.csv.zip,2799,0,2440,359,2440,2794,0,19,0,0
2024-06-11,cm11JUN2024bhav.csv.zip,2758,0,2402,356,2400,2751,0,20,0,0
2024-06-12,cm12JUN2024bhav.csv.zip,2757,0,2387,370,2387,2752,0,20,0,0
2024-06-13,cm13JUN2024bhav.csv.zip,2778,0,2417,361,2416,2772,0,20,0,0
2024-06-14,cm14JUN2024bhav.csv.zip,2764,0,2408,356,2404,2755,0,20,0,0
2024-06-18,cm18JUN2024bhav.csv.zip,2810,0,2449,361,2445,2800,0,20,0,0
2024-06-19,cm19JUN2024bhav.csv.zip,2778,0,2408,370,2405,2769,0,19,0,0
2024-06-20,cm20JUN2024bhav.csv.zip,2774,0,2413,361,2411,2766,0,20,0,0
2024-06-21,cm21JUN2024bhav.csv.zip,2746,0,2394,352,2393,2739,0,19,0,0
2024-06-24,cm24JUN2024bhav.csv.zip,2796,0,2435,361,2433,2792,0,19,0,0
2024-06-25,cm25JUN2024bhav.csv.zip,2761,0,2392,369,2390,2753,0,20,0,0
2024-06-26,cm26JUN2024bhav.csv.zip,2751,0,2386,365,2383,2743,0,21,0,0
2024-06-27,cm27JUN2024bhav.csv.zip,2762,0,2393,369,2392,2756,0,20,0,0
2024-06-28,cm28JUN2024bhav.csv.zip,2765,0,2401,364,2398,2758,0,20,0,0
2024-07-01,cm01JUL2024bhav.csv.zip,2837,0,2466,371,2465,2830,0,21,0,0
2024-07-02,cm02JUL2024bhav.csv.zip,2794,0,2431,363,2431,2791,0,21,0,0
2024-07-03,cm03JUL2024bhav.csv.zip,2800,0,2431,369,2431,2794,0,20,0,0
2024-07-04,cm04JUL2024bhav.csv.zip,2792,0,2434,358,2434,2788,0,21,0,0
2024-07-05,cm05JUL2024bhav.csv.zip,2775,0,2418,357,2418,2772,0,21,0,0
